time,open,high,low,close,volume
2021-10-15T13:00:00,159700.0,246050.0,159700.0,197550.0,2265223.21341365
2021-10-15T17:00:00,197550.0,231500.0,190050.0,194100.0,1870999.23003505
2021-10-15T21:00:00,194050.0,208400.0,192950.0,196300.0,742443.84927083
2021-10-16T01:00:00,196550.0,199900.0,194750.0,195800.0,118196.89871769
2021-10-16T05:00:00,195800.0,204500.0,194600.0,201000.0,247984.86470942
2021-10-16T09:00:00,201000.0,202650.0,193650.0,194150.0,264697.56087594
2021-10-16T13:00:00,194150.0,195500.0,192850.0,193750.0,116394.6048552
2021-10-16T17:00:00,193750.0,202900.0,193450.0,198000.0,195497.06140978
2021-10-16T21:00:00,198150.0,199200.0,193700.0,195200.0,74017.67009327
2021-10-17T01:00:00,195450.0,196100.0,194050.0,194250.0,14683.28135194
2021-10-17T05:00:00,194400.0,195400.0,192700.0,193450.0,32189.55813123
2021-10-17T09:00:00,193400.0,202100.0,192700.0,202100.0,167548.91085798
2021-10-17T13:00:00,201800.0,205550.0,197050.0,199050.0,403763.61221605
2021-10-17T17:00:00,199100.0,208050.0,199000.0,200900.0,264341.76605593
2021-10-17T21:00:00,200800.0,203450.0,197150.0,198000.0,111261.10266187
2021-10-18T01:00:00,197950.0,198650.0,195500.0,195900.0,35328.50189625
2021-10-18T05:00:00,196200.0,198250.0,193150.0,197400.0,70294.37929027
2021-10-18T09:00:00,197400.0,201000.0,195700.0,197250.0,110532.35864879
2021-10-18T13:00:00,197350.0,199000.0,196000.0,196250.0,56764.01466792
2021-10-18T17:00:00,196250.0,197100.0,191750.0,193300.0,104058.99672245
2021-10-18T21:00:00,193450.0,196850.0,192500.0,193200.0,63763.83724224
2021-10-19T01:00:00,193100.0,194950.0,191800.0,193600.0,18663.67174785
2021-10-19T05:00:00,194000.0,195150.0,192700.0,194300.0,21382.81753434
2021-10-19T09:00:00,194300.0,194550.0,192200.0,194500.0,30039.60796277
2021-10-19T13:00:00,194500.0,195300.0,192600.0,193400.0,25058.45933748
2021-10-19T17:00:00,193400.0,194100.0,192200.0,192800.0,27857.70666137
2021-10-19T21:00:00,192800.0,193450.0,190900.0,191500.0,31400.18286666
2021-10-20T01:00:00,191500.0,192000.0,189650.0,190000.0,14340.29001293
2021-10-20T05:00:00,190050.0,192650.0,188550.0,190850.0,27807.05151003
2021-10-20T09:00:00,190850.0,193550.0,190050.0,191350.0,36517.8617232
2021-10-20T13:00:00,191350.0,192350.0,190400.0,191900.0,19067.3092263
2021-10-20T17:00:00,192200.0,196000.0,191250.0,195900.0,32835.52696638
2021-10-20T21:00:00,195950.0,208150.0,195000.0,205450.0,267064.5327723
2021-10-21T01:00:00,205450.0,213550.0,202950.0,209900.0,194120.47383002
2021-10-21T05:00:00,209900.0,215500.0,206800.0,214200.0,124184.99843986
2021-10-21T09:00:00,214400.0,232350.0,214150.0,224400.0,783549.34860556
2021-10-21T13:00:00,224400.0,230550.0,219550.0,228250.0,162197.95003376
2021-10-21T17:00:00,228200.0,235950.0,226050.0,228250.0,398474.05720045
2021-10-21T21:00:00,228000.0,232700.0,219800.0,224050.0,277485.05250057
2021-10-22T01:00:00,224050.0,231000.0,222050.0,227150.0,62358.57353101
2021-10-22T05:00:00,227150.0,236200.0,224650.0,235400.0,205608.65568336
2021-10-22T09:00:00,235150.0,253550.0,230100.0,246600.0,923414.77213965
2021-10-22T13:00:00,246600.0,255500.0,243600.0,247000.0,381639.83187039
2021-10-22T17:00:00,247050.0,251600.0,244400.0,248550.0,195529.73298641
2021-10-22T21:00:00,248450.0,263800.0,244950.0,253600.0,939433.40077257
2021-10-23T01:00:00,253550.0,258700.0,241150.0,242850.0,262018.21255873
2021-10-23T05:00:00,242850.0,245500.0,237500.0,240700.0,206256.07900127
2021-10-23T09:00:00,240600.0,251400.0,234800.0,248950.0,417049.42861291
2021-10-23T13:00:00,248950.0,252600.0,243450.0,246250.0,165834.55850236
2021-10-23T17:00:00,246250.0,248700.0,241600.0,246550.0,155196.13290718
2021-10-23T21:00:00,246550.0,247500.0,241200.0,243300.0,121151.98156258
2021-10-24T01:00:00,243300.0,246250.0,235000.0,238300.0,89089.56766646
2021-10-24T05:00:00,238200.0,244000.0,237750.0,241550.0,59199.78415337
2021-10-24T09:00:00,241550.0,245750.0,240000.0,240100.0,120513.06891176
2021-10-24T13:00:00,240100.0,240200.0,235950.0,237800.0,101215.15201138
2021-10-24T17:00:00,237850.0,240350.0,232250.0,232450.0,102356.00568151
2021-10-24T21:00:00,232450.0,236000.0,229450.0,230150.0,153487.8908783
2021-10-25T01:00:00,230150.0,235950.0,229100.0,235800.0,50795.3331516
2021-10-25T05:00:00,235800.0,251550.0,234500.0,247150.0,229817.87601778
2021-10-25T09:00:00,247050.0,250050.0,242100.0,246100.0,140317.89871395
2021-10-25T13:00:00,246100.0,256400.0,245150.0,252200.0,226109.57685354
2021-10-25T17:00:00,252200.0,258500.0,250750.0,252900.0,191961.95955165
2021-10-25T21:00:00,252900.0,265600.0,249850.0,264600.0,338033.66273971
2021-10-26T01:00:00,264650.0,264900.0,255550.0,255750.0,83235.93857957
2021-10-26T05:00:00,255850.0,260950.0,253500.0,253900.0,79868.16918385
2021-10-26T09:00:00,254050.0,259500.0,251100.0,251800.0,233961.57955968
2021-10-26T13:00:00,251800.0,252350.0,248250.0,252300.0,111308.19182132
2021-10-26T17:00:00,252350.0,254500.0,249950.0,250300.0,85668.75939423
2021-10-26T21:00:00,250300.0,251350.0,246400.0,249600.0,137741.23231031
2021-10-27T01:00:00,249500.0,252450.0,247100.0,249400.0,37691.9135679
2021-10-27T05:00:00,249700.0,249900.0,240050.0,242750.0,180319.03425654
2021-10-27T09:00:00,242650.0,248300.0,240350.0,245600.0,171316.98887174
2021-10-27T13:00:00,245600.0,248300.0,234350.0,234400.0,266858.99147912
2021-10-27T17:00:00,234400.0,241050.0,219750.0,234050.0,540329.09123038
2021-10-27T21:00:00,234500.0,238500.0,230750.0,232100.0,129975.25945268
2021-10-28T01:00:00,232100.0,234700.0,229300.0,232950.0,45308.16206569
2021-10-28T05:00:00,232900.0,235000.0,224100.0,226850.0,117868.76580199
2021-10-28T09:00:00,226800.0,234300.0,221600.0,229500.0,197841.3580217
2021-10-28T13:00:00,229500.0,233850.0,225400.0,226950.0,195923.71942246
2021-10-28T17:00:00,226950.0,240550.0,226700.0,236700.0,170987.28619878
2021-10-28T21:00:00,236700.0,243450.0,236150.0,237200.0,100060.13314608
2021-10-29T01:00:00,237700.0,239050.0,232750.0,238650.0,43146.01353134
2021-10-29T05:00:00,238400.0,240750.0,234050.0,235700.0,57617.53170674
2021-10-29T09:00:00,236100.0,246950.0,234700.0,242050.0,160545.13866585
2021-10-29T13:00:00,242050.0,242850.0,237200.0,239250.0,83643.76057677
2021-10-29T17:00:00,239600.0,240250.0,235650.0,236000.0,74454.9053934
2021-10-29T21:00:00,236000.0,243800.0,235000.0,242700.0,110892.60725696
2021-10-30T01:00:00,242750.0,245900.0,239250.0,240300.0,47166.37511546
2021-10-30T05:00:00,240650.0,244000.0,238700.0,239900.0,32522.52973905
2021-10-30T09:00:00,240000.0,240250.0,236100.0,236850.0,84905.21032653
2021-10-30T13:00:00,236850.0,238800.0,235100.0,237700.0,42084.32356326
2021-10-30T17:00:00,237700.0,238700.0,235000.0,235700.0,40832.91871422
2021-10-30T21:00:00,235700.0,236200.0,228700.0,230800.0,127496.560458
2021-10-31T01:00:00,230850.0,232300.0,229000.0,232100.0,50858.96594295
2021-10-31T05:00:00,232100.0,232950.0,223750.0,232000.0,107129.14063018
2021-10-31T09:00:00,232150.0,233450.0,225500.0,226950.0,158065.13569515
2021-10-31T13:00:00,226950.0,228050.0,224400.0,226000.0,63767.71645142
2021-10-31T17:00:00,226000.0,226350.0,222200.0,222850.0,57823.95579563
2021-10-31T21:00:00,222950.0,239550.0,222300.0,232050.0,153058.73466797
2021-11-01T01:00:00,231900.0,236000.0,229600.0,231600.0,51507.68149478
2021-11-01T05:00:00,231600.0,242300.0,230800.0,238350.0,76748.97849188
2021-11-01T09:00:00,239200.0,248500.0,236150.0,238600.0,178247.1297673
2021-11-01T13:00:00,238550.0,248250.0,235400.0,248000.0,111513.93708808
2021-11-01T17:00:00,248200.0,250100.0,241600.0,242500.0,92434.35387944
2021-11-01T21:00:00,242500.0,244450.0,239150.0,241300.0,85166.56586808
2021-11-02T01:00:00,241900.0,242450.0,237100.0,241200.0,29383.61975859
2021-11-02T05:00:00,242100.0,244850.0,239200.0,241950.0,25790.90062067
2021-11-02T09:00:00,241950.0,243200.0,238750.0,241700.0,82224.63523366
2021-11-02T13:00:00,241700.0,242700.0,239800.0,239950.0,39366.68075123
2021-11-02T17:00:00,239950.0,245300.0,239150.0,240850.0,66693.6594563
2021-11-02T21:00:00,240850.0,245500.0,240150.0,245450.0,51608.32729503
2021-11-03T01:00:00,245450.0,254500.0,243250.0,254250.0,71804.90602816
2021-11-03T05:00:00,254500.0,260550.0,249250.0,259000.0,91239.72322746
2021-11-03T09:00:00,259000.0,273600.0,252000.0,270300.0,271734.40664728
2021-11-03T13:00:00,270300.0,273500.0,260000.0,272600.0,115935.21896372
2021-11-03T17:00:00,272600.0,275700.0,266400.0,271000.0,95671.36888231
2021-11-03T21:00:00,271000.0,271800.0,262000.0,266300.0,127018.00160191
2021-11-04T01:00:00,266300.0,280900.0,262000.0,277750.0,90990.82968119
2021-11-04T05:00:00,277750.0,297000.0,277750.0,288850.0,222967.99347689
2021-11-04T09:00:00,288800.0,295400.0,282800.0,282900.0,167731.2137026
2021-11-04T13:00:00,282900.0,290250.0,280600.0,283150.0,58457.64836154
2021-11-04T17:00:00,283150.0,292600.0,283000.0,286500.0,100918.99442127
2021-11-04T21:00:00,286550.0,294350.0,286050.0,289250.0,119177.41816462
2021-11-05T01:00:00,289200.0,292700.0,285400.0,290100.0,35238.96717172
2021-11-05T05:00:00,290550.0,302000.0,289500.0,297700.0,88574.18778254
2021-11-05T09:00:00,297700.0,299000.0,290300.0,292200.0,80065.07358335
2021-11-05T13:00:00,292400.0,293800.0,289650.0,291650.0,50279.93890296
2021-11-05T17:00:00,291700.0,293250.0,286400.0,287200.0,59747.32855573
2021-11-05T21:00:00,287200.0,288700.0,280800.0,284500.0,88061.74184591
2021-11-06T01:00:00,284500.0,288600.0,283050.0,286750.0,17334.85367328
2021-11-06T05:00:00,286750.0,289600.0,283100.0,287500.0,36989.8373146
2021-11-06T09:00:00,287500.0,293600.0,285200.0,290950.0,69390.69401333
2021-11-06T13:00:00,290950.0,301650.0,290500.0,299350.0,118434.33809186
2021-11-06T17:00:00,298800.0,305650.0,295400.0,298150.0,140168.96914329
2021-11-06T21:00:00,298200.0,311350.0,293700.0,309500.0,140172.30857561
2021-11-07T01:00:00,309450.0,312450.0,304000.0,309800.0,88857.48892793
2021-11-07T05:00:00,309800.0,316250.0,306800.0,313700.0,83786.36875104
2021-11-07T09:00:00,313750.0,313950.0,306100.0,309100.0,114103.16035681
2021-11-07T13:00:00,309100.0,316600.0,307900.0,308300.0,138693.20362365
2021-11-07T17:00:00,308300.0,309200.0,304750.0,307000.0,92914.95097873
2021-11-07T21:00:00,306950.0,308650.0,304750.0,306300.0,81597.49061176
2021-11-08T01:00:00,306600.0,307150.0,300300.0,300450.0,37117.64862013
2021-11-08T05:00:00,300450.0,304550.0,299000.0,302100.0,78750.70336171
2021-11-08T09:00:00,302150.0,304900.0,292300.0,301300.0,289093.98392792
2021-11-08T13:00:00,301350.0,302350.0,296100.0,299050.0,106630.37672951
2021-11-08T17:00:00,299050.0,300750.0,294300.0,295250.0,110236.90515629
2021-11-08T21:00:00,295250.0,300750.0,295050.0,300500.0,84099.89014167
2021-11-09T01:00:00,300550.0,306600.0,297300.0,298550.0,80619.00973387
2021-11-09T05:00:00,298750.0,300850.0,295750.0,299900.0,73383.24567136
2021-11-09T09:00:00,299900.0,312500.0,297000.0,297350.0,292000.76821033
2021-11-09T13:00:00,297350.0,298800.0,295100.0,296600.0,87343.94330362
2021-11-09T17:00:00,296600.0,298500.0,294650.0,295300.0,76031.13782834
2021-11-09T21:00:00,295350.0,295500.0,286850.0,289150.0,188538.22607602
2021-11-10T01:00:00,289050.0,292550.0,287000.0,289450.0,45862.16397554
2021-11-10T05:00:00,289450.0,292050.0,288250.0,288750.0,69595.1807823
2021-11-10T09:00:00,288750.0,291800.0,282600.0,283700.0,153210.73319821
2021-11-10T13:00:00,283700.0,293350.0,282000.0,289900.0,98765.76578751
2021-11-10T17:00:00,289900.0,293050.0,289250.0,289250.0,55455.992852
2021-11-10T21:00:00,289350.0,296950.0,284700.0,292900.0,152657.12401446
2021-11-11T01:00:00,292900.0,294450.0,285500.0,285950.0,37737.827841
2021-11-11T05:00:00,285950.0,288450.0,274500.0,286150.0,161020.54644708
2021-11-11T09:00:00,286150.0,291500.0,281900.0,290950.0,99803.47451134
2021-11-11T13:00:00,290950.0,298600.0,289500.0,297050.0,119264.81633966
2021-11-11T17:00:00,297050.0,298500.0,291850.0,292000.0,66297.50440559
2021-11-11T21:00:00,292000.0,296000.0,289000.0,291000.0,69458.35986434
2021-11-12T01:00:00,291000.0,292000.0,286600.0,288000.0,29117.90082582
2021-11-12T05:00:00,287900.0,288600.0,284550.0,284800.0,74941.16103959
2021-11-12T09:00:00,284800.0,289150.0,280150.0,281100.0,150759.10097385
2021-11-12T13:00:00,281200.0,283950.0,276050.0,276750.0,132385.40042455
2021-11-12T17:00:00,276800.0,280350.0,274350.0,276000.0,116168.61189279
2021-11-12T21:00:00,275600.0,278800.0,272100.0,272400.0,113245.63286702
2021-11-13T01:00:00,272500.0,282250.0,272000.0,279250.0,66476.18550527
2021-11-13T05:00:00,279000.0,283100.0,278000.0,278500.0,37634.72934676
2021-11-13T09:00:00,278450.0,283700.0,274550.0,274550.0,127341.14467197
2021-11-13T13:00:00,274550.0,276050.0,273500.0,275650.0,55590.81515541
2021-11-13T17:00:00,275700.0,278000.0,274100.0,276300.0,55287.05708942
2021-11-13T21:00:00,276350.0,287600.0,275950.0,283700.0,200568.57954238
2021-11-14T01:00:00,283700.0,288750.0,283350.0,287450.0,54923.36879422
2021-11-14T05:00:00,287450.0,292500.0,287000.0,291750.0,69120.88928978
2021-11-14T09:00:00,291250.0,292050.0,286400.0,287600.0,80284.73438571
2021-11-14T13:00:00,287600.0,289300.0,286600.0,286900.0,34736.30231887
2021-11-14T17:00:00,286900.0,287550.0,284250.0,286250.0,45829.89669288
2021-11-14T21:00:00,286500.0,289500.0,285050.0,285050.0,40733.86400938
2021-11-15T01:00:00,285050.0,285200.0,281550.0,284500.0,22331.24389386
2021-11-15T05:00:00,284500.0,289750.0,283950.0,289400.0,30977.73914334
2021-11-15T09:00:00,289400.0,294750.0,288200.0,294700.0,88105.55712597
2021-11-15T13:00:00,294700.0,295000.0,290000.0,291200.0,49475.62109587
2021-11-15T17:00:00,291200.0,293800.0,289400.0,292900.0,58899.52541377
2021-11-15T21:00:00,292900.0,297000.0,290000.0,290750.0,59513.90985147
2021-11-16T01:00:00,290800.0,294100.0,290000.0,292250.0,19372.64365823
2021-11-16T05:00:00,292300.0,292550.0,286650.0,290250.0,39430.80380746
2021-11-16T09:00:00,290050.0,290400.0,275850.0,278950.0,154611.94958616
2021-11-16T13:00:00,278950.0,283400.0,276000.0,278000.0,72917.556205
2021-11-16T17:00:00,278000.0,280050.0,272100.0,277500.0,130270.0520521
2021-11-16T21:00:00,278000.0,281200.0,272200.0,277500.0,80147.312145
2021-11-17T01:00:00,277500.0,278650.0,274000.0,278450.0,31939.4817813
2021-11-17T05:00:00,278400.0,278500.0,270000.0,270150.0,75725.09307705
2021-11-17T09:00:00,270150.0,273200.0,260000.0,260800.0,171617.85215577
2021-11-17T13:00:00,260800.0,265550.0,259450.0,264450.0,95595.46999484
2021-11-17T17:00:00,264450.0,271050.0,258300.0,271050.0,113140.87515186
2021-11-17T21:00:00,271050.0,273000.0,259050.0,262450.0,88804.25801455
2021-11-18T01:00:00,262450.0,266500.0,260450.0,263700.0,29184.17501348
2021-11-18T05:00:00,263700.0,269000.0,261800.0,268000.0,35166.47947995
2021-11-18T09:00:00,268100.0,274400.0,264400.0,264500.0,110922.14394183
2021-11-18T13:00:00,264500.0,266450.0,257050.0,261300.0,171826.16762114
2021-11-18T17:00:00,261300.0,261900.0,255950.0,256450.0,74970.85195191
2021-11-18T21:00:00,256400.0,259000.0,243050.0,247300.0,180287.39963707
2021-11-19T01:00:00,247300.0,252400.0,238850.0,250000.0,122387.00953095
2021-11-19T05:00:00,250000.0,253250.0,238850.0,242600.0,119347.10383574
2021-11-19T09:00:00,242500.0,252450.0,236400.0,239900.0,166126.95073428
2021-11-19T13:00:00,239900.0,249800.0,239650.0,245000.0,92273.30028872
2021-11-19T17:00:00,245000.0,256950.0,244700.0,252950.0,114158.72550751
2021-11-19T21:00:00,253000.0,268050.0,252050.0,266300.0,139488.19138411
2021-11-20T01:00:00,266300.0,271450.0,264500.0,269700.0,46102.50023484
2021-11-20T05:00:00,269700.0,270750.0,263500.0,265900.0,38915.87760001
2021-11-20T09:00:00,265900.0,274900.0,263000.0,266500.0,126064.2038858
2021-11-20T13:00:00,266500.0,268350.0,264750.0,264750.0,46197.97720919
2021-11-20T17:00:00,264750.0,268350.0,264000.0,266400.0,45071.01203956
2021-11-20T21:00:00,266350.0,267000.0,258050.0,258400.0,73231.99702681
2021-11-21T01:00:00,258400.0,269550.0,256950.0,266450.0,33512.30220975
2021-11-21T05:00:00,266500.0,270950.0,266450.0,268700.0,29676.21655922
2021-11-21T09:00:00,268700.0,269400.0,261500.0,262100.0,40667.93332438
2021-11-21T13:00:00,262150.0,266400.0,261950.0,265150.0,27484.48174474
2021-11-21T17:00:00,265050.0,265450.0,262100.0,262400.0,32376.936892
2021-11-21T21:00:00,262400.0,266500.0,261700.0,266450.0,39653.15889833
2021-11-22T01:00:00,266450.0,287850.0,266400.0,283300.0,87482.21896281
2021-11-22T05:00:00,282750.0,289700.0,279700.0,286650.0,100051.15847927
2021-11-22T09:00:00,286950.0,288000.0,274100.0,274700.0,98674.97779402
2021-11-22T13:00:00,274750.0,276750.0,269000.0,270450.0,65070.26722542
2021-11-22T17:00:00,270050.0,279800.0,270000.0,273550.0,45149.90184877
2021-11-22T21:00:00,273600.0,281000.0,269100.0,276800.0,67737.72656221
2021-11-23T01:00:00,276650.0,279550.0,268000.0,268550.0,30922.68970751
2021-11-23T05:00:00,268550.0,274500.0,267800.0,270450.0,39327.50210035
2021-11-23T09:00:00,270450.0,275850.0,268200.0,273500.0,60928.28065262
2021-11-23T13:00:00,273500.0,274000.0,265050.0,265550.0,51428.65539498
2021-11-23T17:00:00,265550.0,270850.0,264050.0,265750.0,73951.68820048
2021-11-23T21:00:00,265800.0,273000.0,265500.0,269150.0,59135.42245801
2021-11-24T01:00:00,269150.0,280000.0,269150.0,279350.0,35535.14443341
2021-11-24T05:00:00,279350.0,281650.0,275500.0,276100.0,35389.39695178
2021-11-24T09:00:00,276100.0,276750.0,267900.0,271050.0,66104.63859733
2021-11-24T13:00:00,271050.0,274650.0,269000.0,270150.0,41195.4564962
2021-11-24T17:00:00,270100.0,273650.0,267500.0,268500.0,57493.76307848
2021-11-24T21:00:00,268500.0,269200.0,261000.0,266100.0,89897.3171286
2021-11-25T01:00:00,266100.0,267500.0,251700.0,254700.0,90800.22118359
2021-11-25T05:00:00,254250.0,261500.0,253050.0,258300.0,94253.75291145
2021-11-25T09:00:00,258300.0,265850.0,256200.0,264300.0,112602.18406536
2021-11-25T13:00:00,264350.0,264450.0,256500.0,257650.0,77040.71777993
2021-11-25T17:00:00,257650.0,263200.0,253000.0,260750.0,206471.4390712
2021-11-25T21:00:00,260850.0,270550.0,260100.0,267100.0,168733.1122355
2021-11-26T01:00:00,267100.0,269750.0,261800.0,262650.0,37687.5458695
2021-11-26T05:00:00,262650.0,264600.0,258750.0,260650.0,48950.72578587
2021-11-26T09:00:00,260650.0,261500.0,256500.0,257950.0,76703.98348569
2021-11-26T13:00:00,257950.0,259250.0,253000.0,254400.0,56707.78728871
2021-11-26T17:00:00,254400.0,254800.0,240050.0,240200.0,180187.93394246
2021-11-26T21:00:00,240250.0,253700.0,240100.0,247250.0,80284.29004548
2021-11-27T01:00:00,247300.0,253100.0,244800.0,252950.0,20389.61028604
2021-11-27T05:00:00,252950.0,256000.0,243000.0,245050.0,34272.24196826
2021-11-27T09:00:00,245050.0,251000.0,242900.0,249750.0,58531.4828601
2021-11-27T13:00:00,249750.0,252150.0,246700.0,248050.0,29321.9258803
2021-11-27T17:00:00,247600.0,252000.0,247350.0,249350.0,30188.97507209
2021-11-27T21:00:00,249450.0,252300.0,249300.0,249300.0,21792.0721784
2021-11-28T01:00:00,249300.0,253000.0,248850.0,250250.0,10870.40445252
2021-11-28T05:00:00,250200.0,251300.0,246000.0,247500.0,17374.11306396
2021-11-28T09:00:00,247400.0,247550.0,237500.0,239150.0,82365.20418954
2021-11-28T13:00:00,239150.0,243350.0,237000.0,242650.0,39399.96087116
2021-11-28T17:00:00,242500.0,245700.0,240350.0,243150.0,26009.39608196
2021-11-28T21:00:00,243150.0,244500.0,241000.0,242000.0,24501.21763977
2021-11-29T01:00:00,241900.0,242950.0,236400.0,242000.0,25244.17282885
2021-11-29T05:00:00,242000.0,256000.0,241800.0,253300.0,65075.80723245
2021-11-29T09:00:00,253300.0,256200.0,251900.0,253900.0,45667.64961232
2021-11-29T13:00:00,253900.0,259900.0,253350.0,256100.0,39009.15058124
2021-11-29T17:00:00,256150.0,259000.0,253050.0,255500.0,45070.69798593
2021-11-29T21:00:00,255500.0,263750.0,255050.0,259300.0,49990.87074042
2021-11-30T01:00:00,259300.0,264650.0,258400.0,258650.0,19506.51142838
2021-11-30T05:00:00,258650.0,260150.0,255150.0,255150.0,24634.82306651
2021-11-30T09:00:00,255650.0,257100.0,250950.0,253550.0,36815.74734237
2021-11-30T13:00:00,253500.0,256000.0,250000.0,252500.0,32792.81332466
2021-11-30T17:00:00,252600.0,259750.0,250550.0,259750.0,31668.5923122
2021-11-30T21:00:00,259700.0,278000.0,257850.0,265000.0,421741.76261676
2021-12-01T01:00:00,265000.0,267600.0,259300.0,267100.0,58159.07667864
2021-12-01T05:00:00,267150.0,267600.0,258200.0,258350.0,45043.74466599
2021-12-01T09:00:00,258500.0,265800.0,258200.0,265500.0,84735.03087636
2021-12-01T13:00:00,265500.0,272850.0,264700.0,269600.0,85511.83772494
2021-12-01T17:00:00,269450.0,278850.0,267850.0,274000.0,123063.02543919
2021-12-01T21:00:00,274000.0,284100.0,272800.0,283900.0,132823.08712354
2021-12-02T01:00:00,283900.0,287950.0,275800.0,286000.0,56371.03300917
2021-12-02T05:00:00,286050.0,287650.0,276050.0,285350.0,79845.5449584
2021-12-02T09:00:00,285350.0,294650.0,275150.0,280450.0,226090.89664709
2021-12-02T13:00:00,280450.0,285700.0,276000.0,278050.0,67746.35633959
2021-12-02T17:00:00,278050.0,285700.0,277500.0,281900.0,66463.87362698
2021-12-02T21:00:00,281700.0,288300.0,277100.0,285350.0,77504.90226879
2021-12-03T01:00:00,285350.0,292550.0,281150.0,290550.0,52087.26406833
2021-12-03T05:00:00,290550.0,300450.0,288300.0,290550.0,117102.27098396
2021-12-03T09:00:00,290550.0,294500.0,282500.0,286200.0,69785.3604319
2021-12-03T13:00:00,286150.0,291500.0,284000.0,288500.0,36769.27200074
2021-12-03T17:00:00,288500.0,296000.0,285300.0,295650.0,59862.79889696
2021-12-03T21:00:00,295750.0,296550.0,280000.0,281650.0,64961.44390047
2021-12-04T01:00:00,281650.0,284300.0,269400.0,271150.0,89487.33375801
2021-12-04T05:00:00,271000.0,277900.0,264300.0,268950.0,118582.51893838
2021-12-04T09:00:00,268450.0,269600.0,250000.0,250050.0,233429.39172029
2021-12-04T13:00:00,250050.0,255000.0,214000.0,248200.0,520351.64005054
2021-12-04T17:00:00,248400.0,252350.0,231200.0,237050.0,191113.41600491
2021-12-04T21:00:00,236900.0,263350.0,236800.0,259600.0,233965.23969283
2021-12-05T01:00:00,259700.0,262050.0,250000.0,259400.0,73427.13661339
2021-12-05T05:00:00,259400.0,263750.0,250300.0,253600.0,80478.06886744
2021-12-05T09:00:00,253500.0,259450.0,241500.0,254500.0,147313.70307707
2021-12-05T13:00:00,254500.0,260850.0,249100.0,253100.0,78323.72795379
2021-12-05T17:00:00,253650.0,256000.0,247150.0,249350.0,90210.49911231
2021-12-05T21:00:00,249350.0,252750.0,232000.0,234950.0,141875.79034076
2021-12-06T01:00:00,234950.0,242350.0,234850.0,240850.0,55934.99154257
2021-12-06T05:00:00,240850.0,248100.0,238100.0,246750.0,44778.55192693
2021-12-06T09:00:00,246800.0,247000.0,234300.0,242500.0,92996.32365655
2021-12-06T13:00:00,242500.0,245250.0,230000.0,234200.0,99090.34529219
2021-12-06T17:00:00,234250.0,240000.0,223800.0,228050.0,155145.63350614
2021-12-06T21:00:00,228550.0,234500.0,224250.0,234500.0,160939.28475246
2021-12-07T01:00:00,234500.0,238450.0,231000.0,233000.0,59498.91043381
2021-12-07T05:00:00,233000.0,248700.0,233000.0,241200.0,177136.71802117
2021-12-07T09:00:00,241250.0,248000.0,238350.0,241550.0,136853.67470813
2021-12-07T13:00:00,241550.0,247850.0,241300.0,245450.0,66872.76564128
2021-12-07T17:00:00,245700.0,252250.0,245450.0,252050.0,89671.28779019
2021-12-07T21:00:00,252050.0,252900.0,242950.0,245400.0,132705.24565695
2021-12-08T01:00:00,245550.0,246400.0,241850.0,242050.0,34367.7714523
2021-12-08T05:00:00,242050.0,242900.0,235250.0,237800.0,90208.89578034
2021-12-08T09:00:00,237850.0,241950.0,233500.0,233700.0,137694.24884956
2021-12-08T13:00:00,233700.0,236500.0,232550.0,235900.0,76481.37092028
2021-12-08T17:00:00,235850.0,237850.0,228150.0,232000.0,131631.10610706
2021-12-08T21:00:00,232000.0,242650.0,229550.0,238000.0,119652.52215625
2021-12-09T01:00:00,238000.0,240100.0,234150.0,238100.0,35069.06121849
2021-12-09T05:00:00,238100.0,240500.0,236650.0,239700.0,39736.5343538
2021-12-09T09:00:00,239750.0,241700.0,232000.0,233000.0,78958.94655627
2021-12-09T13:00:00,233000.0,236550.0,232650.0,235100.0,53705.71519734
2021-12-09T17:00:00,235050.0,235150.0,231050.0,232550.0,56237.86899656
2021-12-09T21:00:00,232550.0,234750.0,227550.0,230250.0,78268.34309453
2021-12-10T01:00:00,230300.0,232400.0,225000.0,226800.0,42820.19874036
2021-12-10T05:00:00,226750.0,230200.0,224000.0,225950.0,50172.83387664
2021-12-10T09:00:00,226000.0,230050.0,223250.0,223550.0,75146.29920548
2021-12-10T13:00:00,223500.0,223950.0,217350.0,218500.0,106721.22481084
2021-12-10T17:00:00,218200.0,222850.0,217500.0,222650.0,60132.91350899
2021-12-10T21:00:00,222650.0,227600.0,216700.0,217500.0,151557.56077571
2021-12-11T01:00:00,217500.0,219300.0,214000.0,217500.0,88912.25970685
2021-12-11T05:00:00,217850.0,220650.0,213700.0,213700.0,49397.2814629
2021-12-11T09:00:00,213700.0,214950.0,206100.0,213200.0,158317.09666867
2021-12-11T13:00:00,213200.0,215200.0,210200.0,212250.0,60723.71346908
2021-12-11T17:00:00,212250.0,215550.0,211450.0,212750.0,51109.7258636
2021-12-11T21:00:00,212750.0,213900.0,209550.0,213250.0,63688.94441673
2021-12-12T01:00:00,213150.0,216600.0,210000.0,210300.0,52458.41327406
2021-12-12T05:00:00,210300.0,214550.0,210150.0,214200.0,37753.73607256
2021-12-12T09:00:00,214250.0,215250.0,210750.0,211650.0,59049.52918306
2021-12-12T13:00:00,211650.0,212900.0,210050.0,212150.0,37808.66329535
2021-12-12T17:00:00,212150.0,212500.0,209300.0,211000.0,41707.75735896
2021-12-12T21:00:00,210800.0,214300.0,210200.0,212350.0,44078.19741008
2021-12-13T01:00:00,212300.0,219150.0,212150.0,216700.0,34082.62087344
2021-12-13T05:00:00,216600.0,217500.0,214350.0,214400.0,34005.3972807
2021-12-13T09:00:00,214400.0,214400.0,208100.0,208300.0,83581.33779997
2021-12-13T13:00:00,208300.0,208850.0,203100.0,203500.0,93840.06531249
2021-12-13T17:00:00,203550.0,207850.0,202300.0,207800.0,44439.58969989
2021-12-13T21:00:00,207800.0,209850.0,196550.0,199000.0,154599.21622962
2021-12-14T01:00:00,199000.0,199950.0,190250.0,192900.0,98651.66964709
2021-12-14T05:00:00,192900.0,199750.0,188950.0,195000.0,108720.02444575
2021-12-14T09:00:00,194950.0,198450.0,190450.0,191650.0,91910.41713886
2021-12-14T13:00:00,191700.0,193000.0,185150.0,191550.0,126491.95825364
2021-12-14T17:00:00,191550.0,197550.0,189550.0,197300.0,97808.1593704
2021-12-14T21:00:00,197300.0,200850.0,194900.0,196000.0,141067.58146223
2021-12-15T01:00:00,196000.0,197250.0,189750.0,190700.0,41136.78910243
2021-12-15T05:00:00,190900.0,201500.0,190900.0,199900.0,56609.00094628
2021-12-15T09:00:00,199850.0,202400.0,195850.0,198200.0,71890.14017341
2021-12-15T13:00:00,198350.0,206150.0,197050.0,205450.0,97101.88887995
2021-12-15T17:00:00,205450.0,208300.0,203900.0,205000.0,85765.94400848
2021-12-15T21:00:00,204950.0,206000.0,195600.0,196250.0,96635.29911763
2021-12-16T01:00:00,196300.0,222000.0,196000.0,219450.0,252676.51191131
2021-12-16T05:00:00,219500.0,228850.0,218500.0,223600.0,174136.07378993
2021-12-16T09:00:00,223600.0,225600.0,219850.0,222200.0,103211.42197003
2021-12-16T13:00:00,221950.0,224800.0,217050.0,222450.0,53780.35386989
2021-12-16T17:00:00,222450.0,232550.0,222300.0,231350.0,97889.98256045
2021-12-16T21:00:00,231300.0,235100.0,228050.0,233150.0,125139.04289542
2021-12-17T01:00:00,233200.0,233750.0,226000.0,226300.0,30941.47308269
2021-12-17T05:00:00,226300.0,231950.0,220650.0,221950.0,55896.26801868
2021-12-17T09:00:00,221950.0,227750.0,221550.0,223850.0,61819.60841987
2021-12-17T13:00:00,223850.0,227600.0,218650.0,221700.0,79552.78863358
2021-12-17T17:00:00,221850.0,223500.0,219000.0,220300.0,51641.50629611
2021-12-17T21:00:00,220300.0,222800.0,211350.0,221200.0,122701.76606678
2021-12-18T01:00:00,221200.0,227400.0,219000.0,222750.0,75865.79850397
2021-12-18T05:00:00,222750.0,224150.0,218000.0,221150.0,35242.88859938
2021-12-18T09:00:00,220750.0,221800.0,214850.0,218000.0,64109.70576282
2021-12-18T13:00:00,218000.0,220750.0,217000.0,219800.0,36316.9120055
2021-12-18T17:00:00,219950.0,225150.0,219800.0,223350.0,48985.74820318
2021-12-18T21:00:00,223400.0,227400.0,222750.0,225400.0,41034.38396494
2021-12-19T01:00:00,225350.0,226850.0,224100.0,225900.0,16262.60089326
2021-12-19T05:00:00,226000.0,228500.0,225050.0,227400.0,19575.85860386
2021-12-19T09:00:00,227050.0,229450.0,224200.0,229450.0,46503.78651916
2021-12-19T13:00:00,229450.0,234000.0,229000.0,231900.0,52576.65846077
2021-12-19T17:00:00,232000.0,232600.0,227050.0,229600.0,42890.6927298
2021-12-19T21:00:00,229600.0,233050.0,227050.0,228050.0,57364.00578043
2021-12-20T01:00:00,228050.0,229600.0,223500.0,224500.0,19064.85099046
2021-12-20T05:00:00,225050.0,228400.0,222850.0,224400.0,22767.86845061
2021-12-20T09:00:00,224350.0,225300.0,220150.0,221150.0,54790.57091284
2021-12-20T13:00:00,221000.0,222650.0,216850.0,217800.0,49065.49614192
2021-12-20T17:00:00,217700.0,218650.0,213500.0,215350.0,50804.92295645
2021-12-20T21:00:00,215350.0,216050.0,209650.0,211500.0,67340.04266519
2021-12-21T01:00:00,211500.0,218350.0,210800.0,217900.0,21718.31066851
2021-12-21T05:00:00,218050.0,219900.0,213800.0,214950.0,31483.39722997
2021-12-21T09:00:00,215000.0,217050.0,210700.0,216050.0,53149.97014261
2021-12-21T13:00:00,216050.0,222000.0,216000.0,220250.0,81424.14828336
2021-12-21T17:00:00,220250.0,222450.0,219550.0,220800.0,39165.97253656
2021-12-21T21:00:00,220800.0,224000.0,218000.0,218750.0,61994.8206251
2021-12-22T01:00:00,218750.0,220300.0,216700.0,217700.0,20622.03797485
2021-12-22T05:00:00,217700.0,222500.0,217650.0,220750.0,33110.63053589
2021-12-22T09:00:00,220600.0,222500.0,217700.0,219900.0,60330.68380027
2021-12-22T13:00:00,219900.0,229000.0,219650.0,228100.0,70310.80080218
2021-12-22T17:00:00,228000.0,229050.0,224550.0,227300.0,50944.37125451
2021-12-22T21:00:00,227150.0,228250.0,222900.0,227250.0,60578.61175873
2021-12-23T01:00:00,227350.0,227800.0,221000.0,221250.0,39672.5150443
2021-12-23T05:00:00,221200.0,223050.0,218450.0,219600.0,56435.70260111
2021-12-23T09:00:00,219550.0,223550.0,217300.0,221450.0,78319.97147822
2021-12-23T13:00:00,221250.0,222200.0,217300.0,218800.0,41734.89139713
2021-12-23T17:00:00,218800.0,222400.0,218050.0,220250.0,38657.1173437
2021-12-23T21:00:00,220250.0,222800.0,219000.0,222000.0,51245.59781067
2021-12-24T01:00:00,221950.0,233000.0,220750.0,230750.0,74995.50140776
2021-12-24T05:00:00,230800.0,232800.0,228150.0,229950.0,57744.67532767
2021-12-24T09:00:00,229950.0,233000.0,227950.0,228450.0,89424.55141585
2021-12-24T13:00:00,228250.0,230350.0,227150.0,230250.0,32933.97978502
2021-12-24T17:00:00,230100.0,232650.0,229800.0,230400.0,41513.1231627
2021-12-24T21:00:00,230500.0,238850.0,225450.0,238600.0,99525.4756068
2021-12-25T01:00:00,238650.0,239950.0,234000.0,234000.0,54821.25255606
2021-12-25T05:00:00,234050.0,237650.0,230050.0,232350.0,40176.6024212
2021-12-25T09:00:00,232300.0,238800.0,232100.0,234200.0,50925.73015356
2021-12-25T13:00:00,234200.0,237800.0,234050.0,234900.0,35853.86272829
2021-12-25T17:00:00,234900.0,235200.0,230100.0,231000.0,49933.61985213
2021-12-25T21:00:00,230950.0,234150.0,230900.0,233350.0,33250.82224026
2021-12-26T01:00:00,233350.0,233950.0,230300.0,231350.0,21136.83965604
2021-12-26T05:00:00,231600.0,235200.0,230850.0,233700.0,19898.31925562
2021-12-26T09:00:00,233650.0,238100.0,232350.0,232900.0,77066.8770475
2021-12-26T13:00:00,232900.0,235650.0,232350.0,234550.0,34154.56526636
2021-12-26T17:00:00,234550.0,240900.0,234350.0,238700.0,58214.70395189
2021-12-26T21:00:00,238700.0,242250.0,237400.0,240650.0,47849.55164487
2021-12-27T01:00:00,240600.0,243100.0,239050.0,240450.0,24580.71247429
2021-12-27T05:00:00,240350.0,241650.0,238150.0,239100.0,21115.75975881
2021-12-27T09:00:00,239400.0,242850.0,237400.0,242850.0,43361.09464595
2021-12-27T13:00:00,242850.0,243300.0,239700.0,239800.0,29919.14996655
2021-12-27T17:00:00,239800.0,242600.0,235250.0,241100.0,50494.09515932
2021-12-27T21:00:00,241100.0,244550.0,240250.0,243100.0,42688.14324013
2021-12-28T01:00:00,242950.0,245950.0,241650.0,241750.0,23828.88978095
2021-12-28T05:00:00,241750.0,242650.0,237050.0,237450.0,34106.77809639
2021-12-28T09:00:00,237400.0,237500.0,229050.0,231100.0,80092.81427883
2021-12-28T13:00:00,231100.0,235300.0,226350.0,231100.0,60211.49055509
2021-12-28T17:00:00,231200.0,235000.0,230050.0,234200.0,31687.78181508
2021-12-28T21:00:00,233950.0,235000.0,226900.0,227200.0,49324.33421506
2021-12-29T01:00:00,227200.0,227400.0,217950.0,221350.0,70026.41971951
2021-12-29T05:00:00,221350.0,223600.0,216450.0,217450.0,47080.11821098
2021-12-29T09:00:00,217450.0,220400.0,215350.0,218900.0,46399.43344866
2021-12-29T13:00:00,219050.0,220350.0,213300.0,213900.0,54532.82687959
2021-12-29T17:00:00,213900.0,217000.0,212750.0,213850.0,42244.47139573
2021-12-29T21:00:00,213850.0,214800.0,208700.0,214500.0,97838.05566003
2021-12-30T01:00:00,214500.0,215500.0,211200.0,212800.0,16293.56400295
2021-12-30T05:00:00,212700.0,214800.0,208800.0,209750.0,33185.08899077
2021-12-30T09:00:00,209750.0,210700.0,206050.0,207200.0,57362.13120064
2021-12-30T13:00:00,207200.0,213300.0,206850.0,212050.0,35980.56698903
2021-12-30T17:00:00,212200.0,214600.0,209700.0,213050.0,40213.14209357
2021-12-30T21:00:00,213100.0,213950.0,210600.0,211700.0,38440.69808758
2021-12-31T01:00:00,211700.0,213550.0,211250.0,211900.0,15531.22460482
2021-12-31T05:00:00,211900.0,212600.0,208500.0,209850.0,23807.87546172
2021-12-31T09:00:00,209700.0,211100.0,207800.0,208800.0,38672.43070243
2021-12-31T13:00:00,208850.0,209650.0,207000.0,209550.0,50603.37583654
2021-12-31T17:00:00,209550.0,215050.0,209200.0,212350.0,65694.3971628
2021-12-31T21:00:00,212300.0,214600.0,211950.0,213350.0,18430.01985128
2022-01-01T01:00:00,213350.0,214000.0,211400.0,211850.0,5635.37227804
2022-01-01T05:00:00,211550.0,211550.0,206500.0,208500.0,36114.78989662
2022-01-01T09:00:00,208500.0,212800.0,208400.0,211500.0,24377.41396244
2022-01-01T13:00:00,211500.0,212250.0,209700.0,211800.0,21531.7770849
2022-01-01T17:00:00,211750.0,211800.0,209300.0,210000.0,10762.59410401
2022-01-01T21:00:00,210050.0,212300.0,209400.0,211800.0,18133.92166041
2022-01-02T01:00:00,211800.0,215400.0,211400.0,215400.0,12022.95524628
2022-01-02T05:00:00,215400.0,217700.0,214450.0,217700.0,15899.33029282
2022-01-02T09:00:00,217500.0,218750.0,215650.0,216500.0,29527.60459743
2022-01-02T13:00:00,216500.0,217000.0,214050.0,214150.0,21360.83043675
2022-01-02T17:00:00,214150.0,214650.0,212600.0,214100.0,40334.9755891
2022-01-02T21:00:00,214100.0,215050.0,213500.0,214900.0,41973.49829535
2022-01-03T01:00:00,214900.0,217400.0,213300.0,214000.0,27752.98028728
2022-01-03T05:00:00,214000.0,217000.0,213400.0,214650.0,20059.92080266
2022-01-03T09:00:00,214650.0,214750.0,209850.0,210500.0,50727.66834346
2022-01-03T13:00:00,210650.0,211350.0,209900.0,210400.0,26561.8433567
2022-01-03T17:00:00,210400.0,213150.0,210150.0,212450.0,28985.18984676
2022-01-03T21:00:00,212450.0,213600.0,208800.0,208950.0,41777.01780143
2022-01-04T01:00:00,209050.0,209500.0,206700.0,207700.0,40281.02212638
2022-01-04T05:00:00,207700.0,208950.0,205000.0,207850.0,38947.97301578
2022-01-04T09:00:00,207800.0,208400.0,203000.0,204500.0,61316.49056742
2022-01-04T13:00:00,204400.0,206150.0,203150.0,206150.0,29439.76000628
2022-01-04T17:00:00,206150.0,209700.0,203800.0,209150.0,47487.33703736
2022-01-04T21:00:00,209150.0,211000.0,207300.0,209100.0,56350.32659182
2022-01-05T01:00:00,208950.0,209750.0,205000.0,205850.0,21112.49554163
2022-01-05T05:00:00,205850.0,206600.0,204800.0,204950.0,17711.29468335
2022-01-05T09:00:00,204950.0,206500.0,204300.0,206100.0,30081.24518495
2022-01-05T13:00:00,206100.0,207600.0,204600.0,206950.0,22291.16292341
2022-01-05T17:00:00,207000.0,207950.0,205100.0,205750.0,29863.28875068
2022-01-05T21:00:00,205800.0,206200.0,204600.0,205100.0,47856.31927921
2022-01-06T01:00:00,205100.0,205350.0,197050.0,197650.0,59219.24743907
2022-01-06T05:00:00,197600.0,199600.0,186300.0,194100.0,142530.83820296
2022-01-06T09:00:00,194100.0,197000.0,186800.0,186850.0,77498.19758264
2022-01-06T13:00:00,186800.0,190050.0,186050.0,189600.0,44932.83223223
2022-01-06T17:00:00,189600.0,189750.0,185500.0,187000.0,48691.17415761
2022-01-06T21:00:00,186900.0,192500.0,186000.0,189750.0,47942.97652155
2022-01-07T01:00:00,189800.0,191650.0,188900.0,191400.0,13158.88417616
2022-01-07T05:00:00,191400.0,192750.0,189650.0,191700.0,15512.70783425
2022-01-07T09:00:00,191750.0,191900.0,181150.0,181500.0,63417.61010543
2022-01-07T13:00:00,181500.0,185950.0,180000.0,182750.0,71215.27118792
2022-01-07T17:00:00,182750.0,186650.0,182300.0,182900.0,31155.85566169
2022-01-07T21:00:00,182850.0,185450.0,180000.0,182000.0,41964.01682045
2022-01-08T01:00:00,181850.0,183850.0,180750.0,181150.0,13088.47935539
2022-01-08T05:00:00,181150.0,182300.0,180000.0,180300.0,19477.29391857
2022-01-08T09:00:00,180300.0,182800.0,179600.0,181000.0,29322.97934255
2022-01-08T13:00:00,181250.0,182800.0,181000.0,182400.0,11626.60595369
2022-01-08T17:00:00,182400.0,187000.0,182050.0,185250.0,26144.79863406
2022-01-08T21:00:00,185200.0,185250.0,180050.0,181600.0,28140.35612641
2022-01-09T01:00:00,181550.0,185950.0,179000.0,181500.0,40653.29039151
2022-01-09T05:00:00,181500.0,185450.0,179500.0,181400.0,21162.77015787
2022-01-09T09:00:00,181150.0,184250.0,180050.0,182250.0,19969.49734407
2022-01-09T13:00:00,182150.0,183300.0,181000.0,181550.0,15327.85319688
2022-01-09T17:00:00,181550.0,182100.0,179400.0,181800.0,25429.2203138
2022-01-09T21:00:00,181800.0,181850.0,179000.0,179750.0,20563.26144255
2022-01-10T01:00:00,179700.0,183200.0,179100.0,182650.0,13825.45040714
2022-01-10T05:00:00,182700.0,183150.0,180550.0,180600.0,11386.26071202
2022-01-10T09:00:00,180600.0,182350.0,180000.0,180850.0,18168.83359531
2022-01-10T13:00:00,180850.0,181950.0,180200.0,180650.0,11542.02671858
2022-01-10T17:00:00,180650.0,180900.0,174750.0,175450.0,48816.28037155
2022-01-10T21:00:00,175450.0,176400.0,162950.0,168850.0,171723.12043078
2022-01-11T01:00:00,168850.0,173150.0,167050.0,169850.0,22843.48473593
2022-01-11T05:00:00,169900.0,173150.0,169850.0,172650.0,12752.54512219
2022-01-11T09:00:00,172600.0,175250.0,168200.0,172100.0,32379.36996388
2022-01-11T13:00:00,172100.0,173100.0,168450.0,170400.0,24039.47531001
2022-01-11T17:00:00,170300.0,172550.0,168200.0,170300.0,27568.89164266
2022-01-11T21:00:00,170300.0,171800.0,167700.0,170150.0,33751.05550901
2022-01-12T01:00:00,170150.0,181900.0,170000.0,179850.0,41097.16223595
2022-01-12T05:00:00,179850.0,181100.0,178750.0,180100.0,17446.57900347
2022-01-12T09:00:00,180100.0,181050.0,175050.0,177150.0,29035.09989561
2022-01-12T13:00:00,177150.0,178050.0,176300.0,176800.0,14320.64676776
2022-01-12T17:00:00,176800.0,181100.0,176650.0,180050.0,25397.74035031
2022-01-12T21:00:00,180050.0,188900.0,180050.0,184100.0,65150.28159514
2022-01-13T01:00:00,184050.0,187600.0,183150.0,186500.0,13637.97922125
2022-01-13T05:00:00,186400.0,188000.0,185650.0,185800.0,14740.86137839
2022-01-13T09:00:00,185850.0,187300.0,182350.0,183150.0,29300.08205082
2022-01-13T13:00:00,183150.0,192000.0,183150.0,187050.0,38290.88314652
2022-01-13T17:00:00,187050.0,188450.0,185150.0,186050.0,22261.73233777
2022-01-13T21:00:00,186050.0,198450.0,186050.0,192500.0,121812.76558253
2022-01-14T01:00:00,192300.0,192600.0,187100.0,188200.0,21312.93158651
2022-01-14T05:00:00,188100.0,189000.0,180700.0,180900.0,28660.68922397
2022-01-14T09:00:00,180800.0,187500.0,180050.0,184750.0,44684.71048137
2022-01-14T13:00:00,184700.0,187650.0,180000.0,180200.0,51374.64171419
2022-01-14T17:00:00,180500.0,180650.0,173500.0,175350.0,127262.56852728
2022-01-14T21:00:00,175500.0,180000.0,173500.0,178700.0,80921.38929968
2022-01-15T01:00:00,178750.0,181950.0,177300.0,180350.0,21765.09707749
2022-01-15T05:00:00,180350.0,181050.0,177100.0,177600.0,48657.87832374
2022-01-15T09:00:00,177600.0,179000.0,176000.0,177100.0,49586.69694714
2022-01-15T13:00:00,177150.0,177750.0,176150.0,176950.0,29928.5089468
2022-01-15T17:00:00,176950.0,177950.0,176300.0,177650.0,23333.57882315
2022-01-15T21:00:00,177600.0,179900.0,175350.0,179250.0,37976.95202332
2022-01-16T01:00:00,179300.0,179850.0,177950.0,178550.0,18062.95403579
2022-01-16T05:00:00,178850.0,180850.0,178700.0,179350.0,17025.51055255
2022-01-16T09:00:00,179150.0,179900.0,177400.0,178350.0,24838.52447126
2022-01-16T13:00:00,178450.0,181800.0,177700.0,181600.0,25813.66768371
2022-01-16T17:00:00,181550.0,182950.0,179700.0,180250.0,34723.48558647
2022-01-16T21:00:00,180250.0,184600.0,179100.0,181750.0,61459.61220087
2022-01-17T01:00:00,181750.0,182650.0,179750.0,179750.0,14714.34129074
2022-01-17T05:00:00,179750.0,180550.0,178100.0,179200.0,24493.9212554
2022-01-17T09:00:00,179200.0,179600.0,174650.0,174700.0,69021.67588525
2022-01-17T13:00:00,174700.0,175500.0,172850.0,174100.0,53092.85425581
2022-01-17T17:00:00,174100.0,175150.0,173450.0,173550.0,30185.67747588
2022-01-17T21:00:00,173550.0,175050.0,172150.0,173400.0,35176.37008089
2022-01-18T01:00:00,173400.0,173500.0,169500.0,170450.0,49606.3226788
2022-01-18T05:00:00,170500.0,171000.0,167800.0,170550.0,47234.4323362
2022-01-18T09:00:00,170600.0,172250.0,168150.0,168600.0,47429.6678789
2022-01-18T13:00:00,168600.0,170450.0,167000.0,169750.0,48413.40272675
2022-01-18T17:00:00,169750.0,169950.0,165400.0,167200.0,45019.0071102
2022-01-18T21:00:00,167250.0,167900.0,163600.0,165800.0,66125.64130384
2022-01-19T01:00:00,165700.0,167300.0,164850.0,166050.0,12325.10956324
2022-01-19T05:00:00,166150.0,172400.0,165450.0,170850.0,38854.42017463
2022-01-19T09:00:00,170850.0,172400.0,165700.0,166900.0,40711.37948514
2022-01-19T13:00:00,166750.0,167900.0,162000.0,162600.0,59836.31343649
2022-01-19T17:00:00,162600.0,165150.0,160900.0,164800.0,68503.31185414
2022-01-19T21:00:00,164750.0,167150.0,163950.0,165500.0,40412.01509746
2022-01-20T01:00:00,165300.0,166500.0,163700.0,165100.0,9673.90872238
2022-01-20T05:00:00,165250.0,166000.0,163150.0,163500.0,14733.57397168
2022-01-20T09:00:00,163650.0,165500.0,162350.0,165450.0,26521.3762223
2022-01-20T13:00:00,165450.0,166250.0,164250.0,166150.0,19258.78470081
2022-01-20T17:00:00,166050.0,166950.0,164100.0,166850.0,22999.54379113
2022-01-20T21:00:00,166850.0,172800.0,165900.0,171850.0,54147.26311148
2022-01-21T01:00:00,172200.0,172950.0,168650.0,168850.0,20152.24082796
2022-01-21T05:00:00,168900.0,169050.0,155200.0,156800.0,137108.71953857
2022-01-21T09:00:00,156700.0,157400.0,148400.0,152650.0,242112.20556938
2022-01-21T13:00:00,152650.0,155500.0,152050.0,155200.0,59437.4136518
2022-01-21T17:00:00,155200.0,155350.0,149200.0,150600.0,56406.23458847
2022-01-21T21:00:00,150650.0,151050.0,145200.0,149350.0,113919.24996563
2022-01-22T01:00:00,149350.0,154700.0,147700.0,147750.0,57849.34381805
2022-01-22T05:00:00,147800.0,150000.0,134000.0,139700.0,198315.82365793
2022-01-22T09:00:00,139600.0,141750.0,135400.0,137050.0,114187.7970476
2022-01-22T13:00:00,137050.0,137650.0,123000.0,125000.0,219727.63701
2022-01-22T17:00:00,125200.0,128700.0,116500.0,123300.0,191463.79062911
2022-01-22T21:00:00,123300.0,131900.0,121200.0,121450.0,130095.52569304
2022-01-23T01:00:00,121500.0,127650.0,117500.0,120450.0,61511.79979181
2022-01-23T05:00:00,119500.0,124400.0,117400.0,122100.0,36264.8849574
2022-01-23T09:00:00,122150.0,126550.0,119350.0,121450.0,80243.33609708
2022-01-23T13:00:00,121500.0,127450.0,120800.0,126450.0,53295.32938791
2022-01-23T17:00:00,126250.0,131100.0,125500.0,127200.0,68650.73434344
2022-01-23T21:00:00,127200.0,129300.0,120650.0,123500.0,60349.42297458
2022-01-24T01:00:00,123350.0,124350.0,120150.0,121700.0,18125.09841514
2022-01-24T05:00:00,121750.0,127500.0,120850.0,126100.0,33305.65560071
2022-01-24T09:00:00,125850.0,126150.0,119250.0,120500.0,78188.53885574
2022-01-24T13:00:00,120500.0,121050.0,114450.0,114850.0,66847.5584881
2022-01-24T17:00:00,114850.0,117500.0,106200.0,109850.0,141401.91449273
2022-01-24T21:00:00,109700.0,112050.0,106150.0,111450.0,81021.52950077
2022-01-25T01:00:00,111500.0,115800.0,108300.0,113850.0,36152.65926133
2022-01-25T05:00:00,113950.0,121050.0,113000.0,118050.0,58436.60162958
2022-01-25T09:00:00,118050.0,118050.0,109250.0,110200.0,148506.24304295
2022-01-25T13:00:00,110200.0,110350.0,106650.0,109700.0,161316.78633526
2022-01-25T17:00:00,109550.0,115250.0,109550.0,111700.0,118398.71033956
2022-01-25T21:00:00,111700.0,115450.0,110250.0,112900.0,130649.8656672
2022-01-26T01:00:00,112950.0,121300.0,112950.0,116950.0,103625.00973676
2022-01-26T05:00:00,116950.0,117150.0,112100.0,115150.0,86913.01119004
2022-01-26T09:00:00,115100.0,116500.0,111950.0,115600.0,192697.52874236
2022-01-26T13:00:00,115550.0,118600.0,113750.0,115100.0,240701.07713367
2022-01-26T17:00:00,115250.0,119550.0,115150.0,119450.0,162574.00682253
2022-01-26T21:00:00,119450.0,124500.0,117400.0,120100.0,244719.66636073
2022-01-27T01:00:00,120000.0,127000.0,117400.0,120300.0,154330.48181422
2022-01-27T05:00:00,120250.0,120650.0,109850.0,112850.0,249765.1277373
2022-01-27T09:00:00,112800.0,115300.0,106100.0,107150.0,263996.88606973
2022-01-27T13:00:00,107150.0,110550.0,106550.0,109450.0,101213.22351256
2022-01-27T17:00:00,109550.0,112850.0,108800.0,112250.0,133581.04519615
2022-01-27T21:00:00,112150.0,116000.0,111800.0,113100.0,227721.10643107
2022-01-28T01:00:00,113100.0,114250.0,109750.0,110650.0,86008.61048394
2022-01-28T05:00:00,111150.0,111650.0,106750.0,110300.0,154837.1302188
2022-01-28T09:00:00,110400.0,114300.0,109350.0,113850.0,219281.95498955
2022-01-28T13:00:00,113850.0,115250.0,111100.0,111100.0,170534.14561574
2022-01-28T17:00:00,111100.0,113050.0,109300.0,110450.0,160433.15407589
2022-01-28T21:00:00,110450.0,112950.0,108800.0,112600.0,181401.79691535
2022-01-29T01:00:00,112600.0,114950.0,111350.0,113500.0,92256.08139441
2022-01-29T05:00:00,113300.0,115050.0,111600.0,113000.0,115054.02391794
2022-01-29T09:00:00,112950.0,115850.0,112300.0,114300.0,201720.15108628
2022-01-29T13:00:00,114350.0,120400.0,114200.0,120350.0,239648.15912825
2022-01-29T17:00:00,120350.0,120900.0,117700.0,119250.0,207465.84547978
2022-01-29T21:00:00,119250.0,122000.0,116400.0,117700.0,213942.15999028
2022-01-30T01:00:00,117550.0,118300.0,115850.0,118000.0,62253.33134604
2022-01-30T05:00:00,118050.0,119300.0,117300.0,118750.0,58921.65709474
2022-01-30T09:00:00,118750.0,119450.0,116300.0,117450.0,159351.91209682
2022-01-30T13:00:00,117400.0,120950.0,117300.0,119750.0,96559.40754245
2022-01-30T17:00:00,119750.0,120050.0,118150.0,119400.0,96983.21867632
2022-01-30T21:00:00,119400.0,120000.0,116050.0,117650.0,137539.58042228
2022-01-31T01:00:00,117650.0,118450.0,114200.0,114600.0,55368.24668824
2022-01-31T05:00:00,114650.0,117200.0,113900.0,116300.0,62258.95144289
2022-01-31T09:00:00,116300.0,116800.0,111150.0,112650.0,146554.00282622
2022-01-31T13:00:00,112650.0,112700.0,111000.0,112200.0,52921.68342074
2022-01-31T17:00:00,112300.0,113500.0,111900.0,113100.0,39095.62432074
2022-01-31T21:00:00,113100.0,118300.0,112250.0,117500.0,98618.23251738
2022-02-01T01:00:00,117550.0,121700.0,117200.0,121200.0,134670.62814548
2022-02-01T05:00:00,121000.0,124700.0,119950.0,122200.0,134827.51755361
2022-02-01T09:00:00,122200.0,133000.0,121750.0,131400.0,367671.3166148
2022-02-01T13:00:00,131400.0,132100.0,128600.0,129550.0,192605.93765847
2022-02-01T17:00:00,129550.0,133400.0,128000.0,131150.0,346619.59110562
2022-02-01T21:00:00,131000.0,136500.0,130550.0,133950.0,558330.38909446
2022-02-02T01:00:00,133950.0,139650.0,133700.0,133700.0,373159.99343552
2022-02-02T05:00:00,133700.0,138350.0,133700.0,135900.0,166543.39209605
2022-02-02T09:00:00,135900.0,138900.0,133450.0,136750.0,496546.05722996
2022-02-02T13:00:00,136700.0,136900.0,133250.0,133950.0,249684.28021495
2022-02-02T17:00:00,134000.0,136650.0,133800.0,135700.0,160433.27351243
2022-02-02T21:00:00,135650.0,138050.0,129950.0,130950.0,454906.18224729
2022-02-03T01:00:00,130950.0,138250.0,128500.0,136050.0,245891.27267076
2022-02-03T05:00:00,135950.0,136050.0,121700.0,125500.0,527298.00113096
2022-02-03T09:00:00,125600.0,127700.0,119800.0,120350.0,344115.97956604
2022-02-03T13:00:00,120350.0,122950.0,120350.0,122900.0,131971.88354006
2022-02-03T17:00:00,122900.0,123500.0,116650.0,120150.0,349138.34924534
2022-02-03T21:00:00,120250.0,122000.0,117000.0,121150.0,226435.96548584
2022-02-04T01:00:00,121150.0,122100.0,118400.0,119700.0,88634.94873343
2022-02-04T05:00:00,119650.0,125400.0,118500.0,125000.0,126554.87048265
2022-02-04T09:00:00,124900.0,127400.0,123050.0,125600.0,126703.65652072
2022-02-04T13:00:00,125600.0,130600.0,124750.0,128450.0,183537.96591419
2022-02-04T17:00:00,128450.0,130950.0,128100.0,128600.0,119259.08306276
2022-02-04T21:00:00,128600.0,134000.0,124900.0,131050.0,314213.45501966
2022-02-05T01:00:00,131050.0,135800.0,130850.0,135000.0,167228.67619898
2022-02-05T05:00:00,134900.0,137450.0,133400.0,137050.0,96213.85920463
2022-02-05T09:00:00,137100.0,139800.0,134500.0,139450.0,281064.09297796
2022-02-05T13:00:00,139400.0,144700.0,139050.0,140900.0,233224.29956815
2022-02-05T17:00:00,140900.0,142500.0,140100.0,141050.0,119693.65595092
2022-02-05T21:00:00,141050.0,143500.0,140200.0,142250.0,107289.87027078
2022-02-06T01:00:00,142250.0,142700.0,136100.0,139350.0,126056.20026849
2022-02-06T05:00:00,139200.0,141850.0,138750.0,139550.0,42782.70975377
2022-02-06T09:00:00,139550.0,142150.0,139350.0,140900.0,121202.21943979
2022-02-06T13:00:00,140850.0,141400.0,137950.0,140050.0,134852.73165298
2022-02-06T17:00:00,140050.0,141950.0,139100.0,140000.0,96601.96223669
2022-02-06T21:00:00,140100.0,142100.0,136650.0,138450.0,153136.19688518
2022-02-07T01:00:00,138450.0,140250.0,137600.0,137950.0,39205.34896587
2022-02-07T05:00:00,138200.0,141000.0,137650.0,140900.0,77209.14889089
2022-02-07T09:00:00,140950.0,146300.0,138250.0,145750.0,212575.53625057
2022-02-07T13:00:00,145800.0,146550.0,142750.0,143350.0,154682.46367231
2022-02-07T17:00:00,143350.0,144200.0,140600.0,143850.0,132390.17194294
2022-02-07T21:00:00,143850.0,148450.0,142850.0,147950.0,186165.155274
2022-02-08T01:00:00,147950.0,148250.0,145500.0,146350.0,74586.22843725
2022-02-08T05:00:00,146300.0,147200.0,143000.0,143700.0,137466.11952065
2022-02-08T09:00:00,143700.0,145550.0,141000.0,143600.0,171602.23665343
2022-02-08T13:00:00,143550.0,146400.0,141750.0,142950.0,214333.26094096
2022-02-08T17:00:00,142800.0,143000.0,134500.0,140000.0,234091.15437624
2022-02-08T21:00:00,140000.0,140000.0,135300.0,137000.0,106740.168246
2022-02-09T01:00:00,137100.0,137800.0,135200.0,135500.0,33666.91897919
2022-02-09T05:00:00,135550.0,140000.0,134550.0,138350.0,72528.50686133
2022-02-09T09:00:00,138350.0,140300.0,135000.0,135400.0,109866.27992389
2022-02-09T13:00:00,135450.0,136250.0,133700.0,135650.0,81491.77025759
2022-02-09T17:00:00,135650.0,138300.0,134500.0,137700.0,75674.24054083
2022-02-09T21:00:00,137700.0,141550.0,136950.0,137150.0,119411.04556767
2022-02-10T01:00:00,137150.0,140100.0,136600.0,139200.0,52088.5822241
2022-02-10T05:00:00,139500.0,140550.0,137400.0,137950.0,68685.2270729
2022-02-10T09:00:00,137950.0,138100.0,134350.0,134750.0,101542.15439924
2022-02-10T13:00:00,134650.0,136200.0,133950.0,136100.0,54832.05151743
2022-02-10T17:00:00,136000.0,138650.0,135850.0,137600.0,90109.85763034
2022-02-10T21:00:00,137700.0,138100.0,128600.0,135450.0,321101.64864404
2022-02-11T01:00:00,135450.0,136850.0,132000.0,132700.0,73656.90616262
2022-02-11T05:00:00,132800.0,133600.0,129500.0,129700.0,67775.8103513
2022-02-11T09:00:00,129700.0,130450.0,127050.0,127800.0,148093.50143603
2022-02-11T13:00:00,127800.0,128800.0,126200.0,128700.0,71580.1603444
2022-02-11T17:00:00,128700.0,129650.0,127350.0,128400.0,65530.64325507
2022-02-11T21:00:00,128450.0,131100.0,128000.0,129700.0,67831.49569137
2022-02-12T01:00:00,129700.0,129900.0,121900.0,122450.0,99302.54771446
2022-02-12T05:00:00,122450.0,122850.0,116000.0,118300.0,230473.98266631
2022-02-12T09:00:00,118300.0,120350.0,116650.0,118650.0,120730.53982494
2022-02-12T13:00:00,118650.0,119500.0,113400.0,114700.0,159689.21341552
2022-02-12T17:00:00,114700.0,117350.0,114650.0,117200.0,80677.97453204
2022-02-12T21:00:00,117050.0,117350.0,114400.0,116000.0,83789.19784508
2022-02-13T01:00:00,116000.0,121400.0,115850.0,118350.0,108001.86441429
2022-02-13T05:00:00,118450.0,119650.0,115500.0,117150.0,66678.31817088
2022-02-13T09:00:00,117150.0,118750.0,116200.0,117300.0,61093.41024681
2022-02-13T13:00:00,117300.0,118250.0,116700.0,117850.0,39306.97094981
2022-02-13T17:00:00,117850.0,118450.0,116950.0,118000.0,56560.13477296
2022-02-13T21:00:00,117750.0,118300.0,116600.0,116900.0,57604.73333599
2022-02-14T01:00:00,116850.0,116900.0,113900.0,114300.0,52249.81393094
2022-02-14T05:00:00,114250.0,115300.0,113500.0,113850.0,76685.74323516
2022-02-14T09:00:00,113800.0,115050.0,111000.0,114250.0,140765.15356284
2022-02-14T13:00:00,114250.0,115350.0,112700.0,115300.0,119762.80310498
2022-02-14T17:00:00,115350.0,115550.0,112050.0,113400.0,105996.49554974
2022-02-14T21:00:00,113450.0,119050.0,112500.0,117650.0,255071.50427308
2022-02-15T01:00:00,117600.0,119050.0,114250.0,115300.0,72976.13668496
2022-02-15T05:00:00,115300.0,118250.0,114350.0,117000.0,52557.96689701
2022-02-15T09:00:00,117000.0,124350.0,116950.0,122700.0,222677.50831345
2022-02-15T13:00:00,122650.0,123750.0,121600.0,123450.0,91804.86508654
2022-02-15T17:00:00,123450.0,125550.0,122750.0,124000.0,183054.4935787
2022-02-15T21:00:00,123850.0,124700.0,122150.0,124400.0,115378.97678481
2022-02-16T01:00:00,124250.0,124750.0,122000.0,123000.0,49265.66439321
2022-02-16T05:00:00,123000.0,127750.0,122700.0,127650.0,104433.23718362
2022-02-16T09:00:00,127500.0,127700.0,124450.0,124550.0,141358.4621821
2022-02-16T13:00:00,124550.0,126400.0,122500.0,126250.0,109652.32073211
2022-02-16T17:00:00,126250.0,126500.0,123650.0,124500.0,82165.6113581
2022-02-16T21:00:00,124450.0,124800.0,120100.0,120750.0,195428.02420158
2022-02-17T01:00:00,120850.0,125550.0,120050.0,124850.0,96708.14760167
2022-02-17T05:00:00,124850.0,125200.0,123300.0,123850.0,66670.34827879
2022-02-17T09:00:00,123850.0,124700.0,120050.0,120100.0,128404.77955324
2022-02-17T13:00:00,120100.0,122000.0,118150.0,122000.0,178095.2107032
2022-02-17T17:00:00,122000.0,122200.0,119050.0,120300.0,99200.26914073
2022-02-17T21:00:00,120300.0,121200.0,117850.0,118500.0,144730.10862525
2022-02-18T01:00:00,118500.0,119100.0,114500.0,116250.0,93703.79392415
2022-02-18T05:00:00,116150.0,116200.0,113200.0,114000.0,105638.77153742
2022-02-18T09:00:00,114000.0,116900.0,113350.0,115350.0,107951.0773071
2022-02-18T13:00:00,115350.0,116100.0,114050.0,115800.0,47933.48009655
2022-02-18T17:00:00,115800.0,117250.0,113650.0,114200.0,79869.9331432
2022-02-18T21:00:00,114200.0,115200.0,110800.0,111350.0,151672.78774259
2022-02-19T01:00:00,111350.0,112350.0,109750.0,111500.0,81568.33609517
2022-02-19T05:00:00,111450.0,111900.0,109900.0,110400.0,70972.20508329
2022-02-19T09:00:00,110450.0,112300.0,110150.0,111200.0,76871.89821444
2022-02-19T13:00:00,111200.0,112750.0,111000.0,112150.0,46717.27427165
2022-02-19T17:00:00,112100.0,112300.0,108100.0,109200.0,135645.30490922
2022-02-19T21:00:00,109200.0,111250.0,108250.0,110600.0,120713.80758826
2022-02-20T01:00:00,110600.0,111950.0,109400.0,109650.0,50175.15825054
2022-02-20T05:00:00,109550.0,112250.0,109400.0,111650.0,27441.54529501
2022-02-20T09:00:00,111650.0,111800.0,108100.0,108250.0,103346.40723966
2022-02-20T13:00:00,108250.0,108550.0,105150.0,107000.0,208080.19312142
2022-02-20T17:00:00,107000.0,110450.0,105450.0,109150.0,175684.48249032
2022-02-20T21:00:00,109150.0,111050.0,107300.0,109450.0,112011.29185557
2022-02-21T01:00:00,109450.0,115000.0,109150.0,112800.0,96331.95005027
2022-02-21T05:00:00,112750.0,115200.0,110750.0,111450.0,119554.16186597
2022-02-21T09:00:00,111550.0,116350.0,111150.0,114300.0,154707.62171305
2022-02-21T13:00:00,114300.0,116350.0,114300.0,116100.0,64472.78113454
2022-02-21T17:00:00,116000.0,116700.0,108000.0,109250.0,185384.04996104
2022-02-21T21:00:00,109250.0,112350.0,106750.0,109500.0,351413.40258972
2022-02-22T01:00:00,109500.0,110250.0,106200.0,107400.0,133893.30661397
2022-02-22T05:00:00,107550.0,108200.0,101300.0,101850.0,266321.09196256
2022-02-22T09:00:00,101950.0,103950.0,99830.0,100150.0,262079.01369885
2022-02-22T13:00:00,100150.0,102650.0,100000.0,100850.0,111242.32338457
2022-02-22T17:00:00,100800.0,105250.0,100600.0,104000.0,143415.88654119
2022-02-22T21:00:00,104000.0,106500.0,103050.0,104500.0,115468.05359406
2022-02-23T01:00:00,104550.0,105250.0,102200.0,104950.0,47616.17552853
2022-02-23T05:00:00,104950.0,105800.0,103100.0,105100.0,53230.78102078
2022-02-23T09:00:00,105000.0,107600.0,104700.0,106100.0,143993.48260516
2022-02-23T13:00:00,106000.0,109250.0,105800.0,108700.0,105627.7682981
2022-02-23T17:00:00,108600.0,112950.0,108250.0,111600.0,123098.6049981
2022-02-23T21:00:00,111600.0,112900.0,108050.0,108500.0,161268.07286011
2022-02-24T01:00:00,108500.0,111650.0,106650.0,107250.0,89524.19826409
2022-02-24T05:00:00,107250.0,107700.0,103250.0,103650.0,120568.19991862
2022-02-24T09:00:00,103400.0,104900.0,95500.0,96100.0,393240.94528147
2022-02-24T13:00:00,96080.0,103950.0,94650.0,101700.0,643516.10603644
2022-02-24T17:00:00,101700.0,104600.0,98730.0,100750.0,341636.62784788
2022-02-24T21:00:00,100700.0,106350.0,98730.0,104750.0,428807.55335958
2022-02-25T01:00:00,104700.0,111500.0,102800.0,111300.0,284613.5929303
2022-02-25T05:00:00,111300.0,113700.0,106400.0,109300.0,395793.63249164
2022-02-25T09:00:00,109300.0,111000.0,106850.0,109250.0,241701.3173367
2022-02-25T13:00:00,109250.0,109400.0,106100.0,108350.0,117414.81103454
2022-02-25T17:00:00,108150.0,109750.0,106450.0,109700.0,138055.8801849
2022-02-25T21:00:00,109550.0,112750.0,107750.0,110950.0,408335.97171262
2022-02-26T01:00:00,111050.0,112100.0,108850.0,109350.0,134281.89079758
2022-02-26T05:00:00,109350.0,115650.0,108850.0,112950.0,201229.0711772
2022-02-26T09:00:00,112850.0,115450.0,112100.0,112900.0,217354.65501246
2022-02-26T13:00:00,112900.0,113750.0,110550.0,112300.0,121440.32563838
2022-02-26T17:00:00,112250.0,113150.0,110150.0,111100.0,115182.39324585
2022-02-26T21:00:00,111100.0,112600.0,110600.0,111500.0,95061.76128433
2022-02-27T01:00:00,111450.0,111750.0,109600.0,110850.0,67609.99765498
2022-02-27T05:00:00,110800.0,112800.0,110000.0,110550.0,69572.77463524
2022-02-27T09:00:00,110550.0,110900.0,105900.0,106800.0,181295.23795092
2022-02-27T13:00:00,106800.0,109150.0,106350.0,108850.0,56123.53744147
2022-02-27T17:00:00,108850.0,111100.0,108050.0,110850.0,100104.88715049
2022-02-27T21:00:00,110900.0,112300.0,107750.0,111000.0,200460.24625206
2022-02-28T01:00:00,111000.0,111200.0,104100.0,104550.0,134100.32519498
2022-02-28T05:00:00,104700.0,106550.0,103800.0,105400.0,125773.57804894
2022-02-28T09:00:00,105450.0,108250.0,103700.0,106450.0,142205.0400845
2022-02-28T13:00:00,106450.0,108700.0,104250.0,107900.0,97568.04268342
2022-02-28T17:00:00,107900.0,111700.0,107900.0,111250.0,182596.14444784
2022-02-28T21:00:00,111200.0,117700.0,109100.0,116000.0,457755.56205519
2022-03-01T01:00:00,116000.0,117500.0,114300.0,116900.0,192607.11119496
2022-03-01T05:00:00,116700.0,123200.0,116300.0,120600.0,351575.12510854
2022-03-01T09:00:00,120600.0,122450.0,116600.0,118100.0,380108.47159562
2022-03-01T13:00:00,118150.0,118950.0,116050.0,117750.0,185751.40170246
2022-03-01T17:00:00,117650.0,119400.0,115300.0,118850.0,277227.86769894
2022-03-01T21:00:00,118800.0,123350.0,117800.0,119050.0,672825.87979824
2022-03-02T01:00:00,119050.0,119750.0,117200.0,118500.0,128423.9595884
2022-03-02T05:00:00,118500.0,120050.0,117700.0,119400.0,89245.97866591
2022-03-02T09:00:00,119450.0,126850.0,117250.0,125850.0,456773.46775939
2022-03-02T13:00:00,125850.0,127300.0,122550.0,123850.0,280080.24924512
2022-03-02T17:00:00,123850.0,128950.0,122400.0,126900.0,379111.01795444
2022-03-02T21:00:00,126850.0,127350.0,122300.0,123950.0,337658.07967568
2022-03-03T01:00:00,123850.0,125500.0,121850.0,123200.0,66311.94895128
2022-03-03T05:00:00,123200.0,124000.0,121750.0,122400.0,85754.82148396
2022-03-03T09:00:00,122400.0,123700.0,119100.0,119700.0,186596.78576181
2022-03-03T13:00:00,119700.0,122650.0,119550.0,121600.0,86161.84586286
2022-03-03T17:00:00,121500.0,123250.0,120450.0,121600.0,106669.31271209
2022-03-03T21:00:00,121600.0,123300.0,116550.0,117350.0,215497.21830378
2022-03-04T01:00:00,117350.0,117850.0,115350.0,116250.0,116348.99016466
2022-03-04T05:00:00,116250.0,118050.0,115500.0,117000.0,86029.21581444
2022-03-04T09:00:00,117000.0,117300.0,111250.0,112350.0,251669.78372722
2022-03-04T13:00:00,112400.0,113350.0,111550.0,112900.0,79921.87341244
2022-03-04T17:00:00,112900.0,115250.0,111700.0,114450.0,146627.51499257
2022-03-04T21:00:00,114500.0,115250.0,111900.0,112550.0,147811.71106084
2022-03-05T01:00:00,112550.0,114200.0,109650.0,109700.0,95746.68403941
2022-03-05T05:00:00,109800.0,110750.0,108400.0,109500.0,118057.48293081
2022-03-05T09:00:00,109450.0,109500.0,106650.0,108850.0,155425.71434047
2022-03-05T13:00:00,108850.0,110500.0,107800.0,110100.0,80365.83803428
2022-03-05T17:00:00,110150.0,110350.0,108750.0,109950.0,68091.40280465
2022-03-05T21:00:00,109950.0,110950.0,108850.0,110200.0,77931.06032749
2022-03-06T01:00:00,110200.0,112550.0,110100.0,111150.0,50171.5165941
2022-03-06T05:00:00,111150.0,111500.0,110300.0,110500.0,25901.53187962
2022-03-06T09:00:00,110500.0,111150.0,108250.0,108550.0,68825.29926541
2022-03-06T13:00:00,108550.0,109900.0,107600.0,109400.0,64068.64141297
2022-03-06T17:00:00,109400.0,109400.0,106600.0,107800.0,109587.93824215
2022-03-06T21:00:00,107850.0,109050.0,107200.0,108050.0,54547.53040514
2022-03-07T01:00:00,108050.0,109000.0,105550.0,106000.0,42080.84267282
2022-03-07T05:00:00,106050.0,107350.0,104800.0,105250.0,77199.73170569
2022-03-07T09:00:00,105250.0,105500.0,101550.0,102450.0,197416.13159158
2022-03-07T13:00:00,102450.0,103550.0,101250.0,101800.0,75076.6050921
2022-03-07T17:00:00,101850.0,103850.0,101350.0,103700.0,90170.22750802
2022-03-07T21:00:00,103700.0,107500.0,103650.0,105350.0,220745.97944419
2022-03-08T01:00:00,105350.0,106350.0,100350.0,100550.0,117354.04651038
2022-03-08T05:00:00,100600.0,103500.0,100400.0,102050.0,107460.16531222
2022-03-08T09:00:00,102050.0,105400.0,101550.0,103950.0,101751.12131506
2022-03-08T13:00:00,103950.0,104750.0,103100.0,103550.0,81698.15531287
2022-03-08T17:00:00,103550.0,105500.0,103200.0,104400.0,109403.53109807
2022-03-08T21:00:00,104400.0,105050.0,102000.0,103150.0,98760.50012785
2022-03-09T01:00:00,103150.0,105300.0,101650.0,103000.0,131226.48772613
2022-03-09T05:00:00,103150.0,103400.0,101850.0,102550.0,68776.9394074
2022-03-09T09:00:00,102550.0,109650.0,102150.0,109050.0,194914.93226938
2022-03-09T13:00:00,109000.0,110650.0,107400.0,110300.0,302854.95540716
2022-03-09T17:00:00,110250.0,110700.0,108200.0,108650.0,121798.00204476
2022-03-09T21:00:00,108600.0,109550.0,106600.0,109200.0,174593.50097907
2022-03-10T01:00:00,109200.0,109600.0,106050.0,107150.0,71746.63461434
2022-03-10T05:00:00,107100.0,109450.0,106300.0,108500.0,59779.70556787
2022-03-10T09:00:00,108450.0,109350.0,105400.0,105500.0,148824.12628908
2022-03-10T13:00:00,105500.0,105700.0,102150.0,102800.0,252336.99533913
2022-03-10T17:00:00,102750.0,103200.0,102000.0,102100.0,117324.83042751
2022-03-10T21:00:00,102150.0,104700.0,101400.0,102200.0,245498.59506474
2022-03-11T01:00:00,102200.0,102800.0,101800.0,102500.0,59275.6506416
2022-03-11T05:00:00,102500.0,104200.0,101650.0,102900.0,94435.0766536
2022-03-11T09:00:00,102900.0,103300.0,101000.0,102300.0,123284.13734708
2022-03-11T13:00:00,102250.0,102650.0,100250.0,102400.0,131515.58958801
2022-03-11T17:00:00,102400.0,104350.0,101550.0,103550.0,132925.81900109
2022-03-11T21:00:00,103600.0,104500.0,101550.0,101950.0,165777.56599507
2022-03-12T01:00:00,101950.0,102000.0,100800.0,100900.0,64038.0771457
2022-03-12T05:00:00,100950.0,101650.0,100350.0,100850.0,82409.94536447
2022-03-12T09:00:00,100850.0,102850.0,100750.0,101950.0,105385.02445984
2022-03-12T13:00:00,101950.0,102450.0,101500.0,101700.0,53889.01172271
2022-03-12T17:00:00,101750.0,101800.0,100850.0,101250.0,77367.47876453
2022-03-12T21:00:00,101250.0,102450.0,101050.0,101800.0,65044.75714049
2022-03-13T01:00:00,101800.0,102500.0,101600.0,102050.0,28493.86233453
2022-03-13T05:00:00,102100.0,102400.0,101600.0,101700.0,23017.34143841
2022-03-13T09:00:00,101700.0,102650.0,101200.0,102650.0,86668.38723264
2022-03-13T13:00:00,102650.0,103500.0,101700.0,101750.0,56126.03456141
2022-03-13T17:00:00,101700.0,102000.0,100900.0,101200.0,77594.53913992
2022-03-13T21:00:00,101150.0,101800.0,100050.0,101050.0,134684.55884325
2022-03-14T01:00:00,101050.0,101400.0,100100.0,100400.0,31542.03921674
2022-03-14T05:00:00,100400.0,100500.0,98160.0,98900.0,175517.43918708
2022-03-14T09:00:00,98870.0,99700.0,98130.0,99410.0,119463.49466275
2022-03-14T13:00:00,99410.0,101700.0,99300.0,100650.0,135551.91961743
2022-03-14T17:00:00,100650.0,101950.0,100350.0,100500.0,94894.45367982
2022-03-14T21:00:00,100500.0,101150.0,99800.0,100700.0,74985.55522394
2022-03-15T01:00:00,100700.0,100750.0,98300.0,99650.0,69823.84480709
2022-03-15T05:00:00,99530.0,101200.0,98900.0,100650.0,66477.88110733
2022-03-15T09:00:00,100650.0,101100.0,99020.0,99330.0,91622.75805182
2022-03-15T13:00:00,99320.0,99980.0,98630.0,99010.0,66088.95002905
2022-03-15T17:00:00,99210.0,100100.0,98810.0,99870.0,45234.72263685
2022-03-15T21:00:00,99850.0,100800.0,99180.0,100650.0,58325.53511419
2022-03-16T01:00:00,100600.0,106200.0,100050.0,104350.0,147488.16068628
2022-03-16T05:00:00,104200.0,105050.0,102450.0,102450.0,86806.61764983
2022-03-16T09:00:00,102450.0,106350.0,102100.0,102400.0,229063.36159975
2022-03-16T13:00:00,102350.0,102600.0,101000.0,102500.0,110983.72625501
2022-03-16T17:00:00,102450.0,104300.0,102450.0,104000.0,113508.01829114
2022-03-16T21:00:00,103950.0,104650.0,102200.0,103500.0,105255.31882065
2022-03-17T01:00:00,103450.0,106100.0,102050.0,105500.0,120075.79785257
2022-03-17T05:00:00,105500.0,107800.0,104900.0,107450.0,122232.06301243
2022-03-17T09:00:00,107500.0,109150.0,106550.0,107750.0,151073.06623374
2022-03-17T13:00:00,107750.0,108700.0,106050.0,106700.0,111317.23854705
2022-03-17T17:00:00,106600.0,107450.0,106100.0,107400.0,68234.70907784
2022-03-17T21:00:00,107300.0,110600.0,107200.0,109000.0,162488.75417556
2022-03-18T01:00:00,109100.0,110950.0,108550.0,110900.0,42915.18779563
2022-03-18T05:00:00,110950.0,111300.0,107450.0,107500.0,63531.5549424
2022-03-18T09:00:00,107500.0,107750.0,105250.0,105650.0,110247.48330217
2022-03-18T13:00:00,105600.0,106700.0,105200.0,105400.0,87193.92920706
2022-03-18T17:00:00,105450.0,106450.0,104350.0,105050.0,91031.29783139
2022-03-18T21:00:00,105000.0,107950.0,104800.0,107900.0,107626.05973726
2022-03-19T01:00:00,107850.0,112400.0,107850.0,110450.0,185855.80034178
2022-03-19T05:00:00,110700.0,111250.0,108700.0,109400.0,82189.98768533
2022-03-19T09:00:00,109400.0,112500.0,109400.0,110500.0,159923.48863625
2022-03-19T13:00:00,110500.0,110800.0,109600.0,109650.0,60554.43715593
2022-03-19T17:00:00,109650.0,111000.0,109350.0,110600.0,47002.87334328
2022-03-19T21:00:00,110550.0,114250.0,110300.0,114000.0,146295.4349803
2022-03-20T01:00:00,113900.0,114550.0,112050.0,112350.0,88823.40739691
2022-03-20T05:00:00,112350.0,113050.0,111100.0,112300.0,67869.80586401
2022-03-20T09:00:00,112150.0,112400.0,110200.0,110750.0,109986.6237975
2022-03-20T13:00:00,110750.0,111400.0,110300.0,111200.0,52227.5823438
2022-03-20T17:00:00,111000.0,111800.0,109900.0,110150.0,68454.60628003
2022-03-20T21:00:00,110250.0,110650.0,109100.0,109300.0,84159.79770717
2022-03-21T01:00:00,109300.0,109950.0,108000.0,109500.0,50943.02113284
2022-03-21T05:00:00,109500.0,110250.0,108200.0,108550.0,41295.82357324
2022-03-21T09:00:00,108550.0,109200.0,106900.0,107450.0,79207.65076243
2022-03-21T13:00:00,107450.0,109700.0,107250.0,109600.0,52009.69151312
2022-03-21T17:00:00,109500.0,111000.0,109350.0,109800.0,74129.35804684
2022-03-21T21:00:00,109950.0,111150.0,108750.0,109850.0,97747.31811097
2022-03-22T01:00:00,109850.0,109950.0,108200.0,109000.0,42239.31370398
2022-03-22T05:00:00,109050.0,109500.0,108650.0,108950.0,21929.26859015
2022-03-22T09:00:00,109000.0,111600.0,108650.0,111150.0,94853.84612781
2022-03-22T13:00:00,111100.0,112450.0,110250.0,111150.0,114809.25060802
2022-03-22T17:00:00,111150.0,112300.0,110900.0,112150.0,71952.61699829
2022-03-22T21:00:00,112000.0,114250.0,111500.0,112550.0,130295.22915557
2022-03-23T01:00:00,112550.0,113700.0,111800.0,111900.0,29147.5386267
2022-03-23T05:00:00,111800.0,112750.0,110800.0,111000.0,70119.66006305
2022-03-23T09:00:00,111050.0,111600.0,109400.0,110400.0,142946.05505502
2022-03-23T13:00:00,110400.0,112000.0,109800.0,111300.0,102212.51633295
2022-03-23T17:00:00,111250.0,112350.0,111000.0,111600.0,86209.26346446
2022-03-23T21:00:00,111600.0,117400.0,111350.0,116450.0,292658.95807167
2022-03-24T01:00:00,116450.0,116850.0,113000.0,113200.0,105389.17875122
2022-03-24T05:00:00,113200.0,115850.0,113200.0,115400.0,81409.03749944
2022-03-24T09:00:00,115400.0,116450.0,113750.0,115150.0,206665.44093828
2022-03-24T13:00:00,115050.0,118250.0,115050.0,118050.0,151770.41584632
2022-03-24T17:00:00,118050.0,123450.0,117500.0,121450.0,354760.25124969
2022-03-24T21:00:00,121450.0,123250.0,119350.0,122450.0,300785.25762711
2022-03-25T01:00:00,122500.0,124050.0,121050.0,123500.0,107128.81817445
2022-03-25T05:00:00,123500.0,124350.0,121850.0,122800.0,114963.42820586
2022-03-25T09:00:00,122850.0,125900.0,120600.0,124650.0,246757.33872084
2022-03-25T13:00:00,124750.0,125900.0,123750.0,123950.0,117237.73959935
2022-03-25T17:00:00,123950.0,125450.0,122350.0,125300.0,146906.87504394
2022-03-25T21:00:00,125350.0,125450.0,120650.0,121350.0,172902.3411286
2022-03-26T01:00:00,121350.0,122000.0,117700.0,120000.0,145661.88662699
2022-03-26T05:00:00,120000.0,120700.0,119250.0,119900.0,67439.7540546
2022-03-26T09:00:00,119900.0,120700.0,118400.0,120500.0,122119.77898811
2022-03-26T13:00:00,120500.0,124300.0,119850.0,122850.0,140373.10862955
2022-03-26T17:00:00,122800.0,123100.0,120050.0,122000.0,79073.82870352
2022-03-26T21:00:00,122000.0,123750.0,121000.0,122850.0,92324.17795083
2022-03-27T01:00:00,122850.0,125450.0,122800.0,124400.0,130475.63096554
2022-03-27T05:00:00,124400.0,125100.0,122700.0,122950.0,71377.11027833
2022-03-27T09:00:00,122850.0,124050.0,122450.0,123000.0,131576.21680742
2022-03-27T13:00:00,123000.0,123700.0,122500.0,123350.0,52755.90325273
2022-03-27T17:00:00,123300.0,123550.0,121500.0,121600.0,90395.94181028
2022-03-27T21:00:00,121550.0,122450.0,119400.0,122350.0,141546.3451406
2022-03-28T01:00:00,122350.0,124300.0,121800.0,124050.0,44724.96169429
2022-03-28T05:00:00,124000.0,128250.0,122650.0,127600.0,189146.51050742
2022-03-28T09:00:00,127600.0,128300.0,125850.0,127650.0,129397.26234801
2022-03-28T13:00:00,127650.0,132950.0,126900.0,130050.0,242196.06511889
2022-03-28T17:00:00,130050.0,133100.0,129200.0,131650.0,144155.1408426
2022-03-28T21:00:00,131650.0,136400.0,130600.0,132550.0,299276.14699382
2022-03-29T01:00:00,132550.0,134850.0,131350.0,133300.0,80247.84200926
2022-03-29T05:00:00,133300.0,134950.0,127850.0,128100.0,154512.30393382
2022-03-29T09:00:00,128200.0,133200.0,128000.0,131600.0,144302.78078791
2022-03-29T13:00:00,131500.0,133850.0,131150.0,132250.0,100147.28010937
2022-03-29T17:00:00,132300.0,135950.0,132200.0,135700.0,122479.15422396
2022-03-29T21:00:00,135650.0,142750.0,133800.0,134300.0,756746.69233063
2022-03-30T01:00:00,134300.0,137400.0,130700.0,137100.0,170242.17057205
2022-03-30T05:00:00,137100.0,137150.0,131050.0,134400.0,126582.98248989
2022-03-30T09:00:00,134350.0,134400.0,129750.0,133400.0,212155.24049026
2022-03-30T13:00:00,133350.0,136550.0,132000.0,135950.0,150147.81213372
2022-03-30T17:00:00,135950.0,136000.0,134050.0,134950.0,137593.79520096
2022-03-30T21:00:00,135000.0,149950.0,134200.0,146700.0,814465.93520013
2022-03-31T01:00:00,146700.0,149450.0,143400.0,145100.0,234422.91564203
2022-03-31T05:00:00,144850.0,145500.0,142500.0,145000.0,123519.84172027
2022-03-31T09:00:00,145000.0,149200.0,143550.0,145400.0,235198.6129528
2022-03-31T13:00:00,145400.0,148600.0,144800.0,148300.0,109922.81599771
2022-03-31T17:00:00,148300.0,153750.0,147700.0,152800.0,204403.85544391
2022-03-31T21:00:00,152800.0,157150.0,146550.0,150900.0,611104.69267394
2022-04-01T01:00:00,150900.0,153900.0,147550.0,148900.0,215259.63262948
2022-04-01T05:00:00,149100.0,152300.0,148250.0,148650.0,123478.18175068
2022-04-01T09:00:00,148650.0,152300.0,143700.0,149000.0,355895.98063153
2022-04-01T13:00:00,149000.0,153650.0,145850.0,153600.0,230800.76941226
2022-04-01T17:00:00,153650.0,154500.0,150900.0,151700.0,138982.68436664
2022-04-01T21:00:00,151650.0,162400.0,148850.0,161050.0,620615.82150524
2022-04-02T01:00:00,161050.0,166800.0,160400.0,166800.0,186497.10715344
2022-04-02T05:00:00,166800.0,167350.0,161650.0,163000.0,181834.19720178
2022-04-02T09:00:00,163050.0,167100.0,161350.0,163350.0,287789.23708665
2022-04-02T13:00:00,163350.0,165600.0,162850.0,164600.0,91644.23452427
2022-04-02T17:00:00,164600.0,168000.0,164050.0,167300.0,118354.37877571
2022-04-02T21:00:00,167300.0,175000.0,165950.0,167750.0,483900.99534313
2022-04-03T01:00:00,167800.0,170750.0,164100.0,166100.0,125185.88178005
2022-04-03T05:00:00,166100.0,167500.0,160700.0,161450.0,132805.88975788
2022-04-03T09:00:00,161500.0,166900.0,159600.0,165500.0,303989.21010555
2022-04-03T13:00:00,165350.0,169500.0,165200.0,167600.0,167125.01934338
2022-04-03T17:00:00,167600.0,171550.0,166500.0,169600.0,196354.91356939
2022-04-03T21:00:00,169450.0,170500.0,164700.0,165800.0,144178.73065295
2022-04-04T01:00:00,165800.0,167050.0,163850.0,165200.0,49178.53958969
2022-04-04T05:00:00,165200.0,169400.0,165000.0,167100.0,101791.56428733
2022-04-04T09:00:00,167100.0,167750.0,163500.0,165350.0,167008.5234041
2022-04-04T13:00:00,165300.0,168400.0,165050.0,167450.0,77946.05424182
2022-04-04T17:00:00,167400.0,167900.0,162250.0,164600.0,148819.95888241
2022-04-04T21:00:00,164600.0,165450.0,157350.0,157950.0,228444.19390153
2022-04-05T01:00:00,158000.0,160450.0,154100.0,159250.0,147627.87255227
2022-04-05T05:00:00,159050.0,162850.0,158050.0,161600.0,123917.04442411
2022-04-05T09:00:00,161750.0,163600.0,158350.0,162950.0,129245.37095914
2022-04-05T13:00:00,162950.0,163600.0,160650.0,162650.0,61558.93457975
2022-04-05T17:00:00,162650.0,164350.0,160800.0,164050.0,84410.11803638
2022-04-05T21:00:00,164100.0,166400.0,158200.0,160600.0,206422.62404137
2022-04-06T01:00:00,160600.0,163150.0,158700.0,160700.0,66595.55440222
2022-04-06T05:00:00,160700.0,161150.0,155400.0,156050.0,108514.04588086
2022-04-06T09:00:00,156050.0,156400.0,148300.0,151000.0,265481.90943809
2022-04-06T13:00:00,150950.0,156900.0,150250.0,153850.0,115737.45954845
2022-04-06T17:00:00,153850.0,154400.0,146250.0,149050.0,251283.26315749
2022-04-06T21:00:00,148850.0,150850.0,141250.0,144450.0,326675.54048991
2022-04-07T01:00:00,144450.0,147850.0,141450.0,146750.0,157946.5700776
2022-04-07T05:00:00,146600.0,147550.0,137550.0,138600.0,197732.24026066
2022-04-07T09:00:00,138550.0,141900.0,136100.0,140350.0,319674.27968305
2022-04-07T13:00:00,140350.0,143950.0,139700.0,143100.0,129104.76775939
2022-04-07T17:00:00,143100.0,145350.0,140200.0,145300.0,187792.98435108
2022-04-07T21:00:00,145300.0,147000.0,138500.0,140000.0,249209.04034463
2022-04-08T01:00:00,140000.0,146350.0,139800.0,145550.0,69546.8434679
2022-04-08T05:00:00,145500.0,148500.0,144350.0,146950.0,91964.26614844
2022-04-08T09:00:00,146950.0,152250.0,146100.0,151750.0,207980.80441259
2022-04-08T13:00:00,151750.0,151950.0,145750.0,148600.0,189208.68125431
2022-04-08T17:00:00,148750.0,149850.0,142800.0,143200.0,228131.23589593
2022-04-08T21:00:00,143300.0,147700.0,141800.0,145250.0,238918.70292592
2022-04-09T01:00:00,145250.0,145850.0,141650.0,142650.0,80865.85371595
2022-04-09T05:00:00,142650.0,143450.0,137450.0,139200.0,161610.03104693
2022-04-09T09:00:00,139200.0,141400.0,135800.0,137200.0,202031.15896742
2022-04-09T13:00:00,137150.0,138800.0,136750.0,138300.0,70065.9134653
2022-04-09T17:00:00,138200.0,139150.0,136850.0,137900.0,49947.40755587
2022-04-09T21:00:00,137900.0,139550.0,136700.0,136800.0,65595.6494439
2022-04-10T01:00:00,136800.0,139150.0,136700.0,137300.0,24195.41648691
2022-04-10T05:00:00,137300.0,141500.0,137200.0,140850.0,47149.57639627
2022-04-10T09:00:00,140900.0,141650.0,138750.0,141250.0,79598.74208067
2022-04-10T13:00:00,141150.0,141500.0,138950.0,139200.0,46300.60569906
2022-04-10T17:00:00,139200.0,139800.0,137000.0,138600.0,61140.17922614
2022-04-10T21:00:00,138650.0,140350.0,137950.0,140200.0,52228.5758431
2022-04-11T01:00:00,140200.0,144000.0,139550.0,142450.0,55241.43115924
2022-04-11T05:00:00,142250.0,143150.0,138150.0,139150.0,75441.9193042
2022-04-11T09:00:00,138900.0,139900.0,135100.0,137150.0,130636.90607693
2022-04-11T13:00:00,137150.0,139000.0,136650.0,138500.0,54704.76181051
2022-04-11T17:00:00,138500.0,139450.0,130250.0,130650.0,244291.4364726
2022-04-11T21:00:00,130700.0,131600.0,128150.0,128500.0,195762.56723199
2022-04-12T01:00:00,128350.0,131250.0,127600.0,128800.0,81371.64863827
2022-04-12T05:00:00,128800.0,130400.0,124850.0,126500.0,179511.72318119
2022-04-12T09:00:00,126500.0,128250.0,124150.0,125650.0,182369.7202144
2022-04-12T13:00:00,125650.0,129450.0,125150.0,129000.0,121050.19884451
2022-04-12T17:00:00,129050.0,132550.0,128200.0,132350.0,117558.36244826
2022-04-12T21:00:00,132350.0,137100.0,131100.0,133200.0,359208.96174465
2022-04-13T01:00:00,133200.0,134350.0,127000.0,127800.0,99345.84315531
2022-04-13T05:00:00,127750.0,130700.0,127500.0,130250.0,108916.18031746
2022-04-13T09:00:00,130200.0,132300.0,128500.0,130700.0,141182.07784302
2022-04-13T13:00:00,130750.0,131500.0,129850.0,130900.0,74894.82494146
2022-04-13T17:00:00,130900.0,131200.0,127850.0,127850.0,102797.69167733
2022-04-13T21:00:00,127900.0,132850.0,126550.0,131850.0,229248.79797825
2022-04-14T01:00:00,131800.0,132350.0,130200.0,130750.0,57834.61101551
2022-04-14T05:00:00,130750.0,133350.0,130700.0,132300.0,61026.69443156
2022-04-14T09:00:00,132300.0,134600.0,131800.0,133000.0,93773.02003708
2022-04-14T13:00:00,132850.0,134600.0,132450.0,133150.0,67999.44257549
2022-04-14T17:00:00,133150.0,134050.0,130450.0,130600.0,83367.53484827
2022-04-14T21:00:00,130600.0,133150.0,128550.0,128850.0,127643.77550806
2022-04-15T01:00:00,128800.0,129650.0,127450.0,128300.0,57169.31228397
2022-04-15T05:00:00,128300.0,130150.0,127450.0,128500.0,48891.56208992
2022-04-15T09:00:00,128500.0,129700.0,127650.0,129150.0,63566.7227277
2022-04-15T13:00:00,129250.0,129950.0,127800.0,128900.0,55091.43739712
2022-04-15T17:00:00,128900.0,129500.0,127900.0,128650.0,31521.95519908
2022-04-15T21:00:00,128650.0,129500.0,126750.0,128900.0,64462.05802059
2022-04-16T01:00:00,128900.0,129450.0,127550.0,127550.0,15812.91610586
2022-04-16T05:00:00,127550.0,129250.0,127550.0,128800.0,16843.06027803
2022-04-16T09:00:00,128800.0,130000.0,128400.0,128650.0,43742.32061174
2022-04-16T13:00:00,128650.0,128950.0,128350.0,128600.0,19833.25535535
2022-04-16T17:00:00,128600.0,129400.0,128100.0,128950.0,26256.61378365
2022-04-16T21:00:00,128950.0,129600.0,127450.0,127600.0,37085.94811516
2022-04-17T01:00:00,127600.0,129100.0,127450.0,128600.0,9544.66786566
2022-04-17T05:00:00,128600.0,129400.0,128250.0,128850.0,16271.47898214
2022-04-17T09:00:00,128700.0,129050.0,127850.0,128250.0,22568.37159007
2022-04-17T13:00:00,128200.0,128500.0,127900.0,128000.0,16726.25315302
2022-04-17T17:00:00,128000.0,128550.0,127850.0,128000.0,18798.78886895
2022-04-17T21:00:00,128250.0,131350.0,128000.0,131050.0,83083.8693585
2022-04-18T01:00:00,131050.0,131550.0,129050.0,130250.0,33886.80117479
2022-04-18T05:00:00,130400.0,130550.0,125450.0,126450.0,73987.30368122
2022-04-18T09:00:00,126400.0,127800.0,126000.0,126950.0,55268.89116944
2022-04-18T13:00:00,127000.0,127100.0,120250.0,121350.0,173802.24902598
2022-04-18T17:00:00,121450.0,122200.0,120250.0,121700.0,66069.6048254
2022-04-18T21:00:00,121700.0,124600.0,121600.0,123800.0,84684.36710242
2022-04-19T01:00:00,123800.0,128050.0,122250.0,126650.0,60103.50418751
2022-04-19T05:00:00,126600.0,128350.0,126450.0,127850.0,43968.66935918
2022-04-19T09:00:00,127900.0,129100.0,126100.0,126400.0,73081.06740666
2022-04-19T13:00:00,126350.0,128000.0,126000.0,127250.0,30601.90640185
2022-04-19T17:00:00,127250.0,129250.0,126950.0,127850.0,63516.42078284
2022-04-19T21:00:00,127850.0,134450.0,127750.0,132100.0,158081.93436697
2022-04-20T01:00:00,132200.0,133100.0,130900.0,132700.0,31583.98354906
2022-04-20T05:00:00,132650.0,134850.0,131450.0,134500.0,69681.21313405
2022-04-20T09:00:00,134650.0,135700.0,133050.0,134450.0,81765.73538069
2022-04-20T13:00:00,134300.0,134500.0,132550.0,132850.0,48265.25303463
2022-04-20T17:00:00,132800.0,137500.0,132500.0,137000.0,78061.6077481
2022-04-20T21:00:00,137000.0,137350.0,130750.0,131450.0,144795.39232141
2022-04-21T01:00:00,131350.0,132550.0,130450.0,132250.0,78200.5643132
2022-04-21T05:00:00,132200.0,134100.0,130850.0,131350.0,57916.12851996
2022-04-21T09:00:00,131450.0,132950.0,131150.0,132800.0,48900.6600231
2022-04-21T13:00:00,132800.0,133850.0,131550.0,133300.0,39235.17985242
2022-04-21T17:00:00,133300.0,135350.0,132000.0,134400.0,79323.30097652
2022-04-21T21:00:00,134450.0,135750.0,132800.0,133400.0,104483.25585394
2022-04-22T01:00:00,133400.0,133550.0,130450.0,130500.0,63284.24871144
2022-04-22T05:00:00,130450.0,130550.0,126200.0,127950.0,130121.26271412
2022-04-22T09:00:00,127850.0,129450.0,127450.0,128700.0,57670.31783316
2022-04-22T13:00:00,128650.0,129250.0,126600.0,128000.0,53091.91267606
2022-04-22T17:00:00,128000.0,128350.0,125450.0,127950.0,62473.13312522
2022-04-22T21:00:00,127950.0,128500.0,125100.0,125650.0,69073.73157873
2022-04-23T01:00:00,125650.0,127850.0,125100.0,126750.0,26920.92931477
2022-04-23T05:00:00,126850.0,127650.0,125650.0,126200.0,31164.42446286
2022-04-23T09:00:00,126400.0,126700.0,124750.0,125200.0,45646.86680437
2022-04-23T13:00:00,125200.0,127150.0,124050.0,126950.0,44755.31002
2022-04-23T17:00:00,126950.0,128250.0,126550.0,127650.0,36617.00152726
2022-04-23T21:00:00,127650.0,129000.0,127050.0,128450.0,34824.84083024
2022-04-24T01:00:00,128300.0,129200.0,127800.0,128600.0,13146.31175562
2022-04-24T05:00:00,128600.0,129000.0,126500.0,126900.0,20701.62057474
2022-04-24T09:00:00,126850.0,127900.0,126600.0,127500.0,27480.36867215
2022-04-24T13:00:00,127600.0,128400.0,127500.0,128050.0,17125.76612242
2022-04-24T17:00:00,128050.0,128600.0,127100.0,127250.0,30577.54239231
2022-04-24T21:00:00,127200.0,127800.0,125600.0,126050.0,61284.32259664
2022-04-25T01:00:00,126050.0,127100.0,124750.0,126150.0,29301.21258632
2022-04-25T05:00:00,126150.0,126450.0,124950.0,125050.0,25825.89576086
2022-04-25T09:00:00,125050.0,125450.0,122000.0,123750.0,81062.2975151
2022-04-25T13:00:00,123750.0,124050.0,120350.0,120550.0,88732.52599262
2022-04-25T17:00:00,120550.0,123000.0,120000.0,122550.0,60625.98280937
2022-04-25T21:00:00,122550.0,124300.0,121700.0,122750.0,69489.34945056
2022-04-26T01:00:00,122750.0,126500.0,122500.0,126400.0,41720.24310334
2022-04-26T05:00:00,126450.0,127650.0,125250.0,126600.0,50765.41015903
2022-04-26T09:00:00,126600.0,127700.0,125800.0,126600.0,42004.91962273
2022-04-26T13:00:00,126600.0,127300.0,126100.0,126950.0,35487.55511254
2022-04-26T17:00:00,126950.0,127550.0,125650.0,126500.0,38969.07049011
2022-04-26T21:00:00,126500.0,127000.0,122100.0,122650.0,122704.22017308
2022-04-27T01:00:00,122400.0,124050.0,121850.0,122800.0,55656.69006401
2022-04-27T05:00:00,122800.0,124200.0,121050.0,122500.0,54848.43649152
2022-04-27T09:00:00,122500.0,124150.0,121500.0,123150.0,48272.15440899
2022-04-27T13:00:00,123250.0,126300.0,122850.0,126250.0,37575.72976587
2022-04-27T17:00:00,126250.0,127300.0,124900.0,126200.0,60060.83508411
2022-04-27T21:00:00,126300.0,127750.0,123600.0,124900.0,89499.9924261
2022-04-28T01:00:00,124900.0,125850.0,123800.0,124550.0,15483.39211542
2022-04-28T05:00:00,124400.0,126000.0,124150.0,125500.0,21736.96911946
2022-04-28T09:00:00,125500.0,127150.0,124750.0,126800.0,40998.49661512
2022-04-28T13:00:00,126650.0,127450.0,126000.0,126700.0,34326.13467219
2022-04-28T17:00:00,126800.0,127800.0,126300.0,127200.0,38777.64433099
2022-04-28T21:00:00,127350.0,127500.0,123200.0,124600.0,98750.5753767
2022-04-29T01:00:00,124800.0,127400.0,123900.0,125750.0,35162.36117813
2022-04-29T05:00:00,125800.0,126450.0,124400.0,125150.0,33005.89367953
2022-04-29T09:00:00,125200.0,125700.0,123750.0,124050.0,45180.40270623
2022-04-29T13:00:00,124150.0,124600.0,123500.0,124150.0,25493.97816062
2022-04-29T17:00:00,124150.0,124350.0,121850.0,122600.0,47188.36667622
2022-04-29T21:00:00,122600.0,124050.0,122250.0,123400.0,30287.70334246
2022-04-30T01:00:00,123350.0,123600.0,120550.0,121000.0,35511.86756723
2022-04-30T05:00:00,121000.0,122000.0,120500.0,121250.0,25918.61379086
2022-04-30T09:00:00,121250.0,122350.0,120850.0,121350.0,30888.74986597
2022-04-30T13:00:00,121350.0,121900.0,120600.0,121000.0,27901.36581084
2022-04-30T17:00:00,121000.0,121600.0,120700.0,120900.0,21887.55247165
2022-04-30T21:00:00,121050.0,121100.0,117950.0,118850.0,77826.32863793
2022-05-01T01:00:00,118800.0,119150.0,117000.0,118250.0,24740.68932421
2022-05-01T05:00:00,118250.0,118250.0,111250.0,112550.0,89182.362781
2022-05-01T09:00:00,112550.0,115100.0,109200.0,114550.0,107823.78867457
2022-05-01T13:00:00,114550.0,116350.0,113150.0,115000.0,43065.78915107
2022-05-01T17:00:00,115000.0,116100.0,113200.0,113800.0,30868.52847436
2022-05-01T21:00:00,113800.0,116150.0,112500.0,115850.0,39689.30437904
2022-05-02T01:00:00,115800.0,119500.0,112700.0,113500.0,53930.72284191
2022-05-02T05:00:00,113500.0,116600.0,113300.0,115900.0,22485.12318631
2022-05-02T09:00:00,115800.0,117500.0,115200.0,115450.0,34462.18440572
2022-05-02T13:00:00,115400.0,116800.0,115300.0,115650.0,35294.45782725
2022-05-02T17:00:00,115650.0,116150.0,111700.0,112550.0,50962.37895775
2022-05-02T21:00:00,112550.0,115050.0,112450.0,113850.0,71991.94302597
2022-05-03T01:00:00,113800.0,114250.0,111900.0,113900.0,18561.44701858
2022-05-03T05:00:00,113850.0,115150.0,113050.0,114150.0,17009.27955566
2022-05-03T09:00:00,114300.0,114500.0,112800.0,113900.0,31968.04883506
2022-05-03T13:00:00,113900.0,114100.0,113150.0,113600.0,33570.87577508
2022-05-03T17:00:00,113650.0,114150.0,112400.0,113600.0,56154.38315053
2022-05-03T21:00:00,113600.0,113600.0,111700.0,111900.0,65808.34720234
2022-05-04T01:00:00,111900.0,112200.0,110050.0,110700.0,37313.84923237
2022-05-04T05:00:00,110700.0,112150.0,110000.0,111100.0,32225.92998988
2022-05-04T09:00:00,111150.0,111600.0,110700.0,110850.0,37919.22725364
2022-05-04T13:00:00,110900.0,112250.0,110050.0,112050.0,44914.81046706
2022-05-04T17:00:00,112000.0,113750.0,111750.0,113250.0,77394.93155587
2022-05-04T21:00:00,113250.0,113800.0,111050.0,112000.0,66577.72397557
2022-05-05T01:00:00,112050.0,118000.0,111400.0,117050.0,152239.33780412
2022-05-05T05:00:00,117000.0,118850.0,116600.0,118550.0,97139.43877983
2022-05-05T09:00:00,118550.0,121450.0,118300.0,120200.0,93788.55909168
2022-05-05T13:00:00,120150.0,120650.0,118250.0,119000.0,61659.5913798
2022-05-05T17:00:00,118950.0,119400.0,117800.0,118150.0,42336.20501977
2022-05-05T21:00:00,118150.0,119000.0,109650.0,110650.0,254854.10771794
2022-05-06T01:00:00,110500.0,111950.0,106500.0,109600.0,125558.13471542
2022-05-06T05:00:00,109600.0,111350.0,108750.0,110050.0,63519.14767811
2022-05-06T09:00:00,110100.0,110700.0,107250.0,107550.0,85612.64334506
2022-05-06T13:00:00,107550.0,107850.0,105250.0,106900.0,105697.00523884
2022-05-06T17:00:00,106850.0,108100.0,105000.0,105950.0,80664.49991034
2022-05-06T21:00:00,105950.0,107950.0,105000.0,106500.0,114687.80400627
2022-05-07T01:00:00,106500.0,107150.0,105900.0,106550.0,27717.0032883
2022-05-07T05:00:00,106500.0,107350.0,106100.0,106950.0,28703.08286201
2022-05-07T09:00:00,107000.0,107200.0,105050.0,105250.0,52718.79799403
2022-05-07T13:00:00,105250.0,105600.0,104050.0,104950.0,58890.68482421
2022-05-07T17:00:00,104950.0,106950.0,104700.0,106450.0,38907.71089196
2022-05-07T21:00:00,106450.0,107250.0,105450.0,106950.0,35846.12763996
2022-05-08T01:00:00,107000.0,107050.0,106000.0,106200.0,12671.41344521
2022-05-08T05:00:00,106200.0,106250.0,102500.0,103400.0,63987.4002706
2022-05-08T09:00:00,103450.0,104050.0,100400.0,101150.0,123866.52965804
2022-05-08T13:00:00,101150.0,103350.0,101150.0,102550.0,41483.43487515
2022-05-08T17:00:00,102450.0,104150.0,102250.0,104100.0,35736.15460443
2022-05-08T21:00:00,104100.0,104700.0,101400.0,101400.0,67623.57414334
2022-05-09T01:00:00,101400.0,102300.0,98500.0,100150.0,131536.13758361
2022-05-09T05:00:00,100250.0,100800.0,98500.0,99090.0,115554.34700956
2022-05-09T09:00:00,99190.0,101400.0,97100.0,98790.0,201471.26159197
2022-05-09T13:00:00,98790.0,99810.0,97030.0,97690.0,108979.32698056
2022-05-09T17:00:00,97520.0,98710.0,94650.0,95800.0,196051.46325594
2022-05-09T21:00:00,95800.0,96490.0,92800.0,93120.0,215332.90124535
2022-05-10T01:00:00,93120.0,93510.0,86550.0,88230.0,245856.15076231
2022-05-10T05:00:00,88100.0,91150.0,85400.0,85600.0,206080.3593712
2022-05-10T09:00:00,85600.0,89310.0,81690.0,86550.0,388599.00074079
2022-05-10T13:00:00,86570.0,96220.0,85990.0,91310.0,426840.20041344
2022-05-10T17:00:00,91310.0,94950.0,90520.0,94070.0,177386.45856549
2022-05-10T21:00:00,94070.0,97200.0,89380.0,91630.0,355838.61033122
2022-05-11T01:00:00,91630.0,93250.0,88920.0,89320.0,87571.48544445
2022-05-11T05:00:00,89210.0,89520.0,84370.0,88640.0,264463.45198733
2022-05-11T09:00:00,88640.0,90930.0,86540.0,88030.0,227332.11209027
2022-05-11T13:00:00,88010.0,90860.0,82690.0,84850.0,335839.72819089
2022-05-11T17:00:00,84850.0,88960.0,82770.0,83020.0,357612.10311763
2022-05-11T21:00:00,83100.0,85000.0,71460.0,75910.0,935951.32257693
2022-05-12T01:00:00,75910.0,76620.0,66800.0,67410.0,354815.64034549
2022-05-12T05:00:00,67500.0,70500.0,62000.0,70440.0,514123.04074784
2022-05-12T09:00:00,70500.0,74150.0,62130.0,62330.0,890898.92996806
2022-05-12T13:00:00,62230.0,63920.0,53870.0,61030.0,1313727.7247932
2022-05-12T17:00:00,61030.0,65000.0,57750.0,60480.0,816868.15326814
2022-05-12T21:00:00,60500.0,66280.0,58920.0,60900.0,742492.78017009
2022-05-13T01:00:00,60880.0,64260.0,58910.0,60320.0,322653.06724216
2022-05-13T05:00:00,60260.0,61600.0,57170.0,60360.0,309174.3389348
2022-05-13T09:00:00,60380.0,69180.0,59390.0,67150.0,803576.5446551
2022-05-13T13:00:00,67150.0,70720.0,64160.0,64390.0,637413.52085296
2022-05-13T17:00:00,64390.0,70000.0,64390.0,70000.0,394153.90321728
2022-05-13T21:00:00,70000.0,73980.0,68660.0,70150.0,618670.02073905
2022-05-14T01:00:00,70150.0,71690.0,66250.0,68360.0,270986.72915686
2022-05-14T05:00:00,68200.0,69130.0,64690.0,65600.0,209502.39096841
2022-05-14T09:00:00,65600.0,72280.0,65050.0,69530.0,422383.78102046
2022-05-14T13:00:00,69530.0,71750.0,67800.0,67950.0,279800.61877492
2022-05-14T17:00:00,67950.0,68980.0,63430.0,64410.0,317457.22107714
2022-05-14T21:00:00,64410.0,65840.0,61970.0,62400.0,298294.93473697
2022-05-15T01:00:00,62430.0,67550.0,61760.0,65700.0,181672.80249367
2022-05-15T05:00:00,65800.0,70310.0,65720.0,69760.0,172435.38972399
2022-05-15T09:00:00,69690.0,69990.0,66140.0,66980.0,206078.68353106
2022-05-15T13:00:00,66980.0,69640.0,66520.0,68260.0,134651.75130821
2022-05-15T17:00:00,68260.0,70950.0,67610.0,70710.0,163137.19070405
2022-05-15T21:00:00,70710.0,72080.0,69000.0,69810.0,275961.89438786
2022-05-16T01:00:00,69770.0,73250.0,69530.0,72750.0,114877.64592997
2022-05-16T05:00:00,72680.0,77420.0,72370.0,76800.0,256158.47333622
2022-05-16T09:00:00,76870.0,76870.0,72830.0,73790.0,265159.78911889
2022-05-16T13:00:00,73790.0,74150.0,70750.0,71480.0,257566.37746976
2022-05-16T17:00:00,71480.0,72900.0,69920.0,71100.0,201671.15235731
2022-05-16T21:00:00,71100.0,73000.0,68760.0,70280.0,295797.85264975
2022-05-17T01:00:00,70270.0,72980.0,69300.0,71250.0,122708.03852346
2022-05-17T05:00:00,71250.0,73250.0,70290.0,70880.0,104186.67481653
2022-05-17T09:00:00,70940.0,73010.0,70590.0,72680.0,155454.62792198
2022-05-17T13:00:00,72680.0,74680.0,71800.0,72730.0,188003.65570906
2022-05-17T17:00:00,72730.0,74040.0,71920.0,72140.0,193239.50626296
2022-05-17T21:00:00,72150.0,74970.0,70760.0,71720.0,349991.58550669
2022-05-18T01:00:00,71700.0,72770.0,69200.0,71640.0,207532.02571828
2022-05-18T05:00:00,71580.0,74200.0,71500.0,73500.0,165688.11364736
2022-05-18T09:00:00,73490.0,74410.0,71040.0,71350.0,209568.34092812
2022-05-18T13:00:00,71340.0,72600.0,71050.0,71690.0,98753.35757565
2022-05-18T17:00:00,71740.0,71900.0,69750.0,70050.0,163543.52955222
2022-05-18T21:00:00,70060.0,70180.0,64540.0,65320.0,537995.5491712
2022-05-19T01:00:00,65300.0,67030.0,64700.0,66920.0,192977.25861483
2022-05-19T05:00:00,66880.0,66880.0,63880.0,64400.0,188496.07234647
2022-05-19T09:00:00,64480.0,66300.0,62250.0,65000.0,382896.58234362
2022-05-19T13:00:00,65000.0,67510.0,64650.0,66220.0,217091.0672317
2022-05-19T17:00:00,66310.0,66370.0,62410.0,65960.0,332296.96329784
2022-05-19T21:00:00,65960.0,69070.0,64730.0,68180.0,478532.27873968
2022-05-20T01:00:00,68180.0,68500.0,66160.0,66160.0,107206.11595468
2022-05-20T05:00:00,66160.0,67450.0,65390.0,66910.0,171335.51904639
2022-05-20T09:00:00,66920.0,68500.0,66070.0,66500.0,227155.17846642
2022-05-20T13:00:00,66510.0,67110.0,64870.0,66700.0,234942.40468754
2022-05-20T17:00:00,66700.0,68880.0,66500.0,68250.0,199344.17167217
2022-05-20T21:00:00,68200.0,68380.0,63950.0,64050.0,323531.36990183
2022-05-21T01:00:00,64040.0,65270.0,62250.0,65100.0,263066.26718275
2022-05-21T05:00:00,65100.0,65750.0,63990.0,64070.0,118402.7458377
2022-05-21T09:00:00,64100.0,64790.0,62750.0,64660.0,120951.96400218
2022-05-21T13:00:00,64700.0,65100.0,63970.0,64590.0,88334.66706869
2022-05-21T17:00:00,64590.0,64800.0,63560.0,64000.0,100808.35279867
2022-05-21T21:00:00,64060.0,65560.0,63600.0,65370.0,103930.65482491
2022-05-22T01:00:00,65330.0,65950.0,64470.0,64680.0,57275.03462232
2022-05-22T05:00:00,64660.0,65260.0,64000.0,64920.0,49883.0143667
2022-05-22T09:00:00,64890.0,65360.0,64550.0,64750.0,86807.8908873
2022-05-22T13:00:00,64760.0,65150.0,64280.0,64910.0,60925.67303112
2022-05-22T17:00:00,64900.0,66770.0,64740.0,66180.0,189394.0843631
2022-05-22T21:00:00,66180.0,67930.0,66000.0,66760.0,184776.64883051
2022-05-23T01:00:00,66720.0,67150.0,65960.0,66460.0,35778.2990911
2022-05-23T05:00:00,66360.0,68270.0,66220.0,67490.0,96187.81326767
2022-05-23T09:00:00,67490.0,68200.0,66400.0,66950.0,131099.60535685
2022-05-23T13:00:00,66950.0,69210.0,66560.0,68230.0,176880.67797846
2022-05-23T17:00:00,68210.0,69670.0,67800.0,68950.0,184915.68826984
2022-05-23T21:00:00,68960.0,69830.0,67030.0,68590.0,263168.05971925
2022-05-24T01:00:00,68660.0,69250.0,64670.0,64700.0,110107.62877354
2022-05-24T05:00:00,64700.0,65800.0,62470.0,63110.0,273020.30283776
2022-05-24T09:00:00,63200.0,63850.0,62850.0,63720.0,131795.82344317
2022-05-24T13:00:00,63720.0,64250.0,63180.0,63690.0,101325.81960686
2022-05-24T17:00:00,63690.0,63740.0,62100.0,63290.0,140576.83333643
2022-05-24T21:00:00,63350.0,64300.0,60210.0,63700.0,286293.18829386
2022-05-25T01:00:00,63660.0,64610.0,62010.0,62480.0,95560.153392
2022-05-25T05:00:00,62620.0,63900.0,62170.0,63420.0,75733.40782655
2022-05-25T09:00:00,63420.0,64160.0,62540.0,63850.0,160514.26851643
2022-05-25T13:00:00,63840.0,63860.0,61860.0,62260.0,133147.21717449
2022-05-25T17:00:00,62260.0,62900.0,61000.0,61080.0,122690.75127967
2022-05-25T21:00:00,61080.0,62400.0,60990.0,61680.0,148002.2253218
2022-05-26T01:00:00,61670.0,62730.0,61300.0,61850.0,87507.33176352
2022-05-26T05:00:00,61860.0,62650.0,61710.0,61800.0,105933.25766667
2022-05-26T09:00:00,61800.0,62420.0,61540.0,61810.0,138723.7376531
2022-05-26T13:00:00,61810.0,61820.0,59000.0,59490.0,303206.16761611
2022-05-26T17:00:00,59480.0,59540.0,56000.0,56570.0,452953.8062405
2022-05-26T21:00:00,56570.0,58720.0,55000.0,58010.0,441512.70750593
2022-05-27T01:00:00,58010.0,59690.0,56770.0,56960.0,177911.86260071
2022-05-27T05:00:00,56960.0,57860.0,56170.0,56330.0,182490.1743459
2022-05-27T09:00:00,56330.0,56780.0,53000.0,54500.0,433031.23033592
2022-05-27T13:00:00,54500.0,54700.0,51400.0,52600.0,472831.71202587
2022-05-27T17:00:00,52570.0,54000.0,52100.0,53260.0,249253.2787736
2022-05-27T21:00:00,53330.0,55530.0,52950.0,54000.0,379400.42368119
2022-05-28T01:00:00,53950.0,54270.0,52150.0,53630.0,144479.06541357
2022-05-28T05:00:00,53630.0,54600.0,52570.0,53130.0,110593.15073078
2022-05-28T09:00:00,53130.0,54440.0,52120.0,53150.0,211427.2844225
2022-05-28T13:00:00,53130.0,53940.0,52750.0,53390.0,100165.53536101
2022-05-28T17:00:00,53390.0,53710.0,52740.0,53230.0,69790.03812803
2022-05-28T21:00:00,53230.0,55450.0,53130.0,54810.0,185035.65069181
2022-05-29T01:00:00,54820.0,56880.0,54420.0,56520.0,128516.00930129
2022-05-29T05:00:00,56520.0,57400.0,55780.0,56410.0,131272.9952468
2022-05-29T09:00:00,56410.0,56560.0,53750.0,54130.0,227082.23652683
2022-05-29T13:00:00,54130.0,54470.0,53430.0,54150.0,101752.59946797
2022-05-29T17:00:00,54130.0,56360.0,54020.0,56280.0,179097.79575197
2022-05-29T21:00:00,56230.0,58040.0,56180.0,56950.0,336340.15934661
2022-05-30T01:00:00,56870.0,57690.0,56330.0,56520.0,58040.56183058
2022-05-30T05:00:00,56470.0,57400.0,56350.0,57120.0,67667.23854134
2022-05-30T09:00:00,57120.0,58810.0,56210.0,58140.0,235944.18102656
2022-05-30T13:00:00,58120.0,59440.0,57450.0,59010.0,235089.0183462
2022-05-30T17:00:00,59000.0,59180.0,57820.0,58070.0,183203.35829072
2022-05-30T21:00:00,58070.0,58620.0,56740.0,57610.0,335906.85093299
2022-05-31T01:00:00,57610.0,58160.0,57230.0,57460.0,112911.87848545
2022-05-31T05:00:00,57440.0,60030.0,57230.0,59180.0,478432.48412184
2022-05-31T09:00:00,59170.0,60300.0,58000.0,59720.0,523193.54208252
2022-05-31T13:00:00,59710.0,60000.0,57840.0,58080.0,379751.27253282
2022-05-31T17:00:00,58080.0,58940.0,57930.0,58650.0,205312.84310989
2022-05-31T21:00:00,58560.0,58670.0,56290.0,57980.0,348341.65894785
2022-06-01T01:00:00,58000.0,58510.0,56890.0,57260.0,131942.46986879
2022-06-01T05:00:00,57230.0,57960.0,57120.0,57510.0,81033.7816004
2022-06-01T09:00:00,57520.0,57890.0,56300.0,56410.0,230635.25721191
2022-06-01T13:00:00,56420.0,56890.0,55790.0,56340.0,147214.48466211
2022-06-01T17:00:00,56340.0,57090.0,55910.0,56250.0,121853.2372091
2022-06-01T21:00:00,56290.0,57370.0,54300.0,54320.0,374006.60542149
2022-06-02T01:00:00,54320.0,54550.0,52750.0,53670.0,252453.63868003
2022-06-02T05:00:00,53630.0,53630.0,52000.0,52520.0,214625.12087324
2022-06-02T09:00:00,52520.0,52550.0,51260.0,51290.0,252679.49861056
2022-06-02T13:00:00,51300.0,51550.0,50070.0,51150.0,257799.03962198
2022-06-02T17:00:00,51140.0,52220.0,51010.0,52080.0,116098.97180617
2022-06-02T21:00:00,52030.0,52190.0,50670.0,51800.0,179104.34225354
2022-06-03T01:00:00,51800.0,52040.0,51150.0,51740.0,48656.15388313
2022-06-03T05:00:00,51740.0,52950.0,51740.0,52620.0,102769.52115967
2022-06-03T09:00:00,52680.0,52680.0,51680.0,52100.0,111166.88131622
2022-06-03T13:00:00,52100.0,52100.0,51310.0,51460.0,81358.7179971
2022-06-03T17:00:00,51460.0,51600.0,48580.0,48920.0,562266.360945
2022-06-03T21:00:00,48930.0,49280.0,48160.0,48680.0,396690.48240581
2022-06-04T01:00:00,48680.0,49250.0,48480.0,48800.0,104908.78638885
2022-06-04T05:00:00,48780.0,49740.0,48530.0,48900.0,177560.90001329
2022-06-04T09:00:00,48940.0,49010.0,46070.0,46410.0,608604.86592045
2022-06-04T13:00:00,46410.0,47780.0,46330.0,47750.0,205069.96573141
2022-06-04T17:00:00,47750.0,48410.0,46950.0,47120.0,176717.6105057
2022-06-04T21:00:00,47120.0,48660.0,46610.0,48020.0,204785.07685444
2022-06-05T01:00:00,48020.0,48640.0,47600.0,47780.0,58314.0002752
2022-06-05T05:00:00,47770.0,50210.0,47710.0,49580.0,237413.99028442
2022-06-05T09:00:00,49500.0,50190.0,48120.0,48600.0,301304.1045819
2022-06-05T13:00:00,48590.0,49970.0,48240.0,49290.0,178894.32611108
2022-06-05T17:00:00,49280.0,50770.0,49170.0,50200.0,285534.06586676
2022-06-05T21:00:00,50150.0,50550.0,49260.0,50500.0,142739.97987053
2022-06-06T01:00:00,50480.0,50940.0,49820.0,50120.0,95028.21871621
2022-06-06T05:00:00,50140.0,50870.0,48920.0,48980.0,127396.94810957
2022-06-06T09:00:00,48990.0,52900.0,48700.0,52770.0,591348.97841004
2022-06-06T13:00:00,52770.0,55300.0,52370.0,54120.0,545297.26943806
2022-06-06T17:00:00,54110.0,56080.0,54090.0,55010.0,542697.95227735
2022-06-06T21:00:00,55040.0,55350.0,53370.0,53850.0,454575.06092157
2022-06-07T01:00:00,53850.0,53950.0,52520.0,53380.0,219904.02963951
2022-06-07T05:00:00,53370.0,54500.0,52150.0,53480.0,229362.64536459
2022-06-07T09:00:00,53510.0,53960.0,49530.0,50360.0,794062.31033548
2022-06-07T13:00:00,50350.0,50520.0,49550.0,50060.0,195739.24616658
2022-06-07T17:00:00,50050.0,50340.0,47550.0,48730.0,350520.22147904
2022-06-07T21:00:00,48740.0,50400.0,48250.0,49840.0,329859.05196861
2022-06-08T01:00:00,49870.0,51980.0,49290.0,51150.0,194629.54280559
2022-06-08T05:00:00,51150.0,52110.0,49000.0,49960.0,389667.14688152
2022-06-08T09:00:00,49970.0,51750.0,49020.0,49250.0,521895.91337262
2022-06-08T13:00:00,49250.0,50160.0,48980.0,49800.0,202464.62524559
2022-06-08T17:00:00,49830.0,50430.0,49500.0,50010.0,168351.68811753
2022-06-08T21:00:00,50000.0,50980.0,49330.0,50320.0,237036.2395142
2022-06-09T01:00:00,50320.0,50530.0,49070.0,49430.0,79338.44493879
2022-06-09T05:00:00,49430.0,50160.0,49430.0,49590.0,78637.65909695
2022-06-09T09:00:00,49540.0,49800.0,49060.0,49730.0,146101.14788296
2022-06-09T13:00:00,49680.0,50150.0,49420.0,50090.0,79764.09908735
2022-06-09T17:00:00,50070.0,52990.0,49760.0,52230.0,704181.5707256
2022-06-09T21:00:00,52230.0,52490.0,50640.0,51290.0,369057.0366918
2022-06-10T01:00:00,51220.0,52400.0,50420.0,50480.0,99480.33193383
2022-06-10T05:00:00,50480.0,51010.0,50290.0,50770.0,91359.39409522
2022-06-10T09:00:00,50760.0,51900.0,49750.0,51260.0,223206.65035156
2022-06-10T13:00:00,51260.0,51770.0,50920.0,51400.0,137823.90958497
2022-06-10T17:00:00,51400.0,51820.0,49740.0,50190.0,259113.60790662
2022-06-10T21:00:00,50190.0,50710.0,48500.0,48990.0,439728.47730882
2022-06-11T01:00:00,49000.0,49050.0,48100.0,48410.0,164811.4297658
2022-06-11T05:00:00,48390.0,49250.0,48000.0,48130.0,97328.58146752
2022-06-11T09:00:00,48130.0,48700.0,48060.0,48530.0,146912.44776759
2022-06-11T13:00:00,48540.0,48890.0,48020.0,48460.0,113182.26725136
2022-06-11T17:00:00,48460.0,48520.0,45630.0,45990.0,383366.32635844
2022-06-11T21:00:00,45980.0,46350.0,43500.0,44010.0,511539.45945587
2022-06-12T01:00:00,44060.0,45110.0,43360.0,44410.0,189794.0550259
2022-06-12T05:00:00,44410.0,45230.0,43990.0,44350.0,104390.09707133
2022-06-12T09:00:00,44370.0,44680.0,40830.0,42040.0,492499.47001389
2022-06-12T13:00:00,42030.0,43040.0,40420.0,42930.0,300354.52074206
2022-06-12T17:00:00,42930.0,43800.0,41940.0,42500.0,173188.97242257
2022-06-12T21:00:00,42500.0,44540.0,40770.0,43940.0,400372.11049525
2022-06-13T01:00:00,43960.0,44290.0,41920.0,42300.0,129925.74713307
2022-06-13T05:00:00,42350.0,42520.0,40000.0,40100.0,261353.05367278
2022-06-13T09:00:00,40050.0,40610.0,36540.0,37650.0,962041.36798916
2022-06-13T13:00:00,37660.0,38580.0,35780.0,36130.0,619366.41357556
2022-06-13T17:00:00,36140.0,37420.0,34550.0,35320.0,938808.16356915
2022-06-13T21:00:00,35330.0,37100.0,34640.0,36700.0,838658.1069073
2022-06-14T01:00:00,36730.0,38300.0,36000.0,36900.0,328751.13522231
2022-06-14T05:00:00,36890.0,38800.0,35160.0,37230.0,421174.36852067
2022-06-14T09:00:00,37230.0,37990.0,33740.0,37760.0,971232.96758953
2022-06-14T13:00:00,37750.0,41720.0,36570.0,40020.0,1194780.6907796
2022-06-14T17:00:00,40020.0,40160.0,37260.0,37820.0,536162.03096594
2022-06-14T21:00:00,37820.0,40630.0,36960.0,40320.0,792041.69105862
2022-06-15T01:00:00,40250.0,40450.0,37850.0,38350.0,217021.90231135
2022-06-15T05:00:00,38350.0,39090.0,36570.0,38480.0,298808.02715127
2022-06-15T09:00:00,38480.0,39500.0,37510.0,37580.0,417089.82508496
2022-06-15T13:00:00,37580.0,37660.0,35940.0,36290.0,483943.78937558
2022-06-15T17:00:00,36290.0,38190.0,35540.0,37850.0,644654.66793366
2022-06-15T21:00:00,37850.0,39170.0,37450.0,38510.0,722121.02281147
2022-06-16T01:00:00,38510.0,42810.0,37060.0,40950.0,771236.40011173
2022-06-16T05:00:00,40930.0,45250.0,40400.0,44900.0,896818.27813189
2022-06-16T09:00:00,44900.0,46670.0,43570.0,43650.0,954302.99979263
2022-06-16T13:00:00,43630.0,44360.0,42160.0,42640.0,361552.77410069
2022-06-16T17:00:00,42570.0,43090.0,40450.0,41160.0,662701.34379353
2022-06-16T21:00:00,41100.0,42740.0,39740.0,41120.0,597249.42011201
2022-06-17T01:00:00,41060.0,42780.0,40100.0,40600.0,220839.77764992
2022-06-17T05:00:00,40600.0,41450.0,39020.0,39730.0,310418.69328346
2022-06-17T09:00:00,39730.0,40920.0,38320.0,39310.0,606676.03066234
2022-06-17T13:00:00,39310.0,41800.0,39240.0,41330.0,367455.4465363
2022-06-17T17:00:00,41300.0,42000.0,40480.0,41360.0,270511.99146004
2022-06-17T21:00:00,41360.0,42200.0,40510.0,41130.0,407256.79610195
2022-06-18T01:00:00,41050.0,42160.0,40770.0,41080.0,117962.80838465
2022-06-18T05:00:00,41060.0,41810.0,40400.0,40550.0,129189.19814163
2022-06-18T09:00:00,40550.0,41230.0,39540.0,39840.0,295050.34380653
2022-06-18T13:00:00,39800.0,40100.0,37620.0,38090.0,537050.91302775
2022-06-18T17:00:00,38080.0,40470.0,37330.0,39810.0,627098.28223338
2022-06-18T21:00:00,39800.0,40460.0,39120.0,39590.0,285186.92009773
2022-06-19T01:00:00,39590.0,40650.0,37830.0,37880.0,291056.82820403
2022-06-19T05:00:00,37880.0,42350.0,37010.0,42280.0,822824.97550884
2022-06-19T09:00:00,42270.0,42730.0,39280.0,39770.0,692034.21351348
2022-06-19T13:00:00,39770.0,40300.0,38300.0,38670.0,561604.97267179
2022-06-19T17:00:00,38670.0,43090.0,38130.0,42360.0,1278281.6228055
2022-06-19T21:00:00,42360.0,43800.0,41170.0,43670.0,793400.9781498
2022-06-20T01:00:00,43670.0,44400.0,41780.0,43250.0,386959.19264652
2022-06-20T05:00:00,43200.0,45810.0,43060.0,44310.0,598461.02457305
2022-06-20T09:00:00,44320.0,44850.0,41510.0,42030.0,611335.85771545
2022-06-20T13:00:00,42020.0,42650.0,41500.0,42180.0,392587.58478308
2022-06-20T17:00:00,42170.0,47710.0,41960.0,47050.0,1143118.46880795
2022-06-20T21:00:00,47060.0,47360.0,44870.0,45620.0,869540.64751593
2022-06-21T01:00:00,45620.0,45640.0,44130.0,44870.0,319993.22623046
2022-06-21T05:00:00,44870.0,46310.0,43880.0,45620.0,385211.41281164
2022-06-21T09:00:00,45620.0,46430.0,44350.0,45540.0,522082.80673931
2022-06-21T13:00:00,45540.0,48580.0,45170.0,47730.0,846807.33261735
2022-06-21T17:00:00,47730.0,49600.0,47540.0,48020.0,591144.9861797
2022-06-21T21:00:00,47980.0,50230.0,47730.0,48750.0,660797.83654398
2022-06-22T01:00:00,48740.0,49560.0,47250.0,47310.0,215326.80945358
2022-06-22T05:00:00,47310.0,47650.0,46290.0,47180.0,305802.346877
2022-06-22T09:00:00,47200.0,47710.0,45050.0,45290.0,468589.54365206
2022-06-22T13:00:00,45260.0,45960.0,44250.0,44460.0,407871.77586278
2022-06-22T17:00:00,44470.0,47000.0,44190.0,46330.0,301161.9864183
2022-06-22T21:00:00,46330.0,47960.0,45200.0,45420.0,581188.98173329
2022-06-23T01:00:00,45440.0,46160.0,44560.0,45110.0,190396.12470947
2022-06-23T05:00:00,45040.0,45900.0,44450.0,44750.0,174055.4501891
2022-06-23T09:00:00,44790.0,46710.0,44530.0,45850.0,268015.77197702
2022-06-23T13:00:00,45850.0,47690.0,45710.0,46960.0,290770.23770158
2022-06-23T17:00:00,46960.0,48700.0,46680.0,48070.0,335259.22572352
2022-06-23T21:00:00,48070.0,49000.0,47050.0,48560.0,338610.06303407
2022-06-24T01:00:00,48550.0,49990.0,47420.0,48770.0,277992.92767053
2022-06-24T05:00:00,48720.0,50090.0,48410.0,49480.0,283223.81076037
2022-06-24T09:00:00,49480.0,51380.0,49200.0,50630.0,562383.72187633
2022-06-24T13:00:00,50630.0,51020.0,49050.0,49850.0,367953.58545035
2022-06-24T17:00:00,49850.0,52350.0,49490.0,52140.0,486084.71347915
2022-06-24T21:00:00,52140.0,53500.0,51690.0,52130.0,435766.09477622
2022-06-25T01:00:00,52130.0,53350.0,51300.0,53350.0,124075.02045857
2022-06-25T05:00:00,53350.0,55550.0,53100.0,54430.0,417553.14972291
2022-06-25T09:00:00,54420.0,55260.0,52890.0,53780.0,487004.57212875
2022-06-25T13:00:00,53780.0,54880.0,53350.0,54640.0,227760.28952598
2022-06-25T17:00:00,54650.0,55260.0,54220.0,54350.0,218182.57871609
2022-06-25T21:00:00,54340.0,54620.0,51820.0,52010.0,384265.34136825
2022-06-26T01:00:00,52010.0,53060.0,51800.0,52520.0,105853.33538212
2022-06-26T05:00:00,52520.0,55050.0,52170.0,54670.0,281701.30934797
2022-06-26T09:00:00,54680.0,55030.0,53070.0,53890.0,255076.16498875
2022-06-26T13:00:00,53870.0,54180.0,53120.0,53660.0,159870.33338095
2022-06-26T17:00:00,53710.0,54650.0,52880.0,54510.0,239366.14245936
2022-06-26T21:00:00,54510.0,55000.0,52180.0,52820.0,389049.68797196
2022-06-27T01:00:00,52820.0,53270.0,51800.0,53040.0,129457.67042367
2022-06-27T05:00:00,53040.0,53850.0,51150.0,51450.0,211522.88205978
2022-06-27T09:00:00,51450.0,52300.0,50780.0,52150.0,216023.13609258
2022-06-27T13:00:00,52130.0,52830.0,51490.0,52590.0,158876.84342603
2022-06-27T17:00:00,52590.0,53320.0,52250.0,52270.0,169719.15190415
2022-06-27T21:00:00,52270.0,52450.0,49900.0,50390.0,351146.15044571
2022-06-28T01:00:00,50390.0,50910.0,49540.0,50030.0,107621.75663039
2022-06-28T05:00:00,50050.0,50850.0,50000.0,50250.0,96517.27073809
2022-06-28T09:00:00,50250.0,50680.0,48120.0,49090.0,280785.77144082
2022-06-28T13:00:00,49090.0,50130.0,48850.0,50020.0,136969.41508391
2022-06-28T17:00:00,50020.0,51350.0,49900.0,50890.0,219211.12461426
2022-06-28T21:00:00,50890.0,51670.0,48320.0,48340.0,233064.11655721
2022-06-29T01:00:00,48360.0,48670.0,46640.0,47070.0,268450.95003226
2022-06-29T05:00:00,47070.0,47940.0,46060.0,46300.0,262023.02716399
2022-06-29T09:00:00,46310.0,47090.0,45860.0,46430.0,237252.45559361
2022-06-29T13:00:00,46430.0,46670.0,45370.0,46310.0,242429.48390768
2022-06-29T17:00:00,46310.0,47020.0,45310.0,46000.0,190677.14298931
2022-06-29T21:00:00,46000.0,46290.0,44490.0,45560.0,324784.97921479
2022-06-30T01:00:00,45570.0,45620.0,43800.0,45290.0,162139.80852969
2022-06-30T05:00:00,45330.0,46050.0,44410.0,44910.0,222708.30321193
2022-06-30T09:00:00,44910.0,45070.0,42830.0,43340.0,287021.85418192
2022-06-30T13:00:00,43330.0,43580.0,41650.0,42100.0,381253.97214623
2022-06-30T17:00:00,42090.0,42420.0,41300.0,42000.0,293935.12743415
2022-06-30T21:00:00,42000.0,42720.0,41110.0,42300.0,292537.39019547
2022-07-01T01:00:00,42310.0,43230.0,42050.0,42520.0,43531.96128831
2022-07-01T05:00:00,42420.0,44240.0,41650.0,44000.0,225255.73489727
2022-07-01T09:00:00,44050.0,46240.0,43670.0,44140.0,571359.55016543
2022-07-01T13:00:00,44120.0,44200.0,42510.0,43620.0,333348.18697942
2022-07-01T17:00:00,43620.0,44140.0,42110.0,42680.0,244376.01249144
2022-07-01T21:00:00,42680.0,43720.0,42480.0,42740.0,221107.76975542
2022-07-02T01:00:00,42680.0,44100.0,42660.0,43820.0,92388.06325258
2022-07-02T05:00:00,43820.0,44730.0,43220.0,43560.0,135946.49392072
2022-07-02T09:00:00,43560.0,44220.0,42380.0,42470.0,235816.83568651
2022-07-02T13:00:00,42470.0,43470.0,42460.0,42980.0,99865.58041843
2022-07-02T17:00:00,42980.0,43300.0,42400.0,43280.0,87521.4991737
2022-07-02T21:00:00,43280.0,44050.0,43160.0,43560.0,99295.48805621
2022-07-03T01:00:00,43500.0,44200.0,43290.0,43770.0,47017.03218937
2022-07-03T05:00:00,43800.0,45000.0,43520.0,44110.0,70603.65050936
2022-07-03T09:00:00,44110.0,44370.0,43330.0,43680.0,78765.999698
2022-07-03T13:00:00,43680.0,44540.0,43010.0,43590.0,144671.9224518
2022-07-03T17:00:00,43590.0,43860.0,43210.0,43600.0,69894.12138429
2022-07-03T21:00:00,43620.0,43730.0,42810.0,42900.0,110745.42287984
2022-07-04T01:00:00,42890.0,44160.0,42810.0,44070.0,51480.93731406
2022-07-04T05:00:00,44100.0,44350.0,43690.0,44050.0,97018.91212036
2022-07-04T09:00:00,44040.0,44530.0,43040.0,43040.0,165680.55961003
2022-07-04T13:00:00,43030.0,43550.0,42830.0,43230.0,83644.86613487
2022-07-04T17:00:00,43230.0,45020.0,43160.0,45020.0,184095.54896603
2022-07-04T21:00:00,45020.0,45590.0,44220.0,44900.0,232026.74658312
2022-07-05T01:00:00,44880.0,45970.0,44690.0,45650.0,93693.81964678
2022-07-05T05:00:00,45620.0,48190.0,45520.0,47930.0,304433.34585031
2022-07-05T09:00:00,47870.0,48300.0,46060.0,47000.0,287922.8571756
2022-07-05T13:00:00,47000.0,47620.0,46690.0,47160.0,174639.15894915
2022-07-05T17:00:00,47160.0,47170.0,44710.0,44940.0,414477.73343718
2022-07-05T21:00:00,44940.0,45060.0,44110.0,44850.0,475482.94826385
2022-07-06T01:00:00,44850.0,47490.0,44710.0,47030.0,247468.81257299
2022-07-06T05:00:00,47070.0,47880.0,46330.0,46560.0,359361.11535383
2022-07-06T09:00:00,46600.0,47450.0,45860.0,46880.0,299834.55252047
2022-07-06T13:00:00,46880.0,47860.0,46610.0,47250.0,267373.20348741
2022-07-06T17:00:00,47250.0,48200.0,46880.0,46960.0,288375.0815394
2022-07-06T21:00:00,46910.0,47900.0,46620.0,47040.0,208277.6305251
2022-07-07T01:00:00,47040.0,48260.0,47000.0,47620.0,126708.75756152
2022-07-07T05:00:00,47630.0,49260.0,47270.0,48510.0,199870.98462054
2022-07-07T09:00:00,48510.0,49000.0,48220.0,48650.0,186584.40682075
2022-07-07T13:00:00,48640.0,48690.0,47850.0,48290.0,111358.59662479
2022-07-07T17:00:00,48230.0,49000.0,48100.0,48730.0,120003.12863745
2022-07-07T21:00:00,48730.0,50300.0,48260.0,49940.0,328033.76830984
2022-07-08T01:00:00,49910.0,50970.0,49730.0,50730.0,135276.10443856
2022-07-08T05:00:00,50730.0,50780.0,49670.0,50010.0,149777.98057243
2022-07-08T09:00:00,50000.0,51320.0,49690.0,50300.0,291920.14946995
2022-07-08T13:00:00,50350.0,50520.0,48650.0,49060.0,257122.68445903
2022-07-08T17:00:00,49050.0,49320.0,47870.0,48700.0,304702.18955567
2022-07-08T21:00:00,48700.0,50550.0,47900.0,50250.0,423441.9350128
2022-07-09T01:00:00,50280.0,51170.0,49590.0,50700.0,234185.31515156
2022-07-09T05:00:00,50700.0,50890.0,49620.0,49850.0,127642.82518916
2022-07-09T09:00:00,49850.0,50690.0,49420.0,50110.0,197827.34016699
2022-07-09T13:00:00,50100.0,50710.0,49850.0,50240.0,210221.39000393
2022-07-09T17:00:00,50240.0,50580.0,49680.0,49850.0,102477.99311755
2022-07-09T21:00:00,49830.0,50070.0,49430.0,49720.0,129488.60465643
2022-07-10T01:00:00,49710.0,50570.0,49640.0,50030.0,61710.16239766
2022-07-10T05:00:00,50020.0,50140.0,49580.0,49700.0,74070.9296256
2022-07-10T09:00:00,49700.0,49830.0,48640.0,48840.0,157900.21931182
2022-07-10T13:00:00,48850.0,49100.0,48620.0,48830.0,66617.82915194
2022-07-10T17:00:00,48830.0,48900.0,48090.0,48380.0,95555.98302366
2022-07-10T21:00:00,48390.0,48640.0,47610.0,48130.0,140525.62444318
2022-07-11T01:00:00,48160.0,48890.0,47850.0,48890.0,69208.25595494
2022-07-11T05:00:00,48880.0,48970.0,47910.0,48080.0,65871.20934231
2022-07-11T09:00:00,48080.0,48110.0,46510.0,46960.0,176499.28734582
2022-07-11T13:00:00,46960.0,47010.0,45730.0,46230.0,123233.67456063
2022-07-11T17:00:00,46230.0,46870.0,46090.0,46260.0,78327.38447206
2022-07-11T21:00:00,46260.0,47100.0,45800.0,46500.0,147149.01120156
2022-07-12T01:00:00,46490.0,47050.0,46270.0,46620.0,45465.44445662
2022-07-12T05:00:00,46700.0,46760.0,44210.0,44420.0,218124.21852443
2022-07-12T09:00:00,44410.0,45000.0,44190.0,44540.0,150856.68966268
2022-07-12T13:00:00,44540.0,45220.0,44120.0,44460.0,120113.1717871
2022-07-12T17:00:00,44460.0,45310.0,44050.0,45030.0,112058.2888293
2022-07-12T21:00:00,44990.0,45770.0,44720.0,45320.0,139420.04424965
2022-07-13T01:00:00,45250.0,45610.0,43580.0,43850.0,86940.02305174
2022-07-13T05:00:00,43850.0,44280.0,43410.0,43500.0,93400.08473324
2022-07-13T09:00:00,43500.0,44070.0,43160.0,43780.0,121486.75631554
2022-07-13T13:00:00,43800.0,44580.0,43590.0,44570.0,101552.27041223
2022-07-13T17:00:00,44580.0,45200.0,44410.0,44780.0,97634.11967636
2022-07-13T21:00:00,44780.0,45550.0,42350.0,43990.0,533105.02544388
2022-07-14T01:00:00,43990.0,45070.0,43670.0,44370.0,94386.63104956
2022-07-14T05:00:00,44360.0,46090.0,44160.0,45950.0,142048.75602184
2022-07-14T09:00:00,45880.0,46390.0,45430.0,45480.0,170307.6348458
2022-07-14T13:00:00,45460.0,45690.0,45170.0,45400.0,77633.62895608
2022-07-14T17:00:00,45370.0,45550.0,44590.0,44900.0,99307.90747888
2022-07-14T21:00:00,44880.0,46620.0,44730.0,46490.0,163069.73142483
2022-07-15T01:00:00,46490.0,48800.0,46080.0,47900.0,212487.80257753
2022-07-15T05:00:00,47890.0,49020.0,47850.0,48810.0,187238.67822865
2022-07-15T09:00:00,48810.0,49850.0,48200.0,49250.0,183011.33015877
2022-07-15T13:00:00,49210.0,49440.0,48350.0,49370.0,109781.96614191
2022-07-15T17:00:00,49370.0,50590.0,49340.0,49830.0,207341.91937498
2022-07-15T21:00:00,49820.0,50770.0,49370.0,49730.0,181730.89056032
2022-07-16T01:00:00,49720.0,51140.0,49040.0,51080.0,120722.45650661
2022-07-16T05:00:00,51080.0,51410.0,49300.0,49410.0,119650.23139138
2022-07-16T09:00:00,49400.0,49640.0,48600.0,49240.0,107697.17540675
2022-07-16T13:00:00,49240.0,49290.0,48220.0,48300.0,99794.54568885
2022-07-16T17:00:00,48300.0,48870.0,48260.0,48700.0,49774.57684176
2022-07-16T21:00:00,48700.0,50140.0,48500.0,50070.0,129039.13690792
2022-07-17T01:00:00,50010.0,53120.0,50010.0,51820.0,429648.17820896
2022-07-17T05:00:00,51820.0,52490.0,51200.0,52000.0,103533.1286524
2022-07-17T09:00:00,51950.0,53210.0,51560.0,52500.0,259083.26399204
2022-07-17T13:00:00,52470.0,53970.0,52470.0,53090.0,220676.7822831
2022-07-17T17:00:00,53080.0,53250.0,51680.0,52450.0,206397.49815279
2022-07-17T21:00:00,52450.0,52550.0,51430.0,51810.0,140556.98481571
2022-07-18T01:00:00,51780.0,52300.0,50570.0,51420.0,87430.12360661
2022-07-18T05:00:00,51460.0,52090.0,50840.0,50990.0,77992.14959839
2022-07-18T09:00:00,50990.0,53750.0,50890.0,53340.0,193650.45308916
2022-07-18T13:00:00,53340.0,55530.0,52930.0,55090.0,445076.2503683
2022-07-18T17:00:00,55080.0,55530.0,53960.0,54350.0,347989.49234822
2022-07-18T21:00:00,54340.0,55350.0,53750.0,55100.0,282092.73748863
2022-07-19T01:00:00,55100.0,55300.0,52270.0,52650.0,223862.35425218
2022-07-19T05:00:00,52650.0,57500.0,52420.0,56870.0,350317.65907599
2022-07-19T09:00:00,56880.0,60240.0,56100.0,56600.0,849815.315815
2022-07-19T13:00:00,56560.0,57830.0,55970.0,57190.0,255254.70627555
2022-07-19T17:00:00,57140.0,60120.0,56880.0,59600.0,395575.59600841
2022-07-19T21:00:00,59600.0,61890.0,59310.0,60970.0,646462.56135229
2022-07-20T01:00:00,61020.0,61780.0,59280.0,59520.0,163994.39854112
2022-07-20T05:00:00,59510.0,60310.0,58630.0,58880.0,211907.75044896
2022-07-20T09:00:00,58820.0,59990.0,57930.0,59590.0,269466.99892179
2022-07-20T13:00:00,59600.0,60440.0,58440.0,58520.0,214810.49775722
2022-07-20T17:00:00,58500.0,59760.0,57490.0,59490.0,273790.83364334
2022-07-20T21:00:00,59490.0,60580.0,59010.0,59600.0,299763.84565308
2022-07-21T01:00:00,59550.0,59690.0,57030.0,57120.0,172471.58292963
2022-07-21T05:00:00,57130.0,57560.0,54730.0,55280.0,335286.5666368
2022-07-21T09:00:00,55280.0,55940.0,52570.0,52900.0,436107.37300869
2022-07-21T13:00:00,52900.0,54620.0,52490.0,54130.0,207087.41000807
2022-07-21T17:00:00,54130.0,55300.0,53750.0,55170.0,194338.93327102
2022-07-21T21:00:00,55170.0,55970.0,54080.0,55270.0,280360.36921567
2022-07-22T01:00:00,55240.0,57710.0,55220.0,57570.0,166254.57585648
2022-07-22T05:00:00,57570.0,57920.0,56080.0,56670.0,145994.52260329
2022-07-22T09:00:00,56650.0,57190.0,55810.0,56280.0,185894.58469989
2022-07-22T13:00:00,56210.0,57170.0,55620.0,56790.0,145960.44673118
2022-07-22T17:00:00,56790.0,58290.0,56650.0,58000.0,176857.02888882
2022-07-22T21:00:00,58000.0,58060.0,54780.0,55030.0,267438.35729477
2022-07-23T01:00:00,55030.0,55280.0,53270.0,53460.0,174854.77129355
2022-07-23T05:00:00,53460.0,54380.0,53390.0,53810.0,134674.95800414
2022-07-23T09:00:00,53820.0,54850.0,53270.0,54290.0,130015.90203005
2022-07-23T13:00:00,54270.0,55180.0,54100.0,54530.0,121224.47068986
2022-07-23T17:00:00,54590.0,54760.0,52560.0,52610.0,202354.37048053
2022-07-23T21:00:00,52580.0,53650.0,52400.0,53340.0,116343.87955518
2022-07-24T01:00:00,53310.0,53540.0,51510.0,52290.0,110052.75093624
2022-07-24T05:00:00,52280.0,53300.0,52170.0,53010.0,90721.21572905
2022-07-24T09:00:00,53000.0,53530.0,52310.0,52500.0,116634.72314058
2022-07-24T13:00:00,52510.0,54250.0,52380.0,53730.0,166231.58500652
2022-07-24T17:00:00,53730.0,54430.0,53050.0,53810.0,164807.2654611
2022-07-24T21:00:00,53810.0,54300.0,52960.0,54160.0,122362.01554874
2022-07-25T01:00:00,54150.0,54250.0,53470.0,53760.0,38599.47455369
2022-07-25T05:00:00,53720.0,55230.0,53690.0,54060.0,129683.72864596
2022-07-25T09:00:00,54040.0,54280.0,50270.0,50680.0,394090.98840175
2022-07-25T13:00:00,50680.0,51440.0,50130.0,51200.0,233469.85927367
2022-07-25T17:00:00,51190.0,51970.0,50900.0,51450.0,104350.7209735
2022-07-25T21:00:00,51450.0,52000.0,50880.0,51120.0,132428.76911609
2022-07-26T01:00:00,51120.0,51730.0,50010.0,50670.0,99747.21417135
2022-07-26T05:00:00,50730.0,51650.0,49200.0,49270.0,174306.87233601
2022-07-26T09:00:00,49280.0,49480.0,47690.0,48550.0,318916.53929055
2022-07-26T13:00:00,48540.0,48730.0,47510.0,47800.0,148005.9918703
2022-07-26T17:00:00,47800.0,48280.0,47290.0,47840.0,121895.88820553
2022-07-26T21:00:00,47830.0,48420.0,46770.0,46870.0,212697.91836012
2022-07-27T01:00:00,46870.0,47480.0,46600.0,46900.0,61981.31682657
2022-07-27T05:00:00,46900.0,48700.0,46660.0,48470.0,143649.06310964
2022-07-27T09:00:00,48470.0,48600.0,47770.0,47880.0,115601.46849255
2022-07-27T13:00:00,47880.0,49540.0,47880.0,49230.0,167034.87397476
2022-07-27T17:00:00,49220.0,49490.0,48500.0,48580.0,152329.36239135
2022-07-27T21:00:00,48580.0,49870.0,48380.0,49580.0,148832.4007111
2022-07-28T01:00:00,49540.0,53230.0,48630.0,51910.0,392505.53692699
2022-07-28T05:00:00,51890.0,53330.0,51810.0,52920.0,266106.81906264
2022-07-28T09:00:00,52920.0,53140.0,51430.0,52280.0,357912.39568172
2022-07-28T13:00:00,52280.0,52650.0,51650.0,51650.0,133815.46996287
2022-07-28T17:00:00,51650.0,53670.0,51640.0,53390.0,203383.08394113
2022-07-28T21:00:00,53400.0,55090.0,51820.0,54860.0,512349.44465387
2022-07-29T01:00:00,54880.0,56120.0,54720.0,55280.0,237227.12025553
2022-07-29T05:00:00,55240.0,57600.0,55240.0,56190.0,327326.66075392
2022-07-29T09:00:00,56110.0,57100.0,55560.0,57090.0,283219.46244384
2022-07-29T13:00:00,57090.0,58200.0,56200.0,56780.0,341504.31605216
2022-07-29T17:00:00,56780.0,57060.0,54580.0,55480.0,319133.19135851
2022-07-29T21:00:00,55470.0,57190.0,54410.0,56200.0,324137.31284099
2022-07-30T01:00:00,56220.0,56420.0,54770.0,55380.0,108794.18063857
2022-07-30T05:00:00,55380.0,56740.0,55170.0,55570.0,159571.83691295
2022-07-30T09:00:00,55540.0,56160.0,55030.0,55340.0,202744.20908354
2022-07-30T13:00:00,55340.0,56000.0,55000.0,55850.0,91568.0239005
2022-07-30T17:00:00,55850.0,56700.0,55400.0,55920.0,143717.26507571
2022-07-30T21:00:00,55890.0,60860.0,55700.0,60840.0,674766.74758755
2022-07-31T01:00:00,60840.0,61160.0,59150.0,59480.0,280489.34552428
2022-07-31T05:00:00,59490.0,60000.0,57550.0,57950.0,187539.27591999
2022-07-31T09:00:00,57920.0,58400.0,57170.0,57320.0,278212.27520488
2022-07-31T13:00:00,57310.0,58660.0,57290.0,58000.0,183785.97898065
2022-07-31T17:00:00,58000.0,58970.0,57240.0,58570.0,199728.94608763
2022-07-31T21:00:00,58570.0,58700.0,57560.0,58090.0,166926.4945961
2022-08-01T01:00:00,58090.0,59200.0,56640.0,57670.0,159395.20885792
2022-08-01T05:00:00,57610.0,57830.0,55750.0,55900.0,187075.89376976
2022-08-01T09:00:00,55940.0,57000.0,55550.0,56710.0,203231.09018888
2022-08-01T13:00:00,56710.0,56850.0,55950.0,56640.0,107973.89403221
2022-08-01T17:00:00,56640.0,56870.0,55170.0,55880.0,163886.87480427
2022-08-01T21:00:00,55840.0,56760.0,55010.0,56260.0,219863.09107322
2022-08-02T01:00:00,56210.0,56250.0,54070.0,54650.0,153352.99994735
2022-08-02T05:00:00,54650.0,55600.0,54350.0,55320.0,112097.82369713
2022-08-02T09:00:00,55310.0,55780.0,53150.0,53700.0,261045.69781966
2022-08-02T13:00:00,53700.0,54170.0,53320.0,54010.0,83278.38913476
2022-08-02T17:00:00,54010.0,54430.0,53190.0,54190.0,133011.81255161
2022-08-02T21:00:00,54200.0,55570.0,53480.0,55240.0,263864.35903692
2022-08-03T01:00:00,55240.0,56290.0,54650.0,54840.0,142305.04047017
2022-08-03T05:00:00,54840.0,55370.0,53150.0,53420.0,150492.22542508
2022-08-03T09:00:00,53420.0,53840.0,50930.0,51590.0,699628.77078969
2022-08-03T13:00:00,51600.0,52570.0,51210.0,51350.0,357238.87795783
2022-08-03T17:00:00,51350.0,53020.0,51350.0,52770.0,356795.38713957
2022-08-03T21:00:00,52770.0,54500.0,52660.0,53620.0,540954.49173287
2022-08-04T01:00:00,53660.0,54220.0,53230.0,53430.0,99460.00676429
2022-08-04T05:00:00,53500.0,53670.0,51500.0,51880.0,301124.3377052
2022-08-04T09:00:00,51880.0,52840.0,51710.0,52490.0,272754.89542072
2022-08-04T13:00:00,52500.0,52810.0,51700.0,52390.0,206057.60997205
2022-08-04T17:00:00,52380.0,52620.0,51710.0,51790.0,148003.14839687
2022-08-04T21:00:00,51790.0,53240.0,51500.0,52080.0,286643.01035747
2022-08-05T01:00:00,52070.0,52200.0,51160.0,51550.0,139716.965823
2022-08-05T05:00:00,51520.0,52270.0,51320.0,52010.0,107430.55553492
2022-08-05T09:00:00,52010.0,53120.0,51810.0,53100.0,189521.98816374
2022-08-05T13:00:00,53100.0,53640.0,52570.0,53070.0,163199.89585585
2022-08-05T17:00:00,53070.0,54150.0,52870.0,54070.0,147753.29417732
2022-08-05T21:00:00,54070.0,54460.0,52600.0,53180.0,304466.65697107
2022-08-06T01:00:00,53180.0,53330.0,52590.0,53110.0,88696.73125491
2022-08-06T05:00:00,53090.0,54000.0,52960.0,53580.0,133452.40377544
2022-08-06T09:00:00,53510.0,53800.0,53260.0,53640.0,140253.51258938
2022-08-06T13:00:00,53640.0,53770.0,53350.0,53540.0,75299.47025601
2022-08-06T17:00:00,53550.0,54100.0,53480.0,53510.0,89000.85249802
2022-08-06T21:00:00,53500.0,53700.0,53410.0,53540.0,51775.46175812
2022-08-07T01:00:00,53540.0,54200.0,53020.0,54100.0,81116.95493756
2022-08-07T05:00:00,54140.0,54180.0,53200.0,53300.0,62685.08177816
2022-08-07T09:00:00,53310.0,53590.0,52380.0,52900.0,143519.83755429
2022-08-07T13:00:00,52900.0,53290.0,52840.0,53060.0,60229.41513359
2022-08-07T17:00:00,53050.0,53240.0,52760.0,53200.0,65025.12722469
2022-08-07T21:00:00,53200.0,53750.0,53190.0,53380.0,92342.49815259
2022-08-08T01:00:00,53340.0,53900.0,53340.0,53720.0,32044.48424742
2022-08-08T05:00:00,53720.0,54800.0,53560.0,53710.0,131899.27765635
2022-08-08T09:00:00,53720.0,55560.0,53670.0,55330.0,228735.42442051
2022-08-08T13:00:00,55330.0,56390.0,55300.0,56170.0,267715.92827562
2022-08-08T17:00:00,56130.0,56950.0,55790.0,56930.0,227699.66444837
2022-08-08T21:00:00,56910.0,57380.0,55840.0,56020.0,244717.61128977
2022-08-09T01:00:00,56000.0,56170.0,55410.0,56140.0,100049.77378645
2022-08-09T05:00:00,56070.0,56780.0,55370.0,55710.0,95516.92438642
2022-08-09T09:00:00,55710.0,56180.0,55080.0,56170.0,135084.91100762
2022-08-09T13:00:00,56170.0,56610.0,55940.0,56330.0,113213.35423516
2022-08-09T17:00:00,56300.0,56330.0,54190.0,54510.0,266978.40618103
2022-08-09T21:00:00,54450.0,55190.0,53250.0,53610.0,207000.15140053
2022-08-10T01:00:00,53610.0,54000.0,53440.0,53690.0,38416.35621077
2022-08-10T05:00:00,53710.0,54430.0,53690.0,54060.0,68334.00399941
2022-08-10T09:00:00,54070.0,54120.0,52500.0,52720.0,184715.53352952
2022-08-10T13:00:00,52770.0,53230.0,52500.0,53030.0,85266.87068627
2022-08-10T17:00:00,53020.0,53770.0,53020.0,53600.0,111425.08180606
2022-08-10T21:00:00,53540.0,56040.0,53300.0,55660.0,475459.98971548
2022-08-11T01:00:00,55660.0,55890.0,54690.0,54750.0,95435.30683604
2022-08-11T05:00:00,54760.0,56460.0,54760.0,55930.0,105507.48116511
2022-08-11T09:00:00,55940.0,58300.0,55700.0,57830.0,351524.11732405
2022-08-11T13:00:00,57840.0,59530.0,57840.0,58860.0,589662.14947326
2022-08-11T17:00:00,58810.0,58890.0,57900.0,58410.0,239142.0863306
2022-08-11T21:00:00,58410.0,59580.0,57390.0,57500.0,436256.03822974
2022-08-12T01:00:00,57480.0,58300.0,56880.0,57480.0,111188.88014906
2022-08-12T05:00:00,57500.0,57570.0,56350.0,56730.0,149882.85489797
2022-08-12T09:00:00,56730.0,57970.0,56060.0,57750.0,226328.37653569
2022-08-12T13:00:00,57750.0,57990.0,57140.0,57440.0,91606.34357631
2022-08-12T17:00:00,57430.0,58380.0,56420.0,56670.0,200330.82494023
2022-08-12T21:00:00,56670.0,57720.0,56650.0,57500.0,115197.36442067
2022-08-13T01:00:00,57490.0,59330.0,57330.0,59250.0,109575.78760287
2022-08-13T05:00:00,59130.0,60100.0,58750.0,60060.0,229655.83193063
2022-08-13T09:00:00,60040.0,63430.0,59700.0,62700.0,1130013.52506063
2022-08-13T13:00:00,62700.0,63990.0,62300.0,62520.0,376129.88091795
2022-08-13T17:00:00,62520.0,63110.0,61610.0,62000.0,198510.29510114
2022-08-13T21:00:00,62000.0,62630.0,61340.0,61580.0,172275.36098866
2022-08-14T01:00:00,61600.0,62160.0,61370.0,61670.0,59117.10013148
2022-08-14T05:00:00,61670.0,62850.0,61550.0,61910.0,82666.00968749
2022-08-14T09:00:00,61910.0,63270.0,61500.0,62120.0,241355.80677816
2022-08-14T13:00:00,62140.0,63500.0,61850.0,63260.0,165022.55969602
2022-08-14T17:00:00,63220.0,63280.0,61980.0,62010.0,140051.29825968
2022-08-14T21:00:00,62020.0,62080.0,60830.0,61220.0,193431.74359788
2022-08-15T01:00:00,61170.0,61290.0,59400.0,60100.0,164387.49387126
2022-08-15T05:00:00,60110.0,60980.0,59700.0,60020.0,92234.77091119
2022-08-15T09:00:00,60020.0,62520.0,59310.0,61710.0,282540.17018725
2022-08-15T13:00:00,61710.0,61840.0,58590.0,59030.0,286072.29993857
2022-08-15T17:00:00,59020.0,59780.0,58230.0,59010.0,152098.06384176
2022-08-15T21:00:00,59000.0,59750.0,58310.0,59670.0,109695.74681748
2022-08-16T01:00:00,59680.0,59880.0,58740.0,59070.0,53803.24460894
2022-08-16T05:00:00,59070.0,59360.0,57810.0,58840.0,106382.08926305
2022-08-16T09:00:00,58930.0,59340.0,57550.0,58730.0,147204.98905456
2022-08-16T13:00:00,58790.0,58850.0,57670.0,58100.0,78243.61243844
2022-08-16T17:00:00,58100.0,59170.0,57910.0,58820.0,91938.09609959
2022-08-16T21:00:00,58830.0,59170.0,57380.0,58390.0,157931.74002436
2022-08-17T01:00:00,58380.0,58460.0,57440.0,58080.0,43725.34275063
2022-08-17T05:00:00,58080.0,58410.0,57780.0,57950.0,51754.45735288
2022-08-17T09:00:00,57950.0,59000.0,57800.0,58890.0,100295.47702186
2022-08-17T13:00:00,58890.0,59630.0,57780.0,58040.0,197579.27023969
2022-08-17T17:00:00,58070.0,58340.0,57270.0,57370.0,138063.67397211
2022-08-17T21:00:00,57410.0,57420.0,55110.0,55520.0,385463.75823022
2022-08-18T01:00:00,55530.0,56440.0,55120.0,55160.0,111594.59568295
2022-08-18T05:00:00,55160.0,55630.0,54480.0,54870.0,216766.88773221
2022-08-18T09:00:00,54900.0,55390.0,54450.0,55170.0,143525.26385809
2022-08-18T13:00:00,55180.0,55390.0,54870.0,55270.0,75712.41384683
2022-08-18T17:00:00,55250.0,55740.0,55020.0,55660.0,78569.95714906
2022-08-18T21:00:00,55640.0,55980.0,55060.0,55520.0,120773.88126206
2022-08-19T01:00:00,55520.0,55600.0,54740.0,55190.0,47161.04174651
2022-08-19T05:00:00,55190.0,55750.0,54080.0,54150.0,124895.55703444
2022-08-19T09:00:00,54140.0,54190.0,51370.0,52170.0,457406.70680448
2022-08-19T13:00:00,52170.0,52250.0,49390.0,50090.0,491001.95079118
2022-08-19T17:00:00,50090.0,50110.0,49060.0,50040.0,266281.33598332
2022-08-19T21:00:00,50030.0,51000.0,49760.0,50860.0,237157.36135765
2022-08-20T01:00:00,50800.0,51690.0,50560.0,51130.0,141700.46624878
2022-08-20T05:00:00,51230.0,51250.0,48920.0,49260.0,157677.07846879
2022-08-20T09:00:00,49260.0,50790.0,49130.0,50580.0,198843.78131954
2022-08-20T13:00:00,50530.0,51300.0,50290.0,51040.0,126803.49050732
2022-08-20T17:00:00,51040.0,51130.0,50080.0,50420.0,105246.63074983
2022-08-20T21:00:00,50420.0,50800.0,49860.0,50200.0,80695.73462943
2022-08-21T01:00:00,50140.0,50290.0,47490.0,47530.0,138048.99485642
2022-08-21T05:00:00,47520.0,49110.0,47290.0,48960.0,173052.79829405
2022-08-21T09:00:00,48980.0,49560.0,48160.0,48300.0,129761.20716967
2022-08-21T13:00:00,48300.0,48740.0,47550.0,48730.0,118631.71215883
2022-08-21T17:00:00,48700.0,49740.0,48680.0,49620.0,168583.52748808
2022-08-21T21:00:00,49630.0,49750.0,48750.0,49420.0,83890.44704632
2022-08-22T01:00:00,49370.0,50000.0,49160.0,49790.0,33998.91424698
2022-08-22T05:00:00,49790.0,50560.0,49400.0,49970.0,91196.79522796
2022-08-22T09:00:00,49960.0,50160.0,49500.0,49760.0,88705.26927495
2022-08-22T13:00:00,49750.0,49910.0,48000.0,48100.0,142840.84306243
2022-08-22T17:00:00,48100.0,48170.0,47000.0,47620.0,366605.09848833
2022-08-22T21:00:00,47620.0,47810.0,46800.0,47770.0,273461.48130487
2022-08-23T01:00:00,47770.0,48040.0,46860.0,47530.0,96378.28326895
2022-08-23T05:00:00,47560.0,48590.0,47260.0,48460.0,170296.260097
2022-08-23T09:00:00,48450.0,48600.0,48060.0,48200.0,175500.90016029
2022-08-23T13:00:00,48110.0,48350.0,46980.0,47790.0,175357.6289312
2022-08-23T17:00:00,47780.0,48840.0,47610.0,48710.0,147800.99206339
2022-08-23T21:00:00,48710.0,49150.0,48150.0,48770.0,252880.4130843
2022-08-24T01:00:00,48740.0,48740.0,48040.0,48290.0,61726.87086596
2022-08-24T05:00:00,48290.0,48750.0,48150.0,48570.0,84741.25958437
2022-08-24T09:00:00,48570.0,48700.0,47150.0,47410.0,189464.83598613
2022-08-24T13:00:00,47410.0,48200.0,47290.0,47670.0,99964.47114311
2022-08-24T17:00:00,47650.0,48280.0,47650.0,48230.0,70698.25884113
2022-08-24T21:00:00,48220.0,48940.0,47980.0,48920.0,157800.72946616
2022-08-25T01:00:00,48920.0,49330.0,48430.0,48660.0,103159.92287763
2022-08-25T05:00:00,48640.0,48930.0,47540.0,47560.0,106782.1528069
2022-08-25T09:00:00,47560.0,48410.0,47550.0,47970.0,120119.62369174
2022-08-25T13:00:00,47950.0,49070.0,47910.0,49040.0,130273.02748176
2022-08-25T17:00:00,49040.0,49160.0,48610.0,49140.0,130079.54890605
2022-08-25T21:00:00,49130.0,49300.0,48150.0,48620.0,148098.74741245
2022-08-26T01:00:00,48620.0,48740.0,48260.0,48620.0,32732.89643537
2022-08-26T05:00:00,48560.0,48720.0,47800.0,47980.0,106605.47214601
2022-08-26T09:00:00,47990.0,48000.0,47130.0,47600.0,185493.07815797
2022-08-26T13:00:00,47590.0,47730.0,46760.0,47110.0,162446.20777278
2022-08-26T17:00:00,47110.0,47230.0,46370.0,46750.0,156042.05757532
2022-08-26T21:00:00,46740.0,48430.0,45370.0,45720.0,537839.18986296
2022-08-27T01:00:00,45720.0,45850.0,45000.0,45360.0,139365.89386534
2022-08-27T05:00:00,45340.0,45520.0,43400.0,43860.0,241401.13531875
2022-08-27T09:00:00,43870.0,44350.0,43500.0,43920.0,145828.20750221
2022-08-27T13:00:00,43920.0,44500.0,43130.0,44490.0,134376.86579755
2022-08-27T17:00:00,44470.0,44510.0,43900.0,44150.0,69047.71303034
2022-08-27T21:00:00,44150.0,44260.0,43040.0,43370.0,133255.22462252
2022-08-28T01:00:00,43350.0,43450.0,42810.0,43340.0,59870.07562603
2022-08-28T05:00:00,43340.0,43780.0,43030.0,43640.0,57938.17138688
2022-08-28T09:00:00,43650.0,43950.0,43240.0,43530.0,77198.8780954
2022-08-28T13:00:00,43540.0,43950.0,43390.0,43870.0,56855.66974948
2022-08-28T17:00:00,43900.0,44230.0,43520.0,43900.0,77546.50858456
2022-08-28T21:00:00,43900.0,44040.0,43180.0,43960.0,80050.19657411
2022-08-29T01:00:00,43960.0,44390.0,43720.0,43780.0,29584.6154616
2022-08-29T05:00:00,43770.0,43960.0,41890.0,42160.0,120783.02942149
2022-08-29T09:00:00,42160.0,42900.0,41600.0,42500.0,164152.4579635
2022-08-29T13:00:00,42500.0,42710.0,41830.0,42440.0,132510.30067129
2022-08-29T17:00:00,42440.0,42620.0,42130.0,42450.0,71983.9254145
2022-08-29T21:00:00,42450.0,44300.0,42390.0,43700.0,252050.70455516
2022-08-30T01:00:00,43700.0,43900.0,43200.0,43280.0,108748.91859176
2022-08-30T05:00:00,43280.0,44630.0,43230.0,44360.0,105574.04090709
2022-08-30T09:00:00,44350.0,44490.0,43850.0,44420.0,108001.4792929
2022-08-30T13:00:00,44400.0,45200.0,44390.0,44900.0,165938.45003702
2022-08-30T17:00:00,44900.0,45520.0,44800.0,44980.0,100046.156118
2022-08-30T21:00:00,44980.0,45080.0,42760.0,43230.0,229021.07118285
2022-08-31T01:00:00,43230.0,44160.0,42560.0,43560.0,111586.19904289
2022-08-31T05:00:00,43570.0,44230.0,43180.0,43370.0,71339.98517343
2022-08-31T09:00:00,43420.0,44670.0,43370.0,44330.0,133498.2752889
2022-08-31T13:00:00,44330.0,44790.0,43930.0,44150.0,91175.47218843
2022-08-31T17:00:00,44150.0,44860.0,43690.0,44570.0,90702.66298136
2022-08-31T21:00:00,44590.0,44980.0,43350.0,43860.0,156436.97703915
2022-09-01T01:00:00,43860.0,44310.0,43320.0,44010.0,56052.58190763
2022-09-01T05:00:00,44030.0,44390.0,42890.0,43300.0,85584.12507636
2022-09-01T09:00:00,43300.0,43560.0,42720.0,43020.0,104849.62961677
2022-09-01T13:00:00,43020.0,43350.0,42520.0,42760.0,75150.72824017
2022-09-01T17:00:00,42760.0,43410.0,42580.0,43270.0,68243.72717035
2022-09-01T21:00:00,43280.0,43300.0,42140.0,42480.0,147543.64730476
2022-09-02T01:00:00,42540.0,42890.0,42170.0,42810.0,61763.91462146
2022-09-02T05:00:00,42830.0,43630.0,42790.0,43390.0,113406.38481936
2022-09-02T09:00:00,43390.0,43630.0,42810.0,43340.0,111522.20393285
2022-09-02T13:00:00,43340.0,44000.0,43200.0,43500.0,75679.34437419
2022-09-02T17:00:00,43500.0,43580.0,43030.0,43470.0,58656.94407331
2022-09-02T21:00:00,43460.0,44360.0,43300.0,44270.0,187778.75329709
2022-09-03T01:00:00,44270.0,44330.0,42660.0,43020.0,113870.0962739
2022-09-03T05:00:00,42990.0,43240.0,42860.0,43200.0,39812.17412189
2022-09-03T09:00:00,43190.0,43240.0,42860.0,42880.0,60684.17688698
2022-09-03T13:00:00,42880.0,43210.0,42750.0,43080.0,43186.16914565
2022-09-03T17:00:00,43050.0,43160.0,42840.0,43040.0,32486.29447655
2022-09-03T21:00:00,43040.0,43230.0,42990.0,43050.0,45720.05868394
2022-09-04T01:00:00,43050.0,43180.0,42790.0,43000.0,22917.90052894
2022-09-04T05:00:00,43000.0,43170.0,42890.0,43070.0,14188.05597308
2022-09-04T09:00:00,43070.0,43820.0,43000.0,43470.0,95048.34394799
2022-09-04T13:00:00,43490.0,43670.0,43130.0,43180.0,62018.281265
2022-09-04T17:00:00,43130.0,43960.0,43010.0,43960.0,75602.75649066
2022-09-04T21:00:00,43920.0,44170.0,43490.0,43920.0,77474.26476952
2022-09-05T01:00:00,43890.0,44070.0,43650.0,43780.0,22072.78506607
2022-09-05T05:00:00,43730.0,44350.0,43730.0,44240.0,50850.0613149
2022-09-05T09:00:00,44200.0,44700.0,44200.0,44350.0,78556.01532658
2022-09-05T13:00:00,44350.0,44400.0,43560.0,43750.0,75879.46079669
2022-09-05T17:00:00,43750.0,43840.0,43100.0,43300.0,71596.65350091
2022-09-05T21:00:00,43300.0,44120.0,43180.0,44030.0,111983.80759266
2022-09-06T01:00:00,44030.0,44210.0,43800.0,43890.0,48495.41790641
2022-09-06T05:00:00,43890.0,44640.0,43880.0,44350.0,74965.6392911
2022-09-06T09:00:00,44360.0,46050.0,44290.0,45000.0,342762.34305083
2022-09-06T13:00:00,45000.0,45650.0,44810.0,45400.0,94217.92130804
2022-09-06T17:00:00,45350.0,45880.0,45130.0,45760.0,102023.20191298
2022-09-06T21:00:00,45760.0,46870.0,44850.0,46640.0,276211.27199555
2022-09-07T01:00:00,46620.0,46710.0,43050.0,43400.0,317237.15077812
2022-09-07T05:00:00,43440.0,43850.0,42750.0,43210.0,124229.50237622
2022-09-07T09:00:00,43210.0,43870.0,42700.0,43440.0,131288.24940895
2022-09-07T13:00:00,43440.0,43810.0,43200.0,43730.0,59721.07423217
2022-09-07T17:00:00,43730.0,44000.0,43500.0,43770.0,51557.32424839
2022-09-07T21:00:00,43740.0,44300.0,43450.0,44070.0,87585.65606759
2022-09-08T01:00:00,44090.0,45270.0,43970.0,44660.0,77390.62962043
2022-09-08T05:00:00,44660.0,45680.0,44650.0,45340.0,100156.02418093
2022-09-08T09:00:00,45340.0,45610.0,44880.0,45240.0,98841.99351768
2022-09-08T13:00:00,45180.0,45560.0,44660.0,45170.0,74583.50734212
2022-09-08T17:00:00,45100.0,46400.0,45100.0,45800.0,88849.68446755
2022-09-08T21:00:00,45780.0,47300.0,44910.0,46460.0,205326.62178236
2022-09-09T01:00:00,46460.0,46640.0,45750.0,46500.0,55643.18744725
2022-09-09T05:00:00,46490.0,46960.0,46310.0,46630.0,43039.41679753
2022-09-09T09:00:00,46630.0,48140.0,46620.0,48020.0,153877.90392497
2022-09-09T13:00:00,48020.0,48950.0,47970.0,48570.0,187716.74896921
2022-09-09T17:00:00,48560.0,49260.0,48260.0,48600.0,162294.81099048
2022-09-09T21:00:00,48610.0,49080.0,47890.0,48120.0,141444.79228897
2022-09-10T01:00:00,48120.0,48370.0,47550.0,47950.0,89901.18252379
2022-09-10T05:00:00,47870.0,48310.0,47300.0,47660.0,133007.49834923
2022-09-10T09:00:00,47650.0,48120.0,47080.0,47850.0,126951.43782057
2022-09-10T13:00:00,47840.0,48400.0,47370.0,47400.0,111776.88804376
2022-09-10T17:00:00,47420.0,47890.0,47390.0,47740.0,68542.66467304
2022-09-10T21:00:00,47740.0,48000.0,47110.0,47380.0,70337.39811085
2022-09-11T01:00:00,47380.0,48130.0,47150.0,48020.0,36758.88845384
2022-09-11T05:00:00,48000.0,48470.0,47640.0,48090.0,54963.9975463
2022-09-11T09:00:00,48080.0,48490.0,47810.0,47860.0,76157.44050832
2022-09-11T13:00:00,47860.0,48130.0,47000.0,47500.0,124889.18781802
2022-09-11T17:00:00,47500.0,47720.0,47340.0,47630.0,58404.88746896
2022-09-11T21:00:00,47630.0,48120.0,47370.0,48050.0,109810.20181603
2022-09-12T01:00:00,48110.0,49340.0,48060.0,48470.0,206695.22953121
2022-09-12T05:00:00,48420.0,48800.0,47360.0,48130.0,69267.25519904
2022-09-12T09:00:00,48150.0,49860.0,47450.0,48040.0,257255.78111001
2022-09-12T13:00:00,48040.0,48810.0,47730.0,48750.0,107121.35962405
2022-09-12T17:00:00,48750.0,52090.0,48470.0,51500.0,789435.87200514
2022-09-12T21:00:00,51520.0,52420.0,50460.0,50900.0,435533.36495784
2022-09-13T01:00:00,50840.0,51700.0,50440.0,51450.0,87233.05733722
2022-09-13T05:00:00,51450.0,51790.0,50850.0,51190.0,113328.59397892
2022-09-13T09:00:00,51250.0,53270.0,50310.0,53000.0,318808.22442972
2022-09-13T13:00:00,52980.0,53270.0,52210.0,52520.0,194068.33528849
2022-09-13T17:00:00,52520.0,53160.0,52190.0,52540.0,116734.49259636
2022-09-13T21:00:00,52540.0,53150.0,47870.0,48280.0,782554.12537624
2022-09-14T01:00:00,48270.0,48820.0,46380.0,47270.0,245244.27406161
2022-09-14T05:00:00,47310.0,47500.0,46070.0,46200.0,254506.23287115
2022-09-14T09:00:00,46250.0,47230.0,45660.0,46900.0,392058.59861181
2022-09-14T13:00:00,46810.0,47250.0,45810.0,46200.0,200451.19425267
2022-09-14T17:00:00,46200.0,46790.0,45790.0,46100.0,166395.88857579
2022-09-14T21:00:00,46100.0,46940.0,45700.0,46790.0,227443.42868525
2022-09-15T01:00:00,46790.0,46790.0,45820.0,46730.0,77033.13849673
2022-09-15T05:00:00,46720.0,47730.0,46510.0,47550.0,141062.82547937
2022-09-15T09:00:00,47550.0,47640.0,46020.0,46250.0,206252.45624102
2022-09-15T13:00:00,46250.0,48400.0,45950.0,48240.0,293934.34613643
2022-09-15T17:00:00,48240.0,48350.0,47090.0,47450.0,153011.84389784
2022-09-15T21:00:00,47450.0,47660.0,45510.0,46290.0,243908.50829888
2022-09-16T01:00:00,46350.0,47270.0,46160.0,46960.0,69529.13423283
2022-09-16T05:00:00,46950.0,47370.0,46070.0,46480.0,66290.38321771
2022-09-16T09:00:00,46480.0,46660.0,45750.0,46250.0,119978.30646643
2022-09-16T13:00:00,46250.0,46550.0,46110.0,46180.0,84261.18772743
2022-09-16T17:00:00,46180.0,46450.0,45600.0,46410.0,76681.78561165
2022-09-16T21:00:00,46400.0,46420.0,45010.0,45370.0,155613.38037503
2022-09-17T01:00:00,45380.0,45380.0,44500.0,45300.0,102699.93130402
2022-09-17T05:00:00,45260.0,45550.0,45150.0,45470.0,48295.86822867
2022-09-17T09:00:00,45480.0,46430.0,45460.0,45970.0,97408.5274959
2022-09-17T13:00:00,45960.0,46400.0,45840.0,46100.0,38912.72092271
2022-09-17T17:00:00,46100.0,46290.0,45810.0,45900.0,36303.31548538
2022-09-17T21:00:00,45820.0,46610.0,45750.0,46570.0,59570.19530336
2022-09-18T01:00:00,46570.0,47000.0,46390.0,46610.0,28571.61597145
2022-09-18T05:00:00,46550.0,47180.0,46410.0,46920.0,63823.59220133
2022-09-18T09:00:00,46950.0,47250.0,46430.0,46570.0,67092.45624535
2022-09-18T13:00:00,46570.0,47250.0,46550.0,47180.0,54219.65770678
2022-09-18T17:00:00,47150.0,47340.0,46150.0,46530.0,77480.12483943
2022-09-18T21:00:00,46530.0,46740.0,45900.0,46030.0,66729.32018537
2022-09-19T01:00:00,46030.0,46170.0,44940.0,45330.0,112290.22453869
2022-09-19T05:00:00,45330.0,45360.0,43350.0,43650.0,202758.23734465
2022-09-19T09:00:00,43700.0,44450.0,42910.0,43380.0,240078.53041247
2022-09-19T13:00:00,43380.0,44360.0,43340.0,43900.0,194512.21008894
2022-09-19T17:00:00,43900.0,44300.0,43240.0,44000.0,85607.58999356
2022-09-19T21:00:00,44030.0,45770.0,43980.0,44960.0,175609.27871329
2022-09-20T01:00:00,44960.0,46250.0,44750.0,45980.0,61642.97580859
2022-09-20T05:00:00,45990.0,46360.0,45660.0,45700.0,101190.9116772
2022-09-20T09:00:00,45690.0,46090.0,44790.0,45390.0,98811.64169624
2022-09-20T13:00:00,45380.0,45880.0,45030.0,45390.0,62176.11653743
2022-09-20T17:00:00,45340.0,45670.0,44920.0,45170.0,58517.27494519
2022-09-20T21:00:00,45180.0,45730.0,44440.0,45720.0,106255.57110025
2022-09-21T01:00:00,45690.0,45710.0,44240.0,44610.0,73607.51408882
2022-09-21T05:00:00,44640.0,44800.0,44010.0,44200.0,50554.35649773
2022-09-21T09:00:00,44220.0,44810.0,44000.0,44620.0,73757.97175386
2022-09-21T13:00:00,44620.0,44880.0,44160.0,44550.0,61548.4588159
2022-09-21T17:00:00,44580.0,44950.0,44170.0,44950.0,57419.53318919
2022-09-21T21:00:00,44940.0,45260.0,43950.0,44250.0,87806.31590865
2022-09-22T01:00:00,44250.0,46980.0,43210.0,44600.0,295071.89566976
2022-09-22T05:00:00,44510.0,44700.0,42580.0,43550.0,196023.08158887
2022-09-22T09:00:00,43550.0,44280.0,43520.0,43990.0,137651.000748
2022-09-22T13:00:00,43990.0,45100.0,43970.0,45030.0,79787.6890231
2022-09-22T17:00:00,45030.0,45780.0,45020.0,45700.0,106187.25813945
2022-09-22T21:00:00,45710.0,45840.0,44760.0,45100.0,98275.42768973
2022-09-23T01:00:00,45100.0,46380.0,44700.0,45820.0,57681.15952998
2022-09-23T05:00:00,45820.0,46220.0,45400.0,45810.0,81545.95663841
2022-09-23T09:00:00,45770.0,46900.0,45450.0,46670.0,113265.97602114
2022-09-23T13:00:00,46670.0,47080.0,46000.0,46070.0,122369.97337749
2022-09-23T17:00:00,46070.0,46240.0,44740.0,45060.0,151784.80686363
2022-09-23T21:00:00,45060.0,45870.0,44460.0,45030.0,103805.12658858
2022-09-24T01:00:00,45040.0,45600.0,44590.0,45600.0,47361.90804375
2022-09-24T05:00:00,45610.0,48100.0,45600.0,47800.0,170657.37833615
2022-09-24T09:00:00,47800.0,48900.0,47420.0,48280.0,135218.21018614
2022-09-24T13:00:00,48280.0,48370.0,47710.0,48040.0,83680.39726273
2022-09-24T17:00:00,48020.0,49730.0,47810.0,49180.0,182737.81252291
2022-09-24T21:00:00,49180.0,49360.0,48000.0,48210.0,111451.52237373
2022-09-25T01:00:00,48140.0,48600.0,47570.0,48500.0,48051.45213247
2022-09-25T05:00:00,48450.0,48530.0,47380.0,47850.0,86301.37972514
2022-09-25T09:00:00,47850.0,48140.0,47700.0,48130.0,53666.03508915
2022-09-25T13:00:00,48130.0,48590.0,48030.0,48470.0,41581.10260975
2022-09-25T17:00:00,48490.0,48490.0,47970.0,48090.0,54065.58419797
2022-09-25T21:00:00,48090.0,48260.0,47040.0,47530.0,107330.4135467
2022-09-26T01:00:00,47590.0,47790.0,46770.0,46970.0,41368.57457649
2022-09-26T05:00:00,46950.0,46950.0,45900.0,46470.0,91383.24231975
2022-09-26T09:00:00,46470.0,46820.0,46100.0,46700.0,89823.82649613
2022-09-26T13:00:00,46700.0,46860.0,45900.0,46710.0,105586.71313063
2022-09-26T17:00:00,46720.0,47780.0,46350.0,46850.0,115285.91324332
2022-09-26T21:00:00,46840.0,47940.0,46510.0,47440.0,87470.91897643
2022-09-27T01:00:00,47440.0,48600.0,46890.0,48400.0,64249.72433723
2022-09-27T05:00:00,48400.0,48530.0,47750.0,48440.0,70957.73562733
2022-09-27T09:00:00,48380.0,49900.0,48250.0,49540.0,208899.84332438
2022-09-27T13:00:00,49530.0,49900.0,49260.0,49260.0,95789.77666821
2022-09-27T17:00:00,49250.0,49770.0,48890.0,49320.0,89848.50716601
2022-09-27T21:00:00,49300.0,50300.0,49060.0,49120.0,122232.32470772
2022-09-28T01:00:00,49110.0,49350.0,46210.0,46950.0,193547.49003593
2022-09-28T05:00:00,46950.0,47460.0,46630.0,47090.0,79684.77816658
2022-09-28T09:00:00,47100.0,47430.0,45720.0,46600.0,146995.42005583
2022-09-28T13:00:00,46580.0,47140.0,46270.0,46880.0,90442.85296512
2022-09-28T17:00:00,46890.0,47510.0,46240.0,47020.0,97423.1949699
2022-09-28T21:00:00,47060.0,47790.0,46930.0,47740.0,132854.54841214
2022-09-29T01:00:00,47740.0,48480.0,47190.0,48290.0,81943.89915097
2022-09-29T05:00:00,48300.0,48530.0,47700.0,47730.0,67635.11723496
2022-09-29T09:00:00,47750.0,48920.0,47610.0,48570.0,140771.87517935
2022-09-29T13:00:00,48560.0,48950.0,47780.0,48190.0,118214.28048419
2022-09-29T17:00:00,48120.0,48790.0,48030.0,48580.0,87478.22027686
2022-09-29T21:00:00,48580.0,49200.0,47210.0,49110.0,234265.66061749
2022-09-30T01:00:00,49110.0,49470.0,48120.0,48570.0,103043.24341336
2022-09-30T05:00:00,48620.0,48880.0,48110.0,48520.0,81266.81872972
2022-09-30T09:00:00,48520.0,49200.0,48360.0,48870.0,86310.99625974
2022-09-30T13:00:00,48880.0,49140.0,48590.0,48960.0,63793.05275147
2022-09-30T17:00:00,48960.0,49530.0,48650.0,48750.0,112994.84357588
2022-09-30T21:00:00,48760.0,50480.0,47930.0,49620.0,292503.43538882
2022-10-01T01:00:00,49610.0,49940.0,48410.0,48580.0,54414.13462079
2022-10-01T05:00:00,48490.0,48740.0,47170.0,47780.0,153463.89700781
2022-10-01T09:00:00,47790.0,47980.0,47340.0,47810.0,105907.86588435
2022-10-01T13:00:00,47810.0,47860.0,47460.0,47780.0,47774.69472138
2022-10-01T17:00:00,47790.0,47860.0,47460.0,47680.0,47377.36352654
2022-10-01T21:00:00,47680.0,47770.0,47430.0,47580.0,37270.17173634
2022-10-02T01:00:00,47580.0,47600.0,46890.0,47300.0,39275.23796852
2022-10-02T05:00:00,47250.0,47360.0,47040.0,47070.0,30746.53546159
2022-10-02T09:00:00,47070.0,47600.0,47060.0,47400.0,41295.51169422
2022-10-02T13:00:00,47390.0,47630.0,47350.0,47470.0,24764.22680527
2022-10-02T17:00:00,47470.0,47570.0,46530.0,47200.0,80554.86780398
2022-10-02T21:00:00,47160.0,47230.0,46740.0,46970.0,36789.27055695
2022-10-03T01:00:00,46960.0,47470.0,46910.0,47350.0,12232.51941492
2022-10-03T05:00:00,47380.0,47390.0,46450.0,46650.0,47573.06504495
2022-10-03T09:00:00,46650.0,47100.0,46280.0,46880.0,48840.43711194
2022-10-03T13:00:00,46890.0,47050.0,46490.0,46830.0,34774.20967889
2022-10-03T17:00:00,46770.0,47090.0,46650.0,47090.0,23762.43831782
2022-10-03T21:00:00,47090.0,47800.0,47020.0,47370.0,77652.55069966
2022-10-04T01:00:00,47370.0,47800.0,47230.0,47520.0,31049.97461083
2022-10-04T05:00:00,47540.0,47830.0,47250.0,47460.0,43712.40127507
2022-10-04T09:00:00,47450.0,47730.0,47330.0,47660.0,42958.28420742
2022-10-04T13:00:00,47660.0,48440.0,47500.0,48340.0,73096.22417536
2022-10-04T17:00:00,48320.0,48500.0,48040.0,48220.0,49946.14882006
2022-10-04T21:00:00,48220.0,49180.0,48130.0,48840.0,93051.41825913
2022-10-05T01:00:00,48810.0,48930.0,48350.0,48570.0,45236.1550935
2022-10-05T05:00:00,48580.0,48910.0,48390.0,48600.0,49526.10061465
2022-10-05T09:00:00,48600.0,49020.0,48410.0,48680.0,52558.51331319
2022-10-05T13:00:00,48670.0,48760.0,48410.0,48470.0,49025.71352844
2022-10-05T17:00:00,48480.0,48560.0,47800.0,47930.0,67419.81646856
2022-10-05T21:00:00,47880.0,48240.0,47550.0,48200.0,74892.34687572
2022-10-06T01:00:00,48200.0,48770.0,48080.0,48200.0,29475.94726054
2022-10-06T05:00:00,48200.0,48610.0,48050.0,48500.0,21481.42068391
2022-10-06T09:00:00,48500.0,48950.0,48420.0,48540.0,66559.41089621
2022-10-06T13:00:00,48530.0,48650.0,48030.0,48210.0,51973.47510852
2022-10-06T17:00:00,48240.0,48400.0,48100.0,48380.0,35343.6628222
2022-10-06T21:00:00,48360.0,48540.0,47820.0,48080.0,83316.35700103
2022-10-07T01:00:00,48070.0,48290.0,47860.0,47930.0,18986.6076216
2022-10-07T05:00:00,47880.0,48000.0,47390.0,47590.0,65448.98914674
2022-10-07T09:00:00,47540.0,47930.0,47490.0,47830.0,38677.63376063
2022-10-07T13:00:00,47830.0,47900.0,47320.0,47510.0,40178.68063769
2022-10-07T17:00:00,47510.0,47650.0,47210.0,47410.0,45895.37465729
2022-10-07T21:00:00,47400.0,47460.0,46550.0,47000.0,151855.03752492
2022-10-08T01:00:00,47000.0,47250.0,46790.0,47100.0,30879.26269802
2022-10-08T05:00:00,47030.0,47260.0,46910.0,47040.0,26176.43956811
2022-10-08T09:00:00,47030.0,47190.0,46820.0,46940.0,57982.591376
2022-10-08T13:00:00,46940.0,47070.0,46830.0,47070.0,21528.62846164
2022-10-08T17:00:00,47040.0,47080.0,46850.0,46960.0,19954.86533278
2022-10-08T21:00:00,46960.0,47000.0,46780.0,46930.0,26478.74001512
2022-10-09T01:00:00,46930.0,47100.0,46800.0,46810.0,14387.44868519
2022-10-09T05:00:00,46830.0,47030.0,46560.0,46710.0,31557.1477683
2022-10-09T09:00:00,46700.0,46790.0,46410.0,46450.0,36698.10733458
2022-10-09T13:00:00,46450.0,46800.0,46420.0,46750.0,19351.92751089
2022-10-09T17:00:00,46750.0,47060.0,46590.0,46840.0,28555.18324357
2022-10-09T21:00:00,46850.0,47190.0,46790.0,47150.0,28051.45999851
2022-10-10T01:00:00,47130.0,47190.0,46870.0,46900.0,9673.98845095
2022-10-10T05:00:00,46920.0,46990.0,46560.0,46850.0,23447.1435436
2022-10-10T09:00:00,46820.0,47620.0,46690.0,47110.0,52485.41811006
2022-10-10T13:00:00,47100.0,47200.0,46900.0,46990.0,20483.84370081
2022-10-10T17:00:00,46990.0,47010.0,46360.0,46790.0,57098.52769385
2022-10-10T21:00:00,46790.0,47120.0,46460.0,46660.0,42587.36545037
2022-10-11T01:00:00,46660.0,46740.0,46320.0,46510.0,24730.25000588
2022-10-11T05:00:00,46500.0,46600.0,45760.0,45800.0,57718.73232098
2022-10-11T09:00:00,45810.0,45830.0,44650.0,45070.0,122238.72539621
2022-10-11T13:00:00,45070.0,45360.0,45010.0,45300.0,23474.43734212
2022-10-11T17:00:00,45330.0,45380.0,44810.0,45220.0,35229.57510791
2022-10-11T21:00:00,45220.0,45500.0,44700.0,45290.0,60514.30066717
2022-10-12T01:00:00,45290.0,45620.0,44820.0,44830.0,27428.1130644
2022-10-12T05:00:00,44840.0,45060.0,43700.0,44150.0,91385.42846721
2022-10-12T09:00:00,44150.0,44590.0,43950.0,44310.0,75242.70732926
2022-10-12T13:00:00,44350.0,44890.0,44350.0,44710.0,37440.40713946
2022-10-12T17:00:00,44710.0,45060.0,44540.0,44690.0,26101.24702241
2022-10-12T21:00:00,44690.0,44930.0,44370.0,44750.0,48338.89221566
2022-10-13T01:00:00,44750.0,44750.0,44260.0,44620.0,10061.6836177
2022-10-13T05:00:00,44560.0,44700.0,44470.0,44540.0,11306.62443597
2022-10-13T09:00:00,44500.0,44560.0,43550.0,43980.0,71299.12840843
2022-10-13T13:00:00,43990.0,44000.0,42250.0,42590.0,143636.05263666
2022-10-13T17:00:00,42620.0,42910.0,40820.0,41520.0,189619.89745193
2022-10-13T21:00:00,41520.0,43380.0,40640.0,42990.0,294721.84430855
2022-10-14T01:00:00,42990.0,44560.0,42890.0,44050.0,64100.34911867
2022-10-14T05:00:00,44050.0,44490.0,43810.0,43810.0,34528.99112039
2022-10-14T09:00:00,43810.0,45680.0,43770.0,45190.0,136685.07182655
2022-10-14T13:00:00,45140.0,45640.0,44730.0,44930.0,54437.1211868
2022-10-14T17:00:00,44910.0,45210.0,44690.0,44860.0,47484.83970121
2022-10-14T21:00:00,44850.0,45490.0,44310.0,44340.0,82233.5246652
2022-10-15T01:00:00,44320.0,44420.0,43180.0,43460.0,61399.18106508
2022-10-15T05:00:00,43490.0,43580.0,42750.0,43330.0,45676.02873242
2022-10-15T09:00:00,43310.0,43470.0,43100.0,43350.0,36019.96110356
2022-10-15T13:00:00,43360.0,43480.0,43130.0,43290.0,24448.8371357
2022-10-15T17:00:00,43210.0,43270.0,42700.0,43200.0,31611.79650691
2022-10-15T21:00:00,43200.0,43450.0,42910.0,43160.0,16925.56989586
2022-10-16T01:00:00,43160.0,43310.0,42950.0,43070.0,9844.66612243
2022-10-16T05:00:00,43070.0,43090.0,42600.0,42770.0,19486.85563222
2022-10-16T09:00:00,42780.0,43160.0,42770.0,43040.0,21711.46832887
2022-10-16T13:00:00,43040.0,43170.0,42880.0,42930.0,10044.70691417
2022-10-16T17:00:00,42960.0,43280.0,42940.0,43170.0,18662.41934949
2022-10-16T21:00:00,43120.0,43220.0,42960.0,43130.0,15499.19197037
2022-10-17T01:00:00,43130.0,43680.0,43040.0,43680.0,9060.21840012
2022-10-17T05:00:00,43640.0,43820.0,43100.0,43320.0,21799.46001854
2022-10-17T09:00:00,43270.0,43460.0,42860.0,43050.0,40597.36987639
2022-10-17T13:00:00,43050.0,43590.0,43020.0,43530.0,28898.93237248
2022-10-17T17:00:00,43510.0,44180.0,43280.0,43820.0,39548.87012998
2022-10-17T21:00:00,43810.0,44720.0,43680.0,44290.0,78544.29353689
2022-10-18T01:00:00,44280.0,44400.0,43910.0,44150.0,9555.33323012
2022-10-18T05:00:00,44120.0,44700.0,44050.0,44580.0,29463.81516686
2022-10-18T09:00:00,44580.0,44960.0,44220.0,44430.0,42299.58570931
2022-10-18T13:00:00,44420.0,44680.0,44220.0,44500.0,33087.24543838
2022-10-18T17:00:00,44500.0,44520.0,43680.0,44200.0,57306.64345504
2022-10-18T21:00:00,44200.0,44360.0,43380.0,43580.0,59951.39800103
2022-10-19T01:00:00,43630.0,43820.0,42910.0,43320.0,40897.31818434
2022-10-19T05:00:00,43320.0,43740.0,43240.0,43370.0,27120.84531018
2022-10-19T09:00:00,43390.0,43500.0,42850.0,43080.0,50646.84565847
2022-10-19T13:00:00,43080.0,43200.0,42820.0,43070.0,26807.44735783
2022-10-19T17:00:00,43040.0,43420.0,42800.0,43050.0,35811.21759758
2022-10-19T21:00:00,43050.0,43220.0,42700.0,43160.0,42279.749042
2022-10-20T01:00:00,43150.0,43150.0,42630.0,42850.0,18152.6007406
2022-10-20T05:00:00,42850.0,42990.0,41550.0,41800.0,68763.99065262
2022-10-20T09:00:00,41800.0,41970.0,41150.0,41810.0,74697.39063678
2022-10-20T13:00:00,41810.0,42370.0,41780.0,42080.0,44935.1373068
2022-10-20T17:00:00,42100.0,42370.0,42010.0,42200.0,24098.93654531
2022-10-20T21:00:00,42190.0,42370.0,41840.0,42040.0,45923.33278389
2022-10-21T01:00:00,42040.0,42040.0,40900.0,41120.0,54897.07096269
2022-10-21T05:00:00,41080.0,41260.0,40760.0,40870.0,58073.10520425
2022-10-21T09:00:00,40890.0,41270.0,40710.0,40890.0,86317.18703795
2022-10-21T13:00:00,40880.0,40960.0,40580.0,40750.0,47587.53041777
2022-10-21T17:00:00,40730.0,40750.0,39650.0,39900.0,169032.32664694
2022-10-21T21:00:00,39890.0,40550.0,39160.0,40520.0,156808.38126413
2022-10-22T01:00:00,40540.0,40950.0,40380.0,40890.0,32414.77321109
2022-10-22T05:00:00,40910.0,41130.0,40740.0,40980.0,29683.27384863
2022-10-22T09:00:00,41040.0,41050.0,40260.0,40500.0,50574.16178939
2022-10-22T13:00:00,40450.0,40560.0,40280.0,40470.0,19749.51381486
2022-10-22T17:00:00,40470.0,40750.0,40320.0,40580.0,41164.12073327
2022-10-22T21:00:00,40590.0,41100.0,40500.0,40840.0,68660.68742306
2022-10-23T01:00:00,40810.0,40920.0,40570.0,40780.0,19046.11248287
2022-10-23T05:00:00,40780.0,41100.0,40750.0,40990.0,21413.51659272
2022-10-23T09:00:00,40990.0,41910.0,40880.0,41480.0,78549.81026907
2022-10-23T13:00:00,41480.0,41570.0,41070.0,41250.0,34355.76666546
2022-10-23T17:00:00,41250.0,41400.0,40780.0,40830.0,33265.88307288
2022-10-23T21:00:00,40820.0,40960.0,40620.0,40710.0,41966.24841608
2022-10-24T01:00:00,40740.0,41960.0,40500.0,41480.0,35600.5123363
2022-10-24T05:00:00,41430.0,42240.0,41340.0,41960.0,49564.4524427
2022-10-24T09:00:00,41960.0,42320.0,41260.0,41370.0,62167.71727971
2022-10-24T13:00:00,41360.0,41460.0,41100.0,41250.0,29351.83816238
2022-10-24T17:00:00,41210.0,41980.0,41210.0,41950.0,29785.18008284
2022-10-24T21:00:00,41950.0,41960.0,40840.0,41300.0,69301.68029413
2022-10-25T01:00:00,41300.0,41590.0,41090.0,41380.0,12983.76279707
2022-10-25T05:00:00,41330.0,41470.0,41020.0,41100.0,22960.22818453
2022-10-25T09:00:00,41100.0,41290.0,40730.0,41070.0,52270.88940808
2022-10-25T13:00:00,41070.0,41240.0,41030.0,41090.0,19482.96489808
2022-10-25T17:00:00,41090.0,41120.0,40550.0,40910.0,37074.88688008
2022-10-25T21:00:00,40920.0,42450.0,40730.0,42310.0,79673.87350419
2022-10-26T01:00:00,42310.0,45700.0,42310.0,44440.0,351764.91377358
2022-10-26T05:00:00,44440.0,44570.0,43510.0,43680.0,97218.74150568
2022-10-26T09:00:00,43680.0,44410.0,43630.0,44110.0,72647.05565502
2022-10-26T13:00:00,44100.0,44450.0,43860.0,44330.0,58696.30579957
2022-10-26T17:00:00,44330.0,44840.0,44010.0,44130.0,82926.21466305
2022-10-26T21:00:00,44120.0,45100.0,43210.0,44210.0,158386.60570741
2022-10-27T01:00:00,44160.0,44410.0,43580.0,43900.0,32062.31196324
2022-10-27T05:00:00,43900.0,44200.0,43500.0,43850.0,38042.83488919
2022-10-27T09:00:00,43840.0,44270.0,43650.0,44040.0,55737.45380668
2022-10-27T13:00:00,44030.0,45050.0,43750.0,44020.0,88056.49814028
2022-10-27T17:00:00,44010.0,44320.0,43680.0,43850.0,53641.63358849
2022-10-27T21:00:00,43850.0,44730.0,43700.0,43940.0,78478.69117434
2022-10-28T01:00:00,43900.0,44180.0,43730.0,43900.0,18066.85773142
2022-10-28T05:00:00,44000.0,44010.0,43000.0,43110.0,64832.43778081
2022-10-28T09:00:00,43110.0,43450.0,42800.0,43100.0,51602.71273946
2022-10-28T13:00:00,43070.0,43280.0,42630.0,42730.0,41683.57637807
2022-10-28T17:00:00,42730.0,43200.0,42730.0,43000.0,25039.71972089
2022-10-28T21:00:00,42990.0,44180.0,42690.0,43840.0,82133.20951085
2022-10-29T01:00:00,43840.0,45320.0,43730.0,44910.0,62848.99584399
2022-10-29T05:00:00,44880.0,45540.0,44810.0,44930.0,55827.1650641
2022-10-29T09:00:00,44930.0,45990.0,44540.0,45900.0,78779.68944232
2022-10-29T13:00:00,45920.0,46420.0,45610.0,46350.0,65714.93746861
2022-10-29T17:00:00,46360.0,46980.0,45990.0,46160.0,136733.21087334
2022-10-29T21:00:00,46160.0,46600.0,45830.0,46270.0,79358.41968598
2022-10-30T01:00:00,46270.0,46700.0,45780.0,45960.0,70046.5269252
2022-10-30T05:00:00,45950.0,46130.0,45530.0,45750.0,22538.4361942
2022-10-30T09:00:00,45730.0,46420.0,45630.0,46050.0,33682.65130809
2022-10-30T13:00:00,46000.0,46730.0,45650.0,46550.0,68478.37498928
2022-10-30T17:00:00,46550.0,46680.0,45130.0,45570.0,80037.83801248
2022-10-30T21:00:00,45600.0,45620.0,44920.0,45070.0,46339.99160599
2022-10-31T01:00:00,45030.0,45290.0,44850.0,45220.0,9551.81725477
2022-10-31T05:00:00,45270.0,46200.0,44700.0,45960.0,42514.86388726
2022-10-31T09:00:00,45930.0,46560.0,45310.0,45870.0,60695.62683054
2022-10-31T13:00:00,45860.0,46560.0,45800.0,46550.0,70688.81745982
2022-10-31T17:00:00,46550.0,48130.0,46230.0,47740.0,197810.70783619
2022-10-31T21:00:00,47700.0,48100.0,45740.0,46390.0,305174.45680569
2022-11-01T01:00:00,46390.0,46680.0,45750.0,45750.0,34760.00075178
2022-11-01T05:00:00,45740.0,45930.0,45290.0,45660.0,31650.03594002
2022-11-01T09:00:00,45660.0,46140.0,45540.0,45810.0,37179.49576986
2022-11-01T13:00:00,45800.0,46330.0,45460.0,46070.0,84625.43678996
2022-11-01T17:00:00,46100.0,46400.0,45650.0,46030.0,98597.14237146
2022-11-01T21:00:00,46030.0,46160.0,45290.0,45440.0,45460.65174062
2022-11-02T01:00:00,45440.0,45590.0,45100.0,45240.0,23929.47296709
2022-11-02T05:00:00,45230.0,45400.0,45160.0,45180.0,14918.02587357
2022-11-02T09:00:00,45180.0,45250.0,44710.0,45180.0,46762.88206742
2022-11-02T13:00:00,45180.0,45290.0,44300.0,44560.0,40475.38576439
2022-11-02T17:00:00,44540.0,45790.0,43780.0,44110.0,77874.02855842
2022-11-02T21:00:00,44110.0,44380.0,43880.0,44270.0,37490.21034644
2022-11-03T01:00:00,44270.0,46200.0,43690.0,43830.0,142785.55890645
2022-11-03T05:00:00,43840.0,43990.0,42990.0,43760.0,118345.31246997
2022-11-03T09:00:00,43750.0,44890.0,43560.0,44840.0,69112.76851051
2022-11-03T13:00:00,44820.0,45420.0,44500.0,44790.0,71352.2774448
2022-11-03T17:00:00,44790.0,45220.0,44060.0,44280.0,58563.31342129
2022-11-03T21:00:00,44260.0,44650.0,43920.0,44220.0,89971.71404135
2022-11-04T01:00:00,44220.0,44510.0,44220.0,44430.0,20551.39019049
2022-11-04T05:00:00,44420.0,44520.0,43580.0,43820.0,52532.28690137
2022-11-04T09:00:00,43810.0,44990.0,43710.0,44990.0,72834.61479485
2022-11-04T13:00:00,45000.0,45850.0,44780.0,45670.0,99409.2494568
2022-11-04T17:00:00,45670.0,46000.0,45160.0,45360.0,79237.87962018
2022-11-04T21:00:00,45360.0,47290.0,44970.0,46260.0,198294.58587056
2022-11-05T01:00:00,46230.0,46810.0,45790.0,46600.0,43041.24068459
2022-11-05T05:00:00,46620.0,47350.0,46460.0,46810.0,44858.07122315
2022-11-05T09:00:00,46800.0,48680.0,46670.0,48190.0,203134.70183075
2022-11-05T13:00:00,48160.0,49600.0,47850.0,48880.0,143679.46748156
2022-11-05T17:00:00,48880.0,49220.0,48210.0,49050.0,106345.16436288
2022-11-05T21:00:00,49050.0,53090.0,48040.0,51870.0,1013565.83532052
2022-11-06T01:00:00,51890.0,53880.0,49890.0,51480.0,988162.89822953
2022-11-06T05:00:00,51480.0,52130.0,50880.0,51640.0,277582.36494765
2022-11-06T09:00:00,51630.0,51990.0,49920.0,50400.0,399253.01279445
2022-11-06T13:00:00,50370.0,50670.0,49770.0,50570.0,167335.51717443
2022-11-06T17:00:00,50580.0,51050.0,49920.0,50010.0,239856.71192618
2022-11-06T21:00:00,50020.0,50270.0,49370.0,49400.0,319469.42830585
2022-11-07T01:00:00,49400.0,49560.0,47700.0,48100.0,260992.93594126
2022-11-07T05:00:00,48130.0,48200.0,46830.0,47020.0,328496.45393516
2022-11-07T09:00:00,47020.0,47580.0,46000.0,46280.0,451318.19662298
2022-11-07T13:00:00,46270.0,46370.0,44680.0,44790.0,387861.17713519
2022-11-07T17:00:00,44780.0,45530.0,44700.0,45110.0,205790.49975292
2022-11-07T21:00:00,45110.0,46130.0,44730.0,46130.0,242740.24686317
2022-11-08T01:00:00,46100.0,46200.0,45280.0,45820.0,117659.80616712
2022-11-08T05:00:00,45870.0,46050.0,43860.0,44390.0,293824.10783233
2022-11-08T09:00:00,44390.0,44570.0,40450.0,40470.0,815314.39900027
2022-11-08T13:00:00,40460.0,41410.0,39850.0,40330.0,658376.60454968
2022-11-08T17:00:00,40330.0,41050.0,39650.0,39860.0,801448.25299347
2022-11-08T21:00:00,39870.0,40300.0,38110.0,39190.0,1232052.78878049
2022-11-09T01:00:00,39200.0,44540.0,31660.0,34070.0,6167967.4545546
2022-11-09T05:00:00,34080.0,35330.0,32800.0,35210.0,1053867.25924278
2022-11-09T09:00:00,35200.0,35210.0,30200.0,31330.0,1914117.39816222
2022-11-09T13:00:00,31340.0,31530.0,27330.0,27460.0,3702706.48973341
2022-11-09T17:00:00,27430.0,29080.0,23840.0,28650.0,8208965.67459234
2022-11-09T21:00:00,28660.0,29600.0,24140.0,24400.0,8466253.70244022
2022-11-10T01:00:00,24400.0,24800.0,18640.0,19890.0,7215607.24332298
2022-11-10T05:00:00,19890.0,20880.0,17790.0,20330.0,6469056.75838669
2022-11-10T09:00:00,20300.0,22700.0,19100.0,21980.0,11398720.26852585
2022-11-10T13:00:00,22000.0,23050.0,21000.0,21910.0,7024932.75665394
2022-11-10T17:00:00,21910.0,21920.0,18860.0,20010.0,8839460.55520516
2022-11-10T21:00:00,20020.0,25910.0,19690.0,24510.0,23833383.68931644
2022-11-11T01:00:00,24510.0,26190.0,22730.0,24100.0,7785129.11896255
2022-11-11T05:00:00,24100.0,25640.0,23590.0,25000.0,3655902.420882
2022-11-11T09:00:00,25010.0,26080.0,22190.0,23020.0,8314802.22838987
2022-11-11T13:00:00,23010.0,24440.0,22740.0,23700.0,3536589.09132706
2022-11-11T17:00:00,23690.0,25250.0,23640.0,25170.0,3877662.85984743
2022-11-11T21:00:00,25170.0,25210.0,21650.0,22810.0,8564149.63650935
2022-11-12T01:00:00,22820.0,23000.0,22070.0,22490.0,1892525.64344952
2022-11-12T05:00:00,22490.0,22950.0,21410.0,22950.0,1826464.5045737
2022-11-12T09:00:00,22950.0,23240.0,21800.0,21990.0,2502579.29686662
2022-11-12T13:00:00,22000.0,22100.0,20410.0,21430.0,3047220.84868764
2022-11-12T17:00:00,21430.0,21800.0,20840.0,21190.0,1424525.93274467
2022-11-12T21:00:00,21190.0,21480.0,20410.0,20460.0,1212257.16286862
2022-11-13T01:00:00,20460.0,21060.0,20400.0,20960.0,419033.7713368
2022-11-13T05:00:00,20940.0,20950.0,20130.0,20370.0,583323.5427628
2022-11-13T09:00:00,20360.0,20490.0,19540.0,20150.0,2001355.42381515
2022-11-13T13:00:00,20150.0,20310.0,18700.0,19180.0,2256820.00753465
2022-11-13T17:00:00,19190.0,19280.0,18300.0,19030.0,1916395.20153042
2022-11-13T21:00:00,19030.0,19930.0,18800.0,19380.0,1749680.38558978
2022-11-14T01:00:00,19360.0,19550.0,18800.0,19230.0,486015.4169362
2022-11-14T05:00:00,19230.0,19270.0,17960.0,18120.0,1042741.26732505
2022-11-14T09:00:00,18130.0,18340.0,16160.0,17700.0,3413331.28107504
2022-11-14T13:00:00,17710.0,20210.0,16900.0,19870.0,5843302.41351174
2022-11-14T17:00:00,19870.0,20520.0,19260.0,19490.0,3529110.35159465
2022-11-14T21:00:00,19490.0,20470.0,18400.0,18650.0,4673878.69740795
2022-11-15T01:00:00,18640.0,19370.0,18120.0,18750.0,793955.08232969
2022-11-15T05:00:00,18760.0,19390.0,18570.0,19150.0,857364.30043737
2022-11-15T09:00:00,19150.0,19800.0,18820.0,19350.0,1826773.94992492
2022-11-15T13:00:00,19370.0,19990.0,18960.0,19670.0,1201275.10063721
2022-11-15T17:00:00,19680.0,20270.0,19640.0,19780.0,1353179.56197114
2022-11-15T21:00:00,19780.0,20520.0,19180.0,19530.0,2240869.61891069
2022-11-16T01:00:00,19520.0,19850.0,19230.0,19520.0,468336.14096901
2022-11-16T05:00:00,19510.0,19640.0,19340.0,19520.0,429532.71702544
2022-11-16T09:00:00,19520.0,19870.0,19170.0,19740.0,798494.09257009
2022-11-16T13:00:00,19740.0,19840.0,19460.0,19580.0,488481.65977915
2022-11-16T17:00:00,19580.0,20150.0,19250.0,19400.0,1391385.87987785
2022-11-16T21:00:00,19400.0,19420.0,18780.0,18970.0,795978.96444334
2022-11-17T01:00:00,18960.0,19510.0,18810.0,19450.0,226851.35811044
2022-11-17T05:00:00,19440.0,19850.0,19420.0,19660.0,348309.56341326
2022-11-17T09:00:00,19660.0,19950.0,19500.0,19550.0,558762.06422084
2022-11-17T13:00:00,19550.0,19800.0,19310.0,19600.0,414626.82040249
2022-11-17T17:00:00,19600.0,19700.0,19340.0,19590.0,279887.70946884
2022-11-17T21:00:00,19590.0,19600.0,17930.0,18650.0,2740430.17152579
2022-11-18T01:00:00,18650.0,18900.0,18340.0,18490.0,368356.63110046
2022-11-18T05:00:00,18490.0,18940.0,18440.0,18800.0,298835.74283245
2022-11-18T09:00:00,18800.0,19050.0,18610.0,18800.0,595444.08057365
2022-11-18T13:00:00,18800.0,18890.0,18650.0,18720.0,410496.74779829
2022-11-18T17:00:00,18740.0,18860.0,18520.0,18680.0,415801.96767152
2022-11-18T21:00:00,18680.0,18780.0,18260.0,18430.0,522460.68217564
2022-11-19T01:00:00,18430.0,18470.0,18040.0,18200.0,292248.71796748
2022-11-19T05:00:00,18200.0,18380.0,18160.0,18380.0,271430.68876356
2022-11-19T09:00:00,18380.0,18400.0,17500.0,17820.0,709344.26635385
2022-11-19T13:00:00,17830.0,17990.0,17630.0,17810.0,301514.81481551
2022-11-19T17:00:00,17810.0,18030.0,17750.0,17820.0,260097.32246361
2022-11-19T21:00:00,17820.0,17890.0,17400.0,17650.0,699735.79481794
2022-11-20T01:00:00,17650.0,17810.0,17550.0,17680.0,186084.05702435
2022-11-20T05:00:00,17690.0,17940.0,17650.0,17790.0,219113.55772761
2022-11-20T09:00:00,17790.0,17870.0,17510.0,17860.0,524796.36235753
2022-11-20T13:00:00,17860.0,18750.0,17850.0,18010.0,1133816.74811859
2022-11-20T17:00:00,18000.0,18040.0,17410.0,17460.0,670677.58772544
2022-11-20T21:00:00,17460.0,19150.0,17310.0,18050.0,3432634.14115434
2022-11-21T01:00:00,18050.0,18080.0,17650.0,17760.0,263936.016995
2022-11-21T05:00:00,17760.0,17810.0,16970.0,17180.0,572317.19519323
2022-11-21T09:00:00,17170.0,17190.0,16240.0,16450.0,1291016.14541744
2022-11-21T13:00:00,16450.0,16830.0,16310.0,16450.0,555630.56554959
2022-11-21T17:00:00,16450.0,16680.0,16240.0,16540.0,508039.12217517
2022-11-21T21:00:00,16540.0,17090.0,16410.0,16650.0,701743.54239781
2022-11-22T01:00:00,16640.0,16860.0,16010.0,16170.0,307951.06693035
2022-11-22T05:00:00,16170.0,16840.0,16140.0,16650.0,467656.4122874
2022-11-22T09:00:00,16650.0,16980.0,16290.0,16320.0,585356.90137879
2022-11-22T13:00:00,16320.0,16480.0,16020.0,16180.0,458229.85180715
2022-11-22T17:00:00,16180.0,16180.0,15720.0,15800.0,649383.38723935
2022-11-22T21:00:00,15800.0,16830.0,15630.0,16780.0,1532385.31747677
2022-11-23T01:00:00,16790.0,16970.0,16280.0,16470.0,326077.34300607
2022-11-23T05:00:00,16470.0,17320.0,16460.0,17250.0,508307.56233556
2022-11-23T09:00:00,17250.0,18690.0,17080.0,18030.0,2311124.72295397
2022-11-23T13:00:00,18030.0,18270.0,17720.0,18080.0,767435.5337419
2022-11-23T17:00:00,18080.0,18500.0,17790.0,18320.0,810564.38466418
2022-11-23T21:00:00,18330.0,18380.0,17540.0,17990.0,786614.95625755
2022-11-24T01:00:00,17990.0,19500.0,17890.0,19180.0,940246.95284653
2022-11-24T05:00:00,19180.0,19840.0,18890.0,19620.0,1509138.01377764
2022-11-24T09:00:00,19610.0,20530.0,19120.0,19970.0,2531254.06246947
2022-11-24T13:00:00,19960.0,20000.0,19340.0,19600.0,861300.51307858
2022-11-24T17:00:00,19590.0,19700.0,18710.0,19130.0,1329385.20110646
2022-11-24T21:00:00,19140.0,19680.0,18920.0,19420.0,818675.26845275
2022-11-25T01:00:00,19410.0,19890.0,19270.0,19460.0,444122.17378809
2022-11-25T05:00:00,19420.0,19750.0,19240.0,19660.0,305552.58497524
2022-11-25T09:00:00,19650.0,19650.0,18830.0,19100.0,620460.39694983
2022-11-25T13:00:00,19100.0,19190.0,18710.0,19170.0,398138.82373174
2022-11-25T17:00:00,19160.0,19540.0,18890.0,19320.0,400267.73641512
2022-11-25T21:00:00,19320.0,19450.0,19000.0,19130.0,330124.54191487
2022-11-26T01:00:00,19130.0,19180.0,18900.0,19150.0,118895.34201034
2022-11-26T05:00:00,19180.0,19270.0,18960.0,18970.0,153272.96592091
2022-11-26T09:00:00,18970.0,19710.0,18850.0,19370.0,628291.12198261
2022-11-26T13:00:00,19350.0,19500.0,19260.0,19460.0,278641.0185613
2022-11-26T17:00:00,19470.0,20120.0,19320.0,19820.0,692949.23419206
2022-11-26T21:00:00,19800.0,19850.0,19330.0,19420.0,362598.94737836
2022-11-27T01:00:00,19410.0,19450.0,19030.0,19220.0,178935.9286385
2022-11-27T05:00:00,19220.0,19260.0,18930.0,19070.0,180518.56854739
2022-11-27T09:00:00,19050.0,19290.0,19000.0,19210.0,235641.24731612
2022-11-27T13:00:00,19210.0,19430.0,19180.0,19280.0,258501.21345741
2022-11-27T17:00:00,19280.0,19330.0,19080.0,19290.0,287056.69770659
2022-11-27T21:00:00,19290.0,19380.0,19100.0,19350.0,224226.28440178
2022-11-28T01:00:00,19350.0,19390.0,19160.0,19260.0,56862.05047443
2022-11-28T05:00:00,19250.0,19370.0,18990.0,19030.0,196414.31799843
2022-11-28T09:00:00,19020.0,19100.0,17470.0,17810.0,1302032.63952079
2022-11-28T13:00:00,17810.0,18160.0,17780.0,17960.0,444764.95986004
2022-11-28T17:00:00,17960.0,18080.0,17850.0,18000.0,267883.93021082
2022-11-28T21:00:00,18000.0,18120.0,17640.0,17780.0,341151.42452592
2022-11-29T01:00:00,17780.0,18550.0,17560.0,18020.0,330349.01636052
2022-11-29T05:00:00,18020.0,18120.0,17920.0,17980.0,100630.84338288
2022-11-29T09:00:00,17990.0,18160.0,17730.0,18040.0,329361.00124471
2022-11-29T13:00:00,18030.0,18490.0,18010.0,18280.0,361394.44715181
2022-11-29T17:00:00,18280.0,18580.0,18200.0,18270.0,253123.31961663
2022-11-29T21:00:00,18270.0,18280.0,17900.0,18020.0,277083.30998604
2022-11-30T01:00:00,18000.0,18030.0,17820.0,17970.0,68242.9477142
2022-11-30T05:00:00,17960.0,18100.0,17840.0,17910.0,109905.13096299
2022-11-30T09:00:00,17910.0,18500.0,17900.0,18010.0,524285.27328931
2022-11-30T13:00:00,18000.0,18210.0,18000.0,18160.0,186400.59301972
2022-11-30T17:00:00,18160.0,18270.0,18090.0,18190.0,124496.66031284
2022-11-30T21:00:00,18190.0,18210.0,17930.0,18010.0,178217.95112601
2022-12-01T01:00:00,18010.0,18380.0,17640.0,18100.0,253751.57349539
2022-12-01T05:00:00,18090.0,18890.0,18070.0,18670.0,339101.34441971
2022-12-01T09:00:00,18670.0,18720.0,18210.0,18350.0,264963.35624241
2022-12-01T13:00:00,18350.0,18420.0,18220.0,18240.0,120166.01905615
2022-12-01T17:00:00,18240.0,18350.0,18220.0,18290.0,92625.85390264
2022-12-01T21:00:00,18290.0,18440.0,17910.0,18070.0,403648.29608936
2022-12-02T01:00:00,18050.0,18120.0,17920.0,18000.0,49937.95713033
2022-12-02T05:00:00,17990.0,18050.0,17840.0,17970.0,152541.74752268
2022-12-02T09:00:00,17970.0,18130.0,17670.0,17770.0,238764.05154751
2022-12-02T13:00:00,17770.0,17860.0,17600.0,17820.0,194457.00729406
2022-12-02T17:00:00,17820.0,18280.0,17800.0,18230.0,626730.38458858
2022-12-02T21:00:00,18230.0,18500.0,17940.0,18220.0,445820.53196864
2022-12-03T01:00:00,18210.0,18400.0,18120.0,18370.0,94986.08257647
2022-12-03T05:00:00,18380.0,18500.0,18290.0,18320.0,99896.25850494
2022-12-03T09:00:00,18320.0,18420.0,18160.0,18250.0,111655.58738781
2022-12-03T13:00:00,18250.0,18350.0,18150.0,18210.0,109795.36118668
2022-12-03T17:00:00,18210.0,18270.0,18080.0,18150.0,100021.02905799
2022-12-03T21:00:00,18150.0,18300.0,18110.0,18250.0,95276.8792904
2022-12-04T01:00:00,18220.0,18310.0,18140.0,18190.0,27705.44141852
2022-12-04T05:00:00,18220.0,18230.0,17850.0,17960.0,176181.56018504
2022-12-04T09:00:00,17960.0,18260.0,17930.0,18050.0,411218.50720847
2022-12-04T13:00:00,18050.0,18180.0,18010.0,18150.0,143108.53255995
2022-12-04T17:00:00,18140.0,18150.0,17950.0,17980.0,113722.0277329
2022-12-04T21:00:00,17980.0,18130.0,17950.0,18100.0,88487.74843202
2022-12-05T01:00:00,18110.0,18180.0,18050.0,18170.0,34136.56739332
2022-12-05T05:00:00,18170.0,18420.0,18140.0,18330.0,118990.58512553
2022-12-05T09:00:00,18340.0,19000.0,18260.0,18580.0,1008132.40816726
2022-12-05T13:00:00,18580.0,18670.0,18440.0,18560.0,292518.13188946
2022-12-05T17:00:00,18570.0,18790.0,18530.0,18620.0,330482.11582672
2022-12-05T21:00:00,18620.0,18680.0,18300.0,18390.0,254139.68858091
2022-12-06T01:00:00,18400.0,18730.0,18280.0,18380.0,172025.1995249
2022-12-06T05:00:00,18380.0,18780.0,18340.0,18500.0,167525.11876673
2022-12-06T09:00:00,18490.0,19160.0,18440.0,18950.0,457586.12467626
2022-12-06T13:00:00,18950.0,19350.0,18770.0,19000.0,684338.92938206
2022-12-06T17:00:00,18990.0,19040.0,18690.0,18820.0,210997.54380539
2022-12-06T21:00:00,18810.0,18990.0,18630.0,18750.0,247344.10830827
2022-12-07T01:00:00,18750.0,18890.0,18700.0,18790.0,42463.99684546
2022-12-07T05:00:00,18770.0,19140.0,18770.0,19100.0,136087.9623989
2022-12-07T09:00:00,19100.0,19170.0,18730.0,18730.0,254939.79019673
2022-12-07T13:00:00,18730.0,18760.0,18150.0,18210.0,367702.95326791
2022-12-07T17:00:00,18210.0,18400.0,18050.0,18270.0,377994.39274286
2022-12-07T21:00:00,18270.0,18430.0,18250.0,18320.0,150387.6580311
2022-12-08T01:00:00,18330.0,18410.0,18170.0,18200.0,46907.38267182
2022-12-08T05:00:00,18200.0,18260.0,18080.0,18100.0,109966.03961259
2022-12-08T09:00:00,18100.0,18180.0,17900.0,18030.0,253052.69717072
2022-12-08T13:00:00,18030.0,18140.0,17800.0,18090.0,243421.0255478
2022-12-08T17:00:00,18090.0,18180.0,17930.0,18070.0,164806.64035047
2022-12-08T21:00:00,18080.0,18190.0,17990.0,18120.0,114721.21679926
2022-12-09T01:00:00,18140.0,18340.0,18110.0,18290.0,56242.19547237
2022-12-09T05:00:00,18300.0,18310.0,18150.0,18200.0,115256.17726665
2022-12-09T09:00:00,18200.0,18290.0,18110.0,18240.0,151524.13958923
2022-12-09T13:00:00,18240.0,18240.0,18090.0,18160.0,81004.45611496
2022-12-09T17:00:00,18160.0,18600.0,18110.0,18450.0,312766.01773067
2022-12-09T21:00:00,18440.0,18520.0,18220.0,18480.0,206849.985524
2022-12-10T01:00:00,18490.0,18490.0,18100.0,18180.0,77342.98892907
2022-12-10T05:00:00,18180.0,18220.0,18070.0,18110.0,60954.37306265
2022-12-10T09:00:00,18130.0,18230.0,18080.0,18170.0,95204.04663757
2022-12-10T13:00:00,18170.0,18320.0,18150.0,18190.0,75420.43976109
2022-12-10T17:00:00,18180.0,18200.0,18100.0,18150.0,89253.51596287
2022-12-10T21:00:00,18160.0,18200.0,18090.0,18150.0,83671.62787995
2022-12-11T01:00:00,18160.0,18270.0,18130.0,18170.0,32163.60955511
2022-12-11T05:00:00,18160.0,18210.0,18050.0,18100.0,53775.1705763
2022-12-11T09:00:00,18090.0,18170.0,18030.0,18150.0,87581.83056192
2022-12-11T13:00:00,18160.0,18180.0,18090.0,18140.0,51726.68703287
2022-12-11T17:00:00,18150.0,18160.0,18090.0,18120.0,51497.10688311
2022-12-11T21:00:00,18120.0,18260.0,18060.0,18170.0,95908.43451084
2022-12-12T01:00:00,18170.0,18280.0,18130.0,18220.0,35524.26074063
2022-12-12T05:00:00,18210.0,18230.0,17860.0,17910.0,151164.96205243
2022-12-12T09:00:00,17900.0,18030.0,17100.0,17310.0,363824.05329377
2022-12-12T13:00:00,17300.0,17410.0,17240.0,17250.0,132808.16149336
2022-12-12T17:00:00,17250.0,17570.0,17210.0,17500.0,109075.68395032
2022-12-12T21:00:00,17500.0,17540.0,17290.0,17420.0,108513.36744386
2022-12-13T01:00:00,17420.0,17580.0,17410.0,17580.0,24388.18594827
2022-12-13T05:00:00,17580.0,17740.0,17540.0,17690.0,70968.81202808
2022-12-13T09:00:00,17680.0,17760.0,17340.0,17360.0,104861.1786777
2022-12-13T13:00:00,17350.0,17390.0,16850.0,17110.0,234638.17595203
2022-12-13T17:00:00,17110.0,17580.0,17030.0,17580.0,156857.20202824
2022-12-13T21:00:00,17570.0,18740.0,17320.0,17940.0,1090665.0116712
2022-12-14T01:00:00,17940.0,18110.0,17840.0,18040.0,181917.73369538
2022-12-14T05:00:00,18040.0,18120.0,17930.0,18090.0,66590.44680562
2022-12-14T09:00:00,18090.0,18280.0,18010.0,18240.0,116496.43493305
2022-12-14T13:00:00,18210.0,18330.0,18000.0,18160.0,98381.99842661
2022-12-14T17:00:00,18150.0,18320.0,18140.0,18280.0,124308.63939512
2022-12-14T21:00:00,18270.0,19020.0,18230.0,18940.0,607134.13422467
2022-12-15T01:00:00,18930.0,19500.0,18570.0,18770.0,909017.26318319
2022-12-15T05:00:00,18770.0,19030.0,18410.0,18420.0,355357.24863511
2022-12-15T09:00:00,18420.0,19050.0,18200.0,18820.0,648345.56665359
2022-12-15T13:00:00,18820.0,18870.0,18550.0,18580.0,265373.99793681
2022-12-15T17:00:00,18580.0,18680.0,18400.0,18560.0,248719.58067869
2022-12-15T21:00:00,18560.0,18650.0,18300.0,18450.0,261234.20474511
2022-12-16T01:00:00,18450.0,18670.0,18330.0,18630.0,100065.6425067
2022-12-16T05:00:00,18630.0,18750.0,18420.0,18570.0,91946.27848586
2022-12-16T09:00:00,18570.0,18650.0,18330.0,18480.0,184372.37312539
2022-12-16T13:00:00,18480.0,18550.0,18270.0,18530.0,129262.81003183
2022-12-16T17:00:00,18530.0,18550.0,17690.0,17890.0,413028.00825726
2022-12-16T21:00:00,17890.0,17890.0,17240.0,17330.0,422569.31458292
2022-12-17T01:00:00,17320.0,17450.0,16860.0,17320.0,376987.14834043
2022-12-17T05:00:00,17320.0,17400.0,16060.0,16380.0,644026.33714195
2022-12-17T09:00:00,16400.0,16550.0,15800.0,16260.0,607963.09976447
2022-12-17T13:00:00,16260.0,16610.0,16130.0,16500.0,206837.90405108
2022-12-17T17:00:00,16500.0,16550.0,16290.0,16340.0,156837.02643095
2022-12-17T21:00:00,16340.0,16360.0,16180.0,16320.0,114708.37152825
2022-12-18T01:00:00,16310.0,16340.0,16080.0,16230.0,52622.55830219
2022-12-18T05:00:00,16260.0,16610.0,16220.0,16590.0,62636.7762628
2022-12-18T09:00:00,16580.0,16620.0,16410.0,16540.0,68776.042746
2022-12-18T13:00:00,16540.0,16700.0,16480.0,16520.0,96721.56778346
2022-12-18T17:00:00,16520.0,16550.0,16280.0,16410.0,117804.47906028
2022-12-18T21:00:00,16410.0,16520.0,16310.0,16340.0,70372.1924603
2022-12-19T01:00:00,16330.0,16590.0,16310.0,16480.0,47506.16735047
2022-12-19T05:00:00,16460.0,16690.0,16390.0,16440.0,88446.53539019
2022-12-19T09:00:00,16440.0,16620.0,16060.0,16160.0,194787.82753032
2022-12-19T13:00:00,16150.0,16250.0,16060.0,16150.0,114274.86111615
2022-12-19T17:00:00,16150.0,16310.0,16130.0,16210.0,83126.77336727
2022-12-19T21:00:00,16210.0,16270.0,16040.0,16070.0,90239.05986652
2022-12-20T01:00:00,16070.0,16150.0,15790.0,15870.0,141226.17961162
2022-12-20T05:00:00,15870.0,15990.0,15320.0,15720.0,261258.78564346
2022-12-20T09:00:00,15720.0,16200.0,15550.0,16000.0,215297.55612816
2022-12-20T13:00:00,16020.0,16300.0,16000.0,16140.0,139987.87176285
2022-12-20T17:00:00,16130.0,16230.0,16060.0,16170.0,95319.44659287
2022-12-20T21:00:00,16170.0,16280.0,15930.0,16070.0,171143.27829701
2022-12-21T01:00:00,16070.0,16080.0,15850.0,15960.0,84535.8773562
2022-12-21T05:00:00,15950.0,16060.0,15910.0,16010.0,79816.89690329
2022-12-21T09:00:00,16000.0,16080.0,15720.0,15810.0,296657.95118109
2022-12-21T13:00:00,15810.0,15820.0,15530.0,15710.0,154274.81874217
2022-12-21T17:00:00,15700.0,15880.0,15610.0,15810.0,142428.0984454
2022-12-21T21:00:00,15810.0,15840.0,15620.0,15760.0,116167.87007791
2022-12-22T01:00:00,15760.0,15780.0,15610.0,15640.0,33980.11416118
2022-12-22T05:00:00,15640.0,15930.0,15580.0,15830.0,63522.31855073
2022-12-22T09:00:00,15830.0,15860.0,15730.0,15740.0,71823.06138259
2022-12-22T13:00:00,15740.0,15770.0,15500.0,15660.0,99377.83780679
2022-12-22T17:00:00,15670.0,15840.0,15620.0,15790.0,109376.29802035
2022-12-22T21:00:00,15800.0,15860.0,15290.0,15380.0,237632.19533474
2022-12-23T01:00:00,15380.0,15520.0,15290.0,15450.0,60281.66442805
2022-12-23T05:00:00,15450.0,15710.0,15250.0,15380.0,277588.79284291
2022-12-23T09:00:00,15380.0,15680.0,15210.0,15610.0,329446.46523051
2022-12-23T13:00:00,15600.0,15640.0,15380.0,15450.0,162247.16829709
2022-12-23T17:00:00,15440.0,15530.0,15340.0,15470.0,115699.87062127
2022-12-23T21:00:00,15470.0,15590.0,15350.0,15420.0,172266.59776624
2022-12-24T01:00:00,15420.0,15450.0,15370.0,15430.0,29231.81437901
2022-12-24T05:00:00,15430.0,15470.0,15350.0,15370.0,95482.77704329
2022-12-24T09:00:00,15370.0,15380.0,15290.0,15330.0,145384.25757275
2022-12-24T13:00:00,15330.0,15350.0,14510.0,14800.0,797933.31577454
2022-12-24T17:00:00,14800.0,14800.0,14620.0,14780.0,352032.76175862
2022-12-24T21:00:00,14780.0,14860.0,14710.0,14840.0,153650.588436
2022-12-25T01:00:00,14830.0,15060.0,14790.0,15050.0,95562.09730897
2022-12-25T05:00:00,15050.0,15110.0,14820.0,14920.0,115728.81251052
2022-12-25T09:00:00,14910.0,14980.0,14840.0,14920.0,164614.17890088
2022-12-25T13:00:00,14930.0,15080.0,14850.0,14960.0,275524.89765751
2022-12-25T17:00:00,14950.0,14960.0,14670.0,14780.0,225100.23236536
2022-12-25T21:00:00,14770.0,14810.0,14600.0,14700.0,153358.55768297
2022-12-26T01:00:00,14700.0,14770.0,14640.0,14770.0,50654.52263335
2022-12-26T05:00:00,14780.0,14830.0,14690.0,14730.0,46392.25536166
2022-12-26T09:00:00,14730.0,14850.0,14540.0,14690.0,199331.89764596
2022-12-26T13:00:00,14700.0,14710.0,14500.0,14550.0,151735.67647543
2022-12-26T17:00:00,14550.0,14600.0,14500.0,14590.0,124081.18153061
2022-12-26T21:00:00,14580.0,14590.0,14290.0,14380.0,156099.77454071
2022-12-27T01:00:00,14370.0,14390.0,14180.0,14350.0,97216.55614653
2022-12-27T05:00:00,14350.0,14520.0,14320.0,14500.0,83096.7420524
2022-12-27T09:00:00,14500.0,14620.0,14340.0,14340.0,117686.60733846
2022-12-27T13:00:00,14340.0,14370.0,14260.0,14330.0,82741.44233533
2022-12-27T17:00:00,14310.0,14350.0,14200.0,14210.0,139751.99260406
2022-12-27T21:00:00,14210.0,14260.0,13700.0,13770.0,457561.55842552
2022-12-28T01:00:00,13760.0,14050.0,13720.0,14020.0,180977.54849374
2022-12-28T05:00:00,14020.0,14200.0,13930.0,14110.0,99086.37765729
2022-12-28T09:00:00,14110.0,14140.0,13520.0,13640.0,321997.42467922
2022-12-28T13:00:00,13640.0,13650.0,12310.0,12910.0,1322056.97093141
2022-12-28T17:00:00,12910.0,12980.0,12570.0,12750.0,538548.27137478
2022-12-28T21:00:00,12750.0,13200.0,12580.0,12670.0,1083309.47497859
2022-12-29T01:00:00,12680.0,12870.0,12490.0,12500.0,273619.50942667
2022-12-29T05:00:00,12510.0,12640.0,12110.0,12430.0,609876.32072947
2022-12-29T09:00:00,12430.0,12550.0,12040.0,12370.0,739206.95416895
2022-12-29T13:00:00,12360.0,12370.0,12140.0,12230.0,251234.37350551
2022-12-29T17:00:00,12230.0,12270.0,11740.0,12080.0,976954.26260965
2022-12-29T21:00:00,12080.0,12150.0,11920.0,11990.0,559054.58297889
2022-12-30T01:00:00,11990.0,12050.0,11080.0,11200.0,844430.87462051
2022-12-30T05:00:00,11200.0,13790.0,10140.0,12310.0,5305779.34980807
2022-12-30T09:00:00,12310.0,13080.0,11920.0,12140.0,4937110.95595005
2022-12-30T13:00:00,12130.0,12360.0,11450.0,11560.0,2045191.65834778
2022-12-30T17:00:00,11570.0,11710.0,11420.0,11550.0,994214.7071676
2022-12-30T21:00:00,11540.0,12630.0,11530.0,12130.0,2742553.01128924
2022-12-31T01:00:00,12130.0,12700.0,12030.0,12480.0,777711.26780569
2022-12-31T05:00:00,12470.0,12700.0,12300.0,12570.0,775365.22036931
2022-12-31T09:00:00,12560.0,12730.0,12330.0,12390.0,1505558.26392229
2022-12-31T13:00:00,12390.0,12530.0,12260.0,12490.0,384017.33523481
2022-12-31T17:00:00,12470.0,12620.0,12360.0,12550.0,467669.20523705
2022-12-31T21:00:00,12550.0,12930.0,12530.0,12880.0,1001344.1362246
2023-01-01T01:00:00,12890.0,12920.0,12740.0,12760.0,109451.36008514
2023-01-01T05:00:00,12760.0,12840.0,12550.0,12690.0,238795.02002927
2023-01-01T09:00:00,12680.0,12860.0,12600.0,12710.0,486654.22913058
2023-01-01T13:00:00,12700.0,12730.0,12370.0,12500.0,517167.68723795
2023-01-01T17:00:00,12500.0,12720.0,12390.0,12640.0,325352.86518412
2023-01-01T21:00:00,12630.0,12680.0,12490.0,12550.0,229681.09180575
2023-01-02T01:00:00,12560.0,12780.0,12540.0,12690.0,131539.86713322
2023-01-02T05:00:00,12690.0,12760.0,12650.0,12680.0,155033.10639519
2023-01-02T09:00:00,12690.0,12770.0,12460.0,12740.0,375428.14599863
2023-01-02T13:00:00,12750.0,15270.0,12660.0,14180.0,2494357.41228079
2023-01-02T17:00:00,14170.0,14490.0,13860.0,14030.0,2144687.86653169
2023-01-02T21:00:00,14020.0,14290.0,13980.0,14160.0,780325.47760136
2023-01-03T01:00:00,14160.0,14560.0,14120.0,14340.0,242189.6562676
2023-01-03T05:00:00,14320.0,14510.0,14240.0,14340.0,425942.9963352
2023-01-03T09:00:00,14340.0,14470.0,14060.0,14350.0,956800.9969137
2023-01-03T13:00:00,14360.0,15490.0,14300.0,15260.0,3121124.73061751
2023-01-03T17:00:00,15250.0,15380.0,14960.0,15170.0,1328461.05191719
2023-01-03T21:00:00,15160.0,16920.0,15080.0,16740.0,4333667.03066143
2023-01-04T01:00:00,16730.0,17700.0,16350.0,16620.0,2991743.09467961
2023-01-04T05:00:00,16600.0,17230.0,16600.0,17130.0,1089676.68144707
2023-01-04T09:00:00,17120.0,18080.0,16990.0,17400.0,4250501.8208462
2023-01-04T13:00:00,17380.0,18140.0,17020.0,18070.0,3000377.12595815
2023-01-04T17:00:00,18070.0,18090.0,17360.0,17480.0,1538042.06840191
2023-01-04T21:00:00,17470.0,17570.0,16840.0,17080.0,2070525.42338151
2023-01-05T01:00:00,17080.0,17420.0,16800.0,16900.0,935693.43832686
2023-01-05T05:00:00,16890.0,17430.0,16450.0,17210.0,1116474.66886621
2023-01-05T09:00:00,17210.0,17240.0,16620.0,16900.0,1502838.79860593
2023-01-05T13:00:00,16900.0,17260.0,16830.0,16980.0,691440.41560595
2023-01-05T17:00:00,16970.0,17040.0,16480.0,16920.0,802357.45402308
2023-01-05T21:00:00,16910.0,17120.0,16680.0,17020.0,573020.59834693
2023-01-06T01:00:00,17020.0,17250.0,16750.0,17180.0,237986.76618076
2023-01-06T05:00:00,17180.0,17670.0,17150.0,17230.0,875282.50105441
2023-01-06T09:00:00,17230.0,17370.0,16780.0,16830.0,807229.88703265
2023-01-06T13:00:00,16810.0,16900.0,16530.0,16700.0,616489.89294897
2023-01-06T17:00:00,16700.0,16870.0,16410.0,16540.0,550492.22021689
2023-01-06T21:00:00,16540.0,16790.0,16150.0,16760.0,1041007.7980239
2023-01-07T01:00:00,16760.0,17080.0,16610.0,16970.0,441877.58106809
2023-01-07T05:00:00,16970.0,17260.0,16690.0,17140.0,612208.10809336
2023-01-07T09:00:00,17130.0,17150.0,16850.0,16910.0,600846.42862663
2023-01-07T13:00:00,16910.0,16930.0,16760.0,16870.0,254856.50762764
2023-01-07T17:00:00,16870.0,16900.0,16700.0,16740.0,213831.08821076
2023-01-07T21:00:00,16740.0,16900.0,16740.0,16900.0,208404.66774778
2023-01-08T01:00:00,16880.0,16900.0,16760.0,16840.0,60217.27799631
2023-01-08T05:00:00,16820.0,16850.0,16570.0,16660.0,175873.85103351
2023-01-08T09:00:00,16660.0,17310.0,16320.0,17000.0,1881756.57083199
2023-01-08T13:00:00,16990.0,17060.0,16840.0,17000.0,545733.63196432
2023-01-08T17:00:00,17000.0,17540.0,16930.0,17210.0,1274709.65921261
2023-01-08T21:00:00,17200.0,17770.0,17130.0,17670.0,1156516.88821681
2023-01-09T01:00:00,17660.0,17670.0,17200.0,17260.0,426287.91306289
2023-01-09T05:00:00,17250.0,18900.0,17240.0,18340.0,1196158.26652214
2023-01-09T09:00:00,18340.0,21050.0,18100.0,20240.0,5669636.36374099
2023-01-09T13:00:00,20230.0,20780.0,20090.0,20580.0,1971575.03947965
2023-01-09T17:00:00,20570.0,21200.0,20300.0,20680.0,2160634.36834761
2023-01-09T21:00:00,20680.0,22000.0,20340.0,21600.0,3570391.62453196
2023-01-10T01:00:00,21580.0,21840.0,20430.0,20520.0,1755975.5275565
2023-01-10T05:00:00,20480.0,20950.0,20200.0,20450.0,958048.40934952
2023-01-10T09:00:00,20470.0,20930.0,19560.0,20060.0,1847823.63838394
2023-01-10T13:00:00,20070.0,20520.0,19900.0,20070.0,1156057.14995479
2023-01-10T17:00:00,20070.0,20960.0,19940.0,20180.0,1915394.77456003
2023-01-10T21:00:00,20180.0,20780.0,19880.0,20490.0,1851603.34492101
2023-01-11T01:00:00,20490.0,20720.0,20240.0,20600.0,387764.68808803
2023-01-11T05:00:00,20610.0,21000.0,20290.0,20390.0,675323.26770066
2023-01-11T09:00:00,20390.0,20550.0,20070.0,20190.0,824822.16493317
2023-01-11T13:00:00,20190.0,20360.0,19900.0,20240.0,730320.88381575
2023-01-11T17:00:00,20230.0,20300.0,20060.0,20140.0,305537.42480281
2023-01-11T21:00:00,20130.0,20140.0,19330.0,19440.0,910981.49353628
2023-01-12T01:00:00,19430.0,20220.0,19300.0,20080.0,347654.21588126
2023-01-12T05:00:00,20080.0,20830.0,19790.0,20500.0,1016835.19201768
2023-01-12T09:00:00,20490.0,21280.0,20200.0,20570.0,1602049.71214937
2023-01-12T13:00:00,20570.0,20670.0,20280.0,20360.0,474358.27726516
2023-01-12T17:00:00,20350.0,20360.0,19890.0,20170.0,598718.84167442
2023-01-12T21:00:00,20170.0,20730.0,19600.0,20060.0,1986975.34429229
2023-01-13T01:00:00,20060.0,21000.0,19990.0,20680.0,830549.83443576
2023-01-13T05:00:00,20700.0,20950.0,20500.0,20780.0,976671.61999441
2023-01-13T09:00:00,20780.0,21080.0,20390.0,20920.0,1107111.73478055
2023-01-13T13:00:00,20920.0,21790.0,20910.0,21180.0,2015432.82990987
2023-01-13T17:00:00,21160.0,21440.0,20820.0,20990.0,947622.37490023
2023-01-13T21:00:00,20980.0,21190.0,20680.0,21120.0,866773.812104
2023-01-14T01:00:00,21110.0,21500.0,20780.0,21500.0,513548.32025114
2023-01-14T05:00:00,21500.0,23130.0,21290.0,22760.0,2989503.45570991
2023-01-14T09:00:00,22750.0,28060.0,22590.0,27170.0,8953395.33073625
2023-01-14T13:00:00,27160.0,30590.0,27050.0,29160.0,6197773.63984469
2023-01-14T17:00:00,29150.0,29510.0,26340.0,27720.0,6012938.89525447
2023-01-14T21:00:00,27720.0,29050.0,26880.0,27590.0,3427481.00567925
2023-01-15T01:00:00,27570.0,28920.0,27430.0,28510.0,1682711.72009209
2023-01-15T05:00:00,28500.0,30620.0,27810.0,29930.0,2314708.76440906
2023-01-15T09:00:00,29950.0,31200.0,27930.0,28520.0,5101880.07348356
2023-01-15T13:00:00,28550.0,28680.0,27360.0,27990.0,1469814.77869987
2023-01-15T17:00:00,27990.0,28770.0,27210.0,28410.0,1847335.98397635
2023-01-15T21:00:00,28410.0,29750.0,28280.0,29350.0,3803584.41934112
2023-01-16T01:00:00,29340.0,29410.0,28410.0,28870.0,1006297.14010675
2023-01-16T05:00:00,28860.0,28940.0,28100.0,28400.0,815100.67734054
2023-01-16T09:00:00,28400.0,29920.0,27800.0,28710.0,2324055.99054296
2023-01-16T13:00:00,28710.0,31180.0,28500.0,30030.0,3342730.49079435
2023-01-16T17:00:00,30030.0,30030.0,28380.0,29050.0,3201537.31879978
2023-01-16T21:00:00,29070.0,29260.0,27840.0,28750.0,1590078.11157875
2023-01-17T01:00:00,28740.0,29510.0,28460.0,29230.0,615308.35260008
2023-01-17T05:00:00,29260.0,30100.0,28990.0,29300.0,977108.71298278
2023-01-17T09:00:00,29320.0,29650.0,28330.0,28840.0,1150483.21109225
2023-01-17T13:00:00,28840.0,29580.0,28770.0,29050.0,879799.94567904
2023-01-17T17:00:00,29050.0,29690.0,28970.0,29440.0,866761.41003121
2023-01-17T21:00:00,29450.0,29660.0,28770.0,28930.0,1408763.88484106
2023-01-18T01:00:00,28920.0,29200.0,28640.0,29050.0,296820.32035701
2023-01-18T05:00:00,29050.0,29310.0,28210.0,28420.0,553938.83937808
2023-01-18T09:00:00,28430.0,28950.0,28100.0,28670.0,835314.2297331
2023-01-18T13:00:00,28670.0,28940.0,28300.0,28600.0,445505.94293357
2023-01-18T17:00:00,28600.0,28600.0,27530.0,28020.0,765844.54335304
2023-01-18T21:00:00,28020.0,29200.0,26710.0,27190.0,1488102.46732919
2023-01-19T01:00:00,27200.0,27810.0,25590.0,27130.0,2711415.57927038
2023-01-19T05:00:00,27120.0,27240.0,25770.0,25890.0,1038908.38579693
2023-01-19T09:00:00,25880.0,26900.0,25850.0,26700.0,1122636.7936123
2023-01-19T13:00:00,26700.0,27280.0,26500.0,26530.0,978296.9373498
2023-01-19T17:00:00,26530.0,26760.0,25910.0,26100.0,589275.11399936
2023-01-19T21:00:00,26100.0,26410.0,25500.0,26290.0,1231094.81510735
2023-01-20T01:00:00,26290.0,26990.0,25980.0,26890.0,443262.14721166
2023-01-20T05:00:00,26890.0,27130.0,26430.0,26630.0,429011.49990751
2023-01-20T09:00:00,26620.0,27000.0,26180.0,26650.0,942417.89135654
2023-01-20T13:00:00,26670.0,26760.0,26190.0,26330.0,565189.87075993
2023-01-20T17:00:00,26330.0,26540.0,26200.0,26470.0,315894.06314065
2023-01-20T21:00:00,26430.0,26940.0,26380.0,26730.0,650742.5460206
2023-01-21T01:00:00,26730.0,29020.0,26710.0,28930.0,1526433.54333232
2023-01-21T05:00:00,28900.0,31860.0,28890.0,31560.0,3887914.72980397
2023-01-21T09:00:00,31550.0,31920.0,30120.0,30760.0,2639103.73658105
2023-01-21T13:00:00,30750.0,32200.0,30640.0,31980.0,2134588.05472323
2023-01-21T17:00:00,31980.0,32930.0,30610.0,31390.0,3836733.34639579
2023-01-21T21:00:00,31390.0,32370.0,31170.0,31380.0,2258342.12620294
2023-01-22T01:00:00,31380.0,32380.0,31300.0,31870.0,1295248.62523172
2023-01-22T05:00:00,31870.0,31910.0,30500.0,30570.0,901110.82231294
2023-01-22T09:00:00,30560.0,31560.0,30400.0,31220.0,1012459.54327118
2023-01-22T13:00:00,31220.0,31770.0,31180.0,31430.0,1444671.01567135
2023-01-22T17:00:00,31430.0,31590.0,30910.0,31100.0,785453.17230822
2023-01-22T21:00:00,31100.0,31600.0,30760.0,31060.0,1186448.4595695
2023-01-23T01:00:00,31060.0,31310.0,30800.0,30970.0,341241.00795406
2023-01-23T05:00:00,31020.0,31020.0,29490.0,30290.0,957876.93006941
2023-01-23T09:00:00,30300.0,31080.0,30130.0,30640.0,1178675.37962863
2023-01-23T13:00:00,30660.0,31000.0,30500.0,30590.0,410865.49513633
2023-01-23T17:00:00,30590.0,30900.0,30240.0,30760.0,555234.87721016
2023-01-23T21:00:00,30760.0,30800.0,29630.0,30220.0,979016.55774189
2023-01-24T01:00:00,30240.0,30830.0,29980.0,30210.0,286532.70019464
2023-01-24T05:00:00,30170.0,30570.0,30050.0,30340.0,211351.89535941
2023-01-24T09:00:00,30330.0,31580.0,30000.0,31190.0,1176646.31065926
2023-01-24T13:00:00,31180.0,31220.0,30710.0,30920.0,373806.06669289
2023-01-24T17:00:00,30920.0,31070.0,30300.0,30440.0,476577.53042072
2023-01-24T21:00:00,30430.0,30690.0,30000.0,30580.0,526260.62293834
2023-01-25T01:00:00,30560.0,30700.0,30190.0,30550.0,163139.63847382
2023-01-25T05:00:00,30520.0,30570.0,28000.0,28560.0,891490.75723009
2023-01-25T09:00:00,28560.0,28800.0,27800.0,28710.0,770145.97357191
2023-01-25T13:00:00,28710.0,29370.0,28570.0,29030.0,463946.36686604
2023-01-25T17:00:00,29030.0,29200.0,28670.0,28900.0,352945.57519273
2023-01-25T21:00:00,28900.0,30790.0,28520.0,29200.0,2864893.21628344
2023-01-26T01:00:00,29170.0,29730.0,29080.0,29620.0,254590.65844839
2023-01-26T05:00:00,29620.0,31580.0,29560.0,30560.0,1625635.03409277
2023-01-26T09:00:00,30560.0,31520.0,30420.0,30950.0,1247763.08768292
2023-01-26T13:00:00,30950.0,31180.0,30330.0,30500.0,821755.39734328
2023-01-26T17:00:00,30500.0,30830.0,30170.0,30500.0,627613.1915209
2023-01-26T21:00:00,30490.0,31420.0,30230.0,30460.0,1089727.94845661
2023-01-27T01:00:00,30460.0,31000.0,30000.0,30700.0,275409.19623694
2023-01-27T05:00:00,30700.0,30880.0,30450.0,30590.0,203134.20654546
2023-01-27T09:00:00,30600.0,30800.0,29390.0,29780.0,654319.52770973
2023-01-27T13:00:00,29780.0,30150.0,29670.0,30130.0,269065.75786824
2023-01-27T17:00:00,30130.0,30150.0,29510.0,29710.0,291162.37423991
2023-01-27T21:00:00,29710.0,30320.0,29320.0,29920.0,438934.99505204
2023-01-28T01:00:00,29910.0,30750.0,29890.0,30600.0,194522.69606345
2023-01-28T05:00:00,30590.0,31150.0,30100.0,30650.0,279071.9900944
2023-01-28T09:00:00,30650.0,31230.0,30500.0,30840.0,550363.55219836
2023-01-28T13:00:00,30840.0,31620.0,30450.0,30650.0,525459.38678703
2023-01-28T17:00:00,30650.0,30820.0,30500.0,30620.0,186259.01249287
2023-01-28T21:00:00,30610.0,30630.0,29860.0,30500.0,356771.51979477
2023-01-29T01:00:00,30500.0,30570.0,30210.0,30390.0,95718.01808861
2023-01-29T05:00:00,30390.0,30430.0,30040.0,30330.0,89225.92294574
2023-01-29T09:00:00,30340.0,31000.0,30010.0,30420.0,543628.80945656
2023-01-29T13:00:00,30420.0,30440.0,30260.0,30410.0,107286.44420557
2023-01-29T17:00:00,30410.0,30690.0,30290.0,30540.0,235037.45395286
2023-01-29T21:00:00,30550.0,31040.0,30330.0,30940.0,553013.94759417
2023-01-30T01:00:00,30940.0,33300.0,30710.0,32870.0,1940974.35028109
2023-01-30T05:00:00,32860.0,33460.0,32490.0,32570.0,966663.51230331
2023-01-30T09:00:00,32560.0,32890.0,31580.0,31900.0,780023.12933037
2023-01-30T13:00:00,31890.0,32040.0,31580.0,31750.0,353853.65437203
2023-01-30T17:00:00,31750.0,31980.0,29830.0,30100.0,1651818.5603313
2023-01-30T21:00:00,30110.0,31020.0,29920.0,30580.0,723069.87573966
2023-01-31T01:00:00,30580.0,30810.0,29180.0,29660.0,427249.10641486
2023-01-31T05:00:00,29660.0,30270.0,29360.0,30180.0,414573.50366377
2023-01-31T09:00:00,30180.0,30510.0,29590.0,30090.0,561647.01434679
2023-01-31T13:00:00,30100.0,30270.0,29600.0,30220.0,381669.55304885
2023-01-31T17:00:00,30220.0,30250.0,29500.0,29820.0,445679.07555305
2023-01-31T21:00:00,29830.0,30620.0,29720.0,30260.0,573391.83288955
2023-02-01T01:00:00,30270.0,30690.0,30110.0,30290.0,191950.79732407
2023-02-01T05:00:00,30280.0,30420.0,29640.0,30080.0,327499.79726024
2023-02-01T09:00:00,30080.0,30200.0,29780.0,29940.0,223026.45629995
2023-02-01T13:00:00,29940.0,30060.0,29170.0,29390.0,329649.44864532
2023-02-01T17:00:00,29390.0,29550.0,28890.0,29460.0,335347.27370588
2023-02-01T21:00:00,29480.0,29650.0,28510.0,28620.0,337662.0259188
2023-02-02T01:00:00,28620.0,30680.0,28240.0,30400.0,528309.42255445
2023-02-02T05:00:00,30400.0,31430.0,30230.0,31210.0,942020.67320233
2023-02-02T09:00:00,31190.0,32160.0,31150.0,31540.0,762263.35704272
2023-02-02T13:00:00,31540.0,31700.0,30810.0,31070.0,484954.48057101
2023-02-02T17:00:00,31050.0,31340.0,31020.0,31240.0,259595.71315241
2023-02-02T21:00:00,31230.0,31620.0,30980.0,31360.0,516049.34399087
2023-02-03T01:00:00,31360.0,32600.0,31220.0,31480.0,618432.94181256
2023-02-03T05:00:00,31480.0,31680.0,30470.0,30620.0,450650.27566941
2023-02-03T09:00:00,30640.0,30800.0,30170.0,30640.0,383493.94625061
2023-02-03T13:00:00,30640.0,30790.0,30490.0,30530.0,154954.95925831
2023-02-03T17:00:00,30520.0,30760.0,30330.0,30760.0,225795.6495171
2023-02-03T21:00:00,30760.0,31410.0,30360.0,31170.0,573945.81488323
2023-02-04T01:00:00,31180.0,31400.0,30670.0,30700.0,183029.88800463
2023-02-04T05:00:00,30690.0,31160.0,30570.0,30930.0,172424.12681388
2023-02-04T09:00:00,30930.0,31170.0,30780.0,30880.0,289185.67141358
2023-02-04T13:00:00,30870.0,30970.0,30730.0,30870.0,112633.96490501
2023-02-04T17:00:00,30870.0,31030.0,30790.0,31020.0,115603.30773218
2023-02-04T21:00:00,31020.0,31390.0,30930.0,31080.0,307187.0893488
2023-02-05T01:00:00,31090.0,31130.0,30860.0,31050.0,104426.28948432
2023-02-05T05:00:00,31040.0,31130.0,30570.0,30700.0,150588.2339666
2023-02-05T09:00:00,30730.0,30840.0,30520.0,30720.0,246564.0796498
2023-02-05T13:00:00,30710.0,30830.0,30630.0,30680.0,92999.3669122
2023-02-05T17:00:00,30680.0,30740.0,30310.0,30400.0,220250.75196403
2023-02-05T21:00:00,30400.0,30430.0,29050.0,29710.0,665202.05253939
2023-02-06T01:00:00,29700.0,29830.0,29300.0,29560.0,118874.9951187
2023-02-06T05:00:00,29560.0,29900.0,29150.0,29610.0,133478.48016499
2023-02-06T09:00:00,29610.0,29970.0,29310.0,29550.0,182715.03981669
2023-02-06T13:00:00,29540.0,29590.0,28890.0,29470.0,189687.69563938
2023-02-06T17:00:00,29470.0,29720.0,29240.0,29640.0,109358.35587348
2023-02-06T21:00:00,29640.0,29790.0,28970.0,29770.0,259358.99015948
2023-02-07T01:00:00,29770.0,29920.0,29390.0,29630.0,113010.91436576
2023-02-07T05:00:00,29630.0,29670.0,28870.0,29080.0,166575.80682508
2023-02-07T09:00:00,29080.0,29470.0,28910.0,29340.0,175966.11835313
2023-02-07T13:00:00,29330.0,29730.0,29290.0,29500.0,139977.56950728
2023-02-07T17:00:00,29440.0,29790.0,29340.0,29690.0,202370.18540301
2023-02-07T21:00:00,29690.0,29780.0,29170.0,29230.0,167851.20645717
2023-02-08T01:00:00,29230.0,30230.0,28720.0,29490.0,395067.98966694
2023-02-08T05:00:00,29520.0,30300.0,29390.0,30200.0,316670.15385187
2023-02-08T09:00:00,30220.0,30650.0,30120.0,30210.0,353152.28766374
2023-02-08T13:00:00,30210.0,30260.0,29900.0,30220.0,149369.17958062
2023-02-08T17:00:00,30210.0,30250.0,29950.0,30100.0,113811.30923172
2023-02-08T21:00:00,30100.0,30400.0,29640.0,29670.0,309976.12068452
2023-02-09T01:00:00,29670.0,29860.0,29120.0,29470.0,194840.72809655
2023-02-09T05:00:00,29470.0,29750.0,29260.0,29680.0,95758.17524119
2023-02-09T09:00:00,29680.0,29790.0,28220.0,28600.0,380428.37500165
2023-02-09T13:00:00,28600.0,29260.0,28430.0,29090.0,156839.23546298
2023-02-09T17:00:00,29090.0,29320.0,28940.0,29010.0,106114.62086905
2023-02-09T21:00:00,29010.0,29240.0,28710.0,28830.0,252908.55119805
2023-02-10T01:00:00,28830.0,28920.0,27950.0,28250.0,156479.42014551
2023-02-10T05:00:00,28240.0,28240.0,26420.0,26890.0,415344.06391706
2023-02-10T09:00:00,26890.0,28180.0,26290.0,26930.0,459460.13903057
2023-02-10T13:00:00,26930.0,27720.0,26640.0,27710.0,204552.98123454
2023-02-10T17:00:00,27710.0,27840.0,27000.0,27030.0,146027.38213934
2023-02-10T21:00:00,27040.0,27910.0,26980.0,27440.0,246298.37584061
2023-02-11T01:00:00,27440.0,27670.0,27070.0,27420.0,73854.17447777
2023-02-11T05:00:00,27400.0,27400.0,26650.0,27110.0,151972.75336875
2023-02-11T09:00:00,27110.0,27480.0,27070.0,27270.0,122409.2890722
2023-02-11T13:00:00,27260.0,27270.0,26950.0,27100.0,75249.78380036
2023-02-11T17:00:00,27090.0,27210.0,27040.0,27080.0,42575.13441501
2023-02-11T21:00:00,27090.0,27540.0,27090.0,27330.0,110295.9093116
2023-02-12T01:00:00,27320.0,27330.0,27070.0,27210.0,38007.77287367
2023-02-12T05:00:00,27210.0,27670.0,27080.0,27580.0,92000.00943021
2023-02-12T09:00:00,27580.0,27610.0,27260.0,27400.0,82088.76880072
2023-02-12T13:00:00,27400.0,27420.0,27260.0,27300.0,38664.04714844
2023-02-12T17:00:00,27290.0,27510.0,27280.0,27490.0,54681.99914042
2023-02-12T21:00:00,27490.0,28330.0,27240.0,27920.0,237816.03855777
2023-02-13T01:00:00,27910.0,29030.0,27860.0,28470.0,303935.38401796
2023-02-13T05:00:00,28470.0,28650.0,27450.0,27880.0,256573.89736921
2023-02-13T09:00:00,27880.0,27950.0,26730.0,27330.0,306422.9337106
2023-02-13T13:00:00,27330.0,27600.0,27220.0,27450.0,97694.97767209
2023-02-13T17:00:00,27450.0,27460.0,26010.0,26580.0,327052.55867581
2023-02-13T21:00:00,26580.0,26970.0,26520.0,26610.0,176097.99314676
2023-02-14T01:00:00,26650.0,26800.0,26200.0,26660.0,106934.9439291
2023-02-14T05:00:00,26660.0,27330.0,26500.0,27120.0,111997.77818237
2023-02-14T09:00:00,27120.0,27400.0,26920.0,26950.0,127255.81759222
2023-02-14T13:00:00,26940.0,27330.0,26890.0,27210.0,96175.62896893
2023-02-14T17:00:00,27220.0,27950.0,26880.0,27700.0,376454.44977861
2023-02-14T21:00:00,27700.0,28990.0,27290.0,28440.0,2053740.90442449
2023-02-15T01:00:00,28420.0,28790.0,28130.0,28730.0,225964.96418311
2023-02-15T05:00:00,28720.0,28760.0,28350.0,28440.0,221742.37663575
2023-02-15T09:00:00,28410.0,28580.0,27950.0,28140.0,278787.77143604
2023-02-15T13:00:00,28140.0,28310.0,28000.0,28040.0,149904.46999883
2023-02-15T17:00:00,28030.0,28930.0,28000.0,28770.0,228295.4595416
2023-02-15T21:00:00,28740.0,29420.0,28740.0,29040.0,454169.59769453
2023-02-16T01:00:00,29040.0,29660.0,28890.0,29620.0,142003.88066845
2023-02-16T05:00:00,29610.0,30740.0,29560.0,30600.0,509600.96442417
2023-02-16T09:00:00,30600.0,30930.0,30250.0,30650.0,509953.79179511
2023-02-16T13:00:00,30640.0,30740.0,30170.0,30320.0,302594.66513732
2023-02-16T17:00:00,30320.0,30680.0,30210.0,30290.0,191283.62036446
2023-02-16T21:00:00,30280.0,30650.0,29680.0,30640.0,419067.78584789
2023-02-17T01:00:00,30650.0,30980.0,30100.0,30420.0,310589.85853989
2023-02-17T05:00:00,30410.0,30470.0,28680.0,28820.0,470474.48891456
2023-02-17T09:00:00,28820.0,29580.0,28510.0,29410.0,263126.3670047
2023-02-17T13:00:00,29410.0,29530.0,29160.0,29220.0,138927.68009169
2023-02-17T17:00:00,29210.0,29470.0,29160.0,29350.0,115632.27782185
2023-02-17T21:00:00,29350.0,29720.0,29130.0,29500.0,202357.04914994
2023-02-18T01:00:00,29490.0,30220.0,29280.0,30180.0,152929.51746167
2023-02-18T05:00:00,30180.0,30290.0,29350.0,29810.0,273104.30245924
2023-02-18T09:00:00,29800.0,30480.0,29800.0,30140.0,288543.68236128
2023-02-18T13:00:00,30140.0,30290.0,29910.0,30020.0,120514.46063556
2023-02-18T17:00:00,30020.0,30080.0,29510.0,29790.0,145972.16264787
2023-02-18T21:00:00,29800.0,30420.0,29730.0,30270.0,194683.05762594
2023-02-19T01:00:00,30270.0,30830.0,30160.0,30320.0,187420.24559567
2023-02-19T05:00:00,30300.0,30510.0,30070.0,30220.0,85041.07719873
2023-02-19T09:00:00,30210.0,30400.0,29960.0,30060.0,133683.43652919
2023-02-19T13:00:00,30060.0,30930.0,30040.0,30420.0,243054.94166441
2023-02-19T17:00:00,30370.0,30520.0,30290.0,30500.0,128297.38891147
2023-02-19T21:00:00,30500.0,32450.0,30490.0,32450.0,976889.75925018
2023-02-20T01:00:00,32450.0,32630.0,31000.0,31770.0,693986.95593174
2023-02-20T05:00:00,31770.0,32890.0,31010.0,31920.0,772782.86509544
2023-02-20T09:00:00,31900.0,34000.0,31000.0,33830.0,1544292.61769693
2023-02-20T13:00:00,33830.0,34910.0,33380.0,34080.0,1718700.03252676
2023-02-20T17:00:00,34070.0,34340.0,33490.0,33920.0,764533.63322748
2023-02-20T21:00:00,33910.0,34390.0,33500.0,34030.0,682859.3984409
2023-02-21T01:00:00,33970.0,34040.0,32880.0,33820.0,434059.20657895
2023-02-21T05:00:00,33800.0,33860.0,33300.0,33750.0,260192.80549284
2023-02-21T09:00:00,33770.0,34160.0,33210.0,33690.0,592362.17648599
2023-02-21T13:00:00,33680.0,33920.0,33250.0,33610.0,273012.18413246
2023-02-21T17:00:00,33620.0,33920.0,32200.0,32400.0,1006847.63071874
2023-02-21T21:00:00,32390.0,32750.0,32010.0,32340.0,329837.09363508
2023-02-22T01:00:00,32310.0,32850.0,31950.0,32590.0,156928.73820797
2023-02-22T05:00:00,32590.0,32870.0,31710.0,32330.0,193089.6952521
2023-02-22T09:00:00,32310.0,32700.0,30980.0,31600.0,472165.96238316
2023-02-22T13:00:00,31610.0,31640.0,30500.0,30840.0,360794.32037205
2023-02-22T17:00:00,30840.0,30880.0,30190.0,30610.0,369908.79098679
2023-02-22T21:00:00,30610.0,30890.0,30340.0,30840.0,394060.76527445
2023-02-23T01:00:00,30850.0,31390.0,30500.0,31000.0,153995.0426237
2023-02-23T05:00:00,31010.0,31700.0,30620.0,31550.0,231932.44537494
2023-02-23T09:00:00,31550.0,32050.0,31200.0,31640.0,272505.82835777
2023-02-23T13:00:00,31620.0,31790.0,31390.0,31700.0,164822.54310343
2023-02-23T17:00:00,31700.0,31880.0,30640.0,30880.0,245110.60864597
2023-02-23T21:00:00,30890.0,31610.0,30680.0,31030.0,274619.85998833
2023-02-24T01:00:00,31020.0,31370.0,30810.0,31300.0,66275.54894249
2023-02-24T05:00:00,31330.0,31530.0,30910.0,31160.0,92945.80070153
2023-02-24T09:00:00,31160.0,31300.0,30810.0,30900.0,214154.57951658
2023-02-24T13:00:00,30910.0,31310.0,30890.0,31200.0,143392.01381578
2023-02-24T17:00:00,31210.0,31360.0,30760.0,31030.0,132536.97234046
2023-02-24T21:00:00,30990.0,31280.0,30000.0,30230.0,351736.75731217
2023-02-25T01:00:00,30250.0,30370.0,29630.0,30340.0,343960.8468172
2023-02-25T05:00:00,30350.0,30820.0,29710.0,30480.0,218045.03173882
2023-02-25T09:00:00,30440.0,30740.0,30110.0,30130.0,220090.28081999
2023-02-25T13:00:00,30130.0,30450.0,30020.0,30180.0,121434.40926932
2023-02-25T17:00:00,30230.0,30350.0,29810.0,29920.0,154931.89890317
2023-02-25T21:00:00,29910.0,29980.0,29040.0,29420.0,258743.80043183
2023-02-26T01:00:00,29440.0,29640.0,28720.0,29070.0,150384.98568757
2023-02-26T05:00:00,29050.0,29830.0,28440.0,29650.0,259528.65198509
2023-02-26T09:00:00,29650.0,30050.0,29300.0,29940.0,208545.17417852
2023-02-26T13:00:00,29970.0,30150.0,29670.0,30100.0,126521.97939952
2023-02-26T17:00:00,30100.0,30330.0,29850.0,30200.0,112409.22014294
2023-02-26T21:00:00,30200.0,30400.0,29770.0,30320.0,183443.13774378
2023-02-27T01:00:00,30310.0,30790.0,30050.0,30770.0,82536.98897726
2023-02-27T05:00:00,30720.0,30960.0,30290.0,30610.0,137694.69538907
2023-02-27T09:00:00,30610.0,30640.0,30210.0,30370.0,134813.29611538
2023-02-27T13:00:00,30370.0,30410.0,30090.0,30220.0,127608.63276462
2023-02-27T17:00:00,30210.0,30310.0,29980.0,30160.0,113953.46186501
2023-02-27T21:00:00,30160.0,30850.0,29970.0,30460.0,321051.33562941
2023-02-28T01:00:00,30470.0,30530.0,29610.0,29890.0,129743.35736674
2023-02-28T05:00:00,29890.0,30180.0,29670.0,30000.0,88110.48765131
2023-02-28T09:00:00,29990.0,30100.0,29550.0,29830.0,129116.97189896
2023-02-28T13:00:00,29840.0,29880.0,29200.0,29210.0,128496.27631523
2023-02-28T17:00:00,29210.0,29520.0,29200.0,29370.0,77645.53518649
2023-02-28T21:00:00,29370.0,29810.0,29350.0,29710.0,96912.69845919
2023-03-01T01:00:00,29710.0,29900.0,29290.0,29370.0,46697.67287751
2023-03-01T05:00:00,29380.0,29460.0,28880.0,29050.0,136995.02264027
2023-03-01T09:00:00,29050.0,29610.0,28760.0,29520.0,155528.6282697
2023-03-01T13:00:00,29530.0,29900.0,29440.0,29760.0,128744.3849402
2023-03-01T17:00:00,29720.0,30060.0,29690.0,29770.0,139666.00827954
2023-03-01T21:00:00,29770.0,29850.0,29460.0,29660.0,125208.27120726
2023-03-02T01:00:00,29630.0,29700.0,29100.0,29120.0,39716.60321209
2023-03-02T05:00:00,29130.0,29570.0,29110.0,29510.0,46978.34623281
2023-03-02T09:00:00,29510.0,29700.0,28940.0,29140.0,225543.98342676
2023-03-02T13:00:00,29140.0,29290.0,28910.0,29030.0,133234.42849378
2023-03-02T17:00:00,29020.0,29180.0,28940.0,29150.0,84584.20851307
2023-03-02T21:00:00,29150.0,29180.0,28760.0,28970.0,138623.11534682
2023-03-03T01:00:00,28950.0,29330.0,28820.0,29230.0,37067.80696715
2023-03-03T05:00:00,29230.0,29340.0,29050.0,29150.0,58757.62838766
2023-03-03T09:00:00,29140.0,29150.0,27230.0,27820.0,682768.12101763
2023-03-03T13:00:00,27820.0,28280.0,27750.0,28060.0,110467.20858946
2023-03-03T17:00:00,28060.0,28210.0,27990.0,28070.0,66612.48788114
2023-03-03T21:00:00,28060.0,28500.0,27940.0,28250.0,89486.94075325
2023-03-04T01:00:00,28260.0,28520.0,28140.0,28490.0,33943.26658103
2023-03-04T05:00:00,28490.0,28630.0,28190.0,28420.0,54884.31338923
2023-03-04T09:00:00,28420.0,28790.0,28350.0,28430.0,84296.46808897
2023-03-04T13:00:00,28400.0,28490.0,28050.0,28230.0,60772.92337274
2023-03-04T17:00:00,28230.0,28310.0,28140.0,28270.0,27993.52953822
2023-03-04T21:00:00,28250.0,28290.0,27950.0,27990.0,40138.09709432
2023-03-05T01:00:00,27990.0,28070.0,27550.0,27660.0,42628.3848066
2023-03-05T05:00:00,27710.0,28050.0,27140.0,28020.0,111299.24313509
2023-03-05T09:00:00,28020.0,28840.0,27930.0,28360.0,252198.01985644
2023-03-05T13:00:00,28400.0,28520.0,28310.0,28420.0,38450.37872719
2023-03-05T17:00:00,28400.0,28520.0,28230.0,28340.0,41195.70429378
2023-03-05T21:00:00,28330.0,28440.0,28230.0,28430.0,39622.38834348
2023-03-06T01:00:00,28390.0,28440.0,28080.0,28190.0,14152.23844911
2023-03-06T05:00:00,28180.0,28430.0,27910.0,28010.0,60585.76938913
2023-03-06T09:00:00,28000.0,28140.0,27610.0,27830.0,95904.1063771
2023-03-06T13:00:00,27830.0,27840.0,27350.0,27610.0,98420.65851558
2023-03-06T17:00:00,27600.0,27670.0,27420.0,27600.0,56570.36178501
2023-03-06T21:00:00,27600.0,28070.0,27430.0,28040.0,79074.56536207
2023-03-07T01:00:00,28080.0,28200.0,27610.0,27640.0,45808.33353035
2023-03-07T05:00:00,27620.0,27650.0,27240.0,27400.0,92792.57359539
2023-03-07T09:00:00,27400.0,27890.0,27190.0,27630.0,129279.49115663
2023-03-07T13:00:00,27640.0,27710.0,27450.0,27540.0,56112.72561297
2023-03-07T17:00:00,27530.0,27600.0,27010.0,27010.0,114164.01658127
2023-03-07T21:00:00,27020.0,27520.0,26560.0,27280.0,187460.65032622
2023-03-08T01:00:00,27280.0,27400.0,26730.0,26740.0,67813.87497098
2023-03-08T05:00:00,26770.0,27010.0,26310.0,26910.0,131550.72072074
2023-03-08T09:00:00,26910.0,27120.0,26440.0,26650.0,92653.65905612
2023-03-08T13:00:00,26650.0,26740.0,25510.0,25590.0,184848.95306427
2023-03-08T17:00:00,25580.0,25980.0,25540.0,25730.0,109831.16301978
2023-03-08T21:00:00,25730.0,25800.0,24930.0,25650.0,417258.58609111
2023-03-09T01:00:00,25630.0,25900.0,24700.0,24960.0,173938.61118752
2023-03-09T05:00:00,24960.0,25280.0,24250.0,24660.0,323407.81964808
2023-03-09T09:00:00,24660.0,25000.0,24500.0,24840.0,189249.81703576
2023-03-09T13:00:00,24840.0,25110.0,24680.0,24690.0,82958.11455665
2023-03-09T17:00:00,24690.0,24880.0,24380.0,24770.0,119698.15109139
2023-03-09T21:00:00,24770.0,24950.0,24300.0,24590.0,436830.89359927
2023-03-10T01:00:00,24580.0,24600.0,23570.0,23860.0,325780.27674852
2023-03-10T05:00:00,23860.0,23880.0,22820.0,23460.0,465772.45510653
2023-03-10T09:00:00,23460.0,23490.0,22610.0,23170.0,328785.51266912
2023-03-10T13:00:00,23170.0,23210.0,22550.0,22980.0,189022.53727225
2023-03-10T17:00:00,23000.0,23020.0,21860.0,22690.0,338767.52891241
2023-03-10T21:00:00,22690.0,24270.0,22570.0,23900.0,752556.16582646
2023-03-11T01:00:00,23880.0,24240.0,23580.0,23970.0,181341.01297065
2023-03-11T05:00:00,23970.0,24820.0,23630.0,24630.0,235939.08716042
2023-03-11T09:00:00,24630.0,25560.0,24510.0,24690.0,417935.51308999
2023-03-11T13:00:00,24690.0,24740.0,23090.0,23220.0,431465.86029729
2023-03-11T17:00:00,23210.0,24100.0,23090.0,23700.0,449422.82971932
2023-03-11T21:00:00,23700.0,23870.0,23280.0,23380.0,199001.99389743
2023-03-12T01:00:00,23380.0,24360.0,23170.0,24340.0,134332.00903522
2023-03-12T05:00:00,24350.0,24680.0,24150.0,24470.0,140553.49726274
2023-03-12T09:00:00,24470.0,24490.0,24010.0,24160.0,139536.43277991
2023-03-12T13:00:00,24180.0,24380.0,23890.0,24070.0,93367.70701103
2023-03-12T17:00:00,24060.0,24590.0,24020.0,24450.0,121140.48443664
2023-03-12T21:00:00,24430.0,24430.0,23820.0,23930.0,153396.5874887
2023-03-13T01:00:00,23910.0,25140.0,23840.0,24570.0,172790.30454082
2023-03-13T05:00:00,24540.0,27360.0,24540.0,26800.0,860003.77863298
2023-03-13T09:00:00,26780.0,27200.0,25730.0,25820.0,739558.80795044
2023-03-13T13:00:00,25810.0,26180.0,25800.0,26150.0,467203.4854273
2023-03-13T17:00:00,26150.0,26160.0,25050.0,25510.0,588383.59930629
2023-03-13T21:00:00,25510.0,28030.0,25140.0,27210.0,2549363.78948619
2023-03-14T01:00:00,27200.0,27530.0,26780.0,27000.0,487411.66697024
2023-03-14T05:00:00,27000.0,27070.0,26570.0,26880.0,652445.7561017
2023-03-14T09:00:00,26880.0,27020.0,26600.0,26950.0,576321.4695615
2023-03-14T13:00:00,26940.0,27230.0,26230.0,26300.0,589025.62289712
2023-03-14T17:00:00,26290.0,26620.0,25860.0,26510.0,412605.6312316
2023-03-14T21:00:00,26500.0,28830.0,26410.0,28650.0,2733713.14725607
2023-03-15T01:00:00,28640.0,28730.0,26880.0,27480.0,509526.45399484
2023-03-15T05:00:00,27460.0,27650.0,26690.0,27470.0,484887.2131302
2023-03-15T09:00:00,27450.0,27900.0,27060.0,27620.0,441719.8156558
2023-03-15T13:00:00,27580.0,28140.0,27520.0,27940.0,259092.56635529
2023-03-15T17:00:00,27920.0,27930.0,26820.0,27330.0,438822.16312914
2023-03-15T21:00:00,27320.0,27880.0,25640.0,25810.0,888292.97352838
2023-03-16T01:00:00,25800.0,26030.0,25150.0,25630.0,407611.60711484
2023-03-16T05:00:00,25640.0,26160.0,25530.0,25760.0,198858.34342544
2023-03-16T09:00:00,25760.0,26030.0,25250.0,25790.0,298925.06988298
2023-03-16T13:00:00,25790.0,26120.0,25450.0,25980.0,135824.30163669
2023-03-16T17:00:00,25980.0,26430.0,25750.0,26320.0,183613.03874634
2023-03-16T21:00:00,26320.0,26330.0,25540.0,26160.0,313536.63522994
2023-03-17T01:00:00,26160.0,26450.0,25770.0,26300.0,93869.46025996
2023-03-17T05:00:00,26300.0,26300.0,25750.0,26220.0,138275.37447418
2023-03-17T09:00:00,26220.0,26980.0,26010.0,26600.0,293862.42009096
2023-03-17T13:00:00,26600.0,26930.0,26510.0,26680.0,199381.4008437
2023-03-17T17:00:00,26680.0,27520.0,26580.0,27490.0,365765.15186677
2023-03-17T21:00:00,27480.0,27500.0,26340.0,26680.0,345321.508105
2023-03-18T01:00:00,26680.0,27290.0,26520.0,27190.0,101647.10735865
2023-03-18T05:00:00,27200.0,28580.0,26940.0,28500.0,533617.35520634
2023-03-18T09:00:00,28490.0,30200.0,28260.0,29890.0,1051148.35141852
2023-03-18T13:00:00,29900.0,30160.0,29320.0,29370.0,320928.52187834
2023-03-18T17:00:00,29370.0,29730.0,28840.0,29730.0,343512.89013623
2023-03-18T21:00:00,29710.0,29730.0,28530.0,28990.0,391767.26478777
2023-03-19T01:00:00,28980.0,29660.0,28260.0,29060.0,228458.1553776
2023-03-19T05:00:00,29030.0,29350.0,28050.0,28200.0,221581.23869733
2023-03-19T09:00:00,28200.0,29070.0,28170.0,28970.0,239837.16516001
2023-03-19T13:00:00,28970.0,29100.0,28280.0,28630.0,159801.41239718
2023-03-19T17:00:00,28660.0,28880.0,28080.0,28780.0,198076.13884405
2023-03-19T21:00:00,28770.0,29270.0,28450.0,29130.0,206539.40735682
2023-03-20T01:00:00,29130.0,29570.0,29070.0,29320.0,141115.18023313
2023-03-20T05:00:00,29330.0,29460.0,28860.0,29080.0,160756.01610393
2023-03-20T09:00:00,29100.0,30590.0,28770.0,28990.0,820539.85711378
2023-03-20T13:00:00,28990.0,30780.0,28620.0,30690.0,774131.04094292
2023-03-20T17:00:00,30740.0,31600.0,30580.0,31060.0,1178048.15097913
2023-03-20T21:00:00,31050.0,32110.0,30550.0,30860.0,1727105.01746111
2023-03-21T01:00:00,30840.0,31220.0,29500.0,29800.0,540774.20630455
2023-03-21T05:00:00,29790.0,30600.0,29620.0,29720.0,324172.02058079
2023-03-21T09:00:00,29720.0,30520.0,29510.0,30010.0,491186.58482348
2023-03-21T13:00:00,29970.0,30250.0,29240.0,29440.0,413695.07773541
2023-03-21T17:00:00,29440.0,29950.0,28650.0,29870.0,532392.58168565
2023-03-21T21:00:00,29860.0,30900.0,29740.0,30350.0,595681.11969535
2023-03-22T01:00:00,30350.0,30730.0,29390.0,29800.0,233167.91356272
2023-03-22T05:00:00,29800.0,30020.0,29440.0,29840.0,192074.05693729
2023-03-22T09:00:00,29840.0,29870.0,29150.0,29530.0,212838.59009651
2023-03-22T13:00:00,29520.0,29900.0,29500.0,29660.0,120148.36086257
2023-03-22T17:00:00,29650.0,30100.0,29310.0,29830.0,207665.57232955
2023-03-22T21:00:00,29830.0,30570.0,29660.0,30070.0,313147.26992711
2023-03-23T01:00:00,30070.0,30600.0,28120.0,28250.0,564993.55603747
2023-03-23T05:00:00,28280.0,29160.0,28140.0,28550.0,360360.18704738
2023-03-23T09:00:00,28550.0,28820.0,28030.0,28060.0,280382.95979655
2023-03-23T13:00:00,28060.0,28650.0,27960.0,28600.0,147964.43537825
2023-03-23T17:00:00,28600.0,28730.0,28440.0,28590.0,116346.10796271
2023-03-23T21:00:00,28600.0,29700.0,28290.0,29270.0,282894.80046361
2023-03-24T01:00:00,29260.0,29700.0,28570.0,29050.0,182587.49992877
2023-03-24T05:00:00,28990.0,29310.0,28810.0,29220.0,99812.33800081
2023-03-24T09:00:00,29230.0,29390.0,29010.0,29200.0,113961.26296578
2023-03-24T13:00:00,29200.0,29250.0,28910.0,29070.0,155751.02155076
2023-03-24T17:00:00,29060.0,29090.0,28560.0,28750.0,202351.64881793
2023-03-24T21:00:00,28730.0,28990.0,28110.0,28350.0,210902.65717203
2023-03-25T01:00:00,28340.0,28450.0,27240.0,27750.0,282417.01087438
2023-03-25T05:00:00,27760.0,27800.0,27330.0,27700.0,185433.72144037
2023-03-25T09:00:00,27700.0,27950.0,27540.0,27610.0,119898.34958724
2023-03-25T13:00:00,27610.0,27690.0,27370.0,27520.0,95826.97346493
2023-03-25T17:00:00,27530.0,27620.0,27230.0,27560.0,114913.01722738
2023-03-25T21:00:00,27580.0,27920.0,27430.0,27820.0,117690.85526128
2023-03-26T01:00:00,27800.0,27840.0,27040.0,27090.0,70315.74900567
2023-03-26T05:00:00,27090.0,27400.0,27070.0,27320.0,54637.59079505
2023-03-26T09:00:00,27330.0,27730.0,27100.0,27550.0,98961.34807615
2023-03-26T13:00:00,27560.0,27790.0,27510.0,27700.0,40201.69261671
2023-03-26T17:00:00,27700.0,27850.0,27580.0,27730.0,55735.0506656
2023-03-26T21:00:00,27730.0,28060.0,27670.0,27780.0,132600.71509538
2023-03-27T01:00:00,27780.0,27960.0,27500.0,27840.0,30924.37177185
2023-03-27T05:00:00,27840.0,28010.0,27670.0,27830.0,47701.64980157
2023-03-27T09:00:00,27830.0,27920.0,27420.0,27580.0,105937.48197205
2023-03-27T13:00:00,27550.0,27600.0,27160.0,27240.0,84109.48425024
2023-03-27T17:00:00,27240.0,27420.0,27080.0,27370.0,81085.26091974
2023-03-27T21:00:00,27370.0,27500.0,25900.0,26400.0,383928.87208961
2023-03-28T01:00:00,26390.0,26650.0,26100.0,26210.0,86283.62089225
2023-03-28T05:00:00,26250.0,26570.0,26110.0,26520.0,85713.67262732
2023-03-28T09:00:00,26520.0,26550.0,26040.0,26190.0,135841.29199251
2023-03-28T13:00:00,26160.0,26620.0,26160.0,26340.0,71766.83596955
2023-03-28T17:00:00,26340.0,26690.0,25980.0,26630.0,121135.45896364
2023-03-28T21:00:00,26630.0,26990.0,26310.0,26760.0,134265.18788451
2023-03-29T01:00:00,26760.0,27480.0,26540.0,27240.0,77024.27330803
2023-03-29T05:00:00,27250.0,27310.0,26730.0,27010.0,97048.51822138
2023-03-29T09:00:00,27010.0,27630.0,27010.0,27390.0,167631.45080119
2023-03-29T13:00:00,27380.0,28060.0,27370.0,28030.0,215715.96334702
2023-03-29T17:00:00,27990.0,28380.0,27810.0,27870.0,264684.85914808
2023-03-29T21:00:00,27870.0,28110.0,27550.0,28010.0,201160.98742417
2023-03-30T01:00:00,27990.0,28000.0,27700.0,27930.0,34244.9369373
2023-03-30T05:00:00,27960.0,28110.0,27650.0,27850.0,97497.62761575
2023-03-30T09:00:00,27850.0,28490.0,27360.0,27870.0,318975.75775727
2023-03-30T13:00:00,27870.0,28060.0,27600.0,27830.0,121977.59909438
2023-03-30T17:00:00,27830.0,27850.0,27210.0,27360.0,146988.60360805
2023-03-30T21:00:00,27390.0,27420.0,27010.0,27160.0,120004.90694208
2023-03-31T01:00:00,27160.0,27220.0,26800.0,27180.0,50539.22013762
2023-03-31T05:00:00,27180.0,27460.0,27080.0,27260.0,52720.41969437
2023-03-31T09:00:00,27250.0,27490.0,27070.0,27130.0,76523.07036347
2023-03-31T13:00:00,27130.0,27160.0,26610.0,26910.0,143677.45470417
2023-03-31T17:00:00,26890.0,27060.0,26810.0,26970.0,55507.98458003
2023-03-31T21:00:00,26960.0,27680.0,26860.0,27490.0,146581.17032115
2023-04-01T01:00:00,27480.0,27670.0,27440.0,27660.0,15623.31919511
2023-04-01T05:00:00,27620.0,28300.0,27440.0,27900.0,117659.03292688
2023-04-01T09:00:00,27890.0,28110.0,27670.0,27770.0,106826.96330543
2023-04-01T13:00:00,27770.0,28080.0,27680.0,27770.0,82072.66543068
2023-04-01T17:00:00,27770.0,27990.0,27670.0,27880.0,61036.65056047
2023-04-01T21:00:00,27850.0,27940.0,27670.0,27790.0,55790.50477308
2023-04-02T01:00:00,27770.0,27900.0,27580.0,27730.0,44662.91974139
2023-04-02T05:00:00,27730.0,27990.0,27710.0,27850.0,63742.62682659
2023-04-02T09:00:00,27860.0,27960.0,27650.0,27790.0,88748.37837895
2023-04-02T13:00:00,27790.0,28100.0,27650.0,27910.0,70908.21902292
2023-04-02T17:00:00,27930.0,27980.0,27690.0,27720.0,73028.46269113
2023-04-02T21:00:00,27710.0,27750.0,27160.0,27290.0,136790.48596394
2023-04-03T01:00:00,27270.0,27340.0,26870.0,27000.0,50595.16010971
2023-04-03T05:00:00,27000.0,27290.0,26940.0,27200.0,45284.74828986
2023-04-03T09:00:00,27170.0,27260.0,26610.0,26670.0,118890.01900071
2023-04-03T13:00:00,26670.0,26940.0,26600.0,26930.0,61593.851485
2023-04-03T17:00:00,26930.0,27240.0,26920.0,27010.0,82250.5111783
2023-04-03T21:00:00,27030.0,27270.0,26680.0,27000.0,85522.22119419
2023-04-04T01:00:00,27000.0,27600.0,26740.0,27510.0,87442.76763616
2023-04-04T05:00:00,27520.0,27650.0,26710.0,27090.0,138258.28909785
2023-04-04T09:00:00,27090.0,27250.0,26930.0,27040.0,61705.1030767
2023-04-04T13:00:00,27030.0,27340.0,26980.0,27180.0,63478.34601365
2023-04-04T17:00:00,27180.0,27760.0,27150.0,27720.0,101787.92633303
2023-04-04T21:00:00,27720.0,28050.0,27370.0,27600.0,163168.94431951
2023-04-05T01:00:00,27570.0,27750.0,27450.0,27620.0,27698.5009306
2023-04-05T05:00:00,27630.0,27770.0,27490.0,27620.0,43348.19804508
2023-04-05T09:00:00,27590.0,28100.0,27480.0,27800.0,183821.4348311
2023-04-05T13:00:00,27790.0,27970.0,27760.0,27820.0,72753.43184975
2023-04-05T17:00:00,27820.0,27960.0,27740.0,27900.0,60663.80664502
2023-04-05T21:00:00,27880.0,27930.0,27300.0,27550.0,149496.93243976
2023-04-06T01:00:00,27570.0,27740.0,27390.0,27650.0,29261.43314954
2023-04-06T05:00:00,27650.0,27740.0,27500.0,27680.0,103651.24392808
2023-04-06T09:00:00,27680.0,27710.0,27100.0,27470.0,113620.1166123
2023-04-06T13:00:00,27470.0,27550.0,27320.0,27340.0,42105.21184964
2023-04-06T17:00:00,27330.0,27410.0,27110.0,27370.0,57112.86106198
2023-04-06T21:00:00,27360.0,27510.0,27120.0,27420.0,77490.37098404
2023-04-07T01:00:00,27420.0,27520.0,27290.0,27380.0,22084.7442501
2023-04-07T05:00:00,27360.0,27450.0,27220.0,27300.0,35996.5343088
2023-04-07T09:00:00,27300.0,27490.0,27070.0,27240.0,68873.34540649
2023-04-07T13:00:00,27240.0,27250.0,26850.0,26900.0,90348.68431832
2023-04-07T17:00:00,26900.0,27080.0,26840.0,26970.0,43410.12896402
2023-04-07T21:00:00,26950.0,27330.0,26900.0,27190.0,35624.55293702
2023-04-08T01:00:00,27190.0,27250.0,27080.0,27120.0,12048.2375822
2023-04-08T05:00:00,27130.0,27210.0,27020.0,27110.0,36008.71438539
2023-04-08T09:00:00,27110.0,27120.0,26900.0,27120.0,48263.02658305
2023-04-08T13:00:00,27120.0,27360.0,27050.0,27220.0,44317.07993591
2023-04-08T17:00:00,27220.0,27270.0,27120.0,27180.0,22841.38156145
2023-04-08T21:00:00,27170.0,27230.0,26970.0,27090.0,34877.89195686
2023-04-09T01:00:00,27080.0,27110.0,26700.0,26800.0,50669.28801299
2023-04-09T05:00:00,26800.0,26870.0,26400.0,26630.0,79553.82983379
2023-04-09T09:00:00,26620.0,26810.0,26580.0,26580.0,46520.48668948
2023-04-09T13:00:00,26610.0,26780.0,26430.0,26570.0,48392.03649811
2023-04-09T17:00:00,26570.0,26750.0,26510.0,26740.0,48367.95803192
2023-04-09T21:00:00,26730.0,26880.0,26510.0,26600.0,60818.01113988
2023-04-10T01:00:00,26600.0,26920.0,26530.0,26760.0,21682.52886885
2023-04-10T05:00:00,26730.0,26960.0,26670.0,26750.0,45046.78262629
2023-04-10T09:00:00,26720.0,26870.0,26640.0,26800.0,53028.3278342
2023-04-10T13:00:00,26800.0,26840.0,26660.0,26700.0,32418.30792732
2023-04-10T17:00:00,26690.0,26890.0,26680.0,26790.0,26185.50498027
2023-04-10T21:00:00,26780.0,26820.0,26550.0,26740.0,52747.97516571
2023-04-11T01:00:00,26740.0,27280.0,26700.0,27210.0,66049.76585979
2023-04-11T05:00:00,27210.0,27580.0,27020.0,27460.0,112419.25328236
2023-04-11T09:00:00,27460.0,28030.0,27340.0,27920.0,208883.30695603
2023-04-11T13:00:00,27920.0,29900.0,27870.0,29600.0,2357477.38249367
2023-04-11T17:00:00,29600.0,29930.0,29160.0,29260.0,964807.53216932
2023-04-11T21:00:00,29240.0,31140.0,29080.0,30840.0,2105820.41449425
2023-04-12T01:00:00,30840.0,31340.0,30540.0,31020.0,678737.55313732
2023-04-12T05:00:00,31000.0,31140.0,30200.0,30470.0,609847.64118022
2023-04-12T09:00:00,30440.0,31490.0,29600.0,30030.0,2489058.04544675
2023-04-12T13:00:00,30020.0,32200.0,29950.0,31620.0,2211840.46785187
2023-04-12T17:00:00,31610.0,31840.0,31000.0,31320.0,1302976.56417901
2023-04-12T21:00:00,31320.0,32510.0,30970.0,31440.0,2975114.46395572
2023-04-13T01:00:00,31440.0,32360.0,31340.0,31780.0,434449.80309822
2023-04-13T05:00:00,31760.0,32130.0,31350.0,31570.0,422193.43976282
2023-04-13T09:00:00,31570.0,32100.0,31360.0,31740.0,1036903.09828176
2023-04-13T13:00:00,31720.0,32190.0,31570.0,31860.0,678516.64010134
2023-04-13T17:00:00,31840.0,32300.0,31490.0,32090.0,827043.57590383
2023-04-13T21:00:00,32080.0,33330.0,32020.0,32400.0,1386180.07213296
2023-04-14T01:00:00,32380.0,32700.0,32090.0,32500.0,147813.66996613
2023-04-14T05:00:00,32500.0,32580.0,31950.0,32070.0,305381.8022061
2023-04-14T09:00:00,32070.0,33070.0,31730.0,32750.0,1004233.74870058
2023-04-14T13:00:00,32750.0,33130.0,32460.0,32520.0,517294.9392913
2023-04-14T17:00:00,32520.0,32800.0,32450.0,32590.0,241129.44051408
2023-04-14T21:00:00,32590.0,32680.0,31320.0,31360.0,497809.57437136
2023-04-15T01:00:00,31350.0,32350.0,31250.0,32080.0,150994.67998983
2023-04-15T05:00:00,32060.0,32680.0,31950.0,32270.0,177139.02386376
2023-04-15T09:00:00,32270.0,32420.0,31680.0,31810.0,260649.83309095
2023-04-15T13:00:00,31800.0,32080.0,31540.0,32010.0,173808.89877544
2023-04-15T17:00:00,32020.0,32200.0,31780.0,31900.0,101446.73281902
2023-04-15T21:00:00,31900.0,32140.0,31730.0,31900.0,108339.72318706
2023-04-16T01:00:00,31900.0,32050.0,31410.0,31630.0,101211.56665463
2023-04-16T05:00:00,31630.0,31730.0,31350.0,31610.0,73133.87254361
2023-04-16T09:00:00,31610.0,32190.0,31370.0,31920.0,260424.69851521
2023-04-16T13:00:00,31920.0,32050.0,31710.0,31750.0,93537.08029678
2023-04-16T17:00:00,31740.0,31850.0,31470.0,31620.0,89686.07901522
2023-04-16T21:00:00,31620.0,31930.0,31550.0,31870.0,63485.27732874
2023-04-17T01:00:00,31910.0,32410.0,31720.0,32090.0,76665.1620615
2023-04-17T05:00:00,32080.0,33280.0,31810.0,33110.0,433563.87349565
2023-04-17T09:00:00,33110.0,34170.0,32510.0,33860.0,1132824.33867079
2023-04-17T13:00:00,33890.0,34120.0,32800.0,32850.0,573184.0257894
2023-04-17T17:00:00,32840.0,33240.0,32380.0,32670.0,443111.34984794
2023-04-17T21:00:00,32660.0,33460.0,32080.0,32350.0,797800.03975331
2023-04-18T01:00:00,32350.0,32690.0,32060.0,32520.0,119283.79776106
2023-04-18T05:00:00,32490.0,32640.0,32180.0,32300.0,152514.48316677
2023-04-18T09:00:00,32300.0,32430.0,31450.0,32030.0,387242.2187061
2023-04-18T13:00:00,32010.0,33020.0,31910.0,32950.0,340909.72783586
2023-04-18T17:00:00,32950.0,33260.0,32690.0,33140.0,319697.56141849
2023-04-18T21:00:00,33140.0,33230.0,32520.0,32650.0,282717.42433918
2023-04-19T01:00:00,32630.0,32760.0,32030.0,32350.0,120930.57084869
2023-04-19T05:00:00,32350.0,32590.0,32170.0,32360.0,127510.4210042
2023-04-19T09:00:00,32350.0,32650.0,32180.0,32290.0,215161.82438316
2023-04-19T13:00:00,32260.0,32420.0,31910.0,32010.0,160378.42923841
2023-04-19T17:00:00,32010.0,32010.0,29700.0,30920.0,784329.63061175
2023-04-19T21:00:00,30920.0,31200.0,30510.0,30970.0,222657.79370334
2023-04-20T01:00:00,30990.0,31200.0,30450.0,30580.0,74997.71620514
2023-04-20T05:00:00,30600.0,30840.0,29600.0,30190.0,253977.88674004
2023-04-20T09:00:00,30190.0,30790.0,29720.0,30360.0,299263.50071257
2023-04-20T13:00:00,30370.0,30670.0,29890.0,29910.0,227505.88603246
2023-04-20T17:00:00,29940.0,30220.0,29450.0,29560.0,251292.00066175
2023-04-20T21:00:00,29560.0,30680.0,29300.0,29380.0,380745.63000118
2023-04-21T01:00:00,29390.0,29800.0,28840.0,29050.0,242948.18185113
2023-04-21T05:00:00,29050.0,29710.0,28940.0,29600.0,127345.31755386
2023-04-21T09:00:00,29590.0,29800.0,29270.0,29680.0,184968.5750203
2023-04-21T13:00:00,29670.0,29810.0,29030.0,29500.0,183386.38151624
2023-04-21T17:00:00,29500.0,29660.0,29140.0,29220.0,125404.78827704
2023-04-21T21:00:00,29250.0,29570.0,28980.0,29060.0,132765.51447757
2023-04-22T01:00:00,29050.0,29150.0,28300.0,28430.0,208313.06569412
2023-04-22T05:00:00,28430.0,28830.0,28000.0,28350.0,208423.26050141
2023-04-22T09:00:00,28350.0,28470.0,27980.0,28470.0,182393.50739178
2023-04-22T13:00:00,28470.0,28650.0,28310.0,28350.0,76538.97325657
2023-04-22T17:00:00,28400.0,28570.0,28330.0,28540.0,44048.94072141
2023-04-22T21:00:00,28540.0,29040.0,28530.0,29040.0,115780.085882
2023-04-23T01:00:00,29040.0,29290.0,28850.0,29070.0,64045.69731296
2023-04-23T05:00:00,29070.0,29340.0,28940.0,29150.0,63032.3248161
2023-04-23T09:00:00,29140.0,29150.0,28630.0,29020.0,87935.50908954
2023-04-23T13:00:00,29020.0,29550.0,28970.0,29450.0,155280.00833202
2023-04-23T17:00:00,29450.0,29650.0,29240.0,29520.0,147885.92240672
2023-04-23T21:00:00,29500.0,29670.0,28680.0,28910.0,188750.77422414
2023-04-24T01:00:00,28890.0,28960.0,28430.0,28720.0,30941.34968568
2023-04-24T05:00:00,28720.0,28720.0,28600.0,28690.0,32067.42433555
2023-04-24T09:00:00,28690.0,29310.0,28370.0,28980.0,214043.05371504
2023-04-24T13:00:00,28980.0,29090.0,28330.0,28470.0,110674.78469391
2023-04-24T17:00:00,28480.0,29040.0,28240.0,29030.0,128507.702296
2023-04-24T21:00:00,29050.0,29340.0,28450.0,28540.0,225795.64837425
2023-04-25T01:00:00,28530.0,28810.0,28180.0,28540.0,67140.63301171
2023-04-25T05:00:00,28530.0,28720.0,28450.0,28580.0,53167.62731842
2023-04-25T09:00:00,28580.0,28680.0,27770.0,27840.0,170283.08593696
2023-04-25T13:00:00,27840.0,28230.0,27830.0,27910.0,78549.57305419
2023-04-25T17:00:00,27900.0,28120.0,27710.0,28090.0,97364.6586751
2023-04-25T21:00:00,28090.0,28360.0,27810.0,28010.0,129598.43773072
2023-04-26T01:00:00,27990.0,28480.0,27880.0,28330.0,42085.722832
2023-04-26T05:00:00,28330.0,29370.0,28330.0,29320.0,156842.1904904
2023-04-26T09:00:00,29320.0,29490.0,28990.0,29060.0,114637.74618735
2023-04-26T13:00:00,29050.0,29490.0,29050.0,29190.0,83509.2151428
2023-04-26T17:00:00,29190.0,30180.0,29190.0,29840.0,256657.25945377
2023-04-26T21:00:00,29840.0,30490.0,29840.0,30160.0,233847.3521441
2023-04-27T01:00:00,30130.0,30400.0,28000.0,28400.0,228440.54760759
2023-04-27T05:00:00,28380.0,28910.0,27550.0,28490.0,315338.6355491
2023-04-27T09:00:00,28490.0,29500.0,28370.0,28940.0,265810.89526477
2023-04-27T13:00:00,28940.0,29370.0,28780.0,29010.0,106292.41687893
2023-04-27T17:00:00,29020.0,29140.0,28870.0,29060.0,87719.44538588
2023-04-27T21:00:00,29050.0,30030.0,28620.0,29770.0,248017.36274996
2023-04-28T01:00:00,29760.0,29990.0,29450.0,29740.0,94313.1316049
2023-04-28T05:00:00,29740.0,29950.0,29500.0,29770.0,95273.38659372
2023-04-28T09:00:00,29760.0,30280.0,29610.0,29760.0,143695.41431016
2023-04-28T13:00:00,29760.0,30190.0,29750.0,30130.0,89516.49488401
2023-04-28T17:00:00,30130.0,30530.0,29770.0,30090.0,214333.53635477
2023-04-28T21:00:00,30090.0,30480.0,29670.0,29940.0,234494.19390425
2023-04-29T01:00:00,29940.0,31290.0,29940.0,31100.0,250256.8848727
2023-04-29T05:00:00,31110.0,31390.0,30830.0,31110.0,177200.72184123
2023-04-29T09:00:00,31100.0,31330.0,30890.0,31110.0,206379.69962342
2023-04-29T13:00:00,31070.0,31180.0,30800.0,30980.0,95935.85390256
2023-04-29T17:00:00,30950.0,31150.0,30870.0,31070.0,79959.88377594
2023-04-29T21:00:00,31070.0,31850.0,31010.0,31120.0,251531.85910596
2023-04-30T01:00:00,31110.0,31180.0,30570.0,31100.0,66829.89245993
2023-04-30T05:00:00,31090.0,31090.0,30630.0,30880.0,120003.22597
2023-04-30T09:00:00,30880.0,30980.0,30610.0,30910.0,100597.75726079
2023-04-30T13:00:00,30880.0,31420.0,30770.0,31310.0,195294.0369426
2023-04-30T17:00:00,31320.0,31760.0,31310.0,31410.0,317310.19554706
2023-04-30T21:00:00,31410.0,31900.0,31150.0,31520.0,341291.52407772
2023-05-01T01:00:00,31520.0,31800.0,30800.0,31040.0,146296.55798752
2023-05-01T05:00:00,31000.0,31150.0,30400.0,30460.0,167491.08688996
2023-05-01T09:00:00,30460.0,30730.0,29470.0,29800.0,531579.54712432
2023-05-01T13:00:00,29800.0,30060.0,29580.0,30010.0,147232.43300713
2023-05-01T17:00:00,30020.0,30020.0,29750.0,29810.0,83977.80108059
2023-05-01T21:00:00,29790.0,29910.0,29240.0,29430.0,193827.10890959
2023-05-02T01:00:00,29420.0,29550.0,29040.0,29310.0,83932.96485431
2023-05-02T05:00:00,29310.0,29700.0,29160.0,29520.0,82224.68443356
2023-05-02T09:00:00,29520.0,29600.0,29140.0,29270.0,123523.68850382
2023-05-02T13:00:00,29280.0,29480.0,29160.0,29400.0,67189.61761835
2023-05-02T17:00:00,29410.0,29640.0,29300.0,29600.0,105523.26564112
2023-05-02T21:00:00,29600.0,29950.0,29320.0,29810.0,214062.99210836
2023-05-03T01:00:00,29820.0,30010.0,29730.0,29880.0,65478.34681185
2023-05-03T05:00:00,29910.0,29950.0,29710.0,29800.0,67386.41182718
2023-05-03T09:00:00,29800.0,29810.0,29200.0,29320.0,149337.78913164
2023-05-03T13:00:00,29320.0,29460.0,29000.0,29160.0,111092.15953424
2023-05-03T17:00:00,29170.0,29280.0,28610.0,28670.0,162783.80825355
2023-05-03T21:00:00,28670.0,28900.0,28530.0,28720.0,234543.81230751
2023-05-04T01:00:00,28720.0,29280.0,28650.0,28980.0,85775.87348025
2023-05-04T05:00:00,28990.0,29930.0,28950.0,29650.0,181858.2974789
2023-05-04T09:00:00,29650.0,30010.0,29390.0,29610.0,234235.68353578
2023-05-04T13:00:00,29600.0,29710.0,29480.0,29500.0,72562.87501756
2023-05-04T17:00:00,29490.0,29890.0,29450.0,29720.0,65683.61611222
2023-05-04T21:00:00,29720.0,29810.0,29130.0,29240.0,117332.14163223
2023-05-05T01:00:00,29230.0,29330.0,29010.0,29180.0,38896.97186436
2023-05-05T05:00:00,29150.0,29210.0,29010.0,29080.0,37428.34537803
2023-05-05T09:00:00,29080.0,29470.0,28960.0,29170.0,132286.73692374
2023-05-05T13:00:00,29180.0,29360.0,28910.0,29080.0,69598.63580455
2023-05-05T17:00:00,29070.0,29330.0,29040.0,29330.0,50140.12698849
2023-05-05T21:00:00,29340.0,29920.0,28870.0,29670.0,246658.81707539
2023-05-06T01:00:00,29650.0,30440.0,29650.0,30350.0,196380.64237924
2023-05-06T05:00:00,30350.0,30590.0,30100.0,30180.0,112936.28989592
2023-05-06T09:00:00,30150.0,30780.0,30090.0,30150.0,202635.31902185
2023-05-06T13:00:00,30150.0,30240.0,29970.0,30120.0,89297.33331909
2023-05-06T17:00:00,30120.0,30180.0,29880.0,30170.0,93364.3486667
2023-05-06T21:00:00,30170.0,30180.0,28870.0,29190.0,294162.44227201
2023-05-07T01:00:00,29190.0,29610.0,29090.0,29340.0,56666.44479043
2023-05-07T05:00:00,29360.0,29410.0,29200.0,29320.0,32539.92347386
2023-05-07T09:00:00,29320.0,29470.0,29050.0,29190.0,82953.34308963
2023-05-07T13:00:00,29190.0,29400.0,29170.0,29390.0,29685.41365655
2023-05-07T17:00:00,29400.0,29580.0,29240.0,29410.0,53700.29746972
2023-05-07T21:00:00,29410.0,29970.0,29410.0,29880.0,118137.61362976
2023-05-08T01:00:00,29900.0,30250.0,29690.0,29850.0,112177.79580512
2023-05-08T05:00:00,29810.0,29940.0,29000.0,29050.0,123259.65083866
2023-05-08T09:00:00,29050.0,29240.0,28000.0,28410.0,331587.17035388
2023-05-08T13:00:00,28410.0,28670.0,28100.0,28410.0,108937.58144436
2023-05-08T17:00:00,28410.0,28610.0,28250.0,28460.0,89685.37229507
2023-05-08T21:00:00,28490.0,28630.0,28200.0,28370.0,106276.42089231
2023-05-09T01:00:00,28370.0,28450.0,27170.0,27410.0,184707.22663591
2023-05-09T05:00:00,27430.0,27940.0,27380.0,27780.0,98691.33345076
2023-05-09T09:00:00,27790.0,27940.0,27550.0,27720.0,104314.46968626
2023-05-09T13:00:00,27710.0,27830.0,27370.0,27810.0,97285.66471465
2023-05-09T17:00:00,27810.0,28160.0,27550.0,28130.0,123036.71275449
2023-05-09T21:00:00,28150.0,28320.0,27670.0,27690.0,147464.99223992
2023-05-10T01:00:00,27680.0,28020.0,27500.0,27750.0,43951.09051749
2023-05-10T05:00:00,27760.0,27880.0,27550.0,27760.0,46049.54974181
2023-05-10T09:00:00,27780.0,28050.0,27690.0,27840.0,69418.49175352
2023-05-10T13:00:00,27830.0,27930.0,27530.0,27600.0,55719.90462
2023-05-10T17:00:00,27610.0,27940.0,27500.0,27910.0,58735.70581731
2023-05-10T21:00:00,27900.0,28600.0,27790.0,28250.0,258605.12775847
2023-05-11T01:00:00,28250.0,28410.0,27200.0,28150.0,186606.73410398
2023-05-11T05:00:00,28160.0,28500.0,27960.0,28040.0,78544.74052402
2023-05-11T09:00:00,28040.0,28100.0,27560.0,27610.0,90312.13252524
2023-05-11T13:00:00,27600.0,27810.0,27580.0,27720.0,42923.71656795
2023-05-11T17:00:00,27700.0,27800.0,27440.0,27630.0,41362.13154126
2023-05-11T21:00:00,27640.0,28000.0,26950.0,27200.0,176699.19344591
2023-05-12T01:00:00,27200.0,27410.0,26870.0,27210.0,109589.70830192
2023-05-12T05:00:00,27210.0,27480.0,27150.0,27210.0,39445.16312039
2023-05-12T09:00:00,27240.0,27350.0,26890.0,26990.0,109870.32792432
2023-05-12T13:00:00,26980.0,27290.0,26740.0,27170.0,142775.22313133
2023-05-12T17:00:00,27170.0,27560.0,27160.0,27470.0,70418.64823104
2023-05-12T21:00:00,27470.0,28100.0,27410.0,27530.0,132211.46189524
2023-05-13T01:00:00,27520.0,27940.0,27130.0,27880.0,47109.52165098
2023-05-13T05:00:00,27830.0,28380.0,27770.0,28310.0,115476.48144958
2023-05-13T09:00:00,28310.0,28800.0,28140.0,28700.0,157825.73058589
2023-05-13T13:00:00,28700.0,28880.0,28450.0,28770.0,106600.70827129
2023-05-13T17:00:00,28770.0,28830.0,28530.0,28620.0,63481.15241705
2023-05-13T21:00:00,28570.0,28720.0,28200.0,28340.0,142517.85146174
2023-05-14T01:00:00,28320.0,28650.0,28220.0,28440.0,37623.29013611
2023-05-14T05:00:00,28430.0,28590.0,28320.0,28330.0,23945.47683945
2023-05-14T09:00:00,28330.0,28450.0,28020.0,28400.0,80578.71233666
2023-05-14T13:00:00,28400.0,28730.0,28330.0,28580.0,54582.63897076
2023-05-14T17:00:00,28610.0,28610.0,28360.0,28380.0,29246.07834311
2023-05-14T21:00:00,28380.0,28780.0,28240.0,28610.0,70116.35132247
2023-05-15T01:00:00,28610.0,28680.0,28300.0,28420.0,22096.41719089
2023-05-15T05:00:00,28400.0,28460.0,28280.0,28320.0,29117.26648647
2023-05-15T09:00:00,28310.0,28670.0,27900.0,28660.0,117812.13800847
2023-05-15T13:00:00,28650.0,28930.0,28450.0,28800.0,112320.90168979
2023-05-15T17:00:00,28780.0,28970.0,28670.0,28670.0,70894.15326411
2023-05-15T21:00:00,28670.0,28950.0,28620.0,28800.0,67802.03840228
2023-05-16T01:00:00,28800.0,28950.0,28490.0,28520.0,23236.27625282
2023-05-16T05:00:00,28500.0,28560.0,28250.0,28280.0,54402.53401894
2023-05-16T09:00:00,28270.0,28490.0,27960.0,28110.0,82639.23640571
2023-05-16T13:00:00,28090.0,28380.0,28010.0,28360.0,45355.83780641
2023-05-16T17:00:00,28350.0,28410.0,28100.0,28190.0,40075.38845125
2023-05-16T21:00:00,28210.0,28220.0,27900.0,28070.0,71349.12757937
2023-05-17T01:00:00,28070.0,28140.0,27690.0,27730.0,38702.27449603
2023-05-17T05:00:00,27740.0,27980.0,27630.0,27860.0,76841.61056541
2023-05-17T09:00:00,27850.0,28370.0,27750.0,28190.0,99733.32843914
2023-05-17T13:00:00,28180.0,28240.0,27750.0,27790.0,86440.37982071
2023-05-17T17:00:00,27790.0,27940.0,27660.0,27730.0,118027.24542281
2023-05-17T21:00:00,27750.0,27980.0,27630.0,27810.0,66143.70145577
2023-05-18T01:00:00,27810.0,28340.0,27750.0,28210.0,60445.05832268
2023-05-18T05:00:00,28210.0,28430.0,28110.0,28210.0,67484.15955998
2023-05-18T09:00:00,28190.0,28340.0,28050.0,28170.0,61234.86858918
2023-05-18T13:00:00,28180.0,28180.0,27900.0,28150.0,60455.58686715
2023-05-18T17:00:00,28130.0,28160.0,27900.0,28020.0,84773.86411346
2023-05-18T21:00:00,28020.0,28020.0,27700.0,27740.0,154387.33680387
2023-05-19T01:00:00,27740.0,27800.0,27300.0,27550.0,82667.13413117
2023-05-19T05:00:00,27550.0,27760.0,27470.0,27510.0,87215.54143176
2023-05-19T09:00:00,27500.0,27550.0,27320.0,27390.0,101394.83952865
2023-05-19T13:00:00,27400.0,27600.0,27350.0,27520.0,41281.38803262
2023-05-19T17:00:00,27520.0,27610.0,27400.0,27490.0,31159.92652536
2023-05-19T21:00:00,27490.0,27650.0,27240.0,27480.0,95297.27828194
2023-05-20T01:00:00,27480.0,27570.0,27380.0,27450.0,19074.90839456
2023-05-20T05:00:00,27460.0,27500.0,27380.0,27380.0,16368.91550794
2023-05-20T09:00:00,27380.0,27400.0,27200.0,27330.0,44872.90259076
2023-05-20T13:00:00,27340.0,27340.0,27130.0,27190.0,44699.65165364
2023-05-20T17:00:00,27190.0,27300.0,27190.0,27260.0,28860.8704638
2023-05-20T21:00:00,27270.0,27340.0,27220.0,27310.0,22881.08511979
2023-05-21T01:00:00,27310.0,27360.0,27210.0,27290.0,12548.38231509
2023-05-21T05:00:00,27290.0,27300.0,27210.0,27260.0,18307.32023314
2023-05-21T09:00:00,27270.0,27380.0,27220.0,27240.0,30270.39254636
2023-05-21T13:00:00,27250.0,27320.0,27220.0,27280.0,11985.61575629
2023-05-21T17:00:00,27280.0,27380.0,27110.0,27150.0,71315.41742311
2023-05-21T21:00:00,27150.0,27190.0,26810.0,26890.0,87578.42734227
2023-05-22T01:00:00,26940.0,26990.0,26810.0,26930.0,27487.25060137
2023-05-22T05:00:00,26970.0,27040.0,26250.0,26450.0,112227.93767692
2023-05-22T09:00:00,26450.0,26510.0,26020.0,26220.0,118428.65665598
2023-05-22T13:00:00,26220.0,26490.0,26160.0,26400.0,57676.20621419
2023-05-22T17:00:00,26400.0,26680.0,26400.0,26580.0,75758.24694836
2023-05-22T21:00:00,26580.0,26800.0,26210.0,26370.0,86984.20283471
2023-05-23T01:00:00,26350.0,26470.0,26250.0,26350.0,17157.53013034
2023-05-23T05:00:00,26360.0,26450.0,26160.0,26160.0,54620.41296675
2023-05-23T09:00:00,26160.0,26840.0,26000.0,26650.0,163675.97580416
2023-05-23T13:00:00,26630.0,26730.0,26350.0,26460.0,78409.08337186
2023-05-23T17:00:00,26440.0,26660.0,26370.0,26660.0,50763.63426998
2023-05-23T21:00:00,26670.0,26810.0,26520.0,26750.0,79419.30620309
2023-05-24T01:00:00,26750.0,26950.0,26650.0,26790.0,32495.02801764
2023-05-24T05:00:00,26760.0,26850.0,26700.0,26740.0,29837.72387939
2023-05-24T09:00:00,26740.0,26810.0,26100.0,26220.0,125803.91198611
2023-05-24T13:00:00,26220.0,26310.0,26020.0,26110.0,87410.19996358
2023-05-24T17:00:00,26100.0,26300.0,25990.0,26070.0,57670.05757575
2023-05-24T21:00:00,26060.0,26140.0,25300.0,25770.0,216495.90187721
2023-05-25T01:00:00,25770.0,25980.0,25680.0,25860.0,19206.95445279
2023-05-25T05:00:00,25880.0,26090.0,25830.0,25870.0,50098.01860445
2023-05-25T09:00:00,25850.0,26090.0,25370.0,25990.0,132013.19531958
2023-05-25T13:00:00,25990.0,26110.0,25840.0,25840.0,96585.60269391
2023-05-25T17:00:00,25850.0,26010.0,25830.0,25930.0,38202.31827626
2023-05-25T21:00:00,25960.0,26210.0,25820.0,25850.0,72340.4285794
2023-05-26T01:00:00,25850.0,26050.0,25810.0,25950.0,15673.49542804
2023-05-26T05:00:00,25920.0,25950.0,25790.0,25850.0,30700.47678649
2023-05-26T09:00:00,25850.0,25940.0,25720.0,25830.0,47568.84935505
2023-05-26T13:00:00,25830.0,25850.0,25610.0,25820.0,48018.78977943
2023-05-26T17:00:00,25820.0,25920.0,25780.0,25860.0,33927.93434911
2023-05-26T21:00:00,25860.0,26210.0,25790.0,26040.0,87934.86391382
2023-05-27T01:00:00,26040.0,26120.0,25900.0,26120.0,16526.35975185
2023-05-27T05:00:00,26100.0,26140.0,25900.0,25930.0,23951.48494943
2023-05-27T09:00:00,25900.0,26070.0,25890.0,26030.0,44166.01150298
2023-05-27T13:00:00,26060.0,26300.0,26000.0,26170.0,34581.17306458
2023-05-27T17:00:00,26150.0,26180.0,26030.0,26060.0,29064.80204046
2023-05-27T21:00:00,26060.0,26210.0,26010.0,26180.0,32042.31114703
2023-05-28T01:00:00,26150.0,26270.0,26110.0,26240.0,22375.48156705
2023-05-28T05:00:00,26280.0,27330.0,26270.0,27220.0,176973.35060585
2023-05-28T09:00:00,27200.0,27700.0,27070.0,27360.0,193248.50640657
2023-05-28T13:00:00,27350.0,27440.0,27270.0,27370.0,54520.88269213
2023-05-28T17:00:00,27360.0,27550.0,27230.0,27380.0,66538.75994631
2023-05-28T21:00:00,27370.0,27650.0,27310.0,27420.0,49107.46213635
2023-05-29T01:00:00,27400.0,27980.0,27390.0,27710.0,74710.97999649
2023-05-29T05:00:00,27710.0,28150.0,27500.0,27670.0,131346.45797797
2023-05-29T09:00:00,27670.0,27950.0,27540.0,27570.0,116002.54694608
2023-05-29T13:00:00,27570.0,27730.0,27320.0,27670.0,63423.2763356
2023-05-29T17:00:00,27640.0,27720.0,27540.0,27690.0,38139.10538121
2023-05-29T21:00:00,27680.0,27700.0,27330.0,27400.0,40710.84493966
2023-05-30T01:00:00,27360.0,27460.0,27110.0,27300.0,54479.63393081
2023-05-30T05:00:00,27340.0,27510.0,27280.0,27400.0,28189.45247569
2023-05-30T09:00:00,27400.0,28180.0,27300.0,27790.0,175433.15640741
2023-05-30T13:00:00,27790.0,27870.0,27540.0,27670.0,82136.11643882
2023-05-30T17:00:00,27680.0,28490.0,27670.0,28340.0,196410.80276527
2023-05-30T21:00:00,28330.0,28540.0,27920.0,28030.0,257163.35870151
2023-05-31T01:00:00,28000.0,28500.0,27770.0,28440.0,129777.76592195
2023-05-31T05:00:00,28440.0,28490.0,28120.0,28260.0,104539.11807335
2023-05-31T09:00:00,28260.0,28370.0,27970.0,28110.0,99717.02073206
2023-05-31T13:00:00,28090.0,28170.0,27470.0,27690.0,174831.19514861
2023-05-31T17:00:00,27690.0,27820.0,27500.0,27610.0,56721.06678318
2023-05-31T21:00:00,27610.0,27700.0,27350.0,27480.0,80136.29556112
2023-06-01T01:00:00,27510.0,27770.0,27440.0,27650.0,26904.3807498
2023-06-01T05:00:00,27660.0,27880.0,27650.0,27850.0,30968.00573159
2023-06-01T09:00:00,27850.0,28020.0,27400.0,27700.0,127855.60991452
2023-06-01T13:00:00,27700.0,27780.0,27560.0,27650.0,44504.07627781
2023-06-01T17:00:00,27660.0,27780.0,27620.0,27770.0,28241.60788266
2023-06-01T21:00:00,27740.0,27970.0,27620.0,27680.0,55927.09475823
2023-06-02T01:00:00,27680.0,27890.0,27490.0,27660.0,23665.63949154
2023-06-02T05:00:00,27660.0,27690.0,27300.0,27390.0,49010.58670156
2023-06-02T09:00:00,27390.0,27680.0,27120.0,27630.0,73183.27095164
2023-06-02T13:00:00,27630.0,28060.0,27550.0,27920.0,100019.46178299
2023-06-02T17:00:00,27900.0,28280.0,27890.0,28230.0,79532.07245949
2023-06-02T21:00:00,28200.0,28270.0,27880.0,28130.0,75867.67000579
2023-06-03T01:00:00,28120.0,28300.0,27940.0,28220.0,26562.07738985
2023-06-03T05:00:00,28210.0,28280.0,28070.0,28130.0,25067.56963698
2023-06-03T09:00:00,28120.0,28230.0,27970.0,27980.0,48111.17772353
2023-06-03T13:00:00,27980.0,28030.0,27850.0,28010.0,32018.82852209
2023-06-03T17:00:00,28010.0,28080.0,27900.0,28010.0,23401.50924158
2023-06-03T21:00:00,28010.0,28110.0,27910.0,28050.0,23410.30992996
2023-06-04T01:00:00,28080.0,28200.0,27930.0,27940.0,19102.59142322
2023-06-04T05:00:00,27960.0,28100.0,27860.0,28100.0,13897.93914332
2023-06-04T09:00:00,28060.0,28210.0,27920.0,28160.0,31608.17201702
2023-06-04T13:00:00,28170.0,28850.0,28120.0,28550.0,127554.99378865
2023-06-04T17:00:00,28530.0,28680.0,28360.0,28670.0,51439.62598337
2023-06-04T21:00:00,28670.0,29230.0,28640.0,29110.0,237173.01053157
2023-06-05T01:00:00,29100.0,29460.0,28940.0,29270.0,85359.80872013
2023-06-05T05:00:00,29270.0,29400.0,28770.0,28850.0,86247.7996251
2023-06-05T09:00:00,28850.0,29160.0,28520.0,28530.0,106659.30393398
2023-06-05T13:00:00,28520.0,28740.0,28380.0,28670.0,82508.9669353
2023-06-05T17:00:00,28670.0,28700.0,28470.0,28590.0,49678.3920954
2023-06-05T21:00:00,28590.0,28590.0,26650.0,26670.0,251679.87403047
2023-06-06T01:00:00,26680.0,27310.0,25970.0,26680.0,399010.07914076
2023-06-06T05:00:00,26640.0,26850.0,26130.0,26670.0,131481.77710521
2023-06-06T09:00:00,26670.0,26740.0,26110.0,26550.0,144921.54598242
2023-06-06T13:00:00,26520.0,26750.0,26440.0,26740.0,54052.22163778
2023-06-06T17:00:00,26740.0,26740.0,26320.0,26370.0,51760.75035675
2023-06-06T21:00:00,26360.0,26620.0,25430.0,26430.0,388427.23723338
2023-06-07T01:00:00,26440.0,27250.0,26420.0,27150.0,94850.07444688
2023-06-07T05:00:00,27150.0,27270.0,26700.0,26820.0,95051.14207403
2023-06-07T09:00:00,26840.0,27000.0,26330.0,26560.0,116689.33976642
2023-06-07T13:00:00,26540.0,26700.0,26400.0,26520.0,47517.77831877
2023-06-07T17:00:00,26500.0,26630.0,26000.0,26380.0,78177.6375808
2023-06-07T21:00:00,26360.0,26390.0,25520.0,25630.0,168119.00584349
2023-06-08T01:00:00,25630.0,25650.0,24780.0,25200.0,149049.59539475
2023-06-08T05:00:00,25200.0,25210.0,24610.0,24740.0,159653.0976054
2023-06-08T09:00:00,24730.0,25060.0,24170.0,24450.0,173673.10104361
2023-06-08T13:00:00,24460.0,24850.0,24340.0,24660.0,76671.99788432
2023-06-08T17:00:00,24660.0,24870.0,24530.0,24830.0,48203.78737308
2023-06-08T21:00:00,24840.0,25130.0,24760.0,24960.0,81223.98665664
2023-06-09T01:00:00,24960.0,25000.0,24540.0,24900.0,23521.1202764
2023-06-09T05:00:00,24900.0,25200.0,24850.0,24910.0,33177.93207627
2023-06-09T09:00:00,24920.0,24950.0,24540.0,24730.0,79359.43808651
2023-06-09T13:00:00,24720.0,24760.0,24400.0,24490.0,60397.3086883
2023-06-09T17:00:00,24490.0,25480.0,24430.0,25330.0,99916.55767858
2023-06-09T21:00:00,25330.0,25440.0,24370.0,24660.0,100093.05972199
2023-06-10T01:00:00,24640.0,24660.0,22810.0,23000.0,249464.64938639
2023-06-10T05:00:00,22980.0,23390.0,22520.0,22880.0,309144.35974799
2023-06-10T09:00:00,22880.0,22910.0,21040.0,21380.0,640220.42788134
2023-06-10T13:00:00,21390.0,21630.0,18110.0,19180.0,1756619.6094497
2023-06-10T17:00:00,19210.0,20050.0,18970.0,19810.0,457990.82617069
2023-06-10T21:00:00,19800.0,19800.0,19150.0,19650.0,258430.06749047
2023-06-11T01:00:00,19650.0,21080.0,19300.0,20330.0,362944.87103943
2023-06-11T05:00:00,20350.0,21130.0,20190.0,20750.0,218281.85466831
2023-06-11T09:00:00,20750.0,20970.0,20440.0,20630.0,203210.02703999
2023-06-11T13:00:00,20640.0,20900.0,20220.0,20450.0,142160.73424549
2023-06-11T17:00:00,20450.0,20860.0,20350.0,20690.0,152008.70174563
2023-06-11T21:00:00,20690.0,20910.0,20140.0,20280.0,186687.92333865
2023-06-12T01:00:00,20240.0,21380.0,20170.0,21140.0,130981.51317421
2023-06-12T05:00:00,21170.0,21340.0,20430.0,20610.0,124936.30817879
2023-06-12T09:00:00,20600.0,20650.0,19820.0,20000.0,206281.2867283
2023-06-12T13:00:00,20010.0,20220.0,19840.0,19870.0,150658.94935526
2023-06-12T17:00:00,19890.0,20690.0,19820.0,20290.0,175316.33425419
2023-06-12T21:00:00,20290.0,20350.0,19950.0,20060.0,111862.14622378
2023-06-13T01:00:00,20060.0,20200.0,19470.0,19720.0,143238.49534875
2023-06-13T05:00:00,19730.0,20280.0,19650.0,20000.0,105732.24467472
2023-06-13T09:00:00,19980.0,20390.0,19810.0,20120.0,164432.32449236
2023-06-13T13:00:00,20120.0,20250.0,19870.0,20150.0,95284.3499421
2023-06-13T17:00:00,20150.0,20470.0,20110.0,20390.0,138738.85280896
2023-06-13T21:00:00,20390.0,20860.0,19420.0,19490.0,457617.23542179
2023-06-14T01:00:00,19480.0,19880.0,19440.0,19600.0,74270.19610436
2023-06-14T05:00:00,19570.0,19740.0,19480.0,19650.0,74398.82304353
2023-06-14T09:00:00,19640.0,20020.0,19540.0,19960.0,105522.02596995
2023-06-14T13:00:00,19950.0,19970.0,19610.0,19660.0,88640.02585939
2023-06-14T17:00:00,19660.0,19910.0,19650.0,19880.0,71739.90823879
2023-06-14T21:00:00,19880.0,19990.0,19640.0,19690.0,79845.51559836
2023-06-15T01:00:00,19690.0,20050.0,19500.0,19700.0,66899.93136916
2023-06-15T05:00:00,19710.0,19750.0,18530.0,19020.0,321088.90800256
2023-06-15T09:00:00,19000.0,19770.0,18940.0,19580.0,151547.54145143
2023-06-15T13:00:00,19600.0,19600.0,19160.0,19360.0,137942.54894098
2023-06-15T17:00:00,19380.0,19510.0,18920.0,19170.0,138422.62875641
2023-06-15T21:00:00,19190.0,19380.0,18820.0,18970.0,149406.26416082
2023-06-16T01:00:00,18970.0,19280.0,18570.0,19250.0,96704.56490473
2023-06-16T05:00:00,19280.0,19650.0,19070.0,19320.0,87229.22335196
2023-06-16T09:00:00,19290.0,19410.0,19110.0,19350.0,66127.05879505
2023-06-16T13:00:00,19340.0,19550.0,19340.0,19440.0,52302.54569557
2023-06-16T17:00:00,19410.0,19510.0,19040.0,19100.0,67523.06465867
2023-06-16T21:00:00,19080.0,19790.0,18940.0,19680.0,123684.66124348
2023-06-17T01:00:00,19670.0,20250.0,19590.0,20020.0,98726.16822852
2023-06-17T05:00:00,20000.0,20210.0,19940.0,20060.0,56828.04483633
2023-06-17T09:00:00,20050.0,20190.0,19940.0,20180.0,74095.63450233
2023-06-17T13:00:00,20180.0,21090.0,20120.0,20750.0,209815.82507523
2023-06-17T17:00:00,20740.0,20890.0,20590.0,20620.0,64063.40120006
2023-06-17T21:00:00,20620.0,20830.0,20450.0,20540.0,55062.00604739
2023-06-18T01:00:00,20530.0,20670.0,20490.0,20550.0,14865.43868276
2023-06-18T05:00:00,20540.0,20680.0,20470.0,20500.0,24253.25507424
2023-06-18T09:00:00,20510.0,20570.0,20260.0,20450.0,61348.5801283
2023-06-18T13:00:00,20410.0,20570.0,20330.0,20450.0,56618.40844915
2023-06-18T17:00:00,20450.0,20580.0,20350.0,20550.0,53476.508475
2023-06-18T21:00:00,20550.0,20650.0,20470.0,20600.0,24883.81052497
2023-06-19T01:00:00,20610.0,20710.0,20570.0,20710.0,14419.98014056
2023-06-19T05:00:00,20710.0,20730.0,20030.0,20190.0,80414.21878147
2023-06-19T09:00:00,20190.0,20420.0,20140.0,20290.0,58368.91220371
2023-06-19T13:00:00,20290.0,20350.0,20200.0,20260.0,25716.06365537
2023-06-19T17:00:00,20260.0,20420.0,20230.0,20420.0,25679.71557691
2023-06-19T21:00:00,20420.0,20580.0,20280.0,20430.0,63189.32556712
2023-06-20T01:00:00,20420.0,20890.0,20280.0,20730.0,49011.84716448
2023-06-20T05:00:00,20730.0,21110.0,20670.0,21060.0,69137.37108602
2023-06-20T09:00:00,21060.0,21330.0,20950.0,21030.0,121082.27212103
2023-06-20T13:00:00,21010.0,21100.0,20860.0,20940.0,50103.56086448
2023-06-20T17:00:00,20940.0,20960.0,20730.0,20940.0,57806.9952374
2023-06-20T21:00:00,20920.0,21130.0,20700.0,20970.0,65036.20391696
2023-06-21T01:00:00,20970.0,21590.0,20870.0,21390.0,106156.81046813
2023-06-21T05:00:00,21370.0,21790.0,21270.0,21730.0,84430.14431778
2023-06-21T09:00:00,21730.0,22470.0,21610.0,21920.0,173443.23463728
2023-06-21T13:00:00,21920.0,22200.0,21880.0,22130.0,108650.74808263
2023-06-21T17:00:00,22100.0,22170.0,21900.0,22070.0,106259.21444186
2023-06-21T21:00:00,22050.0,22400.0,21630.0,22200.0,160977.0491128
2023-06-22T01:00:00,22180.0,22560.0,22040.0,22400.0,143908.38664598
2023-06-22T05:00:00,22370.0,22710.0,22170.0,22510.0,103620.42583451
2023-06-22T09:00:00,22520.0,23160.0,22450.0,22920.0,196536.73604802
2023-06-22T13:00:00,22930.0,22960.0,22450.0,22720.0,145646.04206999
2023-06-22T17:00:00,22700.0,22800.0,21900.0,22030.0,231912.28236989
2023-06-22T21:00:00,22030.0,22530.0,21910.0,22250.0,147404.86918286
2023-06-23T01:00:00,22220.0,22500.0,22070.0,22210.0,29328.23015741
2023-06-23T05:00:00,22230.0,22240.0,21720.0,21760.0,90423.3711414
2023-06-23T09:00:00,21750.0,22110.0,21750.0,22090.0,105957.17572394
2023-06-23T13:00:00,22090.0,22240.0,21980.0,22090.0,65084.02581648
2023-06-23T17:00:00,22120.0,22200.0,21900.0,21970.0,94563.67405618
2023-06-23T21:00:00,21970.0,22500.0,21480.0,22410.0,472957.46843084
2023-06-24T01:00:00,22400.0,22790.0,22250.0,22560.0,313984.64856937
2023-06-24T05:00:00,22570.0,23100.0,22400.0,22700.0,219217.54231408
2023-06-24T09:00:00,22710.0,23290.0,22580.0,23090.0,460181.62101974
2023-06-24T13:00:00,23080.0,23150.0,22570.0,22630.0,194648.86211365
2023-06-24T17:00:00,22610.0,23000.0,22610.0,22860.0,90940.85990713
2023-06-24T21:00:00,22850.0,23100.0,22010.0,22210.0,240550.74267383
2023-06-25T01:00:00,22190.0,22390.0,21940.0,22240.0,87123.06339587
2023-06-25T05:00:00,22240.0,22240.0,21810.0,22160.0,95595.14928248
2023-06-25T09:00:00,22180.0,22920.0,22050.0,22660.0,365315.08571087
2023-06-25T13:00:00,22670.0,23130.0,22550.0,23000.0,269237.62963813
2023-06-25T17:00:00,22990.0,23110.0,22590.0,22900.0,188362.28136839
2023-06-25T21:00:00,22900.0,22980.0,22230.0,22720.0,220695.77068854
2023-06-26T01:00:00,22710.0,22920.0,22370.0,22500.0,106512.17982723
2023-06-26T05:00:00,22460.0,22660.0,22260.0,22450.0,64945.56172261
2023-06-26T09:00:00,22440.0,22490.0,21850.0,22160.0,181468.6972208
2023-06-26T13:00:00,22130.0,22500.0,21860.0,22390.0,133868.98253741
2023-06-26T17:00:00,22390.0,22420.0,22080.0,22340.0,89611.15512504
2023-06-26T21:00:00,22340.0,22650.0,22120.0,22210.0,134308.56837264
2023-06-27T01:00:00,22220.0,22220.0,21460.0,21620.0,120657.77314327
2023-06-27T05:00:00,21620.0,21640.0,21140.0,21590.0,115639.91242291
2023-06-27T09:00:00,21590.0,21810.0,21400.0,21780.0,100959.89609546
2023-06-27T13:00:00,21780.0,22150.0,21610.0,22120.0,103404.56763191
2023-06-27T17:00:00,22130.0,22180.0,21800.0,22120.0,109519.4495288
2023-06-27T21:00:00,22120.0,22210.0,21640.0,21720.0,96667.51387695
2023-06-28T01:00:00,21720.0,22180.0,21670.0,22060.0,26976.86442738
2023-06-28T05:00:00,22060.0,22370.0,21820.0,21980.0,53627.44280217
2023-06-28T09:00:00,21980.0,22000.0,21400.0,21710.0,139847.11837992
2023-06-28T13:00:00,21710.0,21710.0,21050.0,21200.0,130361.42310561
2023-06-28T17:00:00,21180.0,21520.0,21110.0,21510.0,91382.83475868
2023-06-28T21:00:00,21510.0,21930.0,21360.0,21650.0,67024.34438562
2023-06-29T01:00:00,21650.0,21740.0,21000.0,21260.0,58876.3099578
2023-06-29T05:00:00,21250.0,21480.0,21080.0,21220.0,42180.60430996
2023-06-29T09:00:00,21220.0,21520.0,21110.0,21370.0,70041.45586174
2023-06-29T13:00:00,21330.0,21840.0,21330.0,21670.0,98566.78691873
2023-06-29T17:00:00,21670.0,24420.0,21630.0,24100.0,3159443.85485785
2023-06-29T21:00:00,24090.0,24310.0,23050.0,23620.0,1521643.89650802
2023-06-30T01:00:00,23600.0,23750.0,23390.0,23660.0,226435.80401479
2023-06-30T05:00:00,23660.0,24080.0,23300.0,24010.0,538310.39659371
2023-06-30T09:00:00,24010.0,25380.0,23810.0,25200.0,3042018.69344644
2023-06-30T13:00:00,25190.0,25420.0,24490.0,25060.0,1314773.82787791
2023-06-30T17:00:00,25030.0,25320.0,24780.0,25140.0,837091.7520291
2023-06-30T21:00:00,25140.0,26000.0,22620.0,24320.0,2074822.55260634
2023-07-01T01:00:00,24280.0,26630.0,24160.0,25360.0,980381.0784576
2023-07-01T05:00:00,25350.0,25760.0,25090.0,25100.0,309633.22982508
2023-07-01T09:00:00,25090.0,25320.0,24240.0,24410.0,906064.34443781
2023-07-01T13:00:00,24410.0,24660.0,23870.0,24610.0,405473.60870478
2023-07-01T17:00:00,24600.0,24680.0,24260.0,24470.0,199044.74696219
2023-07-01T21:00:00,24470.0,24750.0,24300.0,24530.0,182747.97564709
2023-07-02T01:00:00,24510.0,24590.0,24300.0,24400.0,43239.98423677
2023-07-02T05:00:00,24410.0,24960.0,24400.0,24900.0,69993.06986908
2023-07-02T09:00:00,24900.0,25150.0,24580.0,24900.0,441871.85915816
2023-07-02T13:00:00,24900.0,25990.0,24610.0,25520.0,911574.5995053
2023-07-02T17:00:00,25490.0,25780.0,25240.0,25280.0,352620.86982319
2023-07-02T21:00:00,25260.0,25790.0,25080.0,25640.0,319086.71488505
2023-07-03T01:00:00,25640.0,25900.0,25400.0,25780.0,117487.37264873
2023-07-03T05:00:00,25750.0,26190.0,25640.0,25770.0,144701.36682793
2023-07-03T09:00:00,25770.0,26100.0,25440.0,25920.0,192024.1022466
2023-07-03T13:00:00,25890.0,25910.0,25460.0,25730.0,97407.03900678
2023-07-03T17:00:00,25730.0,25810.0,25540.0,25780.0,102311.13354099
2023-07-03T21:00:00,25750.0,25780.0,25090.0,25460.0,187270.758023
2023-07-04T01:00:00,25450.0,25530.0,25140.0,25450.0,43551.22337566
2023-07-04T05:00:00,25440.0,25500.0,24930.0,25440.0,87732.6320247
2023-07-04T09:00:00,25440.0,25740.0,25400.0,25440.0,150766.1267837
2023-07-04T13:00:00,25440.0,25470.0,25120.0,25180.0,92387.76485306
2023-07-04T17:00:00,25180.0,25410.0,25120.0,25390.0,53825.43965672
2023-07-04T21:00:00,25390.0,26310.0,25340.0,26170.0,314228.25525814
2023-07-05T01:00:00,26170.0,26180.0,25490.0,25760.0,169527.17275622
2023-07-05T05:00:00,25760.0,25850.0,25210.0,25270.0,81628.07860681
2023-07-05T09:00:00,25260.0,25470.0,25200.0,25440.0,78585.95191124
2023-07-05T13:00:00,25450.0,25530.0,25310.0,25420.0,44596.72391678
2023-07-05T17:00:00,25420.0,25450.0,24090.0,24620.0,187518.92323911
2023-07-05T21:00:00,24590.0,24930.0,24360.0,24570.0,107864.45957843
2023-07-06T01:00:00,24570.0,24920.0,24490.0,24570.0,28477.35949494
2023-07-06T05:00:00,24560.0,25200.0,24550.0,25160.0,25854.21339047
2023-07-06T09:00:00,25150.0,26100.0,25110.0,25720.0,418398.37244926
2023-07-06T13:00:00,25700.0,26050.0,25450.0,25850.0,208326.90932162
2023-07-06T17:00:00,25860.0,26860.0,25770.0,26280.0,499206.05417452
2023-07-06T21:00:00,26240.0,26330.0,25040.0,26230.0,434167.24403081
2023-07-07T01:00:00,26220.0,27840.0,25910.0,27760.0,364820.24856462
2023-07-07T05:00:00,27770.0,27910.0,26120.0,26150.0,416160.63065573
2023-07-07T09:00:00,26120.0,27380.0,25920.0,26830.0,640259.52842797
2023-07-07T13:00:00,26830.0,26980.0,25660.0,25890.0,294136.43597427
2023-07-07T17:00:00,25870.0,26980.0,25650.0,26800.0,327404.6592303
2023-07-07T21:00:00,26820.0,28750.0,26820.0,28130.0,1937500.65885317
2023-07-08T01:00:00,28130.0,28510.0,27880.0,28360.0,395245.91075715
2023-07-08T05:00:00,28370.0,28990.0,28050.0,28510.0,431509.64737372
2023-07-08T09:00:00,28510.0,29180.0,28360.0,28780.0,977397.98814305
2023-07-08T13:00:00,28780.0,29330.0,28190.0,29200.0,563447.00314438
2023-07-08T17:00:00,29200.0,29820.0,28880.0,29090.0,1046623.59826707
2023-07-08T21:00:00,29090.0,29130.0,28350.0,28510.0,571232.07001969
2023-07-09T01:00:00,28510.0,29120.0,28380.0,28660.0,205273.32229878
2023-07-09T05:00:00,28690.0,29150.0,28450.0,28910.0,150459.9294165
2023-07-09T09:00:00,28920.0,29620.0,28480.0,28660.0,678861.79775523
2023-07-09T13:00:00,28650.0,28940.0,28310.0,28450.0,199797.60086918
2023-07-09T17:00:00,28470.0,28920.0,28430.0,28570.0,134185.7952688
2023-07-09T21:00:00,28570.0,28860.0,27930.0,28090.0,217741.03327937
2023-07-10T01:00:00,28060.0,28260.0,27970.0,28130.0,43640.94554658
2023-07-10T05:00:00,28130.0,28340.0,27770.0,28120.0,129725.84604111
2023-07-10T09:00:00,28120.0,28260.0,27480.0,28080.0,333130.57262748
2023-07-10T13:00:00,28090.0,28150.0,27190.0,27370.0,150286.33571808
2023-07-10T17:00:00,27370.0,27590.0,27010.0,27470.0,223828.23602737
2023-07-10T21:00:00,27470.0,28120.0,27280.0,27940.0,140492.39759644
2023-07-11T01:00:00,27900.0,28430.0,27640.0,28380.0,66884.95089002
2023-07-11T05:00:00,28390.0,28640.0,27810.0,28070.0,201072.16213906
2023-07-11T09:00:00,28080.0,28690.0,27920.0,28520.0,212642.53225771
2023-07-11T13:00:00,28530.0,29230.0,28520.0,28980.0,288680.17795429
2023-07-11T17:00:00,28980.0,29070.0,28700.0,28960.0,165098.29233832
2023-07-11T21:00:00,28960.0,29400.0,28760.0,29060.0,301131.03047132
2023-07-12T01:00:00,29070.0,29090.0,28850.0,28960.0,21229.0676766
2023-07-12T05:00:00,28950.0,28970.0,28510.0,28910.0,94895.72130952
2023-07-12T09:00:00,28890.0,29200.0,28690.0,28710.0,134054.57065757
2023-07-12T13:00:00,28700.0,28990.0,28600.0,28800.0,111559.69857018
2023-07-12T17:00:00,28800.0,29020.0,28690.0,28950.0,128551.30351141
2023-07-12T21:00:00,28960.0,29880.0,28760.0,29300.0,420798.16375008
2023-07-13T01:00:00,29310.0,29400.0,28560.0,28670.0,97828.27602436
2023-07-13T05:00:00,28670.0,29040.0,28600.0,28740.0,64225.29224688
2023-07-13T09:00:00,28710.0,28800.0,28130.0,28200.0,105899.15313275
2023-07-13T13:00:00,28190.0,28570.0,27910.0,28300.0,103910.78267011
2023-07-13T17:00:00,28300.0,29250.0,28210.0,29130.0,128976.96343431
2023-07-13T21:00:00,29160.0,32000.0,28750.0,30910.0,730795.15422186
2023-07-14T01:00:00,30920.0,33990.0,30920.0,33200.0,1951298.1636914
2023-07-14T05:00:00,33130.0,33270.0,32200.0,33140.0,366723.63889573
2023-07-14T09:00:00,33100.0,40460.0,32640.0,36320.0,3737330.85962973
2023-07-14T13:00:00,36310.0,36910.0,35820.0,36610.0,738217.88900113
2023-07-14T17:00:00,36600.0,37880.0,35180.0,35760.0,920671.7848868
2023-07-14T21:00:00,35770.0,36250.0,35020.0,36030.0,489123.74470293
2023-07-15T01:00:00,36030.0,36120.0,33070.0,33600.0,688388.7578461
2023-07-15T05:00:00,33660.0,34720.0,32600.0,34390.0,415870.89038346
2023-07-15T09:00:00,34380.0,37640.0,34100.0,34830.0,2424075.87151065
2023-07-15T13:00:00,34830.0,37140.0,34810.0,36790.0,996156.20820322
2023-07-15T17:00:00,36780.0,37270.0,36340.0,36980.0,720093.07494258
2023-07-15T21:00:00,36970.0,37070.0,35080.0,35260.0,440347.50304582
2023-07-16T01:00:00,35260.0,36160.0,34680.0,35750.0,216114.2163638
2023-07-16T05:00:00,35740.0,35740.0,35000.0,35290.0,129254.13286914
2023-07-16T09:00:00,35290.0,35960.0,34050.0,34780.0,543240.89979863
2023-07-16T13:00:00,34750.0,35910.0,34750.0,35540.0,236281.83659716
2023-07-16T17:00:00,35540.0,36380.0,35500.0,36040.0,359151.15211533
2023-07-16T21:00:00,36040.0,36880.0,35880.0,36070.0,439843.76596557
2023-07-17T01:00:00,36080.0,36130.0,35230.0,35250.0,110605.08969542
2023-07-17T05:00:00,35250.0,35760.0,34900.0,35350.0,171361.62653706
2023-07-17T09:00:00,35340.0,36540.0,35100.0,35950.0,422487.10419303
2023-07-17T13:00:00,35940.0,36620.0,35210.0,35490.0,327261.18548286
2023-07-17T17:00:00,35520.0,35550.0,34270.0,34890.0,373881.36257298
2023-07-17T21:00:00,34890.0,35150.0,34080.0,34650.0,248890.0323169
2023-07-18T01:00:00,34700.0,34990.0,33080.0,33730.0,211096.91968365
2023-07-18T05:00:00,33780.0,34710.0,33730.0,34450.0,127780.7789292
2023-07-18T09:00:00,34460.0,34820.0,33850.0,33960.0,189560.97008508
2023-07-18T13:00:00,33960.0,34040.0,32940.0,32970.0,213322.7198491
2023-07-18T17:00:00,32980.0,33460.0,31980.0,32140.0,353146.81964375
2023-07-18T21:00:00,32140.0,32950.0,31780.0,32780.0,372673.66744532
2023-07-19T01:00:00,32800.0,33070.0,32040.0,32550.0,106605.67845327
2023-07-19T05:00:00,32560.0,32900.0,32270.0,32890.0,96057.34292265
2023-07-19T09:00:00,32890.0,34170.0,32610.0,33910.0,400393.76183388
2023-07-19T13:00:00,33910.0,34080.0,33480.0,33620.0,172210.86379605
2023-07-19T17:00:00,33610.0,33990.0,33030.0,33960.0,152761.10700296
2023-07-19T21:00:00,33940.0,34240.0,33220.0,33850.0,210944.48302584
2023-07-20T01:00:00,33840.0,34470.0,33610.0,34290.0,137193.6273815
2023-07-20T05:00:00,34280.0,34560.0,33710.0,33750.0,115459.59168711
2023-07-20T09:00:00,33740.0,34300.0,33500.0,33920.0,167293.25993293
2023-07-20T13:00:00,33920.0,34630.0,33740.0,34500.0,187290.5988428
2023-07-20T17:00:00,34500.0,35120.0,34440.0,34750.0,252144.60347697
2023-07-20T21:00:00,34750.0,34920.0,33090.0,33230.0,335990.30806412
2023-07-21T01:00:00,33250.0,33300.0,32670.0,32850.0,138837.73325213
2023-07-21T05:00:00,32820.0,33260.0,32440.0,32880.0,138985.69907038
2023-07-21T09:00:00,32880.0,33130.0,32530.0,32940.0,184259.40227859
2023-07-21T13:00:00,32940.0,33000.0,32560.0,32600.0,92209.38657977
2023-07-21T17:00:00,32570.0,32960.0,32550.0,32770.0,68796.32990164
2023-07-21T21:00:00,32770.0,33200.0,32760.0,32800.0,114266.88444749
2023-07-22T01:00:00,32800.0,33640.0,32730.0,33390.0,56193.61830229
2023-07-22T05:00:00,33380.0,33600.0,33100.0,33120.0,49831.4050239
2023-07-22T09:00:00,33120.0,33590.0,33080.0,33470.0,116995.28718086
2023-07-22T13:00:00,33460.0,33490.0,33140.0,33370.0,49156.7481002
2023-07-22T17:00:00,33360.0,33500.0,33000.0,33240.0,58644.17691038
2023-07-22T21:00:00,33240.0,33360.0,33060.0,33310.0,39328.44920483
2023-07-23T01:00:00,33270.0,33360.0,32760.0,32890.0,31960.25525321
2023-07-23T05:00:00,32900.0,33010.0,31290.0,31940.0,156663.10893578
2023-07-23T09:00:00,31950.0,32220.0,31380.0,32130.0,137763.14741496
2023-07-23T13:00:00,32130.0,32330.0,31850.0,31920.0,79246.70890109
2023-07-23T17:00:00,31920.0,32140.0,31910.0,32030.0,58235.9353191
2023-07-23T21:00:00,32000.0,32060.0,31850.0,31970.0,50203.19120812
2023-07-24T01:00:00,31970.0,32590.0,31970.0,32260.0,46428.83522871
2023-07-24T05:00:00,32270.0,32360.0,31850.0,32050.0,42665.76176725
2023-07-24T09:00:00,32030.0,32120.0,31450.0,31570.0,92688.80686226
2023-07-24T13:00:00,31570.0,31940.0,31250.0,31830.0,63751.50752319
2023-07-24T17:00:00,31820.0,31850.0,30000.0,30690.0,258176.11729397
2023-07-24T21:00:00,30690.0,30840.0,29890.0,30250.0,193393.82445666
2023-07-25T01:00:00,30250.0,30550.0,30070.0,30320.0,49264.45109001
2023-07-25T05:00:00,30350.0,30740.0,30290.0,30370.0,52369.34180033
2023-07-25T09:00:00,30380.0,30560.0,30010.0,30370.0,105757.29629541
2023-07-25T13:00:00,30370.0,30410.0,29760.0,29860.0,99522.52529803
2023-07-25T17:00:00,29840.0,30310.0,29760.0,29970.0,79331.95526795
2023-07-25T21:00:00,29970.0,30700.0,29510.0,30190.0,143826.966158
2023-07-26T01:00:00,30190.0,30400.0,29970.0,30060.0,25824.98255019
2023-07-26T05:00:00,30040.0,30310.0,30010.0,30210.0,37757.64685266
2023-07-26T09:00:00,30210.0,30680.0,30050.0,30450.0,180873.4496727
2023-07-26T13:00:00,30450.0,30520.0,30220.0,30350.0,59750.99633287
2023-07-26T17:00:00,30310.0,31080.0,30310.0,30870.0,216321.85592198
2023-07-26T21:00:00,30870.0,32410.0,30870.0,32290.0,629131.58939056
2023-07-27T01:00:00,32290.0,33210.0,31800.0,32780.0,387339.56103867
2023-07-27T05:00:00,32760.0,33060.0,32410.0,32490.0,222992.09697491
2023-07-27T09:00:00,32510.0,32980.0,31810.0,32170.0,412688.35420593
2023-07-27T13:00:00,32150.0,32830.0,32140.0,32410.0,188464.87474591
2023-07-27T17:00:00,32400.0,32990.0,32300.0,32930.0,170918.33844758
2023-07-27T21:00:00,32920.0,33330.0,32480.0,32630.0,304384.92326636
2023-07-28T01:00:00,32610.0,32830.0,32140.0,32410.0,85869.34186325
2023-07-28T05:00:00,32420.0,32820.0,32240.0,32560.0,86016.22753061
2023-07-28T09:00:00,32560.0,32870.0,32200.0,32280.0,181986.46409843
2023-07-28T13:00:00,32280.0,32420.0,31840.0,31970.0,135581.30644589
2023-07-28T17:00:00,31970.0,32090.0,31800.0,31960.0,123249.16164223
2023-07-28T21:00:00,31970.0,33080.0,31950.0,32590.0,223642.07358245
2023-07-29T01:00:00,32580.0,32820.0,32170.0,32410.0,67014.1409276
2023-07-29T05:00:00,32400.0,32490.0,32090.0,32110.0,54190.0601229
2023-07-29T09:00:00,32110.0,32660.0,32010.0,32540.0,130076.5472061
2023-07-29T13:00:00,32530.0,32690.0,32420.0,32470.0,71949.37649678
2023-07-29T17:00:00,32470.0,32610.0,32280.0,32340.0,82011.88761804
2023-07-29T21:00:00,32300.0,32590.0,32280.0,32500.0,64874.86728256
2023-07-30T01:00:00,32480.0,32760.0,32390.0,32570.0,27451.17328475
2023-07-30T05:00:00,32560.0,32790.0,32450.0,32470.0,44089.95720912
2023-07-30T09:00:00,32470.0,32550.0,32250.0,32310.0,100062.39810174
2023-07-30T13:00:00,32310.0,32410.0,32050.0,32150.0,65057.88427962
2023-07-30T17:00:00,32150.0,32310.0,32050.0,32200.0,66078.17376447
2023-07-30T21:00:00,32200.0,32490.0,31950.0,32200.0,179538.76707851
2023-07-31T01:00:00,32200.0,32340.0,30990.0,31440.0,67876.03326518
2023-07-31T05:00:00,31430.0,31560.0,30650.0,31390.0,106256.31705691
2023-07-31T09:00:00,31390.0,31970.0,31180.0,31810.0,83264.80364639
2023-07-31T13:00:00,31810.0,31880.0,31480.0,31650.0,46140.12409797
2023-07-31T17:00:00,31640.0,31760.0,31480.0,31620.0,49154.35693643
2023-07-31T21:00:00,31630.0,31920.0,31000.0,31040.0,87145.0865584
2023-08-01T01:00:00,31040.0,31270.0,30550.0,30720.0,50309.26090983
2023-08-01T05:00:00,30710.0,31070.0,30620.0,30810.0,49164.66860332
2023-08-01T09:00:00,30810.0,31170.0,29910.0,30450.0,150565.44599782
2023-08-01T13:00:00,30440.0,30790.0,30290.0,30580.0,49727.08761498
2023-08-01T17:00:00,30580.0,30760.0,30410.0,30420.0,42415.72564769
2023-08-01T21:00:00,30450.0,30640.0,29890.0,30460.0,78428.8552631
2023-08-02T01:00:00,30460.0,31010.0,30370.0,30770.0,35721.56104718
2023-08-02T05:00:00,30780.0,31320.0,30620.0,31310.0,51092.45018492
2023-08-02T09:00:00,31310.0,31650.0,30860.0,30930.0,123932.35536032
2023-08-02T13:00:00,30920.0,31140.0,30850.0,30950.0,46710.03701669
2023-08-02T17:00:00,30950.0,31000.0,30750.0,30980.0,39654.8143067
2023-08-02T21:00:00,30980.0,31040.0,30390.0,30580.0,81594.90571507
2023-08-03T01:00:00,30580.0,30660.0,30140.0,30550.0,45039.0730905
2023-08-03T05:00:00,30540.0,30700.0,30320.0,30470.0,25845.22560522
2023-08-03T09:00:00,30470.0,30710.0,30390.0,30600.0,44392.18178645
2023-08-03T13:00:00,30600.0,30610.0,29700.0,29930.0,114552.03814829
2023-08-03T17:00:00,29930.0,30130.0,29710.0,30020.0,88015.36807763
2023-08-03T21:00:00,30060.0,30470.0,29820.0,30060.0,81714.64138708
2023-08-04T01:00:00,30060.0,30350.0,29980.0,30190.0,26665.83923539
2023-08-04T05:00:00,30190.0,30400.0,29750.0,29870.0,54637.10643744
2023-08-04T09:00:00,29870.0,30020.0,29640.0,30010.0,96530.10357279
2023-08-04T13:00:00,30000.0,30440.0,29900.0,30420.0,177611.037401
2023-08-04T17:00:00,30420.0,30540.0,30240.0,30320.0,61277.94354329
2023-08-04T21:00:00,30290.0,31190.0,30250.0,30860.0,247793.41955634
2023-08-05T01:00:00,30860.0,30980.0,30160.0,30360.0,62239.68940816
2023-08-05T05:00:00,30370.0,30480.0,29870.0,30130.0,100945.30336354
2023-08-05T09:00:00,30120.0,30190.0,29760.0,30060.0,102436.17388118
2023-08-05T13:00:00,30070.0,30250.0,29860.0,30140.0,43887.68189395
2023-08-05T17:00:00,30130.0,30400.0,30060.0,30180.0,38444.95525607
2023-08-05T21:00:00,30180.0,30220.0,29840.0,29920.0,65511.40567674
2023-08-06T01:00:00,29950.0,30050.0,29500.0,29940.0,59815.64924094
2023-08-06T05:00:00,29940.0,30060.0,29830.0,30000.0,27881.67836173
2023-08-06T09:00:00,30000.0,30290.0,29910.0,30270.0,53197.76721027
2023-08-06T13:00:00,30260.0,30700.0,30230.0,30530.0,69888.57340511
2023-08-06T17:00:00,30530.0,31150.0,30500.0,30850.0,167984.92797211
2023-08-06T21:00:00,30850.0,30920.0,30390.0,30530.0,87960.00940869
2023-08-07T01:00:00,30540.0,30930.0,30420.0,30850.0,33004.66879474
2023-08-07T05:00:00,30850.0,31050.0,30650.0,30750.0,49211.57733667
2023-08-07T09:00:00,30750.0,31300.0,30510.0,30770.0,115443.74526117
2023-08-07T13:00:00,30760.0,30920.0,30450.0,30650.0,67799.90338085
2023-08-07T17:00:00,30650.0,30700.0,30490.0,30700.0,52400.36564138
2023-08-07T21:00:00,30700.0,30750.0,30030.0,30160.0,127279.74527445
2023-08-08T01:00:00,30160.0,30520.0,29720.0,30320.0,87546.78821267
2023-08-08T05:00:00,30350.0,30580.0,30320.0,30580.0,33801.11093759
2023-08-08T09:00:00,30550.0,30730.0,30510.0,30710.0,63179.94255449
2023-08-08T13:00:00,30710.0,31050.0,30660.0,30860.0,91091.95410956
2023-08-08T17:00:00,30840.0,31050.0,30740.0,31050.0,69534.49925802
2023-08-08T21:00:00,31040.0,31720.0,30760.0,31480.0,222595.77814785
2023-08-09T01:00:00,31440.0,31840.0,31440.0,31800.0,41549.22035003
2023-08-09T05:00:00,31800.0,32260.0,31770.0,32090.0,99747.58688239
2023-08-09T09:00:00,32090.0,32480.0,32040.0,32190.0,149419.08934428
2023-08-09T13:00:00,32180.0,32580.0,32160.0,32540.0,111000.33017623
2023-08-09T17:00:00,32540.0,33070.0,32430.0,32900.0,167476.62567046
2023-08-09T21:00:00,32870.0,33060.0,32440.0,32590.0,203013.57568968
2023-08-10T01:00:00,32570.0,32650.0,32190.0,32270.0,48304.62208996
2023-08-10T05:00:00,32270.0,32450.0,32050.0,32310.0,38390.25703635
2023-08-10T09:00:00,32290.0,32590.0,32040.0,32050.0,85452.15814321
2023-08-10T13:00:00,32060.0,32340.0,31970.0,32200.0,73839.24121186
2023-08-10T17:00:00,32190.0,32480.0,32070.0,32370.0,52766.18847985
2023-08-10T21:00:00,32400.0,32990.0,32330.0,32560.0,164668.11107067
2023-08-11T01:00:00,32560.0,32680.0,32320.0,32660.0,27116.13008957
2023-08-11T05:00:00,32630.0,32860.0,32610.0,32640.0,39485.50909285
2023-08-11T09:00:00,32640.0,33130.0,32640.0,32870.0,107357.80903632
2023-08-11T13:00:00,32870.0,33000.0,32510.0,32590.0,64626.36274465
2023-08-11T17:00:00,32590.0,32730.0,32490.0,32640.0,52875.40778461
2023-08-11T21:00:00,32620.0,33100.0,32520.0,32750.0,91902.88121226
2023-08-12T01:00:00,32750.0,32890.0,32550.0,32650.0,30789.78366333
2023-08-12T05:00:00,32680.0,32900.0,32560.0,32820.0,24478.51134299
2023-08-12T09:00:00,32820.0,33000.0,32580.0,32680.0,46827.90911819
2023-08-12T13:00:00,32680.0,32790.0,32640.0,32750.0,18027.58185184
2023-08-12T17:00:00,32750.0,32800.0,32610.0,32710.0,19903.18628924
2023-08-12T21:00:00,32710.0,32910.0,32680.0,32850.0,19710.21065138
2023-08-13T01:00:00,32850.0,33100.0,32810.0,33000.0,35757.33792887
2023-08-13T05:00:00,32980.0,33650.0,32960.0,33230.0,67511.06634891
2023-08-13T09:00:00,33220.0,33270.0,32930.0,33240.0,38008.0188573
2023-08-13T13:00:00,33240.0,33240.0,32900.0,33050.0,22531.97681874
2023-08-13T17:00:00,33030.0,33160.0,32950.0,32980.0,18922.97085669
2023-08-13T21:00:00,32960.0,33020.0,32710.0,32850.0,49333.38477908
2023-08-14T01:00:00,32840.0,32900.0,32620.0,32850.0,17992.8219177
2023-08-14T05:00:00,32880.0,32880.0,32330.0,32340.0,50771.80298825
2023-08-14T09:00:00,32340.0,32610.0,32160.0,32560.0,81843.06126454
2023-08-14T13:00:00,32570.0,32670.0,32500.0,32530.0,38368.44905862
2023-08-14T17:00:00,32530.0,32790.0,32530.0,32740.0,37000.03803091
2023-08-14T21:00:00,32720.0,33230.0,32520.0,33150.0,64356.58877658
2023-08-15T01:00:00,33130.0,33730.0,32880.0,33260.0,124596.45817612
2023-08-15T05:00:00,33270.0,33740.0,33170.0,33640.0,86746.67970621
2023-08-15T09:00:00,33640.0,33900.0,33300.0,33440.0,113497.38057371
2023-08-15T13:00:00,33440.0,33560.0,33230.0,33420.0,69071.9698346
2023-08-15T17:00:00,33410.0,33670.0,33240.0,33310.0,72526.44425373
2023-08-15T21:00:00,33310.0,33550.0,33160.0,33250.0,44870.2968959
2023-08-16T01:00:00,33250.0,33380.0,32300.0,32640.0,95100.62378738
2023-08-16T05:00:00,32640.0,32720.0,32100.0,32290.0,98265.8689271
2023-08-16T09:00:00,32300.0,32480.0,31870.0,32000.0,134873.73005386
2023-08-16T13:00:00,32000.0,32110.0,31540.0,31650.0,115893.48130179
2023-08-16T17:00:00,31660.0,31770.0,31230.0,31670.0,109707.8137021
2023-08-16T21:00:00,31670.0,31670.0,31100.0,31320.0,112501.75908375
2023-08-17T01:00:00,31320.0,32000.0,31090.0,31690.0,70711.39888356
2023-08-17T05:00:00,31700.0,31730.0,30520.0,30970.0,90060.27837286
2023-08-17T09:00:00,30970.0,31860.0,30390.0,31630.0,182529.57165584
2023-08-17T13:00:00,31630.0,31730.0,31480.0,31610.0,45846.25869024
2023-08-17T17:00:00,31590.0,31650.0,31260.0,31280.0,49475.96391027
2023-08-17T21:00:00,31320.0,31730.0,30710.0,31120.0,132877.72445756
2023-08-18T01:00:00,31120.0,31710.0,30810.0,31380.0,87489.17418644
2023-08-18T05:00:00,31380.0,31410.0,28750.0,29800.0,428960.60756021
2023-08-18T09:00:00,29810.0,30190.0,29020.0,29470.0,234898.76733225
2023-08-18T13:00:00,29470.0,30400.0,29320.0,30310.0,117310.40557927
2023-08-18T17:00:00,30310.0,30430.0,30030.0,30380.0,74106.58549765
2023-08-18T21:00:00,30380.0,30380.0,29540.0,29590.0,107959.82456953
2023-08-19T01:00:00,29580.0,29800.0,28870.0,29290.0,91938.7146121
2023-08-19T05:00:00,29330.0,29580.0,29250.0,29430.0,80169.4336026
2023-08-19T09:00:00,29430.0,29890.0,29350.0,29550.0,102211.30430215
2023-08-19T13:00:00,29550.0,30070.0,29500.0,30060.0,77061.25964269
2023-08-19T17:00:00,30060.0,30140.0,29830.0,29890.0,58885.16666321
2023-08-19T21:00:00,29960.0,30400.0,29880.0,30380.0,56897.85281702
2023-08-20T01:00:00,30360.0,30600.0,30100.0,30290.0,44551.02597887
2023-08-20T05:00:00,30280.0,30320.0,30060.0,30230.0,22010.61410623
2023-08-20T09:00:00,30230.0,30350.0,30060.0,30090.0,43952.58334826
2023-08-20T13:00:00,30080.0,30100.0,29780.0,29930.0,41555.64251847
2023-08-20T17:00:00,29900.0,30360.0,29790.0,30230.0,44740.77914671
2023-08-20T21:00:00,30230.0,30270.0,29820.0,29970.0,42308.33240799
2023-08-21T01:00:00,30000.0,30080.0,29730.0,29910.0,12086.84700009
2023-08-21T05:00:00,29930.0,30130.0,29880.0,29900.0,19458.13846764
2023-08-21T09:00:00,29900.0,29900.0,29290.0,29330.0,85238.86133257
2023-08-21T13:00:00,29320.0,29650.0,29160.0,29230.0,65180.20854527
2023-08-21T17:00:00,29230.0,29290.0,28800.0,29110.0,96519.55649052
2023-08-21T21:00:00,29110.0,29300.0,28130.0,28500.0,118398.93947752
2023-08-22T01:00:00,28500.0,29260.0,28390.0,29150.0,26628.59029614
2023-08-22T05:00:00,29150.0,29290.0,29000.0,29050.0,32792.4362513
2023-08-22T09:00:00,29030.0,29190.0,28840.0,28920.0,56152.00767616
2023-08-22T13:00:00,28920.0,28970.0,28720.0,28970.0,42080.90037956
2023-08-22T17:00:00,28970.0,29010.0,28680.0,28730.0,27913.62559311
2023-08-22T21:00:00,28700.0,28850.0,28250.0,28390.0,99650.03273762
2023-08-23T01:00:00,28360.0,28420.0,27530.0,27560.0,138706.91586666
2023-08-23T05:00:00,27560.0,28380.0,26830.0,28190.0,158536.29174367
2023-08-23T09:00:00,28190.0,28330.0,28000.0,28150.0,72232.41269752
2023-08-23T13:00:00,28150.0,28530.0,28010.0,28430.0,77604.68054095
2023-08-23T17:00:00,28430.0,28610.0,28200.0,28210.0,51757.21662562
2023-08-23T21:00:00,28200.0,28630.0,27810.0,28560.0,91318.45530464
2023-08-24T01:00:00,28560.0,29400.0,28510.0,29170.0,106670.54389419
2023-08-24T05:00:00,29160.0,29580.0,28960.0,29530.0,80086.42861786
2023-08-24T09:00:00,29520.0,29630.0,29270.0,29420.0,74354.4419816
2023-08-24T13:00:00,29440.0,29750.0,29340.0,29430.0,55809.05774611
2023-08-24T17:00:00,29430.0,29580.0,29280.0,29440.0,40694.37590961
2023-08-24T21:00:00,29440.0,29480.0,28600.0,28640.0,130018.87475569
2023-08-25T01:00:00,28630.0,28800.0,28330.0,28480.0,42176.04995744
2023-08-25T05:00:00,28500.0,28710.0,28240.0,28660.0,46119.71703336
2023-08-25T09:00:00,28660.0,28660.0,27900.0,28160.0,70115.74428108
2023-08-25T13:00:00,28160.0,28200.0,27790.0,27930.0,79384.86088688
2023-08-25T17:00:00,27930.0,28220.0,27920.0,28080.0,27698.79367383
2023-08-25T21:00:00,28090.0,28500.0,27660.0,27740.0,165912.78276747
2023-08-26T01:00:00,27760.0,27890.0,27410.0,27570.0,74582.82151499
2023-08-26T05:00:00,27590.0,27830.0,27510.0,27820.0,53130.71739741
2023-08-26T09:00:00,27820.0,27820.0,27570.0,27750.0,51617.91646959
2023-08-26T13:00:00,27750.0,27760.0,27510.0,27660.0,40756.1934231
2023-08-26T17:00:00,27660.0,27690.0,27560.0,27640.0,20585.25868486
2023-08-26T21:00:00,27620.0,27720.0,27510.0,27670.0,24727.14429299
2023-08-27T01:00:00,27670.0,27700.0,27520.0,27670.0,10658.54404082
2023-08-27T05:00:00,27660.0,27690.0,27560.0,27610.0,12137.60104333
2023-08-27T09:00:00,27610.0,27740.0,27550.0,27620.0,34723.12327765
2023-08-27T13:00:00,27620.0,27740.0,27590.0,27670.0,22123.94120928
2023-08-27T17:00:00,27690.0,28150.0,27680.0,27950.0,83691.63770157
2023-08-27T21:00:00,27950.0,28410.0,27920.0,28180.0,86974.02195401
2023-08-28T01:00:00,28180.0,28230.0,27930.0,28160.0,29161.25078019
2023-08-28T05:00:00,28180.0,28260.0,28020.0,28170.0,30098.98775809
2023-08-28T09:00:00,28170.0,28190.0,27700.0,27730.0,63969.17637803
2023-08-28T13:00:00,27730.0,27750.0,27450.0,27590.0,61709.17244667
2023-08-28T17:00:00,27570.0,27630.0,27200.0,27630.0,65776.9577482
2023-08-28T21:00:00,27630.0,28150.0,27610.0,27760.0,67647.1550549
2023-08-29T01:00:00,27780.0,27980.0,27620.0,27720.0,10725.53337311
2023-08-29T05:00:00,27720.0,27890.0,27580.0,27810.0,21046.26547187
2023-08-29T09:00:00,27830.0,28070.0,27550.0,27660.0,76524.19014523
2023-08-29T13:00:00,27660.0,27720.0,27370.0,27430.0,45602.35196953
2023-08-29T17:00:00,27430.0,27550.0,27280.0,27340.0,64330.60763893
2023-08-29T21:00:00,27340.0,29840.0,27300.0,28900.0,459453.39106465
2023-08-30T01:00:00,28900.0,29640.0,28730.0,29160.0,144576.058473
2023-08-30T05:00:00,29160.0,29650.0,29160.0,29440.0,82994.24722648
2023-08-30T09:00:00,29430.0,29750.0,29010.0,29250.0,107747.72428221
2023-08-30T13:00:00,29240.0,29430.0,29180.0,29320.0,40620.54494389
2023-08-30T17:00:00,29300.0,29410.0,29010.0,29030.0,48925.38812739
2023-08-30T21:00:00,29030.0,29150.0,28050.0,28350.0,138235.9074853
2023-08-31T01:00:00,28350.0,28350.0,28020.0,28190.0,51423.66955413
2023-08-31T05:00:00,28180.0,28440.0,28140.0,28300.0,28217.97704039
2023-08-31T09:00:00,28310.0,28310.0,27960.0,28050.0,57378.46538643
2023-08-31T13:00:00,28050.0,28300.0,28030.0,28240.0,37128.26873656
2023-08-31T17:00:00,28250.0,28670.0,28140.0,28450.0,65989.89294854
2023-08-31T21:00:00,28440.0,28460.0,27740.0,27750.0,86488.91697307
2023-09-01T01:00:00,27750.0,27760.0,26860.0,27260.0,159896.5207645
2023-09-01T05:00:00,27260.0,27270.0,26770.0,26990.0,94713.93547904
2023-09-01T09:00:00,26990.0,27220.0,26930.0,27070.0,52590.53897743
2023-09-01T13:00:00,27070.0,27100.0,26860.0,26920.0,62175.7729492
2023-09-01T17:00:00,26930.0,27130.0,26900.0,27120.0,45877.18448804
2023-09-01T21:00:00,27120.0,27190.0,26400.0,26590.0,143106.82357321
2023-09-02T01:00:00,26600.0,26760.0,26220.0,26420.0,82976.71199867
2023-09-02T05:00:00,26430.0,26700.0,26350.0,26510.0,41216.49334525
2023-09-02T09:00:00,26510.0,26790.0,26470.0,26760.0,63017.78086981
2023-09-02T13:00:00,26760.0,26900.0,26660.0,26850.0,40580.53586311
2023-09-02T17:00:00,26850.0,26960.0,26740.0,26810.0,57291.24460672
2023-09-02T21:00:00,26810.0,26840.0,26300.0,26530.0,68662.01825583
2023-09-03T01:00:00,26530.0,26600.0,26050.0,26400.0,35573.9571689
2023-09-03T05:00:00,26400.0,26600.0,26350.0,26580.0,16616.06196638
2023-09-03T09:00:00,26550.0,26790.0,26470.0,26680.0,36782.94541719
2023-09-03T13:00:00,26680.0,26680.0,26470.0,26570.0,27951.20655271
2023-09-03T17:00:00,26570.0,26580.0,26330.0,26410.0,27639.77553101
2023-09-03T21:00:00,26410.0,26640.0,26250.0,26330.0,45657.54601662
2023-09-04T01:00:00,26330.0,26590.0,26250.0,26450.0,12739.83133241
2023-09-04T05:00:00,26450.0,26680.0,26430.0,26580.0,18617.13930996
2023-09-04T09:00:00,26580.0,27150.0,26580.0,26770.0,65332.33960915
2023-09-04T13:00:00,26760.0,26950.0,26620.0,26860.0,23791.30626101
2023-09-04T17:00:00,26860.0,26970.0,26590.0,26620.0,39326.61129549
2023-09-04T21:00:00,26620.0,26650.0,26150.0,26280.0,65441.80380111
2023-09-05T01:00:00,26280.0,26450.0,26220.0,26310.0,20764.48751883
2023-09-05T05:00:00,26340.0,26460.0,26060.0,26450.0,51174.42971285
2023-09-05T09:00:00,26440.0,26520.0,25890.0,26120.0,74110.14498947
2023-09-05T13:00:00,26110.0,26440.0,26090.0,26360.0,25868.66999269
2023-09-05T17:00:00,26360.0,26680.0,26200.0,26600.0,53292.27473536
2023-09-05T21:00:00,26610.0,28060.0,26510.0,27770.0,870129.43122886
2023-09-06T01:00:00,27770.0,27990.0,27390.0,27550.0,159435.11249693
2023-09-06T05:00:00,27550.0,27660.0,27300.0,27520.0,74781.92356144
2023-09-06T09:00:00,27520.0,27680.0,27290.0,27390.0,137535.46791623
2023-09-06T13:00:00,27390.0,27400.0,26800.0,26840.0,128843.6321693
2023-09-06T17:00:00,26850.0,27040.0,26830.0,26870.0,80062.12534324
2023-09-06T21:00:00,26870.0,26970.0,26170.0,26410.0,187697.27616724
2023-09-07T01:00:00,26410.0,26990.0,26190.0,26530.0,71409.9083656
2023-09-07T05:00:00,26530.0,26750.0,26530.0,26670.0,46107.51359351
2023-09-07T09:00:00,26690.0,26870.0,26580.0,26800.0,77574.19123661
2023-09-07T13:00:00,26800.0,26880.0,26580.0,26610.0,63904.44936026
2023-09-07T17:00:00,26610.0,26690.0,26410.0,26440.0,67873.79868235
2023-09-07T21:00:00,26430.0,26650.0,26360.0,26550.0,72732.3947186
2023-09-08T01:00:00,26550.0,26850.0,26540.0,26750.0,38507.12654044
2023-09-08T05:00:00,26720.0,27140.0,26650.0,27050.0,100561.43411918
2023-09-08T09:00:00,27020.0,27460.0,26900.0,27180.0,86497.29295619
2023-09-08T13:00:00,27180.0,27270.0,26980.0,27030.0,51923.54759425
2023-09-08T17:00:00,27030.0,27040.0,26420.0,26660.0,107889.08942025
2023-09-08T21:00:00,26640.0,26840.0,26610.0,26660.0,37941.58630466
2023-09-09T01:00:00,26630.0,26690.0,26480.0,26690.0,28163.66523138
2023-09-09T05:00:00,26690.0,26750.0,26570.0,26690.0,22509.75996944
2023-09-09T09:00:00,26690.0,26690.0,26550.0,26620.0,30967.9989848
2023-09-09T13:00:00,26620.0,26680.0,26560.0,26560.0,28854.39139136
2023-09-09T17:00:00,26560.0,26650.0,26520.0,26650.0,28683.34523242
2023-09-09T21:00:00,26650.0,26660.0,26490.0,26570.0,39284.60828396
2023-09-10T01:00:00,26560.0,26600.0,26410.0,26480.0,21487.73505419
2023-09-10T05:00:00,26500.0,26580.0,26460.0,26500.0,20294.96124086
2023-09-10T09:00:00,26500.0,26510.0,26200.0,26220.0,103643.89674708
2023-09-10T13:00:00,26210.0,26220.0,24850.0,25300.0,546192.84924707
2023-09-10T17:00:00,25300.0,25310.0,24950.0,25070.0,164399.6330326
2023-09-10T21:00:00,25060.0,25150.0,24310.0,24890.0,305207.29981345
2023-09-11T01:00:00,24870.0,24930.0,24350.0,24880.0,125823.55039975
2023-09-11T05:00:00,24830.0,25350.0,24780.0,24830.0,136724.58712098
2023-09-11T09:00:00,24830.0,25110.0,24520.0,24950.0,292829.18655527
2023-09-11T13:00:00,24930.0,25040.0,24650.0,24780.0,144891.68855246
2023-09-11T17:00:00,24780.0,24780.0,23730.0,24130.0,296030.49001912
2023-09-11T21:00:00,24130.0,24550.0,23750.0,24330.0,314407.50748183
2023-09-12T01:00:00,24340.0,24530.0,23840.0,23940.0,71822.92210416
2023-09-12T05:00:00,23920.0,24230.0,23840.0,24180.0,65767.99951772
2023-09-12T09:00:00,24180.0,25110.0,24000.0,24700.0,214028.6597291
2023-09-12T13:00:00,24710.0,24800.0,24270.0,24400.0,133287.86959221
2023-09-12T17:00:00,24400.0,25400.0,24360.0,24820.0,191148.403775
2023-09-12T21:00:00,24810.0,24970.0,24360.0,24470.0,173207.96350379
2023-09-13T01:00:00,24450.0,24800.0,24080.0,24360.0,77952.36438135
2023-09-13T05:00:00,24360.0,24490.0,24270.0,24300.0,56106.08634204
2023-09-13T09:00:00,24300.0,24640.0,24150.0,24180.0,101497.04290654
2023-09-13T13:00:00,24180.0,25120.0,24060.0,24330.0,163704.69566484
2023-09-13T17:00:00,24340.0,24830.0,24310.0,24650.0,109962.32283483
2023-09-13T21:00:00,24700.0,25100.0,24390.0,24870.0,167335.55537566
2023-09-14T01:00:00,24870.0,25090.0,24240.0,24830.0,125319.53454301
2023-09-14T05:00:00,24830.0,25050.0,24680.0,24900.0,68440.14063658
2023-09-14T09:00:00,24900.0,26100.0,24860.0,25660.0,408315.55643179
2023-09-14T13:00:00,25650.0,25650.0,25190.0,25470.0,149712.38594493
2023-09-14T17:00:00,25460.0,25570.0,25130.0,25500.0,88911.16428407
2023-09-14T21:00:00,25490.0,25930.0,25380.0,25670.0,236765.23116364
2023-09-15T01:00:00,25670.0,25910.0,25570.0,25770.0,43560.40164176
2023-09-15T05:00:00,25750.0,25820.0,25390.0,25460.0,54712.30894724
2023-09-15T09:00:00,25460.0,25940.0,25340.0,25900.0,115620.24114774
2023-09-15T13:00:00,25900.0,26010.0,25620.0,25700.0,121076.33658144
2023-09-15T17:00:00,25700.0,25960.0,25680.0,25730.0,55255.12377397
2023-09-15T21:00:00,25710.0,25810.0,25410.0,25570.0,76297.64982675
2023-09-16T01:00:00,25560.0,25620.0,25190.0,25360.0,41899.21642951
2023-09-16T05:00:00,25360.0,26280.0,25290.0,25820.0,92950.15799637
2023-09-16T09:00:00,25810.0,26200.0,25750.0,25950.0,131387.62797855
2023-09-16T13:00:00,25950.0,26140.0,25810.0,25850.0,73058.63378361
2023-09-16T17:00:00,25850.0,26050.0,25770.0,25900.0,47575.9648995
2023-09-16T21:00:00,25890.0,25920.0,25530.0,25670.0,76325.38564281
2023-09-17T01:00:00,25670.0,25900.0,25630.0,25700.0,24127.82256493
2023-09-17T05:00:00,25660.0,25920.0,25660.0,25900.0,26567.23212454
2023-09-17T09:00:00,25900.0,25900.0,25420.0,25670.0,83142.04688571
2023-09-17T13:00:00,25670.0,25670.0,25440.0,25440.0,43335.20976935
2023-09-17T17:00:00,25440.0,25740.0,25420.0,25630.0,29417.83633174
2023-09-17T21:00:00,25620.0,25680.0,25510.0,25560.0,16438.46347243
2023-09-18T01:00:00,25600.0,25600.0,25350.0,25510.0,16973.73206639
2023-09-18T05:00:00,25500.0,25500.0,25210.0,25360.0,32218.35441729
2023-09-18T09:00:00,25360.0,25930.0,25110.0,25800.0,102289.26756117
2023-09-18T13:00:00,25810.0,25960.0,25550.0,25730.0,44801.4111958
2023-09-18T17:00:00,25730.0,26500.0,25680.0,26280.0,147961.95733077
2023-09-18T21:00:00,26270.0,27050.0,26210.0,26810.0,185629.36105966
2023-09-19T01:00:00,26800.0,26890.0,26260.0,26600.0,60638.96297154
2023-09-19T05:00:00,26580.0,26670.0,26340.0,26390.0,29666.99870881
2023-09-19T09:00:00,26390.0,26780.0,26260.0,26760.0,75576.98793304
2023-09-19T13:00:00,26760.0,26800.0,26490.0,26590.0,43897.36543799
2023-09-19T17:00:00,26590.0,27380.0,26560.0,27080.0,97140.78341359
2023-09-19T21:00:00,27080.0,27110.0,26630.0,26970.0,66290.8920897
2023-09-20T01:00:00,26970.0,26990.0,26630.0,26770.0,15792.91814889
2023-09-20T05:00:00,26770.0,26940.0,26670.0,26870.0,14805.08002098
2023-09-20T09:00:00,26860.0,27130.0,26690.0,26770.0,54654.52227544
2023-09-20T13:00:00,26760.0,26870.0,26650.0,26830.0,30196.70459938
2023-09-20T17:00:00,26830.0,27100.0,26740.0,26980.0,43066.98933003
2023-09-20T21:00:00,26980.0,27390.0,26790.0,27150.0,70741.59333085
2023-09-21T01:00:00,27140.0,27560.0,26810.0,27120.0,41200.81018103
2023-09-21T05:00:00,27140.0,27500.0,27100.0,27310.0,34071.96476282
2023-09-21T09:00:00,27310.0,27330.0,26900.0,27290.0,73081.62302372
2023-09-21T13:00:00,27290.0,27290.0,26760.0,27000.0,46541.91722533
2023-09-21T17:00:00,26980.0,27020.0,26420.0,26500.0,61734.0462479
2023-09-21T21:00:00,26540.0,26620.0,26200.0,26560.0,62307.49513764
2023-09-22T01:00:00,26560.0,26700.0,26490.0,26570.0,11784.29239169
2023-09-22T05:00:00,26570.0,26580.0,26340.0,26350.0,21700.651883
2023-09-22T09:00:00,26350.0,26600.0,26090.0,26560.0,51134.83926571
2023-09-22T13:00:00,26560.0,26670.0,26420.0,26530.0,21107.78395742
2023-09-22T17:00:00,26540.0,26760.0,26490.0,26640.0,30123.84982847
2023-09-22T21:00:00,26650.0,26690.0,26330.0,26350.0,44395.29428328
2023-09-23T01:00:00,26350.0,26400.0,26120.0,26180.0,29658.1040869
2023-09-23T05:00:00,26180.0,26370.0,26000.0,26310.0,38908.59965637
2023-09-23T09:00:00,26310.0,26500.0,26120.0,26270.0,38969.62853759
2023-09-23T13:00:00,26270.0,26410.0,26180.0,26400.0,20627.20983973
2023-09-23T17:00:00,26400.0,26440.0,26290.0,26400.0,20580.7567765
2023-09-23T21:00:00,26400.0,26430.0,26160.0,26180.0,26649.064902
2023-09-24T01:00:00,26180.0,26330.0,26150.0,26310.0,9645.80042291
2023-09-24T05:00:00,26290.0,26370.0,26240.0,26360.0,8314.6897818
2023-09-24T09:00:00,26360.0,26580.0,26310.0,26460.0,70549.35117942
2023-09-24T13:00:00,26460.0,26550.0,26400.0,26550.0,19562.75915212
2023-09-24T17:00:00,26550.0,26700.0,26430.0,26550.0,44577.07640708
2023-09-24T21:00:00,26540.0,26650.0,26260.0,26380.0,101464.34897167
2023-09-25T01:00:00,26360.0,26570.0,26270.0,26330.0,17357.71951053
2023-09-25T05:00:00,26330.0,26390.0,26030.0,26190.0,43003.98106864
2023-09-25T09:00:00,26190.0,26450.0,25870.0,26310.0,64528.61638269
2023-09-25T13:00:00,26310.0,26380.0,26160.0,26360.0,33178.24042643
2023-09-25T17:00:00,26360.0,26430.0,26220.0,26370.0,30447.89711575
2023-09-25T21:00:00,26370.0,26620.0,26320.0,26470.0,36115.43672494
2023-09-26T01:00:00,26480.0,26670.0,26320.0,26370.0,14703.14568894
2023-09-26T05:00:00,26350.0,26420.0,26140.0,26180.0,26242.10933338
2023-09-26T09:00:00,26190.0,26430.0,26030.0,26400.0,47216.38110854
2023-09-26T13:00:00,26400.0,26410.0,26210.0,26260.0,24232.59144366
2023-09-26T17:00:00,26240.0,26370.0,26140.0,26300.0,21069.66606702
2023-09-26T21:00:00,26290.0,26340.0,26000.0,26040.0,32688.49186351
2023-09-27T01:00:00,26040.0,26200.0,26000.0,26130.0,17730.38644861
2023-09-27T05:00:00,26110.0,26150.0,25600.0,25820.0,48525.69663291
2023-09-27T09:00:00,25820.0,26000.0,25750.0,25850.0,41241.03617412
2023-09-27T13:00:00,25860.0,25890.0,25690.0,25840.0,44620.00030868
2023-09-27T17:00:00,25830.0,26500.0,25740.0,26350.0,127102.60731436
2023-09-27T21:00:00,26350.0,26430.0,25650.0,25870.0,119212.82383411
2023-09-28T01:00:00,25870.0,25970.0,25620.0,25910.0,24025.76456347
2023-09-28T05:00:00,25920.0,26130.0,25800.0,26100.0,24391.02280912
2023-09-28T09:00:00,26100.0,26460.0,26050.0,26200.0,65491.31628225
2023-09-28T13:00:00,26190.0,26320.0,26180.0,26240.0,19922.85431931
2023-09-28T17:00:00,26240.0,26310.0,26130.0,26140.0,31606.00960719
2023-09-28T21:00:00,26130.0,26690.0,26130.0,26680.0,70289.63552348
2023-09-29T01:00:00,26640.0,26760.0,26380.0,26710.0,44324.30105576
2023-09-29T05:00:00,26710.0,27050.0,26550.0,27020.0,46214.79655298
2023-09-29T09:00:00,27020.0,27520.0,26880.0,27370.0,96799.75035455
2023-09-29T13:00:00,27370.0,27560.0,27240.0,27460.0,50554.74197108
2023-09-29T17:00:00,27450.0,27540.0,27190.0,27250.0,33990.89592456
2023-09-29T21:00:00,27250.0,27720.0,27140.0,27520.0,79215.56125043
2023-09-30T01:00:00,27500.0,27540.0,27240.0,27410.0,12195.69054495
2023-09-30T05:00:00,27410.0,27560.0,27360.0,27470.0,17316.84817167
2023-09-30T09:00:00,27460.0,27650.0,27380.0,27390.0,35756.01401032
2023-09-30T13:00:00,27390.0,27610.0,27250.0,27580.0,26586.58144002
2023-09-30T17:00:00,27580.0,27700.0,27490.0,27540.0,31672.30871137
2023-09-30T21:00:00,27540.0,29550.0,27510.0,29080.0,861638.12631211
2023-10-01T01:00:00,29080.0,29600.0,28770.0,29000.0,226016.31285816
2023-10-01T05:00:00,28990.0,29130.0,28770.0,28940.0,91711.27109469
2023-10-01T09:00:00,28940.0,29050.0,28620.0,28750.0,134545.4987693
2023-10-01T13:00:00,28730.0,29040.0,28640.0,28970.0,76634.93604019
2023-10-01T17:00:00,28970.0,32810.0,28970.0,31080.0,1037312.46464507
2023-10-01T21:00:00,31080.0,31890.0,30950.0,31320.0,556798.07110154
2023-10-02T01:00:00,31270.0,31330.0,30450.0,30830.0,119812.5105472
2023-10-02T05:00:00,30790.0,32980.0,30670.0,32260.0,529717.73321424
2023-10-02T09:00:00,32270.0,32960.0,31840.0,32650.0,531576.00111941
2023-10-02T13:00:00,32640.0,33580.0,32470.0,32980.0,396384.62529583
2023-10-02T17:00:00,32970.0,33210.0,32240.0,32350.0,300290.29567622
2023-10-02T21:00:00,32350.0,33200.0,32000.0,32720.0,325882.74881587
2023-10-03T01:00:00,32710.0,33000.0,31420.0,32400.0,166366.58436025
2023-10-03T05:00:00,32400.0,32400.0,31200.0,31770.0,165895.02535333
2023-10-03T09:00:00,31760.0,32440.0,31700.0,32310.0,168029.94699967
2023-10-03T13:00:00,32310.0,33160.0,32020.0,32510.0,250453.51963749
2023-10-03T17:00:00,32530.0,33340.0,32480.0,32670.0,311006.93795666
2023-10-03T21:00:00,32660.0,34210.0,32380.0,32680.0,929726.3708777
2023-10-04T01:00:00,32680.0,33070.0,31900.0,31960.0,123486.55390991
2023-10-04T05:00:00,31970.0,32290.0,31510.0,32020.0,183597.05709046
2023-10-04T09:00:00,32020.0,32130.0,30930.0,31450.0,202518.46976348
2023-10-04T13:00:00,31420.0,31660.0,31030.0,31510.0,81520.77881441
2023-10-04T17:00:00,31500.0,32420.0,31420.0,32070.0,170529.03687032
2023-10-04T21:00:00,32080.0,32110.0,30830.0,30830.0,137724.12091741
2023-10-05T01:00:00,30840.0,31590.0,30730.0,31170.0,50338.37929299
2023-10-05T05:00:00,31170.0,31610.0,31090.0,31310.0,49858.89452506
2023-10-05T09:00:00,31310.0,32170.0,31210.0,31450.0,196420.41486501
2023-10-05T13:00:00,31450.0,31790.0,30910.0,31110.0,129050.58283427
2023-10-05T17:00:00,31110.0,31670.0,30990.0,31480.0,101567.77069348
2023-10-05T21:00:00,31510.0,31960.0,30760.0,31000.0,243262.10004211
2023-10-06T01:00:00,31000.0,31330.0,30650.0,30990.0,53666.54972156
2023-10-06T05:00:00,30990.0,31040.0,30740.0,30820.0,47140.20346414
2023-10-06T09:00:00,30860.0,31650.0,30800.0,31470.0,91629.85217304
2023-10-06T13:00:00,31480.0,31830.0,31200.0,31680.0,80397.70492891
2023-10-06T17:00:00,31680.0,31990.0,31400.0,31490.0,111078.31099153
2023-10-06T21:00:00,31490.0,32060.0,30920.0,31830.0,193108.56606591
2023-10-07T01:00:00,31840.0,32150.0,31610.0,31710.0,67701.37325237
2023-10-07T05:00:00,31710.0,32100.0,31530.0,31640.0,55459.99306749
2023-10-07T09:00:00,31680.0,32180.0,31570.0,32090.0,105331.03011426
2023-10-07T13:00:00,32120.0,32830.0,31870.0,31940.0,148542.42154075
2023-10-07T17:00:00,31940.0,32310.0,31740.0,31910.0,73906.36286884
2023-10-07T21:00:00,31910.0,31970.0,31640.0,31700.0,48828.89965939
2023-10-08T01:00:00,31700.0,31820.0,31340.0,31400.0,44245.98851117
2023-10-08T05:00:00,31400.0,31690.0,31380.0,31570.0,20669.45187517
2023-10-08T09:00:00,31580.0,32070.0,31410.0,31940.0,62244.35914106
2023-10-08T13:00:00,31940.0,31950.0,31500.0,31680.0,37408.27330595
2023-10-08T17:00:00,31680.0,32020.0,31470.0,31540.0,59537.88206455
2023-10-08T21:00:00,31550.0,31900.0,31350.0,31900.0,54317.67100739
2023-10-09T01:00:00,31900.0,31970.0,31560.0,31660.0,21925.09713213
2023-10-09T05:00:00,31660.0,31900.0,31520.0,31560.0,17766.90041393
2023-10-09T09:00:00,31560.0,31720.0,31360.0,31640.0,62052.90363494
2023-10-09T13:00:00,31630.0,31800.0,31170.0,31290.0,62849.67231124
2023-10-09T17:00:00,31300.0,31350.0,30060.0,30160.0,224140.64098816
2023-10-09T21:00:00,30190.0,30540.0,30030.0,30270.0,90339.27221689
2023-10-10T01:00:00,30270.0,30590.0,29650.0,30250.0,78315.16647279
2023-10-10T05:00:00,30260.0,30360.0,30080.0,30110.0,35261.93971756
2023-10-10T09:00:00,30150.0,30330.0,29790.0,30180.0,96706.47703917
2023-10-10T13:00:00,30180.0,30590.0,30050.0,30500.0,78778.17449767
2023-10-10T17:00:00,30510.0,30640.0,30090.0,30160.0,77346.73611598
2023-10-10T21:00:00,30150.0,30630.0,29970.0,30000.0,80956.72056082
2023-10-11T01:00:00,30020.0,30100.0,29630.0,30050.0,51673.63355228
2023-10-11T05:00:00,30030.0,30290.0,29800.0,30140.0,42019.20981115
2023-10-11T09:00:00,30150.0,30380.0,29710.0,29900.0,100836.017137
2023-10-11T13:00:00,29890.0,30470.0,29870.0,30030.0,99659.26172933
2023-10-11T17:00:00,30020.0,30530.0,29990.0,30130.0,80622.35716704
2023-10-11T21:00:00,30140.0,30390.0,29930.0,30040.0,87536.79193467
2023-10-12T01:00:00,30030.0,30090.0,29580.0,29910.0,110734.98395951
2023-10-12T05:00:00,29920.0,30090.0,29730.0,30080.0,44877.25966055
2023-10-12T09:00:00,30060.0,30100.0,29310.0,29600.0,94152.9214257
2023-10-12T13:00:00,29610.0,29770.0,29550.0,29560.0,36981.14709462
2023-10-12T17:00:00,29560.0,29560.0,29010.0,29390.0,127838.64300114
2023-10-12T21:00:00,29380.0,29440.0,29090.0,29150.0,93375.0933873
2023-10-13T01:00:00,29130.0,29260.0,28810.0,29080.0,80192.53797528
2023-10-13T05:00:00,29070.0,29350.0,28990.0,29270.0,51027.94208694
2023-10-13T09:00:00,29250.0,29480.0,28990.0,28990.0,75108.00351831
2023-10-13T13:00:00,29010.0,29520.0,28980.0,29400.0,51086.40661996
2023-10-13T17:00:00,29400.0,29650.0,29300.0,29560.0,59151.60852131
2023-10-13T21:00:00,29560.0,29720.0,29400.0,29520.0,61212.98455316
2023-10-14T01:00:00,29480.0,29720.0,29470.0,29670.0,19347.39239771
2023-10-14T05:00:00,29670.0,30440.0,29650.0,30070.0,138047.4381085
2023-10-14T09:00:00,30050.0,30360.0,29990.0,30350.0,79929.41233547
2023-10-14T13:00:00,30320.0,30440.0,30190.0,30330.0,44292.78775186
2023-10-14T17:00:00,30330.0,30650.0,30090.0,30210.0,77447.82194945
2023-10-14T21:00:00,30200.0,30350.0,30010.0,30350.0,56627.13041481
2023-10-15T01:00:00,30320.0,30370.0,30120.0,30200.0,15048.58798121
2023-10-15T05:00:00,30190.0,30200.0,30040.0,30110.0,25397.64789501
2023-10-15T09:00:00,30100.0,30370.0,29860.0,30080.0,74296.55188456
2023-10-15T13:00:00,30080.0,30100.0,29900.0,30040.0,39439.80235897
2023-10-15T17:00:00,30050.0,30160.0,29880.0,29910.0,49789.35283902
2023-10-15T21:00:00,29910.0,30010.0,29620.0,29720.0,118072.76036557
2023-10-16T01:00:00,29710.0,29980.0,29670.0,29930.0,15405.31291091
2023-10-16T05:00:00,29930.0,30160.0,29840.0,29940.0,49885.98185545
2023-10-16T09:00:00,29960.0,30340.0,29910.0,30180.0,90235.91527908
2023-10-16T13:00:00,30180.0,31150.0,30180.0,31140.0,235874.30391296
2023-10-16T17:00:00,31090.0,31570.0,30850.0,31560.0,180918.30274641
2023-10-16T21:00:00,31550.0,33550.0,31190.0,31470.0,749185.71075906
2023-10-17T01:00:00,31470.0,32780.0,31450.0,32410.0,81811.84472571
2023-10-17T05:00:00,32370.0,32810.0,32170.0,32550.0,163517.74182615
2023-10-17T09:00:00,32550.0,33020.0,32180.0,32610.0,199491.6988655
2023-10-17T13:00:00,32610.0,32940.0,32270.0,32730.0,142246.09923566
2023-10-17T17:00:00,32730.0,33410.0,32660.0,32740.0,265510.96035074
2023-10-17T21:00:00,32730.0,32900.0,32000.0,32610.0,176487.93392608
2023-10-18T01:00:00,32550.0,33230.0,32400.0,32960.0,45909.90368562
2023-10-18T05:00:00,32960.0,33030.0,32510.0,32590.0,57250.38338509
2023-10-18T09:00:00,32590.0,32850.0,32410.0,32810.0,182106.73422994
2023-10-18T13:00:00,32830.0,33230.0,32500.0,32570.0,179095.6574548
2023-10-18T17:00:00,32550.0,32930.0,32450.0,32490.0,89253.59716144
2023-10-18T21:00:00,32490.0,32640.0,32260.0,32380.0,94173.80740816
2023-10-19T01:00:00,32350.0,32530.0,32190.0,32430.0,42933.70281746
2023-10-19T05:00:00,32390.0,32410.0,31900.0,31970.0,82269.95578644
2023-10-19T09:00:00,31970.0,32280.0,31670.0,32100.0,112966.83170695
2023-10-19T13:00:00,32100.0,32750.0,32080.0,32620.0,151242.42723058
2023-10-19T17:00:00,32630.0,33370.0,32420.0,33300.0,557936.41278343
2023-10-19T21:00:00,33250.0,33870.0,32860.0,33690.0,673295.64631959
2023-10-20T01:00:00,33700.0,35000.0,33590.0,34230.0,345776.81976201
2023-10-20T05:00:00,34200.0,34290.0,33580.0,33870.0,165739.32175944
2023-10-20T09:00:00,33860.0,34950.0,33550.0,34870.0,384402.20200084
2023-10-20T13:00:00,34870.0,35950.0,34770.0,35550.0,464074.30153175
2023-10-20T17:00:00,35550.0,37200.0,35540.0,36410.0,604111.25068237
2023-10-20T21:00:00,36420.0,36700.0,35880.0,36430.0,251773.59794183
2023-10-21T01:00:00,36410.0,36620.0,35640.0,36430.0,82431.72287658
2023-10-21T05:00:00,36420.0,37080.0,36210.0,36650.0,108537.95410861
2023-10-21T09:00:00,36640.0,36830.0,36120.0,36370.0,152979.27133655
2023-10-21T13:00:00,36370.0,38640.0,36150.0,38020.0,395111.08694984
2023-10-21T17:00:00,38010.0,40500.0,37740.0,40050.0,688887.91576663
2023-10-21T21:00:00,40030.0,40220.0,38650.0,39250.0,578282.70202503
2023-10-22T01:00:00,39220.0,40260.0,39020.0,39770.0,160748.89163485
2023-10-22T05:00:00,39740.0,40920.0,39500.0,39570.0,291792.70929782
2023-10-22T09:00:00,39560.0,40540.0,39400.0,40120.0,367489.48299305
2023-10-22T13:00:00,40130.0,40500.0,38250.0,38870.0,399202.50541257
2023-10-22T17:00:00,38870.0,39180.0,37980.0,38280.0,250864.38811455
2023-10-22T21:00:00,38270.0,39010.0,38230.0,38360.0,129916.08480248
2023-10-23T01:00:00,38360.0,39290.0,38330.0,38730.0,44636.74709677
2023-10-23T05:00:00,38730.0,39450.0,38670.0,39060.0,98347.28476494
2023-10-23T09:00:00,39060.0,41370.0,38770.0,41370.0,493623.12837555
2023-10-23T13:00:00,41340.0,42240.0,40370.0,40600.0,641565.2628963
2023-10-23T17:00:00,40600.0,40890.0,39550.0,40090.0,313956.84775026
2023-10-23T21:00:00,40080.0,40290.0,38850.0,39060.0,313933.11062086
2023-10-24T01:00:00,39060.0,40280.0,38970.0,40220.0,151455.78609092
2023-10-24T05:00:00,40220.0,43800.0,40000.0,42630.0,645212.4979119
2023-10-24T09:00:00,42630.0,43700.0,41930.0,41950.0,719487.74666039
2023-10-24T13:00:00,41950.0,42590.0,40970.0,41680.0,356295.90468307
2023-10-24T17:00:00,41690.0,42810.0,41640.0,42470.0,184218.86572525
2023-10-24T21:00:00,42480.0,43620.0,41060.0,41600.0,431941.31450145
2023-10-25T01:00:00,41600.0,42000.0,40560.0,41010.0,165163.7683878
2023-10-25T05:00:00,40990.0,41360.0,39720.0,40590.0,201251.31323715
2023-10-25T09:00:00,40600.0,43400.0,40450.0,41880.0,523647.13740021
2023-10-25T13:00:00,41890.0,43090.0,41530.0,41930.0,295854.10693016
2023-10-25T17:00:00,41930.0,43640.0,41650.0,43560.0,422555.80756196
2023-10-25T21:00:00,43550.0,45800.0,43480.0,45050.0,1342948.85016643
2023-10-26T01:00:00,45040.0,45300.0,43610.0,44220.0,303050.19001576
2023-10-26T05:00:00,44180.0,44600.0,43110.0,43740.0,192413.52281161
2023-10-26T09:00:00,43730.0,44280.0,42890.0,44250.0,291340.51914878
2023-10-26T13:00:00,44250.0,44850.0,43060.0,44190.0,351119.27474722
2023-10-26T17:00:00,44180.0,44330.0,42380.0,42720.0,389285.9550263
2023-10-26T21:00:00,42720.0,43460.0,41750.0,42320.0,267221.71988369
2023-10-27T01:00:00,42320.0,42850.0,41590.0,42560.0,82322.15546626
2023-10-27T05:00:00,42560.0,44780.0,42480.0,44200.0,191863.88934151
2023-10-27T09:00:00,44230.0,44340.0,42910.0,43720.0,227372.9839204
2023-10-27T13:00:00,43720.0,44400.0,43370.0,43720.0,172768.00165338
2023-10-27T17:00:00,43760.0,44660.0,43520.0,44050.0,182368.84460453
2023-10-27T21:00:00,44070.0,44990.0,43180.0,43510.0,278957.08197782
2023-10-28T01:00:00,43510.0,43850.0,42500.0,43350.0,109213.99100409
2023-10-28T05:00:00,43350.0,43800.0,42810.0,43060.0,74416.08169291
2023-10-28T09:00:00,43100.0,44000.0,42990.0,43890.0,144684.41846962
2023-10-28T13:00:00,43890.0,44070.0,43520.0,43860.0,90703.59312814
2023-10-28T17:00:00,43840.0,44200.0,43600.0,43800.0,116636.42163238
2023-10-28T21:00:00,43800.0,43840.0,43100.0,43500.0,118764.24982066
2023-10-29T01:00:00,43500.0,43650.0,42980.0,43080.0,45632.74508872
2023-10-29T05:00:00,43080.0,43520.0,42720.0,43050.0,85702.98464422
2023-10-29T09:00:00,43050.0,43350.0,42710.0,43070.0,100208.75380686
2023-10-29T13:00:00,43050.0,44000.0,42960.0,43930.0,124478.3927295
2023-10-29T17:00:00,43930.0,44030.0,43670.0,43830.0,94408.21996044
2023-10-29T21:00:00,43820.0,44350.0,43710.0,44230.0,135573.38990065
2023-10-30T01:00:00,44230.0,44980.0,44170.0,44760.0,93839.20389292
2023-10-30T05:00:00,44750.0,44820.0,44130.0,44510.0,61638.12985398
2023-10-30T09:00:00,44510.0,44910.0,44080.0,44560.0,136984.52386483
2023-10-30T13:00:00,44560.0,44890.0,44030.0,44260.0,87841.93440564
2023-10-30T17:00:00,44260.0,48000.0,44190.0,47370.0,724877.57150955
2023-10-30T21:00:00,47350.0,47850.0,46760.0,47510.0,254145.03557643
2023-10-31T01:00:00,47510.0,47530.0,46620.0,47330.0,78097.08451466
2023-10-31T05:00:00,47260.0,47430.0,46690.0,47360.0,86460.33990758
2023-10-31T09:00:00,47360.0,49550.0,47240.0,48660.0,451263.12078821
2023-10-31T13:00:00,48660.0,49670.0,48400.0,48580.0,259727.97904373
2023-10-31T17:00:00,48530.0,50270.0,48380.0,49700.0,465313.00488246
2023-10-31T21:00:00,49690.0,49820.0,48350.0,48960.0,351574.34575817
2023-11-01T01:00:00,48960.0,49360.0,48570.0,49110.0,69732.76106281
2023-11-01T05:00:00,49110.0,52450.0,49110.0,52130.0,402912.13552675
2023-11-01T09:00:00,52150.0,52870.0,51490.0,52150.0,327573.7416552
2023-11-01T13:00:00,52110.0,53550.0,51600.0,52540.0,280406.54600615
2023-11-01T17:00:00,52480.0,54410.0,51800.0,53560.0,567728.08650494
2023-11-01T21:00:00,53560.0,57330.0,53020.0,55650.0,1323542.643066
2023-11-02T01:00:00,55640.0,63490.0,55280.0,57160.0,1285913.68978092
2023-11-02T05:00:00,57160.0,59450.0,55360.0,56040.0,828820.65175632
2023-11-02T09:00:00,56020.0,60450.0,56010.0,58410.0,967133.43716121
2023-11-02T13:00:00,58360.0,59090.0,56100.0,58680.0,481089.50799902
2023-11-02T17:00:00,58670.0,61440.0,57940.0,61320.0,672949.36883206
2023-11-02T21:00:00,61300.0,61440.0,55290.0,55380.0,934069.91829839
2023-11-03T01:00:00,55380.0,57940.0,53500.0,57890.0,492746.9460443
2023-11-03T05:00:00,57890.0,58150.0,54890.0,56770.0,351851.17450407
2023-11-03T09:00:00,56780.0,56780.0,52670.0,53350.0,695677.22472587
2023-11-03T13:00:00,53350.0,53680.0,51670.0,52970.0,686576.39230358
2023-11-03T17:00:00,52970.0,54000.0,51750.0,53060.0,766904.75523925
2023-11-03T21:00:00,53060.0,54110.0,52500.0,53410.0,611912.54099978
2023-11-04T01:00:00,53380.0,53660.0,51980.0,52660.0,189603.91673253
2023-11-04T05:00:00,52660.0,53540.0,52490.0,53110.0,162381.68112852
2023-11-04T09:00:00,53110.0,55700.0,52520.0,55310.0,786806.49491985
2023-11-04T13:00:00,55310.0,56390.0,54200.0,56000.0,773736.27117417
2023-11-04T17:00:00,55990.0,57630.0,55530.0,55860.0,651211.15095
2023-11-04T21:00:00,55870.0,56900.0,55230.0,55690.0,430443.90493855
2023-11-05T01:00:00,55630.0,56320.0,55350.0,55710.0,78854.62853043
2023-11-05T05:00:00,55710.0,57230.0,55620.0,56900.0,175758.15443006
2023-11-05T09:00:00,56880.0,57780.0,56060.0,57160.0,447690.93200236
2023-11-05T13:00:00,57160.0,57170.0,55870.0,56050.0,272385.30069188
2023-11-05T17:00:00,56000.0,56230.0,55460.0,55970.0,285601.58106068
2023-11-05T21:00:00,55970.0,56330.0,54380.0,54750.0,295470.36536112
2023-11-06T01:00:00,54750.0,55840.0,54550.0,54710.0,63528.0302699
2023-11-06T05:00:00,54710.0,55740.0,54210.0,55270.0,130454.50163449
2023-11-06T09:00:00,55310.0,56120.0,54800.0,55260.0,238384.58255497
2023-11-06T13:00:00,55260.0,55340.0,52970.0,53470.0,385367.19119734
2023-11-06T17:00:00,53460.0,54350.0,53130.0,53770.0,169313.67642181
2023-11-06T21:00:00,53770.0,54260.0,53260.0,53700.0,189933.15821743
2023-11-07T01:00:00,53700.0,54030.0,53290.0,53970.0,58869.56319574
2023-11-07T05:00:00,53960.0,56300.0,53590.0,56260.0,292117.92708625
2023-11-07T09:00:00,56260.0,56510.0,53860.0,54570.0,330632.82673533
2023-11-07T13:00:00,54560.0,55680.0,54420.0,55630.0,142312.50717714
2023-11-07T17:00:00,55600.0,55820.0,54200.0,55040.0,191514.20730046
2023-11-07T21:00:00,55030.0,56330.0,54610.0,55340.0,314356.03433083
2023-11-08T01:00:00,55340.0,59160.0,55110.0,58500.0,364109.47402168
2023-11-08T05:00:00,58450.0,59550.0,57320.0,57520.0,262097.4592995
2023-11-08T09:00:00,57520.0,57900.0,56460.0,57870.0,269188.41121275
2023-11-08T13:00:00,57850.0,58410.0,57420.0,57970.0,200786.29975026
2023-11-08T17:00:00,57980.0,58550.0,57500.0,57840.0,162756.55724231
2023-11-08T21:00:00,57840.0,58110.0,56570.0,57060.0,193897.75986429
2023-11-09T01:00:00,57050.0,57870.0,56690.0,57220.0,94060.20036839
2023-11-09T05:00:00,57240.0,57770.0,56800.0,57400.0,182233.27311113
2023-11-09T09:00:00,57400.0,58590.0,56800.0,58560.0,383001.53019336
2023-11-09T13:00:00,58560.0,59400.0,58210.0,58350.0,383197.96486669
2023-11-09T17:00:00,58350.0,63400.0,58320.0,63170.0,1190906.84828837
2023-11-09T21:00:00,63170.0,66140.0,60850.0,61890.0,1462612.35418635
2023-11-10T01:00:00,61900.0,62460.0,58500.0,60560.0,519430.3169314
2023-11-10T05:00:00,60580.0,62030.0,59640.0,61490.0,213017.87996028
2023-11-10T09:00:00,61470.0,65210.0,60920.0,64030.0,517742.24373838
2023-11-10T13:00:00,64030.0,66720.0,63290.0,64080.0,613129.0565892
2023-11-10T17:00:00,64070.0,68980.0,63160.0,68600.0,974433.13182455
2023-11-10T21:00:00,68710.0,70460.0,65630.0,68620.0,1306601.82476781
2023-11-11T01:00:00,68540.0,74000.0,68460.0,73150.0,606491.72340351
2023-11-11T05:00:00,73160.0,77550.0,71610.0,76240.0,807467.29973732
2023-11-11T09:00:00,76240.0,78590.0,73690.0,75530.0,1093617.90512015
2023-11-11T13:00:00,75440.0,75910.0,72500.0,73600.0,586320.32961145
2023-11-11T17:00:00,73610.0,75410.0,72350.0,75110.0,333223.99699386
2023-11-11T21:00:00,75110.0,89070.0,74770.0,82010.0,3351682.38737773
2023-11-12T01:00:00,82020.0,84060.0,78550.0,82150.0,501869.58445428
2023-11-12T05:00:00,82000.0,82110.0,74790.0,76070.0,517897.12345037
2023-11-12T09:00:00,76070.0,81340.0,73900.0,78610.0,1239736.98422269
2023-11-12T13:00:00,78570.0,83900.0,77740.0,82610.0,1290642.84457022
2023-11-12T17:00:00,82610.0,83080.0,79500.0,81380.0,626682.00192963
2023-11-12T21:00:00,81380.0,81900.0,78790.0,79760.0,556955.91475959
2023-11-13T01:00:00,79760.0,79900.0,75850.0,76810.0,176318.18697292
2023-11-13T05:00:00,76910.0,78740.0,76400.0,78080.0,221686.21265159
2023-11-13T09:00:00,78010.0,80860.0,75340.0,78080.0,611291.35379647
2023-11-13T13:00:00,77970.0,80380.0,77350.0,79070.0,393631.53551115
2023-11-13T17:00:00,79070.0,80600.0,77200.0,78000.0,344499.35943938
2023-11-13T21:00:00,77960.0,81460.0,76350.0,77200.0,619757.67585713
2023-11-14T01:00:00,77200.0,77830.0,75400.0,77100.0,151376.36181121
2023-11-14T05:00:00,77200.0,77200.0,70750.0,70980.0,556073.33962915
2023-11-14T09:00:00,70930.0,76730.0,70920.0,74590.0,664710.53578872
2023-11-14T13:00:00,74590.0,75960.0,73820.0,75410.0,221793.79051222
2023-11-14T17:00:00,75410.0,76350.0,70810.0,71570.0,594967.22613197
2023-11-14T21:00:00,71530.0,77960.0,70400.0,75700.0,1496933.88952871
2023-11-15T01:00:00,75700.0,76590.0,71850.0,74240.0,392694.81367112
2023-11-15T05:00:00,74250.0,76980.0,73850.0,76160.0,312615.56446819
2023-11-15T09:00:00,76160.0,77640.0,74500.0,74550.0,441751.88285525
2023-11-15T13:00:00,74550.0,79700.0,74550.0,79110.0,638361.6058873
2023-11-15T17:00:00,79110.0,84770.0,78440.0,83850.0,981234.74592184
2023-11-15T21:00:00,83840.0,85300.0,82180.0,83420.0,1043966.58349483
2023-11-16T01:00:00,83420.0,87290.0,81380.0,86810.0,450439.71368499
2023-11-16T05:00:00,86760.0,88900.0,85400.0,87350.0,576398.22064759
2023-11-16T09:00:00,87350.0,89030.0,86000.0,88160.0,839509.38094559
2023-11-16T13:00:00,88150.0,92260.0,86770.0,87930.0,1081224.30540439
2023-11-16T17:00:00,87910.0,88540.0,85540.0,86300.0,870348.98964904
2023-11-16T21:00:00,86300.0,86710.0,82980.0,83710.0,647355.89088606
2023-11-17T01:00:00,83680.0,84380.0,80680.0,84070.0,262629.25906489
2023-11-17T05:00:00,84070.0,84790.0,78150.0,80840.0,539264.04869988
2023-11-17T09:00:00,80840.0,84660.0,77900.0,79300.0,998996.79920957
2023-11-17T13:00:00,79300.0,80680.0,78240.0,78440.0,440582.87471658
2023-11-17T17:00:00,78470.0,79430.0,76210.0,78490.0,594166.17810341
2023-11-17T21:00:00,78490.0,80400.0,73430.0,74730.0,736809.56511916
2023-11-18T01:00:00,74730.0,79150.0,74140.0,77540.0,387355.76085595
2023-11-18T05:00:00,77600.0,80140.0,77480.0,79020.0,243449.16510849
2023-11-18T09:00:00,79020.0,79260.0,75830.0,76210.0,316998.47415772
2023-11-18T13:00:00,76230.0,77280.0,73890.0,76110.0,302727.47559538
2023-11-18T17:00:00,76110.0,77540.0,75750.0,76780.0,199485.6025947
2023-11-18T21:00:00,76780.0,78500.0,74900.0,78130.0,301323.98765847
2023-11-19T01:00:00,78110.0,79630.0,77450.0,79240.0,202664.91466181
2023-11-19T05:00:00,79260.0,79560.0,78060.0,78710.0,107018.24466251
2023-11-19T09:00:00,78760.0,78800.0,76200.0,78230.0,187119.29200168
2023-11-19T13:00:00,78230.0,81820.0,77660.0,81060.0,456550.84218039
2023-11-19T17:00:00,81060.0,83100.0,79950.0,80600.0,635238.25999054
2023-11-19T21:00:00,80600.0,81110.0,79460.0,80520.0,291548.33515036
2023-11-20T01:00:00,80520.0,81880.0,79910.0,81690.0,96641.2692425
2023-11-20T05:00:00,81690.0,82690.0,80480.0,81490.0,198133.25667282
2023-11-20T09:00:00,81560.0,82000.0,79740.0,79940.0,299435.04925984
2023-11-20T13:00:00,79940.0,80170.0,79040.0,79970.0,193858.56194932
2023-11-20T17:00:00,79960.0,81130.0,79300.0,80100.0,179696.57617457
2023-11-20T21:00:00,80100.0,80750.0,77950.0,78660.0,345836.76714549
2023-11-21T01:00:00,78660.0,79150.0,75850.0,77000.0,337334.80273708
2023-11-21T05:00:00,77020.0,77270.0,75500.0,75890.0,309260.42267233
2023-11-21T09:00:00,75890.0,76720.0,74010.0,74950.0,503851.02029227
2023-11-21T13:00:00,74920.0,75720.0,74220.0,74340.0,167762.5281005
2023-11-21T17:00:00,74320.0,76450.0,74320.0,75340.0,257171.92314036
2023-11-21T21:00:00,75340.0,75850.0,71540.0,74000.0,499662.06210955
2023-11-22T01:00:00,74000.0,75220.0,71440.0,73850.0,310980.60100447
2023-11-22T05:00:00,73890.0,75010.0,69600.0,70110.0,476102.43355923
2023-11-22T09:00:00,70110.0,73260.0,70000.0,73150.0,402013.48925039
2023-11-22T13:00:00,73150.0,74650.0,72520.0,73720.0,242244.13751278
2023-11-22T17:00:00,73710.0,74380.0,73340.0,73460.0,192684.61922532
2023-11-22T21:00:00,73480.0,74980.0,72820.0,74000.0,258313.5222926
2023-11-23T01:00:00,74140.0,77070.0,73430.0,76730.0,169527.50723954
2023-11-23T05:00:00,76730.0,78900.0,76250.0,77030.0,339565.62861946
2023-11-23T09:00:00,77030.0,78330.0,76000.0,77070.0,340051.82297007
2023-11-23T13:00:00,77080.0,78250.0,76870.0,77340.0,176571.55530554
2023-11-23T17:00:00,77330.0,78780.0,76500.0,77480.0,281605.64676084
2023-11-23T21:00:00,77480.0,79800.0,75720.0,75880.0,492743.10660097
2023-11-24T01:00:00,75840.0,76620.0,75240.0,75450.0,84501.4940881
2023-11-24T05:00:00,75450.0,76300.0,75350.0,75740.0,95436.92977392
2023-11-24T09:00:00,75750.0,77030.0,75270.0,76690.0,205692.02846694
2023-11-24T13:00:00,76680.0,76820.0,75850.0,76650.0,132334.99638353
2023-11-24T17:00:00,76640.0,78700.0,76420.0,77820.0,334771.7356048
2023-11-24T21:00:00,77820.0,78370.0,76700.0,77870.0,238807.37608161
2023-11-25T01:00:00,77820.0,78130.0,76380.0,76720.0,101585.26481616
2023-11-25T05:00:00,76720.0,77170.0,75850.0,76200.0,102913.17968142
2023-11-25T09:00:00,76190.0,80190.0,75110.0,78810.0,575915.8598223
2023-11-25T13:00:00,78810.0,79230.0,78180.0,78460.0,159416.45476944
2023-11-25T17:00:00,78470.0,78780.0,76840.0,77390.0,161561.82094487
2023-11-25T21:00:00,77370.0,78540.0,77110.0,78300.0,105180.1136259
2023-11-26T01:00:00,78300.0,79760.0,78130.0,78940.0,80727.76979024
2023-11-26T05:00:00,78900.0,79380.0,78490.0,78640.0,46960.52840488
2023-11-26T09:00:00,78620.0,79010.0,77490.0,77980.0,139485.20506363
2023-11-26T13:00:00,77990.0,78350.0,77910.0,78030.0,63646.50363141
2023-11-26T17:00:00,78030.0,78250.0,77210.0,77290.0,122079.34515492
2023-11-26T21:00:00,77290.0,77650.0,76020.0,76670.0,190080.23788874
2023-11-27T01:00:00,76670.0,76980.0,75730.0,76800.0,67463.3055217
2023-11-27T05:00:00,76790.0,78500.0,76640.0,77230.0,85444.81169575
2023-11-27T09:00:00,77220.0,77880.0,75530.0,76080.0,170848.18257622
2023-11-27T13:00:00,76080.0,76810.0,74740.0,75090.0,162079.90595715
2023-11-27T17:00:00,75090.0,75550.0,73260.0,73990.0,263366.4575491
2023-11-27T21:00:00,73990.0,74160.0,72830.0,72830.0,163656.57196912
2023-11-28T01:00:00,72830.0,74200.0,72550.0,73220.0,79031.76902929
2023-11-28T05:00:00,73290.0,74690.0,72760.0,74340.0,90941.05384577
2023-11-28T09:00:00,74340.0,74680.0,73370.0,73820.0,101140.10160722
2023-11-28T13:00:00,73820.0,74400.0,72600.0,74090.0,159485.87530544
2023-11-28T17:00:00,74200.0,75830.0,73500.0,75470.0,269105.82086723
2023-11-28T21:00:00,75500.0,75730.0,74380.0,75150.0,155713.92649088
2023-11-29T01:00:00,75160.0,77810.0,75020.0,77500.0,226236.00019428
2023-11-29T05:00:00,77440.0,78210.0,77000.0,77710.0,130187.56344962
2023-11-29T09:00:00,77710.0,78400.0,77200.0,77970.0,160103.54103925
2023-11-29T13:00:00,77970.0,79670.0,77750.0,79220.0,246969.95286117
2023-11-29T17:00:00,79250.0,82450.0,79230.0,81110.0,690297.07624809
2023-11-29T21:00:00,81080.0,82320.0,79490.0,80420.0,397281.1494669
2023-11-30T01:00:00,80410.0,80790.0,79180.0,80420.0,76754.04605096
2023-11-30T05:00:00,80330.0,80800.0,78750.0,79450.0,117028.19905615
2023-11-30T09:00:00,79450.0,81320.0,78530.0,80870.0,252987.47769268
2023-11-30T13:00:00,80860.0,81970.0,79850.0,80350.0,198641.06027314
2023-11-30T17:00:00,80350.0,81440.0,79590.0,81300.0,159799.68354806
2023-11-30T21:00:00,81300.0,82650.0,79570.0,79900.0,327123.26544713
2023-12-01T01:00:00,79900.0,80490.0,79200.0,80490.0,51142.21837853
2023-12-01T05:00:00,80490.0,80700.0,79160.0,79530.0,77401.56160252
2023-12-01T09:00:00,79530.0,81730.0,78630.0,81310.0,256529.75135503
2023-12-01T13:00:00,81310.0,82000.0,80500.0,81430.0,184960.43865678
2023-12-01T17:00:00,81400.0,82650.0,81270.0,81740.0,225726.41323893
2023-12-01T21:00:00,81730.0,81920.0,80200.0,80670.0,112083.87576283
2023-12-02T01:00:00,80660.0,81700.0,80130.0,80920.0,92260.17838651
2023-12-02T05:00:00,80920.0,81200.0,79800.0,80030.0,87107.03962259
2023-12-02T09:00:00,80030.0,81800.0,79950.0,81600.0,178944.16977627
2023-12-02T13:00:00,81610.0,83610.0,81330.0,82880.0,266183.76196955
2023-12-02T17:00:00,82880.0,83200.0,82200.0,82830.0,145325.89943915
2023-12-02T21:00:00,82820.0,83370.0,82070.0,82570.0,132570.79884371
2023-12-03T01:00:00,82570.0,83670.0,82000.0,83590.0,86807.01151069
2023-12-03T05:00:00,83530.0,85240.0,83320.0,84900.0,140984.478162
2023-12-03T09:00:00,84900.0,87400.0,84660.0,85580.0,400909.61021894
2023-12-03T13:00:00,85580.0,85860.0,84840.0,85430.0,136919.9834726
2023-12-03T17:00:00,85440.0,85630.0,84370.0,84890.0,191226.10909576
2023-12-03T21:00:00,84890.0,85250.0,83550.0,84170.0,243504.14421009
2023-12-04T05:00:00,84140.0,85760.0,83850.0,84610.0,137357.24767956
2023-12-04T09:00:00,84610.0,86890.0,84560.0,86060.0,257761.94444504
2023-12-04T13:00:00,86010.0,87310.0,85250.0,85400.0,308803.50518932
2023-12-04T17:00:00,85400.0,86200.0,81500.0,83640.0,547721.34880491
2023-12-04T21:00:00,83620.0,83800.0,81620.0,82130.0,392547.67458152
2023-12-05T01:00:00,82100.0,82840.0,81800.0,82590.0,100968.54583746
2023-12-05T05:00:00,82600.0,84040.0,82590.0,83380.0,193519.05412523
2023-12-05T09:00:00,83380.0,83920.0,81360.0,82130.0,333301.78508886
2023-12-05T13:00:00,82140.0,82170.0,80010.0,81010.0,264124.45785672
2023-12-05T17:00:00,81010.0,82140.0,80750.0,82130.0,133133.05439189
2023-12-05T21:00:00,82140.0,84100.0,81880.0,83360.0,245006.65690085
2023-12-06T01:00:00,83360.0,84860.0,82540.0,83580.0,208481.36005229
2023-12-06T05:00:00,83580.0,83890.0,82500.0,83390.0,196107.13758891
2023-12-06T09:00:00,83390.0,88000.0,83350.0,87800.0,948666.48412028
2023-12-06T13:00:00,87750.0,88370.0,86200.0,87050.0,363252.91533465
2023-12-06T17:00:00,87010.0,91560.0,85740.0,87020.0,1129403.84189864
2023-12-06T21:00:00,87010.0,87890.0,85870.0,85920.0,253769.810104
2023-12-07T01:00:00,85920.0,88500.0,85780.0,88470.0,95990.26001636
2023-12-07T05:00:00,88470.0,88820.0,85240.0,85330.0,170556.1469578
2023-12-07T09:00:00,85330.0,88500.0,85270.0,87160.0,262063.85544022
2023-12-07T13:00:00,87150.0,87940.0,86850.0,87260.0,145541.51127816
2023-12-07T17:00:00,87260.0,88490.0,85020.0,88250.0,459561.7365182
2023-12-07T21:00:00,88180.0,90780.0,87390.0,90120.0,499080.30853635
2023-12-08T01:00:00,90120.0,91950.0,88520.0,88850.0,289530.94208148
2023-12-08T05:00:00,88840.0,94980.0,88730.0,92840.0,619138.52915041
2023-12-08T09:00:00,92830.0,98840.0,92830.0,97770.0,828360.80872916
2023-12-08T13:00:00,97750.0,99780.0,96880.0,97370.0,728788.21956634
2023-12-08T17:00:00,97370.0,100750.0,95920.0,99750.0,636715.21771483
2023-12-08T21:00:00,99770.0,100950.0,97900.0,98330.0,636429.97135115
2023-12-09T01:00:00,98310.0,100950.0,98310.0,98560.0,200929.34877473
2023-12-09T05:00:00,98560.0,103000.0,98560.0,102150.0,269367.56109026
2023-12-09T09:00:00,102200.0,103400.0,99610.0,100900.0,486541.31836348
2023-12-09T13:00:00,100900.0,105800.0,100200.0,104450.0,448297.89736079
2023-12-09T17:00:00,104550.0,106100.0,101800.0,105500.0,353455.44042509
2023-12-09T21:00:00,105450.0,105950.0,102750.0,103200.0,206893.88160082
2023-12-10T01:00:00,103250.0,103600.0,100000.0,101450.0,144264.27760736
2023-12-10T05:00:00,101450.0,101850.0,99050.0,99440.0,157760.49415062
2023-12-10T09:00:00,99440.0,101650.0,99400.0,100300.0,192063.11722985
2023-12-10T13:00:00,100250.0,100900.0,97830.0,99260.0,215124.66724783
2023-12-10T17:00:00,99250.0,99640.0,96690.0,98040.0,232760.87804642
2023-12-10T21:00:00,98030.0,101900.0,97940.0,100700.0,235328.22770217
2023-12-11T01:00:00,100700.0,101150.0,99000.0,100300.0,54939.43891094
2023-12-11T05:00:00,100300.0,102300.0,100250.0,102250.0,125234.04587164
2023-12-11T09:00:00,102250.0,102500.0,91500.0,97890.0,830035.1373122
2023-12-11T13:00:00,97890.0,98260.0,94260.0,94750.0,398221.13570078
2023-12-11T17:00:00,94690.0,96330.0,93620.0,95740.0,254683.50812749
2023-12-11T21:00:00,95730.0,95890.0,91800.0,95210.0,496079.38738415
2023-12-12T01:00:00,95190.0,97230.0,93780.0,95480.0,265386.29936585
2023-12-12T05:00:00,95480.0,97280.0,93140.0,96990.0,269059.447674
2023-12-12T09:00:00,96990.0,100000.0,96990.0,98340.0,549974.57224984
2023-12-12T13:00:00,98340.0,98810.0,95420.0,98680.0,373423.12106995
2023-12-12T17:00:00,98680.0,99300.0,96700.0,96850.0,293900.83366091
2023-12-12T21:00:00,96850.0,98900.0,94660.0,94970.0,337679.28541502
2023-12-13T01:00:00,94870.0,95350.0,91800.0,93850.0,218718.67223148
2023-12-13T05:00:00,93900.0,95780.0,93210.0,95210.0,134987.02584833
2023-12-13T09:00:00,95220.0,95400.0,90580.0,90840.0,333878.71071079
2023-12-13T13:00:00,90830.0,92100.0,89850.0,90360.0,236381.16909144
2023-12-13T17:00:00,90350.0,92410.0,90160.0,90870.0,117053.10720368
2023-12-13T21:00:00,90870.0,94730.0,90540.0,93830.0,315610.33933652
2023-12-14T01:00:00,93830.0,97480.0,92940.0,97170.0,150999.81095361
2023-12-14T05:00:00,97170.0,99900.0,96950.0,97260.0,357373.60734849
2023-12-14T09:00:00,97270.0,98200.0,95500.0,96360.0,226586.61304028
2023-12-14T13:00:00,96300.0,99110.0,95950.0,98410.0,200352.63541386
2023-12-14T17:00:00,98410.0,100950.0,97810.0,100800.0,278285.47449023
2023-12-14T21:00:00,100800.0,101750.0,96000.0,98540.0,431613.1641207
2023-12-15T01:00:00,98490.0,101650.0,98490.0,100050.0,163358.48741341
2023-12-15T05:00:00,100050.0,103850.0,98980.0,103200.0,238811.78103519
2023-12-15T09:00:00,103200.0,103700.0,101050.0,101600.0,198383.7558059
2023-12-15T13:00:00,101600.0,105800.0,101550.0,105400.0,264556.98554363
2023-12-15T17:00:00,105300.0,108750.0,104700.0,108450.0,401872.19741714
2023-12-15T21:00:00,108450.0,109000.0,103800.0,105100.0,346745.15237451
2023-12-16T01:00:00,105100.0,106600.0,101800.0,106000.0,177545.10210168
2023-12-16T05:00:00,105950.0,106450.0,99860.0,100450.0,176681.08757754
2023-12-16T09:00:00,100450.0,102450.0,98400.0,102200.0,309220.18155254
2023-12-16T13:00:00,102100.0,102400.0,101150.0,102050.0,102305.49926924
2023-12-16T17:00:00,102050.0,103200.0,101300.0,103050.0,97514.47851893
2023-12-16T21:00:00,103100.0,105500.0,102750.0,105350.0,249810.85461421
2023-12-17T01:00:00,105350.0,105600.0,101450.0,101750.0,100049.75949903
2023-12-17T05:00:00,101750.0,102350.0,100350.0,101100.0,97935.02847058
2023-12-17T09:00:00,101100.0,101600.0,99680.0,100950.0,151201.24685381
2023-12-17T13:00:00,100950.0,101950.0,99080.0,99620.0,151714.2327209
2023-12-17T17:00:00,99620.0,100600.0,99170.0,100200.0,113013.88358138
2023-12-17T21:00:00,100200.0,100350.0,97900.0,99470.0,163372.05541764
2023-12-18T01:00:00,99470.0,102350.0,99020.0,100450.0,86339.68071999
2023-12-18T05:00:00,100450.0,101350.0,96900.0,97080.0,142593.93064577
2023-12-18T09:00:00,97080.0,98750.0,93570.0,95470.0,403852.53542939
2023-12-18T13:00:00,95500.0,95750.0,93650.0,94000.0,155430.48246199
2023-12-18T17:00:00,94000.0,95500.0,91320.0,94130.0,344104.86009729
2023-12-18T21:00:00,94130.0,98620.0,92960.0,96390.0,340082.29814309
2023-12-19T01:00:00,96390.0,98790.0,96100.0,98470.0,106173.29960047
2023-12-19T05:00:00,98470.0,102550.0,97610.0,101300.0,233154.69779241
2023-12-19T09:00:00,101300.0,103450.0,100350.0,102200.0,233707.44713492
2023-12-19T13:00:00,102200.0,103700.0,101900.0,102850.0,129623.99443054
2023-12-19T17:00:00,102850.0,103450.0,101050.0,101700.0,121120.09585758
2023-12-19T21:00:00,101650.0,102350.0,99300.0,100450.0,172763.5081604
2023-12-20T01:00:00,100400.0,101550.0,98310.0,101300.0,110677.03901399
2023-12-20T05:00:00,101250.0,102800.0,99080.0,100000.0,106090.31174233
2023-12-20T09:00:00,100000.0,102350.0,99860.0,101850.0,184990.65513073
2023-12-20T13:00:00,101900.0,103600.0,101200.0,103500.0,193810.52073202
2023-12-20T17:00:00,103550.0,106850.0,102750.0,104750.0,271648.02798478
2023-12-20T21:00:00,104600.0,109700.0,103900.0,109050.0,364759.94463068
2023-12-21T01:00:00,108950.0,113750.0,107000.0,109950.0,293722.97745899
2023-12-21T05:00:00,109850.0,112250.0,107550.0,111650.0,239543.78115891
2023-12-21T09:00:00,111700.0,115000.0,110250.0,113300.0,418635.70224511
2023-12-21T13:00:00,113300.0,118700.0,112800.0,117950.0,341448.95320815
2023-12-21T17:00:00,118050.0,119900.0,115750.0,118300.0,311816.02802825
2023-12-21T21:00:00,118300.0,120550.0,116450.0,119100.0,368352.81511365
2023-12-22T01:00:00,119100.0,129200.0,119050.0,126200.0,514291.29255633
2023-12-22T05:00:00,126200.0,129400.0,123600.0,127300.0,282599.01339952
2023-12-22T09:00:00,127300.0,135300.0,126250.0,133250.0,859634.13193203
2023-12-22T13:00:00,133250.0,135000.0,125100.0,127250.0,769101.16109557
2023-12-22T17:00:00,127250.0,130350.0,122750.0,127650.0,708537.34385277
2023-12-22T21:00:00,127700.0,131500.0,125300.0,130900.0,385853.18616193
2023-12-23T01:00:00,130850.0,132500.0,127050.0,131500.0,210340.88351109
2023-12-23T05:00:00,131500.0,133100.0,130250.0,132800.0,184622.56072537
2023-12-23T09:00:00,132700.0,133200.0,127250.0,127700.0,385068.84549326
2023-12-23T13:00:00,127750.0,131800.0,126350.0,129650.0,257429.84827704
2023-12-23T17:00:00,129700.0,131100.0,128800.0,130400.0,140528.94967345
2023-12-23T21:00:00,130350.0,132350.0,130000.0,131650.0,203427.06604431
2023-12-24T01:00:00,131650.0,140500.0,130850.0,139500.0,351857.76209436
2023-12-24T05:00:00,139500.0,149100.0,137800.0,146100.0,630811.77289213
2023-12-24T09:00:00,146100.0,159200.0,145300.0,157600.0,1020972.23737516
2023-12-24T13:00:00,157700.0,159800.0,150400.0,155350.0,716562.26470527
2023-12-24T17:00:00,155300.0,155650.0,146150.0,149400.0,513111.37413608
2023-12-24T21:00:00,149350.0,154450.0,147800.0,153250.0,340400.14504742
2023-12-25T01:00:00,153200.0,156800.0,151350.0,154550.0,209060.25129688
2023-12-25T05:00:00,154600.0,155050.0,148300.0,151650.0,253677.67237013
2023-12-25T09:00:00,151550.0,152700.0,145550.0,150800.0,537310.50771356
2023-12-25T13:00:00,150800.0,153900.0,149800.0,151450.0,270819.26211088
2023-12-25T17:00:00,151450.0,152150.0,147200.0,149250.0,243563.36602847
2023-12-25T21:00:00,149250.0,165000.0,147500.0,163850.0,1028988.45657945
2023-12-26T01:00:00,163850.0,167550.0,160750.0,161550.0,509924.73788312
2023-12-26T05:00:00,161400.0,161950.0,155500.0,161200.0,284672.62086996
2023-12-26T09:00:00,161100.0,161900.0,156000.0,158800.0,345407.35449148
2023-12-26T13:00:00,158800.0,160900.0,149000.0,152350.0,769543.89657241
2023-12-26T17:00:00,152350.0,154950.0,149050.0,154400.0,446657.95694412
2023-12-26T21:00:00,154350.0,157000.0,148800.0,148850.0,489966.50971123
2023-12-27T01:00:00,148850.0,151550.0,139500.0,143400.0,648185.45017719
2023-12-27T05:00:00,143400.0,151550.0,142700.0,150850.0,373617.85335083
2023-12-27T09:00:00,150850.0,152350.0,144200.0,145150.0,464691.67239183
2023-12-27T13:00:00,145150.0,151700.0,145050.0,149300.0,282382.08995083
2023-12-27T17:00:00,149350.0,154650.0,148650.0,150700.0,395535.16542846
2023-12-27T21:00:00,150750.0,151250.0,141950.0,143900.0,487633.35861218
2023-12-28T01:00:00,143750.0,147200.0,140000.0,145350.0,284137.59386056
2023-12-28T05:00:00,145350.0,147400.0,142000.0,142650.0,214698.34145349
2023-12-28T09:00:00,142700.0,146300.0,136650.0,138750.0,612995.24813153
2023-12-28T13:00:00,138750.0,141850.0,136450.0,140950.0,406260.96864276
2023-12-28T17:00:00,140950.0,141100.0,137700.0,139400.0,241361.2876456
2023-12-28T21:00:00,139400.0,139750.0,130200.0,133500.0,744534.15623531
2023-12-29T01:00:00,133450.0,136000.0,132000.0,135100.0,147257.13372052
2023-12-29T05:00:00,135100.0,138800.0,132500.0,136100.0,182303.92966439
2023-12-29T09:00:00,136150.0,142000.0,133000.0,139900.0,901344.17009987
2023-12-29T13:00:00,139850.0,144450.0,138600.0,140150.0,448122.88516073
2023-12-29T17:00:00,140200.0,146250.0,140100.0,143100.0,410798.70618227
2023-12-29T21:00:00,143050.0,145750.0,140000.0,141850.0,380995.65567042
2023-12-30T01:00:00,141850.0,144450.0,138050.0,142150.0,186942.16291111
2023-12-30T05:00:00,142150.0,142700.0,139000.0,142500.0,127215.39437747
2023-12-30T09:00:00,142450.0,143850.0,138350.0,139200.0,252931.2717365
2023-12-30T13:00:00,139200.0,140800.0,138700.0,139050.0,135540.18121625
2023-12-30T17:00:00,139050.0,139100.0,136000.0,137550.0,200757.58853727
2023-12-30T21:00:00,137600.0,139950.0,137550.0,139900.0,138354.25155205
2023-12-31T01:00:00,139800.0,140500.0,137600.0,138300.0,98224.72981949
2023-12-31T05:00:00,138300.0,139650.0,136200.0,137050.0,87410.59006038
2023-12-31T09:00:00,137000.0,138350.0,133850.0,135400.0,216743.65316803
2023-12-31T13:00:00,135300.0,140600.0,135000.0,139550.0,181951.78571038
2023-12-31T17:00:00,139450.0,140650.0,138550.0,139400.0,137246.99727117
2023-12-31T21:00:00,139300.0,140950.0,137000.0,137400.0,136548.86897751
2024-01-01T01:00:00,137450.0,139200.0,137100.0,138400.0,16438.71646063
2024-01-01T05:00:00,138500.0,140350.0,135300.0,137400.0,97466.23593321
2024-01-01T09:00:00,137300.0,140800.0,136750.0,139300.0,145390.01274413
2024-01-01T13:00:00,139250.0,140300.0,137450.0,138050.0,97281.90554032
2024-01-01T17:00:00,138100.0,140500.0,137150.0,140150.0,168774.53297102
2024-01-01T21:00:00,140150.0,142500.0,139500.0,141850.0,211455.7615468
2024-01-02T01:00:00,141750.0,145500.0,141600.0,145300.0,178054.74509392
2024-01-02T05:00:00,145300.0,146250.0,143150.0,146250.0,130532.53570462
2024-01-02T09:00:00,146250.0,150250.0,144500.0,147950.0,376356.87989937
2024-01-02T13:00:00,147900.0,152650.0,147200.0,152350.0,254021.07196149
2024-01-02T17:00:00,152350.0,155600.0,150000.0,151300.0,366235.00718112
2024-01-02T21:00:00,151300.0,152300.0,144800.0,147000.0,346007.23254896
2024-01-03T01:00:00,146800.0,147750.0,143400.0,144600.0,121170.51511928
2024-01-03T05:00:00,144600.0,146200.0,142200.0,143000.0,138607.07614394
2024-01-03T09:00:00,143000.0,145650.0,142350.0,144400.0,173657.87471693
2024-01-03T13:00:00,144500.0,146750.0,143400.0,144350.0,152208.35540843
2024-01-03T17:00:00,144350.0,145850.0,136200.0,137550.0,455209.31273469
2024-01-03T21:00:00,137600.0,139850.0,110650.0,138600.0,1796391.60272195
2024-01-04T01:00:00,138600.0,140200.0,131750.0,133400.0,335681.33157831
2024-01-04T05:00:00,133300.0,136850.0,133150.0,134800.0,172228.88667384
2024-01-04T09:00:00,134750.0,138450.0,131600.0,137150.0,395588.89221679
2024-01-04T13:00:00,137150.0,137500.0,132650.0,132650.0,182906.29232984
2024-01-04T17:00:00,132650.0,133500.0,130200.0,132200.0,199043.30193274
2024-01-04T21:00:00,132200.0,140850.0,131750.0,139400.0,374368.87934875
2024-01-05T01:00:00,139400.0,143200.0,136650.0,141100.0,159849.72253984
2024-01-05T05:00:00,141100.0,144850.0,140400.0,141200.0,217128.0669723
2024-01-05T09:00:00,141300.0,141800.0,133000.0,136100.0,340719.10649797
2024-01-05T13:00:00,136200.0,137700.0,134800.0,136350.0,129482.4502908
2024-01-05T17:00:00,136350.0,139400.0,134000.0,134350.0,215349.26599244
2024-01-05T21:00:00,134350.0,136500.0,131550.0,132600.0,256003.13498447
2024-01-06T01:00:00,132600.0,133300.0,129700.0,132250.0,145826.47970838
2024-01-06T05:00:00,132300.0,135250.0,132050.0,134450.0,93337.97790089
2024-01-06T09:00:00,134450.0,135050.0,131350.0,132950.0,159550.62045374
2024-01-06T13:00:00,132900.0,133100.0,123900.0,127900.0,425687.53420203
2024-01-06T17:00:00,127900.0,129200.0,126750.0,127400.0,132442.63153289
2024-01-06T21:00:00,127450.0,129950.0,125550.0,128350.0,180561.80748864
2024-01-07T01:00:00,128400.0,131000.0,127750.0,128350.0,83182.65478524
2024-01-07T05:00:00,128350.0,129100.0,125000.0,126600.0,89277.16991786
2024-01-07T09:00:00,126550.0,130150.0,123950.0,125700.0,249574.32583838
2024-01-07T13:00:00,125700.0,129150.0,125700.0,128950.0,143101.96829113
2024-01-07T17:00:00,128950.0,129450.0,125800.0,127600.0,159948.05707925
2024-01-07T21:00:00,127600.0,130150.0,125700.0,126700.0,210189.67108464
2024-01-08T01:00:00,126550.0,127800.0,125800.0,127450.0,45428.77414554
2024-01-08T05:00:00,127400.0,128200.0,117700.0,120550.0,330678.56761734
2024-01-08T09:00:00,120600.0,122000.0,114100.0,117300.0,513345.70198845
2024-01-08T13:00:00,117300.0,122600.0,116700.0,120650.0,281995.52531922
2024-01-08T17:00:00,120650.0,125500.0,119400.0,125500.0,222775.48235079
2024-01-08T21:00:00,125350.0,133300.0,124550.0,127250.0,1178551.06362555
2024-01-09T01:00:00,127200.0,134300.0,126100.0,132900.0,325656.43743467
2024-01-09T05:00:00,132900.0,133200.0,129350.0,131450.0,262824.61140633
2024-01-09T09:00:00,131450.0,133900.0,127000.0,133900.0,475137.02918538
2024-01-09T13:00:00,133850.0,139250.0,133450.0,136500.0,496386.26743647
2024-01-09T17:00:00,136500.0,137800.0,133750.0,137050.0,249065.68753134
2024-01-09T21:00:00,137050.0,137700.0,129400.0,134650.0,550067.32756443
2024-01-10T01:00:00,134550.0,136700.0,132100.0,133550.0,123980.62147527
2024-01-10T05:00:00,133550.0,140900.0,128400.0,133700.0,706008.19163966
2024-01-10T09:00:00,133650.0,134950.0,131300.0,134050.0,207787.62823343
2024-01-10T13:00:00,134050.0,134850.0,132000.0,132250.0,106326.18189531
2024-01-10T17:00:00,132250.0,132300.0,129700.0,131150.0,205069.97056897
2024-01-10T21:00:00,131150.0,131600.0,124200.0,127450.0,618088.78832978
2024-01-11T01:00:00,127450.0,132150.0,126450.0,128900.0,236220.6571181
2024-01-11T05:00:00,128850.0,143700.0,125000.0,138950.0,1470117.31323853
2024-01-11T09:00:00,138900.0,139050.0,135350.0,136950.0,473728.72882112
2024-01-11T13:00:00,136950.0,138650.0,133450.0,136200.0,223457.91137499
2024-01-11T17:00:00,136200.0,142150.0,135900.0,141800.0,360485.11718226
2024-01-11T21:00:00,141900.0,145800.0,136850.0,138650.0,836988.69553596
2024-01-12T01:00:00,138600.0,139100.0,135000.0,138500.0,221880.84612948
2024-01-12T05:00:00,138550.0,139900.0,136350.0,137000.0,143561.72988844
2024-01-12T09:00:00,137050.0,137650.0,134500.0,134500.0,197006.30918326
2024-01-12T13:00:00,134500.0,137700.0,134350.0,135850.0,130182.57831501
2024-01-12T17:00:00,135800.0,136000.0,134100.0,134500.0,130187.99981223
2024-01-12T21:00:00,134500.0,136150.0,131100.0,131550.0,321606.57859762
2024-01-13T01:00:00,131650.0,133150.0,128850.0,131900.0,206704.54427842
2024-01-13T05:00:00,131850.0,132500.0,122400.0,127850.0,408726.73717442
2024-01-13T09:00:00,127850.0,128900.0,122400.0,125500.0,278330.83461606
2024-01-13T13:00:00,125600.0,128700.0,125250.0,127650.0,140217.58550855
2024-01-13T17:00:00,127700.0,128550.0,125850.0,126750.0,85802.68504478
2024-01-13T21:00:00,126700.0,128250.0,125550.0,127900.0,76066.87185055
2024-01-14T01:00:00,127900.0,131350.0,126000.0,130400.0,54666.23333626
2024-01-14T05:00:00,130350.0,133400.0,130250.0,131850.0,143661.17998447
2024-01-14T09:00:00,131800.0,133450.0,129500.0,133400.0,138156.31358967
2024-01-14T13:00:00,133350.0,135700.0,131750.0,135000.0,230672.88105621
2024-01-14T17:00:00,134800.0,135450.0,132450.0,132750.0,92857.27251359
2024-01-14T21:00:00,132750.0,136700.0,132250.0,136400.0,137516.58706688
2024-01-15T01:00:00,136400.0,140750.0,132000.0,132050.0,268692.22759646
2024-01-15T05:00:00,132050.0,134300.0,128600.0,128750.0,233581.17278692
2024-01-15T09:00:00,128950.0,133000.0,128750.0,131750.0,170424.37467992
2024-01-15T13:00:00,131800.0,132700.0,130300.0,131100.0,99721.406263
2024-01-15T17:00:00,131100.0,131550.0,129650.0,130750.0,96788.13498807
2024-01-15T21:00:00,130750.0,131500.0,128100.0,128700.0,116476.26137787
2024-01-16T01:00:00,128750.0,132200.0,128150.0,131450.0,45936.54089994
2024-01-16T05:00:00,131350.0,131800.0,128350.0,129750.0,62474.06922417
2024-01-16T09:00:00,129700.0,132300.0,129700.0,132150.0,124905.75802596
2024-01-16T13:00:00,132100.0,134750.0,130700.0,134000.0,122939.94844889
2024-01-16T17:00:00,134000.0,134750.0,132200.0,132650.0,120251.58626359
2024-01-16T21:00:00,132500.0,133900.0,130000.0,133250.0,151299.77368575
2024-01-17T01:00:00,133250.0,133950.0,132050.0,132750.0,24227.9361797
2024-01-17T05:00:00,132700.0,135300.0,132500.0,134000.0,78111.58626983
2024-01-17T09:00:00,133800.0,138500.0,133500.0,137300.0,203752.96929534
2024-01-17T13:00:00,137300.0,137700.0,133400.0,133700.0,148131.64210119
2024-01-17T17:00:00,133700.0,141000.0,132750.0,139950.0,375751.73106673
2024-01-17T21:00:00,139950.0,140900.0,136650.0,136800.0,320565.01999779
2024-01-18T01:00:00,136750.0,139250.0,134500.0,138600.0,112634.96192734
2024-01-18T05:00:00,138600.0,140850.0,137900.0,140650.0,147804.58854177
2024-01-18T09:00:00,140500.0,142700.0,136500.0,137100.0,300059.82568096
2024-01-18T13:00:00,137050.0,139150.0,136800.0,138300.0,119231.2763709
2024-01-18T17:00:00,138200.0,138850.0,135250.0,136000.0,137418.66259017
2024-01-18T21:00:00,136100.0,136350.0,134400.0,135150.0,131965.26563763
2024-01-19T01:00:00,135150.0,135150.0,128000.0,129000.0,210573.35502986
2024-01-19T05:00:00,129050.0,132150.0,128600.0,131000.0,152302.88855023
2024-01-19T09:00:00,131000.0,131650.0,125550.0,128150.0,284303.12248534
2024-01-19T13:00:00,128150.0,131850.0,127700.0,130100.0,169765.25983088
2024-01-19T17:00:00,130100.0,131500.0,129050.0,130550.0,90660.84455197
2024-01-19T21:00:00,130550.0,130550.0,125550.0,125950.0,159080.60871417
2024-01-20T01:00:00,126000.0,130450.0,121350.0,129900.0,245726.76081539
2024-01-20T05:00:00,129750.0,130850.0,128000.0,129900.0,71459.48852384
2024-01-20T09:00:00,129900.0,130300.0,127050.0,129350.0,93984.18857153
2024-01-20T13:00:00,129350.0,129500.0,127000.0,127250.0,71702.67040239
2024-01-20T17:00:00,127250.0,127900.0,126250.0,127350.0,56643.43963976
2024-01-20T21:00:00,127500.0,127600.0,124800.0,125750.0,56303.67209795
2024-01-21T01:00:00,125700.0,127800.0,125600.0,127050.0,23220.31292495
2024-01-21T05:00:00,126950.0,128900.0,126750.0,128150.0,32870.73364059
2024-01-21T09:00:00,128150.0,128600.0,127000.0,128250.0,50553.16324358
2024-01-21T13:00:00,128250.0,128350.0,126550.0,127250.0,34023.33248299
2024-01-21T17:00:00,127250.0,129600.0,127050.0,128350.0,57435.36513499
2024-01-21T21:00:00,128350.0,129400.0,127450.0,127950.0,56613.33001776
2024-01-22T01:00:00,127750.0,128250.0,127000.0,127750.0,21597.3316452
2024-01-22T05:00:00,127750.0,127900.0,125400.0,125800.0,47745.46916141
2024-01-22T09:00:00,125800.0,126800.0,121600.0,123200.0,150793.44913213
2024-01-22T13:00:00,123250.0,124350.0,121800.0,122950.0,87493.27088503
2024-01-22T17:00:00,122950.0,123050.0,119500.0,122050.0,151844.34246214
2024-01-22T21:00:00,122050.0,123900.0,118750.0,120350.0,155734.77473053
2024-01-23T01:00:00,120550.0,121100.0,115050.0,116150.0,141098.60276445
2024-01-23T05:00:00,116250.0,119350.0,115250.0,116050.0,183283.0348244
2024-01-23T09:00:00,116050.0,119000.0,115950.0,117800.0,160642.71025858
2024-01-23T13:00:00,117800.0,118850.0,113250.0,114050.0,159193.97834145
2024-01-23T17:00:00,114050.0,115000.0,109000.0,110350.0,478353.11564525
2024-01-23T21:00:00,110400.0,115100.0,109100.0,114200.0,244549.67512553
2024-01-24T01:00:00,114200.0,115650.0,111850.0,112100.0,88484.51555812
2024-01-24T05:00:00,112000.0,117200.0,111300.0,117200.0,129010.17408573
2024-01-24T09:00:00,117150.0,118600.0,114700.0,115000.0,224417.90262852
2024-01-24T13:00:00,115000.0,119500.0,114700.0,118650.0,116915.94676255
2024-01-24T17:00:00,118600.0,122150.0,118350.0,120100.0,200652.27936159
2024-01-24T21:00:00,120050.0,121100.0,117350.0,119900.0,194252.97018777
2024-01-25T01:00:00,119850.0,120900.0,118150.0,119100.0,47161.97321705
2024-01-25T05:00:00,119050.0,123200.0,118550.0,122100.0,87250.18139965
2024-01-25T09:00:00,122150.0,124150.0,120750.0,121800.0,183551.87398425
2024-01-25T13:00:00,121750.0,122100.0,119600.0,121450.0,105734.98307343
2024-01-25T17:00:00,121450.0,123050.0,119450.0,122700.0,100433.74808214
2024-01-25T21:00:00,122700.0,123100.0,119050.0,119500.0,119826.49833855
2024-01-26T01:00:00,119500.0,121550.0,117700.0,120950.0,61394.93349281
2024-01-26T05:00:00,120950.0,121300.0,119400.0,119850.0,41085.83332654
2024-01-26T09:00:00,119900.0,121650.0,118700.0,121150.0,96644.98046032
2024-01-26T13:00:00,121150.0,121800.0,119650.0,120100.0,58892.90962254
2024-01-26T17:00:00,120100.0,127550.0,120100.0,126950.0,284680.176928
2024-01-26T21:00:00,126950.0,127500.0,124150.0,127150.0,205687.93940552
2024-01-27T01:00:00,127150.0,128800.0,127100.0,128100.0,110305.71886847
2024-01-27T05:00:00,127900.0,128950.0,126550.0,127050.0,70725.05139532
2024-01-27T09:00:00,127050.0,129500.0,126800.0,128050.0,138508.07165191
2024-01-27T13:00:00,127900.0,128150.0,125200.0,125800.0,100512.14936467
2024-01-27T17:00:00,125800.0,127250.0,125050.0,127000.0,84655.52735518
2024-01-27T21:00:00,127000.0,128300.0,126350.0,127900.0,52557.4005903
2024-01-28T01:00:00,127900.0,128650.0,127150.0,128200.0,23761.94120012
2024-01-28T05:00:00,128200.0,130350.0,127900.0,129900.0,64903.1306323
2024-01-28T09:00:00,129850.0,133000.0,128650.0,132900.0,145808.04721718
2024-01-28T13:00:00,132900.0,134000.0,131400.0,132100.0,172750.91725072
2024-01-28T17:00:00,132000.0,136900.0,131750.0,135450.0,219710.24950264
2024-01-28T21:00:00,135450.0,135600.0,133150.0,133600.0,158160.29335416
2024-01-29T01:00:00,133500.0,134700.0,129900.0,130100.0,61425.17689738
2024-01-29T05:00:00,130100.0,132450.0,128800.0,132000.0,106597.69594323
2024-01-29T09:00:00,132000.0,136250.0,130750.0,134850.0,162711.25653492
2024-01-29T13:00:00,134850.0,135000.0,132100.0,132800.0,112953.52188437
2024-01-29T17:00:00,132800.0,134450.0,132250.0,133800.0,87792.15878058
2024-01-29T21:00:00,133800.0,137300.0,131350.0,137050.0,185659.78661158
2024-01-30T01:00:00,137000.0,138900.0,135450.0,137200.0,216621.00126783
2024-01-30T05:00:00,137100.0,139000.0,137100.0,138800.0,97400.80472597
2024-01-30T09:00:00,138750.0,141550.0,137850.0,139500.0,230147.32468621
2024-01-30T13:00:00,139500.0,141000.0,138600.0,140350.0,104184.00734394
2024-01-30T17:00:00,140300.0,144850.0,139750.0,144500.0,199805.17164634
2024-01-30T21:00:00,144500.0,145100.0,141000.0,142900.0,335162.10502294
2024-01-31T01:00:00,142900.0,144450.0,141200.0,144200.0,116422.97514829
2024-01-31T05:00:00,144050.0,144500.0,138550.0,139200.0,126620.17490571
2024-01-31T09:00:00,139200.0,140200.0,135300.0,139000.0,234435.34287673
2024-01-31T13:00:00,138900.0,139800.0,137600.0,139700.0,91856.19897319
2024-01-31T17:00:00,139750.0,140200.0,134050.0,136750.0,190098.09659983
2024-01-31T21:00:00,136750.0,140000.0,134750.0,139500.0,168106.88392647
2024-02-01T01:00:00,139450.0,140550.0,136950.0,138650.0,95364.4802358
2024-02-01T05:00:00,138600.0,139050.0,132800.0,133950.0,145618.12717826
2024-02-01T09:00:00,133950.0,134700.0,128900.0,129100.0,270884.81380357
2024-02-01T13:00:00,129050.0,132150.0,128550.0,131050.0,109433.22470991
2024-02-01T17:00:00,131100.0,133100.0,130500.0,131500.0,91746.82068484
2024-02-01T21:00:00,131500.0,134100.0,130600.0,132050.0,118915.71427337
2024-02-02T01:00:00,132000.0,134250.0,130700.0,134100.0,59462.50114303
2024-02-02T05:00:00,134150.0,134600.0,133100.0,134350.0,65088.97281356
2024-02-02T09:00:00,134350.0,137100.0,133700.0,135800.0,135754.58860782
2024-02-02T13:00:00,135800.0,138850.0,134950.0,138550.0,94511.31343473
2024-02-02T17:00:00,138500.0,140300.0,137150.0,139800.0,119014.83196672
2024-02-02T21:00:00,139800.0,140400.0,135600.0,139050.0,249636.08984907
2024-02-03T01:00:00,139050.0,139900.0,135550.0,137000.0,104193.7003031
2024-02-03T05:00:00,136900.0,138400.0,136300.0,138000.0,44229.1837541
2024-02-03T09:00:00,138000.0,138900.0,136400.0,136400.0,108160.65113058
2024-02-03T13:00:00,136400.0,137500.0,136050.0,136450.0,53864.98276573
2024-02-03T17:00:00,136450.0,136750.0,135500.0,135800.0,77154.9571347
2024-02-03T21:00:00,135900.0,136350.0,133300.0,135150.0,79299.03156228
2024-02-04T01:00:00,135100.0,135900.0,134100.0,135150.0,35659.79436312
2024-02-04T05:00:00,135200.0,135600.0,134650.0,135000.0,24445.0673603
2024-02-04T09:00:00,135050.0,135750.0,133700.0,135450.0,62839.85025811
2024-02-04T13:00:00,135450.0,135500.0,132850.0,133400.0,72331.55753497
2024-02-04T17:00:00,133350.0,135250.0,132500.0,134650.0,64302.86252459
2024-02-04T21:00:00,134700.0,135350.0,134150.0,134600.0,36243.95520698
2024-02-05T01:00:00,134600.0,134600.0,133000.0,133150.0,24320.59885969
2024-02-05T05:00:00,133200.0,133950.0,131650.0,131900.0,72180.36327294
2024-02-05T09:00:00,131850.0,132900.0,129950.0,132400.0,103987.53009582
2024-02-05T13:00:00,132400.0,134500.0,131850.0,134050.0,82058.05065705
2024-02-05T17:00:00,134050.0,134800.0,133200.0,134500.0,65450.04882171
2024-02-05T21:00:00,134500.0,135400.0,131300.0,131800.0,119907.35765984
2024-02-06T01:00:00,131900.0,133050.0,131450.0,132100.0,37688.68858204
2024-02-06T05:00:00,132300.0,132600.0,130400.0,131950.0,71971.01894198
2024-02-06T09:00:00,131850.0,133000.0,131100.0,132150.0,64220.3833084
2024-02-06T13:00:00,132050.0,132100.0,130700.0,131500.0,48609.03630167
2024-02-06T17:00:00,131550.0,132200.0,128750.0,130200.0,136390.52440316
2024-02-06T21:00:00,130150.0,131350.0,129300.0,131200.0,63791.71063735
2024-02-07T01:00:00,131250.0,133550.0,130500.0,133150.0,49452.65249333
2024-02-07T05:00:00,133350.0,133650.0,132200.0,132400.0,50457.57963741
2024-02-07T09:00:00,132400.0,133400.0,131100.0,131100.0,44391.25037948
2024-02-07T13:00:00,131200.0,131800.0,130300.0,131250.0,54642.0898784
2024-02-07T17:00:00,131250.0,131800.0,130150.0,130650.0,42602.12123295
2024-02-07T21:00:00,130650.0,132250.0,130450.0,131700.0,43916.44749267
2024-02-08T01:00:00,131700.0,133800.0,131700.0,132500.0,42095.13584611
2024-02-08T05:00:00,132500.0,137900.0,132450.0,137150.0,158086.59093138
2024-02-08T09:00:00,137150.0,139650.0,137000.0,138600.0,145408.59050135
2024-02-08T13:00:00,138600.0,138950.0,137150.0,137600.0,89434.41587298
2024-02-08T17:00:00,137600.0,139600.0,137550.0,138250.0,86556.96148826
2024-02-08T21:00:00,138200.0,142850.0,138000.0,142550.0,251478.02646125
2024-02-09T01:00:00,142500.0,142700.0,138950.0,139750.0,91344.86509058
2024-02-09T05:00:00,139700.0,141250.0,139700.0,140550.0,49920.89985836
2024-02-09T09:00:00,140600.0,143900.0,140500.0,142200.0,138210.79411224
2024-02-09T13:00:00,142250.0,144150.0,141650.0,143600.0,85198.57914394
2024-02-09T17:00:00,143550.0,144900.0,142650.0,144050.0,126898.6068514
2024-02-09T21:00:00,144050.0,145100.0,140650.0,142900.0,255803.21211313
2024-02-10T01:00:00,142900.0,143850.0,141600.0,142350.0,52752.5860619
2024-02-10T05:00:00,142350.0,147550.0,142100.0,144350.0,158907.31599722
2024-02-10T09:00:00,144300.0,149900.0,144300.0,149900.0,199507.00163438
2024-02-10T13:00:00,149900.0,150000.0,147400.0,147450.0,123998.00133887
2024-02-10T17:00:00,147450.0,148400.0,144450.0,146550.0,185626.69175794
2024-02-10T21:00:00,146500.0,147300.0,145150.0,146850.0,66854.59316682
2024-02-11T01:00:00,146850.0,148050.0,145800.0,147600.0,26714.55994723
2024-02-11T05:00:00,147600.0,148800.0,146850.0,147350.0,65132.44038928
2024-02-11T09:00:00,147350.0,148100.0,145500.0,147700.0,137718.40334309
2024-02-11T13:00:00,147750.0,148000.0,146700.0,147300.0,88504.69140065
2024-02-11T17:00:00,147300.0,148750.0,146050.0,147900.0,100088.36322777
2024-02-11T21:00:00,147900.0,149100.0,146300.0,147150.0,112502.57261926
2024-02-12T01:00:00,147100.0,147300.0,145950.0,146200.0,37584.5552607
2024-02-12T05:00:00,146200.0,146850.0,145200.0,145400.0,39077.07934714
2024-02-12T09:00:00,145400.0,147550.0,141900.0,144000.0,164111.70061891
2024-02-12T13:00:00,144000.0,144300.0,142400.0,143900.0,75797.15524198
2024-02-12T17:00:00,143800.0,144200.0,140750.0,141500.0,110852.55089189
2024-02-12T21:00:00,141500.0,146950.0,141100.0,146700.0,162721.48758051
2024-02-13T01:00:00,146700.0,148900.0,144750.0,147350.0,157889.88415065
2024-02-13T05:00:00,147300.0,150500.0,147100.0,149850.0,153423.53708398
2024-02-13T09:00:00,149850.0,154550.0,149850.0,151250.0,353298.44189725
2024-02-13T13:00:00,151250.0,154100.0,151200.0,153300.0,105843.35956147
2024-02-13T17:00:00,153250.0,154950.0,152500.0,153950.0,130522.04661609
2024-02-13T21:00:00,153950.0,154100.0,148350.0,149950.0,302333.87438359
2024-02-14T01:00:00,149950.0,152200.0,147600.0,151400.0,87142.7502132
2024-02-14T05:00:00,151300.0,153900.0,151150.0,152550.0,74544.6584887
2024-02-14T09:00:00,152550.0,152600.0,150000.0,151450.0,85748.89983986
2024-02-14T13:00:00,151500.0,153400.0,150950.0,153100.0,68441.11919454
2024-02-14T17:00:00,153100.0,156650.0,152700.0,156150.0,259999.81352832
2024-02-14T21:00:00,156200.0,160000.0,155700.0,158300.0,282225.95248159
2024-02-15T01:00:00,158250.0,158400.0,155950.0,157050.0,56824.00203811
2024-02-15T05:00:00,157000.0,158900.0,156800.0,158500.0,67858.7249334
2024-02-15T09:00:00,158500.0,160950.0,157700.0,160200.0,219140.71420092
2024-02-15T13:00:00,160100.0,160250.0,157100.0,157650.0,127124.93408456
2024-02-15T17:00:00,157600.0,159850.0,157300.0,159050.0,88460.2807604
2024-02-15T21:00:00,159050.0,160150.0,155700.0,156750.0,198707.70522745
2024-02-16T01:00:00,156750.0,157850.0,155600.0,156500.0,71911.67893725
2024-02-16T05:00:00,156450.0,156850.0,153250.0,155950.0,132099.50622877
2024-02-16T09:00:00,155950.0,156850.0,153500.0,156500.0,118227.88387109
2024-02-16T13:00:00,156500.0,156650.0,153850.0,154000.0,80576.13893184
2024-02-16T17:00:00,153950.0,155000.0,152600.0,154600.0,96147.28107243
2024-02-16T21:00:00,154550.0,155700.0,150150.0,151900.0,166029.28329859
2024-02-17T01:00:00,151900.0,152800.0,150350.0,150750.0,59588.73468924
2024-02-17T05:00:00,150700.0,153300.0,150450.0,152750.0,43559.472722
2024-02-17T09:00:00,152750.0,154200.0,151300.0,152250.0,90947.89853184
2024-02-17T13:00:00,152250.0,153250.0,151000.0,153150.0,54128.55870864
2024-02-17T17:00:00,153150.0,153700.0,150350.0,151550.0,67840.19363504
2024-02-17T21:00:00,151600.0,151650.0,146450.0,148300.0,221706.6144325
2024-02-18T01:00:00,148300.0,149500.0,146850.0,149500.0,26225.44714239
2024-02-18T05:00:00,149500.0,151700.0,149300.0,150850.0,35657.95127129
2024-02-18T09:00:00,150800.0,152300.0,148350.0,149600.0,79550.63575604
2024-02-18T13:00:00,149600.0,151500.0,149450.0,150650.0,50347.49738235
2024-02-18T17:00:00,150650.0,155500.0,150150.0,154100.0,140448.20806624
2024-02-18T21:00:00,154000.0,154700.0,152800.0,154600.0,63140.81226702
2024-02-19T01:00:00,154550.0,156500.0,154000.0,154950.0,58369.48681969
2024-02-19T05:00:00,154900.0,156250.0,154150.0,154750.0,64972.27052947
2024-02-19T09:00:00,154750.0,155600.0,153650.0,154200.0,62576.37475675
2024-02-19T13:00:00,154150.0,156500.0,153550.0,156250.0,68593.60438572
2024-02-19T17:00:00,156200.0,156500.0,153550.0,155400.0,89154.56984417
2024-02-19T21:00:00,155350.0,158350.0,154400.0,157050.0,156789.63801003
2024-02-20T01:00:00,157050.0,157700.0,154600.0,155200.0,44232.48609157
2024-02-20T05:00:00,155200.0,156300.0,154150.0,154550.0,56557.36137489
2024-02-20T09:00:00,154700.0,155450.0,151300.0,151450.0,109189.56689568
2024-02-20T13:00:00,151450.0,153350.0,150850.0,151250.0,60131.62209082
2024-02-20T17:00:00,151400.0,152650.0,150000.0,151900.0,86749.38888561
2024-02-20T21:00:00,152000.0,152800.0,146500.0,148450.0,263000.2696829
2024-02-21T01:00:00,148450.0,149800.0,146500.0,149000.0,79755.87259346
2024-02-21T05:00:00,149150.0,151400.0,148100.0,149500.0,65741.30529923
2024-02-21T09:00:00,149500.0,150000.0,147650.0,147950.0,88661.56255317
2024-02-21T13:00:00,147950.0,148450.0,145800.0,146050.0,79736.47086351
2024-02-21T17:00:00,146200.0,147100.0,143350.0,143950.0,126376.02241563
2024-02-21T21:00:00,143950.0,145700.0,142250.0,145200.0,118763.86823077
2024-02-22T01:00:00,145150.0,146000.0,141500.0,143250.0,47114.34299234
2024-02-22T05:00:00,143250.0,147500.0,142400.0,146650.0,77032.73738547
2024-02-22T09:00:00,146650.0,146750.0,143000.0,144550.0,69517.37991308
2024-02-22T13:00:00,144550.0,146550.0,144050.0,145750.0,42427.33071768
2024-02-22T17:00:00,145750.0,148850.0,145500.0,147150.0,94043.25317106
2024-02-22T21:00:00,147100.0,147600.0,144300.0,146850.0,53855.71367516
2024-02-23T01:00:00,146750.0,146900.0,144000.0,144100.0,24288.22437451
2024-02-23T05:00:00,144050.0,146200.0,141900.0,142050.0,75512.23467903
2024-02-23T09:00:00,142150.0,143450.0,141500.0,142350.0,70437.95781627
2024-02-23T13:00:00,142300.0,143750.0,141650.0,142550.0,44552.53849042
2024-02-23T17:00:00,142550.0,143800.0,141850.0,143300.0,39612.24359763
2024-02-23T21:00:00,143300.0,143400.0,140600.0,140700.0,70962.04585723
2024-02-24T01:00:00,140750.0,141800.0,139200.0,141300.0,50464.9568115
2024-02-24T05:00:00,141500.0,141900.0,138500.0,139400.0,48007.06918322
2024-02-24T09:00:00,139400.0,140700.0,137400.0,139800.0,93760.37307886
2024-02-24T13:00:00,139850.0,142400.0,139600.0,142400.0,68741.58042611
2024-02-24T17:00:00,142350.0,142950.0,141200.0,141650.0,60491.13424244
2024-02-24T21:00:00,141650.0,142200.0,140850.0,140900.0,41314.85353987
2024-02-25T01:00:00,140900.0,143850.0,140900.0,143700.0,29314.29151281
2024-02-25T05:00:00,143700.0,144400.0,143150.0,143600.0,33222.08606337
2024-02-25T09:00:00,143500.0,143900.0,141500.0,142800.0,60711.9033257
2024-02-25T13:00:00,142750.0,142800.0,141400.0,141900.0,31530.39533079
2024-02-25T17:00:00,141700.0,141900.0,140750.0,141550.0,33474.00604734
2024-02-25T21:00:00,141550.0,142750.0,140900.0,141800.0,35402.55089974
2024-02-26T01:00:00,141600.0,142750.0,141150.0,142150.0,11000.2510569
2024-02-26T05:00:00,142350.0,143400.0,142000.0,142550.0,31023.89752272
2024-02-26T09:00:00,142500.0,144700.0,141350.0,142900.0,79776.69679652
2024-02-26T13:00:00,142800.0,143600.0,142000.0,142550.0,36872.85463212
2024-02-26T17:00:00,142400.0,143450.0,139100.0,139500.0,84067.71042625
2024-02-26T21:00:00,139500.0,144000.0,138600.0,144000.0,75178.00838773
2024-02-27T01:00:00,143950.0,150550.0,143550.0,149800.0,184114.28155188
2024-02-27T05:00:00,149800.0,151850.0,148450.0,150550.0,132543.41992617
2024-02-27T09:00:00,150500.0,153850.0,149750.0,151450.0,262746.64760315
2024-02-27T13:00:00,151500.0,153000.0,150300.0,151600.0,121124.75728638
2024-02-27T17:00:00,151600.0,153800.0,151600.0,153250.0,87866.89229212
2024-02-27T21:00:00,153250.0,153900.0,147500.0,148150.0,200524.85194274
2024-02-28T01:00:00,148200.0,149250.0,146400.0,149250.0,82283.84759398
2024-02-28T05:00:00,149150.0,150500.0,148300.0,149300.0,64528.18401525
2024-02-28T09:00:00,149300.0,150500.0,148050.0,148250.0,85039.87186713
2024-02-28T13:00:00,148250.0,152450.0,148200.0,152100.0,82606.59370622
2024-02-28T17:00:00,152250.0,159150.0,151150.0,154600.0,407294.88882999
2024-02-28T21:00:00,154600.0,157200.0,153950.0,156900.0,286071.61847077
2024-02-29T01:00:00,156900.0,161250.0,150550.0,155900.0,440441.44752146
2024-02-29T05:00:00,155900.0,167400.0,154500.0,167300.0,290556.4442565
2024-02-29T09:00:00,167300.0,174900.0,163850.0,173950.0,491137.4707757
2024-02-29T13:00:00,173950.0,177350.0,172250.0,176100.0,322134.23969476
2024-02-29T17:00:00,176350.0,185850.0,175350.0,180850.0,512981.18594215
2024-02-29T21:00:00,180850.0,188000.0,178300.0,184850.0,373883.43436029
2024-03-01T01:00:00,184900.0,185850.0,178150.0,183350.0,151621.77623195
2024-03-01T05:00:00,183150.0,185650.0,173850.0,176600.0,178388.37812546
2024-03-01T09:00:00,176450.0,194000.0,176450.0,189300.0,648169.51673396
2024-03-01T13:00:00,189400.0,194100.0,186700.0,186850.0,225666.0432437
2024-03-01T17:00:00,186850.0,191300.0,185600.0,191300.0,176957.07974019
2024-03-01T21:00:00,191100.0,191200.0,183950.0,185400.0,203479.42063783
2024-03-02T01:00:00,185400.0,187050.0,183050.0,184100.0,101530.40929086
2024-03-02T05:00:00,184100.0,185050.0,181600.0,181700.0,140227.29571716
2024-03-02T09:00:00,181700.0,184850.0,179250.0,182550.0,332996.65164827
2024-03-02T13:00:00,182650.0,182950.0,178400.0,180350.0,165261.00445232
2024-03-02T17:00:00,180300.0,182550.0,178950.0,180000.0,139646.44508878
2024-03-02T21:00:00,180050.0,182350.0,179050.0,179900.0,138716.21121428
2024-03-03T01:00:00,179750.0,182300.0,179350.0,182250.0,43180.55064705
2024-03-03T05:00:00,182250.0,183000.0,179800.0,181300.0,74568.23779614
2024-03-03T09:00:00,181300.0,182150.0,179150.0,181050.0,188319.14543611
2024-03-03T13:00:00,181050.0,181650.0,173000.0,176950.0,197388.46188423
2024-03-03T17:00:00,176950.0,182300.0,174150.0,178700.0,183466.27182229
2024-03-03T21:00:00,178500.0,181150.0,177400.0,180850.0,137996.48714234
2024-03-04T01:00:00,180850.0,183050.0,180300.0,181350.0,58688.55708177
2024-03-04T05:00:00,181350.0,183900.0,180200.0,181600.0,75198.37783424
2024-03-04T09:00:00,181600.0,185100.0,179350.0,179700.0,219278.45116192
2024-03-04T13:00:00,179650.0,180850.0,179300.0,180450.0,79328.76611189
2024-03-04T17:00:00,180450.0,188150.0,180400.0,185300.0,332055.41765961
2024-03-04T21:00:00,185300.0,186700.0,181000.0,183650.0,174530.13839964
2024-03-05T01:00:00,183650.0,183850.0,178700.0,181000.0,165475.83955913
2024-03-05T05:00:00,181000.0,186600.0,180100.0,186500.0,183267.97495718
2024-03-05T09:00:00,186450.0,187400.0,183600.0,184550.0,293419.73705146
2024-03-05T13:00:00,184550.0,187450.0,177050.0,181650.0,318114.96251157
2024-03-05T17:00:00,181650.0,185150.0,180500.0,183700.0,105258.60792036
2024-03-05T21:00:00,183700.0,202100.0,183650.0,196750.0,758323.07157462
2024-03-06T01:00:00,196750.0,198600.0,177500.0,181450.0,417712.46194359
2024-03-06T05:00:00,181450.0,185300.0,168000.0,179450.0,422018.76579981
2024-03-06T09:00:00,179600.0,183150.0,168950.0,173450.0,304256.95999946
2024-03-06T13:00:00,173550.0,186750.0,173350.0,186750.0,270788.63381544
2024-03-06T17:00:00,186700.0,189100.0,180500.0,184950.0,195465.74225804
2024-03-06T21:00:00,184950.0,185500.0,176400.0,180550.0,290095.24076549
2024-03-07T01:00:00,180550.0,185300.0,180050.0,183800.0,67957.57778556
2024-03-07T05:00:00,183850.0,186300.0,182800.0,184950.0,86478.59895656
2024-03-07T09:00:00,184600.0,200000.0,184000.0,195400.0,563665.91703952
2024-03-07T13:00:00,195200.0,197600.0,191750.0,195250.0,225974.28643185
2024-03-07T17:00:00,195250.0,204600.0,195000.0,198250.0,404969.05713804
2024-03-07T21:00:00,198100.0,209850.0,196250.0,205100.0,553397.00504217
2024-03-08T01:00:00,205100.0,209500.0,204200.0,209200.0,104490.65051368
2024-03-08T05:00:00,209000.0,209300.0,201750.0,202350.0,112974.75729525
2024-03-08T09:00:00,202350.0,206350.0,201900.0,203500.0,181120.95009566
2024-03-08T13:00:00,203450.0,204750.0,200550.0,203450.0,100035.16015536
2024-03-08T17:00:00,203450.0,209800.0,203450.0,209750.0,120972.06012422
2024-03-08T21:00:00,209700.0,215050.0,203650.0,205700.0,377663.38784644
2024-03-09T01:00:00,205600.0,213050.0,202500.0,208500.0,241073.66223966
2024-03-09T05:00:00,208500.0,210150.0,203000.0,204750.0,96634.44484286
2024-03-09T09:00:00,204750.0,206850.0,203500.0,205700.0,114026.6116936
2024-03-09T13:00:00,205450.0,209850.0,204800.0,208800.0,88780.42107211
2024-03-09T17:00:00,208600.0,209450.0,203500.0,206500.0,90673.46527587
2024-03-09T21:00:00,206450.0,206500.0,203700.0,205850.0,66476.80666224
2024-03-10T01:00:00,205850.0,206100.0,200800.0,203350.0,53532.27564661
2024-03-10T05:00:00,203050.0,205450.0,201900.0,202500.0,47249.34704991
2024-03-10T09:00:00,202500.0,208050.0,201900.0,205600.0,115765.53424226
2024-03-10T13:00:00,205600.0,207950.0,205250.0,207500.0,54383.43188455
2024-03-10T17:00:00,207550.0,207700.0,203650.0,204250.0,77148.44179435
2024-03-10T21:00:00,204300.0,204950.0,200550.0,202300.0,89458.42657596
2024-03-11T01:00:00,202100.0,205000.0,202050.0,204650.0,18825.13513593
2024-03-11T05:00:00,204750.0,204950.0,200250.0,204500.0,51597.06073125
2024-03-11T09:00:00,204450.0,204500.0,193650.0,199400.0,207159.11512231
2024-03-11T13:00:00,199400.0,207450.0,196500.0,207200.0,157481.47974366
2024-03-11T17:00:00,207100.0,209850.0,206500.0,207300.0,145967.64944104
2024-03-11T21:00:00,207250.0,210900.0,205000.0,205700.0,190678.83739431
2024-03-12T01:00:00,205700.0,207150.0,203450.0,203850.0,72789.94735189
2024-03-12T05:00:00,203800.0,207550.0,203550.0,207000.0,73665.84850012
2024-03-12T09:00:00,206900.0,218050.0,206100.0,212100.0,254492.52841317
2024-03-12T13:00:00,211900.0,216900.0,209750.0,213950.0,192488.27400592
2024-03-12T17:00:00,213800.0,215550.0,210000.0,211800.0,121447.96581023
2024-03-12T21:00:00,211800.0,214000.0,208500.0,211800.0,164328.81814199
2024-03-13T01:00:00,211800.0,212500.0,204050.0,211350.0,111368.32744305
2024-03-13T05:00:00,211350.0,214200.0,208300.0,213750.0,69441.84783525
2024-03-13T09:00:00,213800.0,214350.0,210000.0,210400.0,77279.83683254
2024-03-13T13:00:00,210350.0,215500.0,210100.0,213250.0,107188.53437414
2024-03-13T17:00:00,213250.0,219550.0,213000.0,217900.0,133702.22716157
2024-03-13T21:00:00,217900.0,226900.0,213900.0,224000.0,281092.51755103
2024-03-14T01:00:00,224000.0,230300.0,222700.0,229600.0,101918.07803841
2024-03-14T05:00:00,229500.0,237800.0,227600.0,233300.0,180518.89886195
2024-03-14T09:00:00,233300.0,245400.0,232100.0,239100.0,432678.90003361
2024-03-14T13:00:00,239100.0,242000.0,236050.0,240700.0,163275.80752638
2024-03-14T17:00:00,240600.0,248000.0,240100.0,246400.0,271343.58741502
2024-03-14T21:00:00,246350.0,246450.0,229850.0,239650.0,541617.62140079
2024-03-15T01:00:00,239650.0,243000.0,232150.0,234800.0,138946.97216625
2024-03-15T05:00:00,234750.0,257500.0,233950.0,253850.0,252959.76671815
2024-03-15T09:00:00,253900.0,285100.0,249400.0,255050.0,1482039.05103802
2024-03-15T13:00:00,255050.0,264000.0,248100.0,256050.0,973080.507202
2024-03-15T17:00:00,256000.0,258000.0,238200.0,244250.0,861825.22196893
2024-03-15T21:00:00,244300.0,267600.0,242800.0,263600.0,981045.16647518
2024-03-16T01:00:00,263600.0,271500.0,258150.0,265000.0,317985.34303782
2024-03-16T05:00:00,265000.0,270100.0,255000.0,267600.0,356429.90085647
2024-03-16T09:00:00,267700.0,274600.0,260150.0,271600.0,567696.84775108
2024-03-16T13:00:00,271600.0,279600.0,268500.0,278650.0,455423.88535762
2024-03-16T17:00:00,278600.0,288000.0,275550.0,279800.0,566369.10989712
2024-03-16T21:00:00,279800.0,285050.0,274200.0,284150.0,420071.43471868
2024-03-17T01:00:00,283900.0,284850.0,263700.0,266000.0,256184.71817074
2024-03-17T05:00:00,266000.0,274450.0,258700.0,269700.0,516833.26198055
2024-03-17T09:00:00,269700.0,279500.0,262000.0,272150.0,711371.02430581
2024-03-17T13:00:00,272100.0,273650.0,260650.0,264550.0,456986.25631822
2024-03-17T17:00:00,264550.0,279950.0,261150.0,277100.0,545659.30089471
2024-03-17T21:00:00,277100.0,283550.0,272400.0,282950.0,331193.34290117
2024-03-18T01:00:00,282900.0,287300.0,279300.0,284400.0,152635.09730964
2024-03-18T05:00:00,284400.0,298400.0,284150.0,295100.0,372800.39026756
2024-03-18T09:00:00,295100.0,299800.0,283200.0,297200.0,548141.59201665
2024-03-18T13:00:00,297200.0,298300.0,290700.0,295550.0,226442.20198653
2024-03-18T17:00:00,295550.0,307500.0,290050.0,303950.0,608332.61699766
2024-03-18T21:00:00,303850.0,306150.0,293650.0,300200.0,351289.65810799
2024-03-19T01:00:00,300000.0,302350.0,290150.0,293850.0,158727.95416307
2024-03-19T05:00:00,293850.0,301900.0,285700.0,287250.0,231734.8657409
2024-03-19T09:00:00,287350.0,292000.0,266950.0,272450.0,705342.20417411
2024-03-19T13:00:00,272450.0,280500.0,267150.0,276300.0,403766.44318805
2024-03-19T17:00:00,276300.0,276500.0,252250.0,262950.0,949057.38630159
2024-03-19T21:00:00,262950.0,278450.0,260000.0,269800.0,907551.67645704
2024-03-20T01:00:00,269600.0,274850.0,265550.0,267550.0,210028.57005663
2024-03-20T05:00:00,267600.0,268400.0,247800.0,253400.0,511398.88092881
2024-03-20T09:00:00,253650.0,264800.0,252400.0,254100.0,699770.53854265
2024-03-20T13:00:00,254100.0,256750.0,240650.0,254750.0,710087.11300836
2024-03-20T17:00:00,254750.0,257800.0,249350.0,253600.0,396532.43873551
2024-03-20T21:00:00,253600.0,262050.0,250000.0,252100.0,464305.0475662
2024-03-21T01:00:00,252150.0,270650.0,246850.0,267850.0,365258.44458292
2024-03-21T05:00:00,267850.0,285900.0,267100.0,282250.0,664044.48216331
2024-03-21T09:00:00,282250.0,287200.0,275900.0,276800.0,454028.01849742
2024-03-21T13:00:00,276800.0,281300.0,269900.0,276200.0,294070.05906102
2024-03-21T17:00:00,275750.0,279500.0,271800.0,274900.0,196148.1701305
2024-03-21T21:00:00,274800.0,279000.0,268200.0,270250.0,207366.17673445
2024-03-22T01:00:00,270000.0,272700.0,259700.0,260200.0,177615.03686689
2024-03-22T05:00:00,260200.0,265400.0,258050.0,262050.0,179824.86148472
2024-03-22T09:00:00,262050.0,265000.0,253050.0,258400.0,282614.9818946
2024-03-22T13:00:00,258400.0,262050.0,256600.0,258250.0,161096.37283435
2024-03-22T17:00:00,258150.0,259800.0,249450.0,249850.0,171323.86518631
2024-03-22T21:00:00,249850.0,254550.0,246600.0,251750.0,262117.76655772
2024-03-23T01:00:00,251600.0,254600.0,248400.0,253550.0,61023.77470447
2024-03-23T05:00:00,253650.0,257350.0,248550.0,257350.0,84989.92367575
2024-03-23T09:00:00,257350.0,260450.0,250100.0,252000.0,205240.38580467
2024-03-23T13:00:00,251900.0,257950.0,250150.0,256050.0,117496.21084024
2024-03-23T17:00:00,256000.0,257600.0,253000.0,255400.0,83665.50878795
2024-03-23T21:00:00,255250.0,259450.0,253700.0,254500.0,140637.01285362
2024-03-24T01:00:00,254500.0,256100.0,253000.0,253650.0,79029.88068413
2024-03-24T05:00:00,253650.0,254650.0,251100.0,251550.0,76810.8042605
2024-03-24T09:00:00,251550.0,257800.0,250250.0,250400.0,144569.59301549
2024-03-24T13:00:00,250400.0,252650.0,250050.0,251800.0,62009.58422482
2024-03-24T17:00:00,251800.0,255000.0,251450.0,253000.0,86169.86619484
2024-03-24T21:00:00,253000.0,257000.0,252700.0,255000.0,115406.6908835
2024-03-25T01:00:00,254800.0,255600.0,251050.0,254500.0,33199.9351651
2024-03-25T05:00:00,254500.0,269000.0,253700.0,264050.0,213934.26708938
2024-03-25T09:00:00,264050.0,265750.0,260000.0,265350.0,164574.66620689
2024-03-25T13:00:00,265100.0,272550.0,264150.0,267050.0,169259.21845118
2024-03-25T17:00:00,266800.0,274500.0,266800.0,270000.0,167199.60861576
2024-03-25T21:00:00,270000.0,277550.0,268050.0,274450.0,291390.53844698
2024-03-26T01:00:00,274550.0,275200.0,270300.0,272000.0,94652.82058791
2024-03-26T05:00:00,271800.0,273750.0,267750.0,268350.0,117222.36603485
2024-03-26T09:00:00,268350.0,272300.0,266400.0,271600.0,126124.94582763
2024-03-26T13:00:00,271650.0,277050.0,271300.0,274400.0,141083.87150359
2024-03-26T17:00:00,274400.0,277400.0,272350.0,276350.0,117553.67087115
2024-03-26T21:00:00,276350.0,276700.0,270100.0,271300.0,155622.12040748
2024-03-27T01:00:00,271250.0,272650.0,267400.0,270050.0,51875.35735342
2024-03-27T05:00:00,270050.0,275000.0,270050.0,272350.0,48686.57569
2024-03-27T09:00:00,272250.0,274500.0,270000.0,271450.0,87670.72523915
2024-03-27T13:00:00,271450.0,271700.0,264250.0,266000.0,107382.25799758
2024-03-27T17:00:00,265950.0,269550.0,260850.0,269300.0,155523.42779958
2024-03-27T21:00:00,269600.0,271550.0,260100.0,260800.0,227358.03024187
2024-03-28T01:00:00,260750.0,264450.0,260150.0,263650.0,38213.05105186
2024-03-28T05:00:00,263550.0,268900.0,263300.0,268050.0,53849.20503117
2024-03-28T09:00:00,268050.0,269500.0,260450.0,261950.0,119829.89487698
2024-03-28T13:00:00,261900.0,267100.0,261500.0,266600.0,54367.47728038
2024-03-28T17:00:00,266600.0,268000.0,263200.0,264000.0,80032.97698657
2024-03-28T21:00:00,263950.0,269200.0,261400.0,266700.0,131242.93381936
2024-03-29T01:00:00,266700.0,266850.0,262900.0,264850.0,31869.05988038
2024-03-29T05:00:00,264800.0,272300.0,264650.0,270500.0,87359.39458238
2024-03-29T09:00:00,270450.0,271500.0,267100.0,268200.0,103943.06086625
2024-03-29T13:00:00,268200.0,268950.0,262950.0,263200.0,75686.14561907
2024-03-29T17:00:00,263200.0,265700.0,262450.0,264300.0,63633.48658861
2024-03-29T21:00:00,264300.0,269400.0,263650.0,265100.0,85872.15925972
2024-03-30T01:00:00,265100.0,268000.0,264800.0,267950.0,26111.74070072
2024-03-30T05:00:00,267950.0,275500.0,267750.0,274250.0,131830.11538803
2024-03-30T09:00:00,274100.0,277600.0,271800.0,275800.0,128222.73774066
2024-03-30T13:00:00,275800.0,285500.0,275250.0,279700.0,249973.99131805
2024-03-30T17:00:00,279700.0,283050.0,275500.0,282000.0,102976.79902141
2024-03-30T21:00:00,282000.0,282700.0,278450.0,280300.0,63128.45079213
2024-03-31T01:00:00,280200.0,282200.0,277000.0,279950.0,37764.87651843
2024-03-31T05:00:00,279550.0,281900.0,277500.0,278950.0,42119.13696691
2024-03-31T09:00:00,278950.0,282100.0,277500.0,278250.0,77682.36746653
2024-03-31T13:00:00,278250.0,280950.0,277950.0,280150.0,54572.76373961
2024-03-31T17:00:00,280150.0,280700.0,278750.0,279350.0,38436.6312696
2024-03-31T21:00:00,279100.0,281500.0,278500.0,278700.0,46413.45851205
2024-04-01T01:00:00,278700.0,280000.0,278600.0,279550.0,8689.15608887
2024-04-01T05:00:00,279600.0,288050.0,279400.0,287200.0,109738.9078264
2024-04-01T09:00:00,287200.0,290000.0,285100.0,287550.0,122053.20479532
2024-04-01T13:00:00,287550.0,288900.0,276100.0,283350.0,172612.82307504
2024-04-01T17:00:00,283350.0,283600.0,278650.0,279700.0,75210.06105528
2024-04-01T21:00:00,279750.0,283300.0,270450.0,272000.0,133493.261989
2024-04-02T01:00:00,272150.0,278550.0,271250.0,278450.0,43879.03875261
2024-04-02T05:00:00,278450.0,279100.0,276200.0,276700.0,37377.73221752
2024-04-02T09:00:00,276700.0,276750.0,265800.0,266650.0,183648.23781705
2024-04-02T13:00:00,266650.0,270900.0,263150.0,266250.0,105213.90904946
2024-04-02T17:00:00,266200.0,267350.0,260000.0,262300.0,112120.68504268
2024-04-02T21:00:00,262550.0,267150.0,258450.0,261200.0,132575.36913152
2024-04-03T01:00:00,261100.0,273000.0,260600.0,271950.0,45191.03309944
2024-04-03T05:00:00,271800.0,272650.0,265650.0,266350.0,61910.445507
2024-04-03T09:00:00,266350.0,276450.0,259000.0,275450.0,191721.17566868
2024-04-03T13:00:00,275750.0,279800.0,273000.0,276300.0,134935.28205429
2024-04-03T17:00:00,276250.0,278600.0,270200.0,273300.0,104122.0956197
2024-04-03T21:00:00,273100.0,278000.0,272200.0,275650.0,87910.52276678
2024-04-04T01:00:00,275650.0,278100.0,270000.0,271550.0,47907.70516473
2024-04-04T05:00:00,271500.0,272850.0,267200.0,270850.0,50651.4687394
2024-04-04T09:00:00,270850.0,273550.0,265650.0,266000.0,75032.69401779
2024-04-04T13:00:00,266000.0,270500.0,264400.0,269150.0,59514.2099316
2024-04-04T17:00:00,268950.0,270900.0,268250.0,269300.0,44192.12665939
2024-04-04T21:00:00,269300.0,275500.0,269050.0,271300.0,106580.41032688
2024-04-05T01:00:00,271500.0,274700.0,269100.0,270100.0,51166.50681483
2024-04-05T05:00:00,269700.0,270050.0,265000.0,267950.0,100517.53942206
2024-04-05T09:00:00,267950.0,268850.0,260500.0,262200.0,112243.06560403
2024-04-05T13:00:00,262000.0,262650.0,253700.0,255600.0,171646.49788829
2024-04-05T17:00:00,255600.0,258000.0,249000.0,249150.0,153151.69333779
2024-04-05T21:00:00,249150.0,257750.0,247150.0,255500.0,159570.3542678
2024-04-06T01:00:00,255500.0,256350.0,251000.0,254300.0,39351.16109115
2024-04-06T05:00:00,254250.0,256200.0,253000.0,253250.0,33898.77709218
2024-04-06T09:00:00,253250.0,256400.0,251150.0,254550.0,80949.35243472
2024-04-06T13:00:00,254550.0,257500.0,253100.0,256400.0,51443.794874
2024-04-06T17:00:00,256300.0,257400.0,253650.0,254400.0,44792.81473954
2024-04-06T21:00:00,254400.0,256000.0,251950.0,256000.0,42662.13079624
2024-04-07T01:00:00,256000.0,258350.0,255200.0,255900.0,24870.13400372
2024-04-07T05:00:00,255900.0,258450.0,255000.0,256950.0,43466.71023273
2024-04-07T09:00:00,256700.0,261650.0,255100.0,259550.0,92301.31604219
2024-04-07T13:00:00,259500.0,260100.0,257200.0,258200.0,40776.03046438
2024-04-07T17:00:00,258150.0,259400.0,256600.0,258950.0,25179.68213676
2024-04-07T21:00:00,258950.0,260500.0,257550.0,257550.0,44163.34258085
2024-04-08T01:00:00,257550.0,260850.0,255650.0,256750.0,26816.07535506
2024-04-08T05:00:00,256450.0,257900.0,254550.0,257200.0,26696.49017233
2024-04-08T09:00:00,257300.0,257450.0,251700.0,252650.0,62041.52209611
2024-04-08T13:00:00,252650.0,257300.0,251950.0,256000.0,62268.35822662
2024-04-08T17:00:00,256100.0,262500.0,255450.0,258800.0,174996.65537085
2024-04-08T21:00:00,258750.0,260150.0,255400.0,257900.0,108633.40016423
2024-04-09T01:00:00,257850.0,258400.0,254300.0,255200.0,39906.78028376
2024-04-09T05:00:00,255200.0,258500.0,255150.0,257600.0,54851.60250177
2024-04-09T09:00:00,257600.0,258100.0,252800.0,253250.0,99541.69644149
2024-04-09T13:00:00,253250.0,254350.0,249500.0,250450.0,94047.84267737
2024-04-09T17:00:00,250450.0,251250.0,248000.0,250650.0,72273.92272122
2024-04-09T21:00:00,250600.0,250850.0,243700.0,247250.0,113108.10590457
2024-04-10T01:00:00,247100.0,255100.0,246350.0,250300.0,59895.33082453
2024-04-10T05:00:00,250300.0,252500.0,247600.0,247950.0,27656.12418486
2024-04-10T09:00:00,247900.0,248900.0,244300.0,246450.0,71613.59481439
2024-04-10T13:00:00,246750.0,249050.0,245750.0,247700.0,30026.6591991
2024-04-10T17:00:00,247700.0,247950.0,242400.0,244400.0,47813.32288206
2024-04-10T21:00:00,244400.0,244950.0,235000.0,241850.0,159068.41323086
2024-04-11T01:00:00,241850.0,248550.0,240800.0,245200.0,43943.2252544
2024-04-11T05:00:00,245300.0,251000.0,244000.0,247350.0,57237.07210711
2024-04-11T09:00:00,247300.0,247450.0,244150.0,246000.0,45388.87639457
2024-04-11T13:00:00,245950.0,250500.0,244400.0,248450.0,47020.28322
2024-04-11T17:00:00,248300.0,249500.0,243550.0,244150.0,41050.17227267
2024-04-11T21:00:00,243900.0,250950.0,243650.0,248850.0,87193.04720042
2024-04-12T01:00:00,248850.0,252500.0,247350.0,249800.0,37702.69417453
2024-04-12T05:00:00,249800.0,251200.0,247100.0,247100.0,22112.06270123
2024-04-12T09:00:00,247400.0,249500.0,247100.0,248650.0,32612.31707052
2024-04-12T13:00:00,248450.0,250800.0,247300.0,247600.0,32866.59948374
2024-04-12T17:00:00,247500.0,248000.0,245000.0,246550.0,32585.32925127
2024-04-12T21:00:00,246550.0,246600.0,240000.0,241900.0,75185.42410077
2024-04-13T01:00:00,241900.0,242500.0,219300.0,221850.0,201732.81344583
2024-04-13T05:00:00,221850.0,229650.0,221250.0,228050.0,131101.6706164
2024-04-13T09:00:00,228050.0,228200.0,211900.0,224900.0,245578.94987984
2024-04-13T13:00:00,224850.0,230000.0,221200.0,222200.0,99978.63671449
2024-04-13T17:00:00,222050.0,225300.0,219550.0,222550.0,51573.7393283
2024-04-13T21:00:00,222550.0,225100.0,219000.0,220200.0,59117.3470599
2024-04-14T01:00:00,220050.0,221000.0,200850.0,206000.0,193646.97348876
2024-04-14T05:00:00,206000.0,218550.0,189000.0,210250.0,551661.42111588
2024-04-14T09:00:00,210300.0,214800.0,200000.0,205600.0,286120.76166204
2024-04-14T13:00:00,205500.0,217600.0,204000.0,216900.0,209690.74901727
2024-04-14T17:00:00,216850.0,219150.0,206600.0,208550.0,140637.98920422
2024-04-14T21:00:00,208550.0,215300.0,204500.0,208300.0,177899.59950625
2024-04-15T01:00:00,208250.0,215200.0,204000.0,214150.0,73429.2115409
2024-04-15T05:00:00,213800.0,230800.0,212950.0,228200.0,181257.76266808
2024-04-15T09:00:00,228100.0,229000.0,219750.0,222500.0,150198.70962414
2024-04-15T13:00:00,222300.0,233000.0,219700.0,228850.0,156014.63755717
2024-04-15T17:00:00,228800.0,230750.0,224100.0,224200.0,98372.17850342
2024-04-15T21:00:00,224150.0,225850.0,213700.0,215450.0,163527.03125975
2024-04-16T01:00:00,215450.0,216700.0,205550.0,209650.0,163942.00070135
2024-04-16T05:00:00,209650.0,214800.0,208600.0,211100.0,149747.4544468
2024-04-16T09:00:00,211300.0,213050.0,202000.0,203700.0,168280.61009309
2024-04-16T13:00:00,203700.0,208750.0,197550.0,207100.0,193288.17307045
2024-04-16T17:00:00,207300.0,207550.0,197200.0,204300.0,184191.43672741
2024-04-16T21:00:00,204200.0,204200.0,194450.0,194450.0,188774.94205464
2024-04-17T01:00:00,194600.0,203500.0,193000.0,199100.0,96664.8391278
2024-04-17T05:00:00,199250.0,207250.0,198750.0,203850.0,73752.46598861
2024-04-17T09:00:00,203850.0,208050.0,203000.0,204950.0,90840.61243105
2024-04-17T13:00:00,204850.0,212350.0,203700.0,208050.0,182949.22710476
2024-04-17T17:00:00,208050.0,209200.0,200000.0,200450.0,102008.27995832
2024-04-17T21:00:00,200450.0,201750.0,192600.0,193950.0,290222.57288149
2024-04-18T01:00:00,193900.0,205700.0,192000.0,201050.0,145392.42603935
2024-04-18T05:00:00,200750.0,206500.0,196200.0,196800.0,109984.29153974
2024-04-18T09:00:00,196850.0,203000.0,193100.0,201250.0,185498.07912721
2024-04-18T13:00:00,201350.0,202700.0,191300.0,191650.0,168493.96193939
2024-04-18T17:00:00,191650.0,202600.0,189500.0,200400.0,198783.71143064
2024-04-18T21:00:00,200200.0,207700.0,195000.0,204700.0,264854.5137151
2024-04-19T01:00:00,204800.0,208000.0,200350.0,206950.0,75313.079565
2024-04-19T05:00:00,206950.0,211500.0,205450.0,208850.0,102804.26433299
2024-04-19T09:00:00,208850.0,209250.0,190600.0,200850.0,478636.00209943
2024-04-19T13:00:00,200850.0,214000.0,200450.0,210000.0,326059.94848154
2024-04-19T17:00:00,209900.0,213450.0,208850.0,211600.0,152297.68725039
2024-04-19T21:00:00,211500.0,215350.0,206650.0,213750.0,164926.37654549
2024-04-20T01:00:00,213550.0,215250.0,210100.0,212300.0,52870.28477492
2024-04-20T05:00:00,212350.0,212950.0,205450.0,208200.0,89123.65329589
2024-04-20T09:00:00,208200.0,210900.0,205250.0,208900.0,100989.40264015
2024-04-20T13:00:00,208750.0,212200.0,207750.0,210250.0,57428.57471221
2024-04-20T17:00:00,210250.0,210500.0,206000.0,208450.0,65946.7744399
2024-04-20T21:00:00,208400.0,215600.0,207350.0,215400.0,77824.05710499
2024-04-21T01:00:00,215250.0,221400.0,214400.0,220500.0,107139.72475714
2024-04-21T05:00:00,220500.0,222100.0,217550.0,220750.0,66565.24491829
2024-04-21T09:00:00,220750.0,224400.0,216700.0,221150.0,126410.52507626
2024-04-21T13:00:00,221100.0,221950.0,219750.0,220900.0,55064.33124537
2024-04-21T17:00:00,220850.0,222950.0,218250.0,221200.0,79116.92543107
2024-04-21T21:00:00,221250.0,221400.0,217350.0,219500.0,68635.97087373
2024-04-22T01:00:00,219300.0,219900.0,215500.0,216950.0,24850.67156193
2024-04-22T05:00:00,216950.0,220550.0,216300.0,217300.0,35259.23696651
2024-04-22T09:00:00,217350.0,221000.0,215050.0,218800.0,116496.02493994
2024-04-22T13:00:00,218800.0,226950.0,218250.0,223550.0,129765.48806621
2024-04-22T17:00:00,223500.0,224700.0,221350.0,222850.0,62791.71792965
2024-04-22T21:00:00,222850.0,225350.0,221000.0,223200.0,70600.94388778
2024-04-23T01:00:00,222850.0,225950.0,221850.0,224800.0,32464.9226183
2024-04-23T05:00:00,224400.0,229550.0,223350.0,227950.0,63314.10116121
2024-04-23T09:00:00,228100.0,231550.0,225250.0,225400.0,101476.70022293
2024-04-23T13:00:00,225250.0,227000.0,221700.0,222350.0,80108.54767944
2024-04-23T17:00:00,222350.0,224500.0,221650.0,223300.0,62291.86793368
2024-04-23T21:00:00,223200.0,230400.0,222950.0,228100.0,103125.03593637
2024-04-24T01:00:00,228200.0,231300.0,227450.0,227950.0,31472.20243127
2024-04-24T05:00:00,227750.0,228150.0,223500.0,223950.0,51416.73903248
2024-04-24T09:00:00,224000.0,229400.0,223400.0,225700.0,78909.96152256
2024-04-24T13:00:00,225700.0,229950.0,225100.0,227600.0,73685.69990275
2024-04-24T17:00:00,227550.0,229300.0,225400.0,229150.0,49990.13960187
2024-04-24T21:00:00,229250.0,229850.0,219250.0,219600.0,127584.10527801
2024-04-25T01:00:00,219600.0,222800.0,214650.0,217450.0,68300.25663721
2024-04-25T05:00:00,217450.0,219350.0,212300.0,214950.0,79077.23268953
2024-04-25T09:00:00,214950.0,217700.0,210550.0,211500.0,94722.91812748
2024-04-25T13:00:00,211500.0,214650.0,209050.0,211400.0,64037.16379823
2024-04-25T17:00:00,211200.0,212600.0,206900.0,209600.0,79282.46656522
2024-04-25T21:00:00,209550.0,213750.0,206050.0,212800.0,89920.6761259
2024-04-26T01:00:00,212750.0,215450.0,211100.0,211400.0,34310.10554303
2024-04-26T05:00:00,211450.0,215200.0,208150.0,208250.0,53865.58535926
2024-04-26T09:00:00,208250.0,208800.0,203450.0,205700.0,97330.52508648
2024-04-26T13:00:00,205700.0,207450.0,204400.0,205950.0,32899.45181934
2024-04-26T17:00:00,205950.0,207750.0,204550.0,205600.0,26474.58173002
2024-04-26T21:00:00,205550.0,209600.0,203450.0,205850.0,72770.61689366
2024-04-27T01:00:00,206000.0,207200.0,204500.0,205400.0,16593.96221671
2024-04-27T05:00:00,205400.0,206700.0,200450.0,201000.0,54596.71030599
2024-04-27T09:00:00,201000.0,202050.0,194200.0,196500.0,138970.67878311
2024-04-27T13:00:00,196450.0,197500.0,195350.0,196000.0,32333.81408947
2024-04-27T17:00:00,196050.0,196800.0,195000.0,195850.0,31778.79859172
2024-04-27T21:00:00,195850.0,201450.0,195450.0,198500.0,57343.25325803
2024-04-28T01:00:00,198500.0,204850.0,198400.0,204650.0,31825.56283489
2024-04-28T05:00:00,204650.0,205450.0,201650.0,203700.0,27977.46275583
2024-04-28T09:00:00,203700.0,208450.0,203150.0,207100.0,57213.99041437
2024-04-28T13:00:00,207100.0,207600.0,205500.0,206400.0,25395.9018996
2024-04-28T17:00:00,206300.0,207100.0,201800.0,202250.0,49246.06325958
2024-04-28T21:00:00,202200.0,204700.0,202100.0,203450.0,27073.64589907
2024-04-29T01:00:00,203250.0,205850.0,203100.0,203650.0,8299.67117047
2024-04-29T05:00:00,203650.0,203900.0,196550.0,198050.0,59064.90680509
2024-04-29T09:00:00,198000.0,199450.0,193000.0,193100.0,80359.78666912
2024-04-29T13:00:00,193000.0,195450.0,191550.0,193650.0,80903.86000623
2024-04-29T17:00:00,193600.0,195450.0,191600.0,192500.0,45061.88778262
2024-04-29T21:00:00,192400.0,196200.0,191700.0,195250.0,62474.25644365
2024-04-30T01:00:00,195300.0,195600.0,191300.0,193100.0,28254.03443921
2024-04-30T05:00:00,193300.0,199000.0,192050.0,197050.0,56678.7656741
2024-04-30T09:00:00,197250.0,199900.0,193200.0,194450.0,70934.04560207
2024-04-30T13:00:00,194400.0,194950.0,191300.0,192250.0,46422.86515932
2024-04-30T17:00:00,192000.0,192900.0,183400.0,184700.0,205821.48861975
2024-04-30T21:00:00,184650.0,188050.0,181650.0,183900.0,129982.15301771
2024-05-01T01:00:00,183900.0,183900.0,174800.0,177600.0,129937.81973108
2024-05-01T05:00:00,177600.0,185350.0,177600.0,182000.0,99238.54530032
2024-05-01T09:00:00,182000.0,183300.0,175200.0,178750.0,220299.31620549
2024-05-01T13:00:00,178750.0,179400.0,167800.0,170400.0,256891.50763601
2024-05-01T17:00:00,170400.0,175650.0,168050.0,175650.0,189731.93860434
2024-05-01T21:00:00,175650.0,178500.0,172800.0,175200.0,124427.39267133
2024-05-02T01:00:00,175350.0,194150.0,174400.0,184700.0,214474.87867063
2024-05-02T05:00:00,184700.0,192950.0,183800.0,192550.0,161483.05758698
2024-05-02T09:00:00,192550.0,193200.0,181750.0,184050.0,173927.9227226
2024-05-02T13:00:00,184050.0,188000.0,180400.0,185850.0,101816.80482705
2024-05-02T17:00:00,185750.0,197050.0,185400.0,196800.0,213411.41879922
2024-05-02T21:00:00,196750.0,197750.0,190150.0,196200.0,265144.31659383
2024-05-03T01:00:00,196200.0,196900.0,193500.0,195000.0,43155.7353929
2024-05-03T05:00:00,194900.0,198500.0,191800.0,193400.0,87386.7174337
2024-05-03T09:00:00,193400.0,200650.0,192400.0,199700.0,187225.76218158
2024-05-03T13:00:00,199600.0,200150.0,193950.0,194250.0,106261.86919173
2024-05-03T17:00:00,194250.0,197350.0,192550.0,194000.0,108060.2191512
2024-05-03T21:00:00,194100.0,203800.0,193500.0,200350.0,316393.37944668
2024-05-04T01:00:00,200350.0,201700.0,199300.0,201550.0,30421.43606278
2024-05-04T05:00:00,201550.0,205500.0,201250.0,203750.0,108897.09829391
2024-05-04T09:00:00,203750.0,206250.0,200050.0,203200.0,144532.92157921
2024-05-04T13:00:00,203200.0,206300.0,203200.0,203600.0,71475.50690724
2024-05-04T17:00:00,203450.0,210500.0,203450.0,207300.0,96189.93173374
2024-05-04T21:00:00,207300.0,209600.0,206200.0,207150.0,76372.97666116
2024-05-05T01:00:00,206900.0,208800.0,205550.0,208600.0,19565.71292987
2024-05-05T05:00:00,208550.0,209150.0,206300.0,206450.0,28737.26045997
2024-05-05T09:00:00,206450.0,208200.0,201000.0,203600.0,102799.76127894
2024-05-05T13:00:00,203600.0,205950.0,203000.0,205450.0,32475.49204885
2024-05-05T17:00:00,205400.0,207000.0,204450.0,206750.0,38465.64492598
2024-05-05T21:00:00,206750.0,208200.0,205150.0,207450.0,49679.71334623
2024-05-06T01:00:00,207500.0,207750.0,205100.0,205650.0,18647.32809236
2024-05-06T05:00:00,205850.0,205900.0,204000.0,204900.0,24320.00150382
2024-05-06T09:00:00,205150.0,207850.0,204900.0,206000.0,45644.38185851
2024-05-06T13:00:00,206000.0,209400.0,205550.0,208350.0,67135.7572022
2024-05-06T17:00:00,208350.0,219550.0,208350.0,216600.0,311845.13823569
2024-05-06T21:00:00,216550.0,219500.0,210700.0,216200.0,245867.92022444
2024-05-07T01:00:00,216050.0,216600.0,212000.0,216400.0,46814.66097704
2024-05-07T05:00:00,216050.0,219200.0,214250.0,214750.0,72558.48034981
2024-05-07T09:00:00,214500.0,222600.0,213300.0,216550.0,177228.21843053
2024-05-07T13:00:00,216550.0,219450.0,215650.0,217650.0,88002.74864138
2024-05-07T17:00:00,217450.0,222650.0,217100.0,217850.0,110135.86879953
2024-05-07T21:00:00,217800.0,220000.0,214000.0,217150.0,92946.07171748
2024-05-08T01:00:00,217100.0,218000.0,212500.0,213200.0,44805.02419025
2024-05-08T05:00:00,213200.0,215000.0,208200.0,208350.0,107982.18975579
2024-05-08T09:00:00,208350.0,211300.0,207400.0,209950.0,96456.49335507
2024-05-08T13:00:00,209950.0,210750.0,204850.0,205200.0,108917.61386005
2024-05-08T17:00:00,205300.0,206200.0,202650.0,203900.0,107828.46365307
2024-05-08T21:00:00,204000.0,209200.0,202900.0,205200.0,126987.19518461
2024-05-09T01:00:00,205100.0,209000.0,203700.0,204350.0,36234.50384011
2024-05-09T05:00:00,204300.0,204950.0,197250.0,199400.0,148252.72329683
2024-05-09T09:00:00,199400.0,202900.0,199050.0,201800.0,70453.62924725
2024-05-09T13:00:00,201750.0,203700.0,199550.0,200150.0,50797.73955648
2024-05-09T17:00:00,200400.0,201300.0,197000.0,200050.0,80648.89002108
2024-05-09T21:00:00,200050.0,206200.0,198500.0,204500.0,116318.07945468
2024-05-10T01:00:00,204450.0,210300.0,203600.0,210150.0,53511.43773905
2024-05-10T05:00:00,210200.0,214050.0,208300.0,213000.0,110369.68652714
2024-05-10T09:00:00,213000.0,215500.0,211150.0,215000.0,98413.26311531
2024-05-10T13:00:00,215000.0,216300.0,211750.0,215050.0,89478.78722971
2024-05-10T17:00:00,215050.0,216400.0,213500.0,216350.0,45571.3144071
2024-05-10T21:00:00,216150.0,216500.0,204750.0,206950.0,192262.49317623
2024-05-11T01:00:00,207100.0,209600.0,204700.0,207800.0,80912.35594804
2024-05-11T05:00:00,207800.0,208950.0,204750.0,206150.0,51515.06350253
2024-05-11T09:00:00,206150.0,208100.0,201900.0,202050.0,85432.44782131
2024-05-11T13:00:00,202050.0,205600.0,201900.0,205050.0,35100.83925977
2024-05-11T17:00:00,205050.0,205150.0,201550.0,202750.0,44085.24948767
2024-05-11T21:00:00,203050.0,206800.0,202800.0,205150.0,49224.72260847
2024-05-12T01:00:00,205000.0,206350.0,203650.0,206250.0,18237.3071512
2024-05-12T05:00:00,206100.0,206300.0,204450.0,205050.0,15856.50132479
2024-05-12T09:00:00,205050.0,207100.0,204700.0,206400.0,26063.16172218
2024-05-12T13:00:00,206350.0,208100.0,202700.0,203650.0,48128.75707576
2024-05-12T17:00:00,203650.0,206500.0,203200.0,204650.0,41927.31315866
2024-05-12T21:00:00,204600.0,205550.0,202950.0,204450.0,32993.49653672
2024-05-13T01:00:00,204450.0,206000.0,203500.0,204450.0,14610.4391531
2024-05-13T05:00:00,204450.0,205000.0,201500.0,202150.0,40298.078266
2024-05-13T09:00:00,202150.0,205250.0,195000.0,196950.0,143224.80781973
2024-05-13T13:00:00,197000.0,202400.0,193850.0,201000.0,127133.87833955
2024-05-13T17:00:00,201000.0,206000.0,200900.0,203900.0,146181.67699861
2024-05-13T21:00:00,203900.0,206900.0,202650.0,205550.0,74780.87204123
2024-05-14T01:00:00,205550.0,210000.0,203850.0,207800.0,59598.56118684
2024-05-14T05:00:00,207550.0,208750.0,204950.0,206050.0,37139.76848185
2024-05-14T09:00:00,206050.0,207200.0,203900.0,204650.0,60610.14019508
2024-05-14T13:00:00,204300.0,208000.0,201350.0,204900.0,83345.14664372
2024-05-14T17:00:00,204800.0,206000.0,202750.0,205200.0,37429.23480104
2024-05-14T21:00:00,205100.0,207900.0,199300.0,200350.0,142922.42788094
2024-05-15T01:00:00,200350.0,202500.0,199150.0,201500.0,27179.46134241
2024-05-15T05:00:00,201500.0,201750.0,199700.0,199850.0,24761.1328647
2024-05-15T09:00:00,199850.0,202300.0,198650.0,202000.0,41527.95172556
2024-05-15T13:00:00,201950.0,202700.0,200750.0,202300.0,29191.33851722
2024-05-15T17:00:00,202050.0,204300.0,200650.0,202300.0,63241.4154129
2024-05-15T21:00:00,202300.0,215700.0,201450.0,212500.0,316137.05304135
2024-05-16T01:00:00,212450.0,215950.0,211850.0,215750.0,48810.1792842
2024-05-16T05:00:00,215650.0,220850.0,214950.0,220800.0,84915.16998406
2024-05-16T09:00:00,220500.0,226550.0,220100.0,225850.0,212527.39913281
2024-05-16T13:00:00,225750.0,226400.0,222400.0,225200.0,77866.4708341
2024-05-16T17:00:00,225200.0,227950.0,224350.0,227650.0,85042.66489926
2024-05-16T21:00:00,227550.0,227650.0,219650.0,223000.0,160543.28497247
2024-05-17T01:00:00,223050.0,223500.0,218650.0,221450.0,42636.01630557
2024-05-17T05:00:00,221200.0,222300.0,219300.0,221650.0,46502.84849156
2024-05-17T09:00:00,221600.0,226150.0,221550.0,225250.0,89919.15127541
2024-05-17T13:00:00,225350.0,234750.0,223700.0,234100.0,163656.61504116
2024-05-17T17:00:00,234100.0,235300.0,231900.0,231900.0,96080.56002946
2024-05-17T21:00:00,232000.0,235950.0,230050.0,234250.0,106593.22519468
2024-05-18T01:00:00,234250.0,237250.0,230650.0,233800.0,53805.65661837
2024-05-18T05:00:00,233800.0,234900.0,231700.0,234450.0,39991.8899413
2024-05-18T09:00:00,234550.0,241950.0,233350.0,240300.0,172402.26559356
2024-05-18T13:00:00,240150.0,241000.0,238650.0,239050.0,57987.82219153
2024-05-18T17:00:00,239050.0,244150.0,238950.0,242300.0,86602.5989872
2024-05-18T21:00:00,242300.0,242900.0,238850.0,239400.0,74677.49544526
2024-05-19T01:00:00,239450.0,239650.0,236600.0,239500.0,33063.40356812
2024-05-19T05:00:00,239450.0,241700.0,239000.0,239900.0,32041.03172985
2024-05-19T09:00:00,239900.0,242750.0,239000.0,242200.0,69950.37772917
2024-05-19T13:00:00,242200.0,243450.0,240000.0,241900.0,62173.19044932
2024-05-19T17:00:00,241750.0,242200.0,237700.0,238850.0,92253.99939465
2024-05-19T21:00:00,238850.0,238850.0,231000.0,234150.0,225375.39377901
2024-05-20T01:00:00,234150.0,238450.0,232850.0,235900.0,39041.32445888
2024-05-20T05:00:00,235900.0,238700.0,234450.0,236500.0,50460.77815113
2024-05-20T09:00:00,236500.0,240050.0,233200.0,238150.0,120574.78752345
2024-05-20T13:00:00,238200.0,247150.0,237650.0,246400.0,201837.04839584
2024-05-20T17:00:00,246350.0,247850.0,244150.0,246250.0,93308.90446356
2024-05-20T21:00:00,246250.0,248200.0,243450.0,247850.0,83876.34316209
2024-05-21T01:00:00,247800.0,258100.0,246600.0,256800.0,122035.27884081
2024-05-21T05:00:00,256900.0,257500.0,249850.0,254450.0,203716.98213773
2024-05-21T09:00:00,254450.0,257750.0,250000.0,252500.0,215455.88477596
2024-05-21T13:00:00,252500.0,253250.0,247100.0,248050.0,127187.53003399
2024-05-21T17:00:00,248050.0,251000.0,247900.0,248250.0,101759.47303734
2024-05-21T21:00:00,248250.0,249000.0,242750.0,243600.0,217916.13050811
2024-05-22T01:00:00,243600.0,246000.0,241100.0,241800.0,59048.91913425
2024-05-22T05:00:00,241800.0,246750.0,241700.0,246000.0,61557.16959335
2024-05-22T09:00:00,246000.0,247500.0,242100.0,243800.0,103627.93342816
2024-05-22T13:00:00,243800.0,250000.0,239050.0,246350.0,189984.34141633
2024-05-22T17:00:00,246350.0,249450.0,244650.0,245500.0,85787.86122159
2024-05-22T21:00:00,245500.0,251250.0,241750.0,249400.0,154680.02305087
2024-05-23T01:00:00,249350.0,251950.0,244700.0,245450.0,49253.3409847
2024-05-23T05:00:00,245750.0,249000.0,243500.0,244300.0,72311.16174964
2024-05-23T09:00:00,244250.0,246500.0,242550.0,245750.0,80007.99123656
2024-05-23T13:00:00,245750.0,245850.0,243650.0,244500.0,71206.27178592
2024-05-23T17:00:00,244450.0,245200.0,240100.0,242800.0,126191.55258457
2024-05-23T21:00:00,242800.0,244100.0,234200.0,239750.0,244468.61270698
2024-05-24T01:00:00,240000.0,242900.0,237150.0,237750.0,44670.21422122
2024-05-24T05:00:00,237900.0,254750.0,233350.0,246200.0,413779.17093515
2024-05-24T09:00:00,246300.0,246300.0,239700.0,240050.0,159912.25339761
2024-05-24T13:00:00,240100.0,240100.0,231550.0,233000.0,346076.4509666
2024-05-24T17:00:00,232950.0,233150.0,228050.0,232200.0,188830.67082136
2024-05-24T21:00:00,232200.0,235350.0,230900.0,233500.0,143802.41357643
2024-05-25T01:00:00,233500.0,236550.0,230400.0,233900.0,67232.95462228
2024-05-25T05:00:00,233900.0,234500.0,232300.0,233200.0,48375.68599764
2024-05-25T09:00:00,233200.0,236350.0,230400.0,235900.0,125964.06167396
2024-05-25T13:00:00,235900.0,236500.0,233900.0,235250.0,67322.74391393
2024-05-25T17:00:00,235000.0,236600.0,234550.0,234800.0,66226.75896981
2024-05-25T21:00:00,234800.0,235350.0,232250.0,233300.0,65603.57910379
2024-05-26T01:00:00,233350.0,233800.0,232050.0,232500.0,30263.48157064
2024-05-26T05:00:00,232500.0,234250.0,232000.0,233800.0,28368.68132794
2024-05-26T09:00:00,233800.0,233800.0,230000.0,231150.0,85967.08028967
2024-05-26T13:00:00,231150.0,232250.0,229800.0,230200.0,59879.48819634
2024-05-26T17:00:00,230250.0,230550.0,226500.0,228150.0,142137.24282143
2024-05-26T21:00:00,228150.0,230500.0,226800.0,227450.0,69614.47114742
2024-05-27T01:00:00,227450.0,228250.0,225500.0,227350.0,40069.5163003
2024-05-27T05:00:00,227200.0,228900.0,225750.0,228000.0,45530.57554877
2024-05-27T09:00:00,228000.0,231750.0,227800.0,229950.0,124867.34866759
2024-05-27T13:00:00,229950.0,231100.0,228350.0,230300.0,59352.10043079
2024-05-27T17:00:00,230300.0,233350.0,229600.0,233000.0,81388.63513846
2024-05-27T21:00:00,233000.0,236200.0,231800.0,235850.0,101218.42785349
2024-05-28T01:00:00,235850.0,237350.0,231950.0,233950.0,64395.15975172
2024-05-28T05:00:00,233650.0,237200.0,233550.0,235500.0,63290.80510466
2024-05-28T09:00:00,235500.0,237500.0,230000.0,231650.0,135860.96280489
2024-05-28T13:00:00,231800.0,232250.0,228850.0,230750.0,81448.89851844
2024-05-28T17:00:00,230750.0,236000.0,230400.0,234900.0,71878.97172416
2024-05-28T21:00:00,234900.0,239650.0,231950.0,233600.0,195950.83172482
2024-05-29T01:00:00,233650.0,236700.0,231000.0,236400.0,32487.74666806
2024-05-29T05:00:00,236150.0,236700.0,233050.0,233350.0,30547.60793256
2024-05-29T09:00:00,233550.0,237950.0,231650.0,237800.0,89046.95376785
2024-05-29T13:00:00,237800.0,239500.0,236000.0,236450.0,110143.08154594
2024-05-29T17:00:00,236450.0,236750.0,232800.0,233050.0,94315.0738109
2024-05-29T21:00:00,233050.0,235400.0,232100.0,234150.0,62125.88159006
2024-05-30T01:00:00,234100.0,238300.0,233000.0,235300.0,40359.49999659
2024-05-30T05:00:00,235300.0,235900.0,233250.0,233750.0,35767.4830921
2024-05-30T09:00:00,233750.0,236700.0,233100.0,235600.0,49689.11285842
2024-05-30T13:00:00,235600.0,236550.0,229300.0,230250.0,88666.70878499
2024-05-30T17:00:00,230250.0,232550.0,228400.0,231300.0,63709.14469073
2024-05-30T21:00:00,231300.0,235400.0,231150.0,234000.0,76273.05337476
2024-05-31T01:00:00,234150.0,238750.0,233150.0,233800.0,46221.30554384
2024-05-31T05:00:00,233800.0,233800.0,231400.0,232100.0,34066.77397456
2024-05-31T09:00:00,232000.0,233000.0,230250.0,232500.0,42177.94673309
2024-05-31T13:00:00,232500.0,232950.0,229750.0,232150.0,33936.30371599
2024-05-31T17:00:00,232100.0,235250.0,230700.0,234900.0,50111.47095653
2024-05-31T21:00:00,234900.0,237750.0,230750.0,230750.0,104351.71513642
2024-06-01T01:00:00,230900.0,233400.0,230000.0,232600.0,24213.40805738
2024-06-01T05:00:00,232300.0,233650.0,231450.0,231900.0,18100.6662727
2024-06-01T09:00:00,231900.0,234500.0,231850.0,233600.0,27178.15433666
2024-06-01T13:00:00,233500.0,233950.0,232900.0,233350.0,15451.49898659
2024-06-01T17:00:00,233350.0,234050.0,233250.0,233700.0,11137.36357025
2024-06-01T21:00:00,233650.0,234550.0,233350.0,233900.0,14605.98903009
2024-06-02T01:00:00,233850.0,234250.0,233350.0,234250.0,6544.85449456
2024-06-02T05:00:00,234250.0,234400.0,232000.0,232700.0,17882.6615835
2024-06-02T09:00:00,232600.0,233500.0,231900.0,232200.0,24576.963429
2024-06-02T13:00:00,232200.0,233100.0,231200.0,231550.0,24352.64159009
2024-06-02T17:00:00,231550.0,232700.0,230200.0,232450.0,35181.21132432
2024-06-02T21:00:00,232450.0,232700.0,230850.0,231050.0,23895.39723496
2024-06-03T01:00:00,231300.0,231300.0,227450.0,229350.0,34701.86797303
2024-06-03T05:00:00,229250.0,229500.0,227750.0,228750.0,27204.02763353
2024-06-03T09:00:00,228850.0,230500.0,226800.0,228400.0,53973.08876119
2024-06-03T13:00:00,228350.0,230400.0,227000.0,229800.0,33980.03060272
2024-06-03T17:00:00,229800.0,231600.0,229100.0,229550.0,38365.24538248
2024-06-03T21:00:00,229550.0,232000.0,227450.0,229350.0,63016.44928599
2024-06-04T01:00:00,229350.0,232350.0,228050.0,232350.0,18708.55590704
2024-06-04T05:00:00,232350.0,232700.0,229250.0,230000.0,21844.44184943
2024-06-04T09:00:00,229900.0,231900.0,228950.0,231350.0,27783.72220949
2024-06-04T13:00:00,231300.0,232100.0,229400.0,229900.0,35913.71015652
2024-06-04T17:00:00,229950.0,230700.0,229100.0,230050.0,21575.51443785
2024-06-04T21:00:00,230050.0,232150.0,229950.0,232150.0,38173.15073253
2024-06-05T01:00:00,232150.0,235000.0,232100.0,234400.0,42442.79309182
2024-06-05T05:00:00,234200.0,237500.0,232650.0,237300.0,55074.04423483
2024-06-05T09:00:00,237300.0,241350.0,236500.0,238750.0,91149.1489097
2024-06-05T13:00:00,238700.0,240500.0,238150.0,239850.0,42261.86575046
2024-06-05T17:00:00,239650.0,240650.0,238500.0,239550.0,31422.32798988
2024-06-05T21:00:00,239450.0,241800.0,237500.0,241600.0,54403.13770681
2024-06-06T01:00:00,241600.0,242350.0,239000.0,239050.0,29783.07450685
2024-06-06T05:00:00,239050.0,240600.0,238900.0,239900.0,20325.41692255
2024-06-06T09:00:00,239900.0,240850.0,239600.0,240100.0,43409.8876286
2024-06-06T13:00:00,240050.0,240500.0,237900.0,239250.0,50631.89907677
2024-06-06T17:00:00,239250.0,240100.0,238750.0,240000.0,21677.3790202
2024-06-06T21:00:00,239850.0,240700.0,239100.0,240300.0,35425.74076152
2024-06-07T01:00:00,240300.0,240450.0,235000.0,235700.0,27466.61249013
2024-06-07T05:00:00,235800.0,237750.0,233900.0,236200.0,26915.20894195
2024-06-07T09:00:00,236450.0,237200.0,234800.0,236250.0,36006.74587251
2024-06-07T13:00:00,236250.0,239050.0,236200.0,238700.0,31260.36169325
2024-06-07T17:00:00,238750.0,239050.0,237000.0,239000.0,34274.30121194
2024-06-07T21:00:00,239000.0,239500.0,235650.0,236950.0,53203.61710921
2024-06-08T01:00:00,236700.0,236950.0,222200.0,228550.0,119293.47220273
2024-06-08T05:00:00,228650.0,230800.0,227350.0,229600.0,38207.12482529
2024-06-08T09:00:00,229600.0,230200.0,228400.0,229500.0,36025.95789045
2024-06-08T13:00:00,229500.0,230450.0,228000.0,230400.0,25698.71126569
2024-06-08T17:00:00,230400.0,230550.0,226050.0,226750.0,31441.95194519
2024-06-08T21:00:00,226700.0,227750.0,224000.0,225900.0,52133.39919983
2024-06-09T01:00:00,226100.0,227550.0,224550.0,225700.0,11706.51619509
2024-06-09T05:00:00,225800.0,226200.0,223000.0,223550.0,28327.09997476
2024-06-09T09:00:00,223600.0,225000.0,221550.0,223150.0,38224.07620837
2024-06-09T13:00:00,223150.0,225450.0,222050.0,224300.0,24681.34136608
2024-06-09T17:00:00,224300.0,225300.0,224050.0,224800.0,11100.90039267
2024-06-09T21:00:00,224800.0,228300.0,224500.0,228000.0,39816.87290324
2024-06-10T01:00:00,228000.0,229300.0,226200.0,228100.0,13234.08264998
2024-06-10T05:00:00,228050.0,228400.0,227250.0,227950.0,9767.40716709
2024-06-10T09:00:00,227950.0,228100.0,224300.0,224650.0,32657.83752774
2024-06-10T13:00:00,224650.0,225350.0,220450.0,220800.0,47608.54313424
2024-06-10T17:00:00,220750.0,224200.0,220550.0,223250.0,30141.51949536
2024-06-10T21:00:00,223250.0,227900.0,221000.0,226850.0,41219.41063484
2024-06-11T01:00:00,226900.0,227300.0,224100.0,224600.0,18868.26907571
2024-06-11T05:00:00,224250.0,224850.0,222000.0,222900.0,18469.38792008
2024-06-11T09:00:00,222700.0,223650.0,217750.0,218950.0,89958.83484868
2024-06-11T13:00:00,219000.0,219350.0,214700.0,215650.0,75148.24409883
2024-06-11T17:00:00,215650.0,218050.0,214600.0,216450.0,46102.67708041
2024-06-11T21:00:00,216450.0,217650.0,208350.0,209550.0,92697.64372306
2024-06-12T01:00:00,209550.0,212150.0,206100.0,211100.0,67779.60323013
2024-06-12T05:00:00,211150.0,213500.0,209750.0,211800.0,57070.55989086
2024-06-12T09:00:00,211750.0,212000.0,205550.0,210950.0,98902.44725994
2024-06-12T13:00:00,211000.0,214700.0,210700.0,213750.0,56267.56225211
2024-06-12T17:00:00,213750.0,216500.0,212950.0,214350.0,49189.06432263
2024-06-12T21:00:00,214350.0,227500.0,214250.0,222600.0,200121.28235015
2024-06-13T01:00:00,222700.0,224050.0,213250.0,216350.0,80281.01226353
2024-06-13T05:00:00,216350.0,219000.0,215350.0,218200.0,39138.74158978
2024-06-13T09:00:00,218200.0,218350.0,212000.0,213950.0,80388.21153221
2024-06-13T13:00:00,214000.0,215400.0,212700.0,214400.0,35612.82730899
2024-06-13T17:00:00,214400.0,214900.0,210600.0,211100.0,55809.99707905
2024-06-13T21:00:00,211100.0,214700.0,207150.0,208400.0,111470.77325376
2024-06-14T01:00:00,208300.0,210850.0,207500.0,209450.0,21822.28870295
2024-06-14T05:00:00,209400.0,210500.0,207500.0,208950.0,36076.87307019
2024-06-14T09:00:00,208900.0,210350.0,207000.0,209000.0,53585.07626381
2024-06-14T13:00:00,209050.0,210700.0,207900.0,209100.0,37508.67891902
2024-06-14T17:00:00,209100.0,210400.0,208500.0,209750.0,28419.88333903
2024-06-14T21:00:00,209750.0,210950.0,203150.0,203850.0,75648.86285575
2024-06-15T01:00:00,204000.0,204400.0,200050.0,202300.0,63913.67286104
2024-06-15T05:00:00,202300.0,206250.0,201750.0,203900.0,33729.6336956
2024-06-15T09:00:00,203900.0,205400.0,203400.0,205400.0,31977.01776109
2024-06-15T13:00:00,205450.0,206500.0,203550.0,203550.0,29743.46923103
2024-06-15T17:00:00,203550.0,204800.0,202700.0,204750.0,18998.98909616
2024-06-15T21:00:00,204750.0,205900.0,203950.0,205400.0,16367.71734032
2024-06-16T01:00:00,205350.0,206200.0,204350.0,204750.0,7938.02839342
2024-06-16T05:00:00,204800.0,206450.0,204150.0,206350.0,10769.72917456
2024-06-16T09:00:00,206300.0,206450.0,203950.0,204100.0,16206.78446279
2024-06-16T13:00:00,204050.0,205450.0,202850.0,204750.0,20104.04700085
2024-06-16T17:00:00,204650.0,206150.0,203800.0,205300.0,15469.02637349
2024-06-16T21:00:00,205350.0,210600.0,205050.0,210150.0,46089.54234523
2024-06-17T01:00:00,210350.0,211550.0,209200.0,210700.0,20111.69480565
2024-06-17T05:00:00,210600.0,213850.0,210050.0,213650.0,41308.74963005
2024-06-17T09:00:00,213700.0,214000.0,207000.0,207000.0,85200.00680885
2024-06-17T13:00:00,207100.0,209500.0,205200.0,206050.0,59380.78163766
2024-06-17T17:00:00,206000.0,206950.0,199500.0,202400.0,126666.86443388
2024-06-17T21:00:00,202400.0,203150.0,198400.0,198800.0,99801.39391045
2024-06-18T01:00:00,198800.0,206150.0,197350.0,203000.0,59000.63730295
2024-06-18T05:00:00,203250.0,203250.0,199400.0,201550.0,43934.98000487
2024-06-18T09:00:00,201800.0,202450.0,183500.0,191050.0,294383.54831036
2024-06-18T13:00:00,191150.0,194350.0,189900.0,193050.0,71521.58448591
2024-06-18T17:00:00,193000.0,195750.0,191500.0,193550.0,61621.73682924
2024-06-18T21:00:00,193550.0,194350.0,187900.0,192450.0,113638.95855763
2024-06-19T01:00:00,192350.0,192400.0,184650.0,188100.0,63071.79722693
2024-06-19T05:00:00,188150.0,195000.0,186650.0,193400.0,55337.16282978
2024-06-19T09:00:00,193400.0,199600.0,191400.0,198100.0,143108.84178163
2024-06-19T13:00:00,198050.0,199850.0,196850.0,197150.0,64170.10524746
2024-06-19T17:00:00,197100.0,197450.0,193100.0,194450.0,76224.21531284
2024-06-19T21:00:00,194400.0,195500.0,191350.0,193150.0,52398.24304583
2024-06-20T01:00:00,193000.0,195900.0,191450.0,192900.0,24700.93527239
2024-06-20T05:00:00,192850.0,193000.0,190150.0,191250.0,66173.66426145
2024-06-20T09:00:00,191200.0,193800.0,187350.0,187800.0,128001.91272241
2024-06-20T13:00:00,187850.0,194450.0,187200.0,193300.0,123285.66028906
2024-06-20T17:00:00,193300.0,198850.0,192350.0,196200.0,124975.34112258
2024-06-20T21:00:00,196200.0,197150.0,188000.0,188700.0,169010.26402611
2024-06-21T01:00:00,188700.0,191600.0,187100.0,189550.0,50546.23669094
2024-06-21T05:00:00,189650.0,190850.0,189000.0,189200.0,34678.88575394
2024-06-21T09:00:00,189200.0,190850.0,186500.0,187750.0,96030.37806477
2024-06-21T13:00:00,187750.0,188450.0,184500.0,185450.0,76437.29015423
2024-06-21T17:00:00,185500.0,187450.0,183200.0,186300.0,90779.31389608
2024-06-21T21:00:00,186250.0,188300.0,182700.0,185750.0,93162.85289371
2024-06-22T01:00:00,185750.0,188850.0,182200.0,187050.0,44640.60497754
2024-06-22T05:00:00,187000.0,190750.0,186200.0,189500.0,66765.41653855
2024-06-22T09:00:00,189500.0,191000.0,187550.0,190600.0,50427.05770916
2024-06-22T13:00:00,190600.0,193100.0,189800.0,190500.0,52236.91097806
2024-06-22T17:00:00,190500.0,190500.0,189100.0,190200.0,25979.46707152
2024-06-22T21:00:00,190000.0,190450.0,189300.0,189900.0,21018.29406543
2024-06-23T01:00:00,189850.0,190800.0,189450.0,190000.0,10441.2775562
2024-06-23T05:00:00,190050.0,190250.0,188500.0,189200.0,11933.58676318
2024-06-23T09:00:00,189200.0,191000.0,189000.0,190300.0,24763.47579039
2024-06-23T13:00:00,190300.0,190600.0,189400.0,190150.0,15433.24219852
2024-06-23T17:00:00,190150.0,190300.0,188400.0,189150.0,20608.23279425
2024-06-23T21:00:00,189250.0,189800.0,185800.0,185900.0,34269.21195582
2024-06-24T01:00:00,185900.0,187300.0,184400.0,185800.0,20992.44828953
2024-06-24T05:00:00,185850.0,186100.0,181000.0,181300.0,85659.87777425
2024-06-24T09:00:00,181350.0,183150.0,177000.0,177850.0,147744.99871478
2024-06-24T13:00:00,177800.0,178300.0,173800.0,176450.0,128441.7099243
2024-06-24T17:00:00,176450.0,179950.0,173000.0,179400.0,133077.76822363
2024-06-24T21:00:00,179400.0,183250.0,177450.0,178050.0,103778.91559647
2024-06-25T01:00:00,178050.0,183850.0,177600.0,180500.0,63074.14209492
2024-06-25T05:00:00,180350.0,188000.0,177250.0,187400.0,108622.55985047
2024-06-25T09:00:00,187450.0,193300.0,185000.0,191850.0,105536.66910696
2024-06-25T13:00:00,191800.0,193200.0,189450.0,189850.0,80570.06286976
2024-06-25T17:00:00,189850.0,196350.0,188050.0,194400.0,114885.90623055
2024-06-25T21:00:00,194350.0,197250.0,192650.0,196800.0,67286.30802091
2024-06-26T01:00:00,196700.0,197000.0,193550.0,195800.0,24219.90986848
2024-06-26T05:00:00,195800.0,196300.0,192400.0,193200.0,38711.16279026
2024-06-26T09:00:00,193200.0,198450.0,192400.0,195550.0,80058.54270583
2024-06-26T13:00:00,195550.0,195900.0,192350.0,194600.0,56214.94766902
2024-06-26T17:00:00,194450.0,194850.0,191600.0,193550.0,44269.98597146
2024-06-26T21:00:00,193550.0,196800.0,192500.0,193550.0,60201.0747106
2024-06-27T01:00:00,193550.0,194900.0,190750.0,194900.0,31129.52442171
2024-06-27T05:00:00,194850.0,195600.0,192750.0,193450.0,30689.98227891
2024-06-27T09:00:00,193250.0,194650.0,191850.0,194000.0,41400.13022289
2024-06-27T13:00:00,194000.0,194250.0,190450.0,191700.0,38489.56253591
2024-06-27T17:00:00,191700.0,196250.0,191050.0,195600.0,51556.08396912
2024-06-27T21:00:00,195550.0,212450.0,195250.0,207800.0,448347.50834043
2024-06-28T01:00:00,207850.0,210400.0,206500.0,209100.0,38687.27534252
2024-06-28T05:00:00,209200.0,212000.0,208700.0,210750.0,65052.05349113
2024-06-28T09:00:00,210750.0,212000.0,206000.0,207350.0,106533.79093195
2024-06-28T13:00:00,207150.0,207400.0,201750.0,204100.0,80228.43390975
2024-06-28T17:00:00,204150.0,205100.0,203200.0,204450.0,49805.82015298
2024-06-28T21:00:00,204450.0,206650.0,198500.0,201500.0,142802.06695067
2024-06-29T01:00:00,201550.0,202300.0,197700.0,198700.0,64719.74968701
2024-06-29T05:00:00,198750.0,199600.0,196000.0,197350.0,50644.84883224
2024-06-29T09:00:00,197450.0,200750.0,197250.0,199350.0,65454.89611262
2024-06-29T13:00:00,199350.0,200150.0,197050.0,199450.0,39475.27624264
2024-06-29T17:00:00,199450.0,201500.0,198800.0,200650.0,36845.82526073
2024-06-29T21:00:00,200600.0,201150.0,198850.0,200650.0,25509.88883619
2024-06-30T01:00:00,200600.0,200650.0,198600.0,199500.0,9626.62541833
2024-06-30T05:00:00,199500.0,199700.0,196750.0,197350.0,25317.62106406
2024-06-30T09:00:00,197500.0,198550.0,194100.0,194450.0,61691.62775379
2024-06-30T13:00:00,194400.0,198400.0,193000.0,197500.0,67169.68546801
2024-06-30T17:00:00,197500.0,199300.0,197100.0,198350.0,41103.46412082
2024-06-30T21:00:00,198350.0,202000.0,197450.0,201650.0,42324.80564716
2024-07-01T01:00:00,201650.0,201950.0,200350.0,200950.0,7144.0192504
2024-07-01T05:00:00,201250.0,206550.0,201000.0,205400.0,67784.02741872
2024-07-01T09:00:00,205400.0,209000.0,204300.0,206600.0,95384.44824989
2024-07-01T13:00:00,206650.0,208500.0,206250.0,207850.0,37781.59807558
2024-07-01T17:00:00,207850.0,208750.0,204200.0,204500.0,60843.64028515
2024-07-01T21:00:00,204500.0,208500.0,204450.0,208300.0,51993.64938022
2024-07-02T01:00:00,208300.0,209500.0,206000.0,207000.0,25980.00133134
2024-07-02T05:00:00,206800.0,208150.0,205000.0,205900.0,23964.56499242
2024-07-02T09:00:00,205750.0,210450.0,205200.0,209600.0,48608.8928954
2024-07-02T13:00:00,209700.0,210500.0,206250.0,206850.0,46278.25450788
2024-07-02T17:00:00,206850.0,210250.0,206250.0,209950.0,45931.3305534
2024-07-02T21:00:00,209900.0,212850.0,206750.0,208650.0,115173.65926048
2024-07-03T01:00:00,208700.0,215750.0,207700.0,214250.0,52542.3109959
2024-07-03T05:00:00,214350.0,217900.0,213850.0,216200.0,80530.71963814
2024-07-03T09:00:00,216200.0,217250.0,210600.0,212250.0,117219.61676652
2024-07-03T13:00:00,212200.0,212250.0,206550.0,206650.0,101421.28875795
2024-07-03T17:00:00,206650.0,207950.0,201700.0,203850.0,174569.82772566
2024-07-03T21:00:00,204000.0,204300.0,199300.0,200500.0,184737.4758883
2024-07-04T01:00:00,200550.0,202700.0,198300.0,199500.0,52220.64238601
2024-07-04T05:00:00,199500.0,201850.0,198050.0,199650.0,82386.84049174
2024-07-04T09:00:00,199650.0,202150.0,189350.0,194450.0,301970.74817237
2024-07-04T13:00:00,194400.0,194550.0,189700.0,190500.0,103721.20908735
2024-07-04T17:00:00,190650.0,193000.0,188050.0,189100.0,174768.9710485
2024-07-04T21:00:00,189100.0,193800.0,185600.0,192950.0,180240.19757445
2024-07-05T01:00:00,192950.0,194350.0,191150.0,191550.0,39143.32293098
2024-07-05T05:00:00,191600.0,193750.0,182600.0,183550.0,147690.42086171
2024-07-05T09:00:00,183550.0,185500.0,175800.0,176500.0,453438.8364165
2024-07-05T13:00:00,176500.0,183550.0,175000.0,181700.0,267813.02966658
2024-07-05T17:00:00,181750.0,188650.0,175500.0,187600.0,243238.22138723
2024-07-05T21:00:00,187600.0,192950.0,183900.0,192900.0,245114.12625682
2024-07-06T01:00:00,192900.0,194550.0,190800.0,192200.0,66673.11140509
2024-07-06T05:00:00,192200.0,193250.0,190650.0,192150.0,44956.5644241
2024-07-06T09:00:00,192150.0,197500.0,188400.0,192000.0,166012.61562688
2024-07-06T13:00:00,192000.0,195950.0,190500.0,195200.0,75139.45238155
2024-07-06T17:00:00,195050.0,200800.0,194600.0,197900.0,105029.32427462
2024-07-06T21:00:00,197850.0,202850.0,196200.0,202700.0,87390.8743378
2024-07-07T01:00:00,202700.0,204500.0,200950.0,203200.0,58867.17025061
2024-07-07T05:00:00,203100.0,205000.0,202400.0,203400.0,50176.08695662
2024-07-07T09:00:00,203400.0,204000.0,198700.0,201650.0,109687.24132004
2024-07-07T13:00:00,201650.0,201800.0,195800.0,197200.0,94068.02549318
2024-07-07T17:00:00,197200.0,200050.0,196950.0,198800.0,51297.56582793
2024-07-07T21:00:00,198750.0,199750.0,193000.0,195200.0,119840.07481337
2024-07-08T01:00:00,195200.0,198200.0,194750.0,195400.0,22925.66369097
2024-07-08T05:00:00,195400.0,196150.0,186800.0,187200.0,112563.88238276
2024-07-08T09:00:00,187200.0,190000.0,183000.0,187100.0,238923.25579604
2024-07-08T13:00:00,186950.0,191350.0,185650.0,189200.0,98789.78816421
2024-07-08T17:00:00,189200.0,201500.0,188800.0,199500.0,259687.63491842
2024-07-08T21:00:00,199400.0,201050.0,190850.0,195550.0,207815.38531487
2024-07-09T01:00:00,195550.0,197150.0,192350.0,196800.0,46443.93500801
2024-07-09T05:00:00,196800.0,200200.0,195100.0,198600.0,64561.40815455
2024-07-09T09:00:00,198550.0,200450.0,194300.0,199200.0,143086.25523826
2024-07-09T13:00:00,199100.0,202800.0,198550.0,200850.0,114505.99879644
2024-07-09T17:00:00,200900.0,203700.0,199050.0,201200.0,85090.66326506
2024-07-09T21:00:00,201200.0,202400.0,196400.0,198950.0,124233.87527341
2024-07-10T01:00:00,198900.0,202150.0,198300.0,201150.0,45862.8411053
2024-07-10T05:00:00,201000.0,202600.0,199350.0,200000.0,38759.16330364
2024-07-10T09:00:00,200000.0,200400.0,196800.0,200200.0,90228.02070289
2024-07-10T13:00:00,200200.0,205950.0,200100.0,203700.0,148995.19719915
2024-07-10T17:00:00,203650.0,203950.0,201200.0,201850.0,61798.47831821
2024-07-10T21:00:00,201800.0,202400.0,198550.0,200000.0,124747.52228793
2024-07-11T01:00:00,200000.0,201800.0,198700.0,200000.0,30762.60657739
2024-07-11T05:00:00,199900.0,201800.0,199000.0,201000.0,33767.42013363
2024-07-11T09:00:00,201000.0,202600.0,197700.0,199000.0,106481.92675947
2024-07-11T13:00:00,199150.0,201100.0,198150.0,200550.0,55849.48497546
2024-07-11T17:00:00,200600.0,203150.0,200450.0,202700.0,60563.14882938
2024-07-11T21:00:00,202650.0,205450.0,195350.0,196200.0,244057.21657449
2024-07-12T01:00:00,196150.0,196800.0,193050.0,193350.0,71137.68291112
2024-07-12T05:00:00,193350.0,194850.0,192100.0,192200.0,81604.38332537
2024-07-12T09:00:00,192200.0,195250.0,189950.0,193000.0,125587.53964521
2024-07-12T13:00:00,193000.0,193700.0,190400.0,191500.0,66970.03582985
2024-07-12T17:00:00,191500.0,192300.0,190000.0,191800.0,48764.02548031
2024-07-12T21:00:00,191800.0,196400.0,191650.0,195550.0,97963.68760548
2024-07-13T01:00:00,195550.0,197600.0,194100.0,195000.0,33412.12548638
2024-07-13T05:00:00,194950.0,196300.0,192850.0,196250.0,30385.47504652
2024-07-13T09:00:00,196200.0,197150.0,194950.0,195350.0,48103.7464057
2024-07-13T13:00:00,195300.0,196300.0,194300.0,196100.0,48952.45971785
2024-07-13T17:00:00,196100.0,197900.0,195100.0,196950.0,54583.49102313
2024-07-13T21:00:00,196950.0,197400.0,195800.0,197000.0,36990.03214424
2024-07-14T01:00:00,196900.0,197450.0,195600.0,196000.0,22419.9912756
2024-07-14T05:00:00,195950.0,201050.0,195500.0,198750.0,86484.86740935
2024-07-14T09:00:00,198650.0,203350.0,198600.0,201950.0,131334.91352484
2024-07-14T13:00:00,201950.0,204600.0,201750.0,203650.0,76051.00703494
2024-07-14T17:00:00,203550.0,206400.0,203400.0,203550.0,85904.68679669
2024-07-14T21:00:00,203550.0,204950.0,201550.0,204850.0,61844.98864765
2024-07-15T01:00:00,204800.0,204800.0,203100.0,203900.0,10932.50560016
2024-07-15T05:00:00,203700.0,208550.0,203650.0,207450.0,78026.5227315
2024-07-15T09:00:00,207450.0,214300.0,206500.0,213450.0,167296.24785307
2024-07-15T13:00:00,213400.0,216350.0,212600.0,215300.0,76918.28902044
2024-07-15T17:00:00,215300.0,216050.0,211550.0,212600.0,86975.40740446
2024-07-15T21:00:00,212400.0,216000.0,212400.0,215000.0,67356.00691475
2024-07-16T01:00:00,214850.0,219950.0,214450.0,218400.0,59413.94336122
2024-07-16T05:00:00,218100.0,224650.0,218100.0,224050.0,108891.46044248
2024-07-16T09:00:00,223950.0,225450.0,219150.0,221300.0,182644.25542669
2024-07-16T13:00:00,221250.0,222400.0,215200.0,215800.0,175357.34936963
2024-07-16T17:00:00,215750.0,221250.0,213600.0,221150.0,97400.86352659
2024-07-16T21:00:00,221150.0,225200.0,216650.0,224700.0,117863.52873663
2024-07-17T01:00:00,224700.0,227200.0,222000.0,226000.0,80316.0854463
2024-07-17T05:00:00,226000.0,226250.0,221900.0,224300.0,62257.80394906
2024-07-17T09:00:00,224300.0,228300.0,223050.0,224800.0,130622.86128299
2024-07-17T13:00:00,224800.0,226400.0,223400.0,223750.0,69952.74142933
2024-07-17T17:00:00,223750.0,227600.0,222150.0,224200.0,102725.58968803
2024-07-17T21:00:00,224250.0,226000.0,221050.0,221350.0,84554.54637245
2024-07-18T01:00:00,221350.0,221800.0,216800.0,219150.0,61396.25244692
2024-07-18T05:00:00,219300.0,220050.0,216800.0,217450.0,55076.6246915
2024-07-18T09:00:00,217250.0,223250.0,217150.0,221550.0,81407.74294749
2024-07-18T13:00:00,221600.0,222750.0,219050.0,220950.0,59051.29738183
2024-07-18T17:00:00,220950.0,222850.0,220400.0,222800.0,57068.94867489
2024-07-18T21:00:00,222800.0,226400.0,219200.0,219950.0,118414.22017144
2024-07-19T01:00:00,219900.0,221600.0,218250.0,220600.0,32085.81047825
2024-07-19T05:00:00,220850.0,225250.0,220050.0,223600.0,39201.07158246
2024-07-19T09:00:00,223450.0,226900.0,218700.0,226750.0,115839.95264128
2024-07-19T13:00:00,226700.0,232000.0,225050.0,226950.0,163414.37636373
2024-07-19T17:00:00,226950.0,229700.0,224200.0,228750.0,90558.01525182
2024-07-19T21:00:00,228750.0,236650.0,228150.0,235800.0,213971.33474384
2024-07-20T01:00:00,235850.0,240000.0,235100.0,238200.0,115379.60036843
2024-07-20T05:00:00,238200.0,238500.0,235050.0,235950.0,54748.40468202
2024-07-20T09:00:00,235900.0,240850.0,235200.0,238050.0,123724.93831809
2024-07-20T13:00:00,238050.0,238900.0,236100.0,236150.0,67640.61532706
2024-07-20T17:00:00,236150.0,238200.0,235600.0,236100.0,52369.14758724
2024-07-20T21:00:00,236100.0,237750.0,235150.0,237550.0,44504.51907559
2024-07-21T01:00:00,237500.0,244300.0,237150.0,241600.0,88371.15206032
2024-07-21T05:00:00,241500.0,245500.0,241300.0,243150.0,57702.55662776
2024-07-21T09:00:00,243150.0,245650.0,242150.0,243200.0,82040.31334418
2024-07-21T13:00:00,243050.0,243800.0,239850.0,240550.0,65782.07196104
2024-07-21T17:00:00,240500.0,243250.0,240350.0,242400.0,46907.3539032
2024-07-21T21:00:00,242400.0,247300.0,240550.0,246150.0,91756.70282116
2024-07-22T01:00:00,246150.0,249750.0,240050.0,249350.0,101644.06988879
2024-07-22T05:00:00,249350.0,257950.0,248450.0,257100.0,194721.28806187
2024-07-22T09:00:00,257100.0,257900.0,252050.0,252250.0,144009.96062986
2024-07-22T13:00:00,252250.0,253250.0,247450.0,249250.0,103659.33227452
2024-07-22T17:00:00,249250.0,253200.0,247250.0,252300.0,87972.40354995
2024-07-22T21:00:00,252250.0,253550.0,247550.0,251600.0,101690.71358919
2024-07-23T01:00:00,251350.0,255350.0,249850.0,254750.0,39172.51896704
2024-07-23T05:00:00,254750.0,255850.0,248000.0,249800.0,66840.35008282
2024-07-23T09:00:00,249800.0,252650.0,248000.0,250050.0,71519.73350093
2024-07-23T13:00:00,250050.0,250050.0,243000.0,246100.0,128158.11379886
2024-07-23T17:00:00,245950.0,250000.0,244000.0,245750.0,83575.83871517
2024-07-23T21:00:00,245750.0,248900.0,241600.0,247050.0,115197.92413845
2024-07-24T01:00:00,247000.0,247550.0,239800.0,241500.0,68024.71215424
2024-07-24T05:00:00,241400.0,245050.0,240100.0,242200.0,48980.12059297
2024-07-24T09:00:00,242250.0,243950.0,238150.0,242700.0,106909.18055777
2024-07-24T13:00:00,242550.0,244500.0,240550.0,244050.0,43818.78711018
2024-07-24T17:00:00,244050.0,249450.0,243300.0,248300.0,80893.24250636
2024-07-24T21:00:00,248100.0,253950.0,246200.0,248500.0,142754.84194435
2024-07-25T01:00:00,248500.0,254450.0,246750.0,248950.0,82414.73978665
2024-07-25T05:00:00,248950.0,251900.0,246050.0,249100.0,84964.66052228
2024-07-25T09:00:00,249100.0,251000.0,236150.0,239150.0,251960.65937612
2024-07-25T13:00:00,239200.0,242700.0,237650.0,237900.0,94913.99696403
2024-07-25T17:00:00,237800.0,240100.0,234150.0,236500.0,104300.98546246
2024-07-25T21:00:00,236400.0,241400.0,233100.0,238800.0,189819.07739768
2024-07-26T01:00:00,238800.0,241900.0,234050.0,235650.0,171269.44187129
2024-07-26T05:00:00,235650.0,243000.0,232650.0,241550.0,97707.4457673
2024-07-26T09:00:00,241550.0,248000.0,241250.0,246050.0,119040.67329366
2024-07-26T13:00:00,246050.0,248850.0,245800.0,247550.0,74572.00378718
2024-07-26T17:00:00,247550.0,252000.0,247550.0,250300.0,82783.09653748
2024-07-26T21:00:00,250300.0,256250.0,248800.0,253850.0,170978.50239962
2024-07-27T01:00:00,253750.0,255300.0,252600.0,254100.0,35764.02992741
2024-07-27T05:00:00,254200.0,256000.0,253000.0,255200.0,48080.12161267
2024-07-27T09:00:00,255250.0,256950.0,252650.0,255000.0,101414.93147957
2024-07-27T13:00:00,255000.0,259650.0,254900.0,259500.0,94434.37908168
2024-07-27T17:00:00,259500.0,261650.0,257100.0,259000.0,102629.29269192
2024-07-27T21:00:00,259000.0,262500.0,253450.0,255150.0,169905.49420129
2024-07-28T01:00:00,255050.0,256550.0,251300.0,253200.0,79258.31593254
2024-07-28T05:00:00,253500.0,260150.0,248900.0,255350.0,197279.28227017
2024-07-28T09:00:00,255350.0,260200.0,253450.0,256850.0,116261.25968767
2024-07-28T13:00:00,256800.0,257700.0,253000.0,256400.0,88858.12858637
2024-07-28T17:00:00,256400.0,259550.0,255450.0,259000.0,63194.72060807
2024-07-28T21:00:00,259000.0,260300.0,257100.0,257500.0,70777.91072576
2024-07-29T01:00:00,257350.0,259000.0,255900.0,258000.0,24392.72020615
2024-07-29T05:00:00,258000.0,258900.0,255450.0,258200.0,36525.13479098
2024-07-29T09:00:00,258200.0,268500.0,257600.0,267100.0,202141.84872064
2024-07-29T13:00:00,267100.0,269450.0,265050.0,266800.0,110726.31146504
2024-07-29T17:00:00,266800.0,267300.0,264500.0,265350.0,65517.05742583
2024-07-29T21:00:00,265350.0,268100.0,259600.0,261300.0,173297.30937749
2024-07-30T01:00:00,261250.0,262150.0,258000.0,261400.0,80555.70293434
2024-07-30T05:00:00,261150.0,261450.0,253800.0,255400.0,100432.25448169
2024-07-30T09:00:00,255400.0,258000.0,251500.0,255300.0,130603.75136389
2024-07-30T13:00:00,255200.0,258550.0,253950.0,255550.0,76542.15116232
2024-07-30T17:00:00,255500.0,256050.0,251750.0,253000.0,73438.47184002
2024-07-30T21:00:00,252950.0,255300.0,250000.0,253600.0,99418.92995056
2024-07-31T01:00:00,253500.0,253950.0,247250.0,249300.0,67744.16100262
2024-07-31T05:00:00,249350.0,252500.0,246350.0,251050.0,46991.57982089
2024-07-31T09:00:00,251050.0,254500.0,249100.0,252850.0,97291.52814749
2024-07-31T13:00:00,252950.0,256600.0,249000.0,255350.0,95871.81258569
2024-07-31T17:00:00,255450.0,257400.0,253100.0,253650.0,52742.09064228
2024-07-31T21:00:00,253600.0,256800.0,251200.0,251700.0,80457.22618817
2024-08-01T01:00:00,251700.0,254950.0,246000.0,247900.0,69525.55822721
2024-08-01T05:00:00,247800.0,248350.0,240100.0,240200.0,141156.26437488
2024-08-01T09:00:00,240150.0,241950.0,236250.0,236400.0,157932.96320705
2024-08-01T13:00:00,236400.0,238400.0,232150.0,236600.0,159111.65025287
2024-08-01T17:00:00,236600.0,238950.0,236000.0,238200.0,54534.73714286
2024-08-01T21:00:00,238200.0,241000.0,227750.0,229050.0,171429.47161845
2024-08-02T01:00:00,229350.0,229500.0,223150.0,228800.0,138798.10464265
2024-08-02T05:00:00,228850.0,237600.0,227450.0,235300.0,123367.03735891
2024-08-02T09:00:00,235400.0,238250.0,227000.0,231050.0,165772.86727029
2024-08-02T13:00:00,231050.0,232000.0,223600.0,226950.0,136551.07157583
2024-08-02T17:00:00,227150.0,232150.0,225350.0,230500.0,69570.48912536
2024-08-02T21:00:00,230550.0,234200.0,216500.0,220500.0,301896.24843917
2024-08-03T01:00:00,220500.0,221350.0,212000.0,213650.0,128117.24033155
2024-08-03T05:00:00,213650.0,219200.0,211700.0,215400.0,173417.7701464
2024-08-03T09:00:00,215350.0,217500.0,209200.0,217300.0,249370.2260732
2024-08-03T13:00:00,217300.0,217300.0,213350.0,213850.0,95278.01596707
2024-08-03T17:00:00,213850.0,214950.0,208850.0,214350.0,128782.70604622
2024-08-03T21:00:00,214450.0,216150.0,205750.0,206250.0,113991.79111582
2024-08-04T01:00:00,206250.0,208050.0,198350.0,199150.0,222089.75651409
2024-08-04T05:00:00,199100.0,203600.0,198550.0,201800.0,108942.33718498
2024-08-04T09:00:00,201800.0,206300.0,200150.0,203900.0,143644.95802181
2024-08-04T13:00:00,203850.0,204050.0,198200.0,198650.0,107546.64599028
2024-08-04T17:00:00,198650.0,203600.0,196550.0,202100.0,131408.50549134
2024-08-04T21:00:00,202100.0,204650.0,190850.0,191300.0,292326.53000491
2024-08-05T01:00:00,191300.0,202200.0,187000.0,200900.0,265010.52629058
2024-08-05T05:00:00,200900.0,203250.0,193500.0,194550.0,169135.08239657
2024-08-05T09:00:00,194700.0,196650.0,180000.0,180150.0,910706.10279238
2024-08-05T13:00:00,180150.0,185000.0,160950.0,176700.0,1511713.8648234
2024-08-05T17:00:00,176650.0,178050.0,161000.0,167150.0,688583.79393891
2024-08-05T21:00:00,167100.0,191400.0,160500.0,188250.0,1392480.9564355
2024-08-06T01:00:00,188000.0,196000.0,182200.0,184700.0,352343.48983246
2024-08-06T05:00:00,185200.0,195300.0,184300.0,187200.0,281358.83620105
2024-08-06T09:00:00,187200.0,204600.0,186450.0,199550.0,653829.43428318
2024-08-06T13:00:00,199550.0,206850.0,197700.0,203700.0,301774.35234929
2024-08-06T17:00:00,203650.0,203950.0,194750.0,200200.0,370538.33192536
2024-08-06T21:00:00,200200.0,208200.0,194400.0,207450.0,493628.65405088
2024-08-07T01:00:00,207300.0,210600.0,205700.0,208200.0,139882.268324
2024-08-07T05:00:00,208200.0,213050.0,205050.0,206900.0,230559.50519225
2024-08-07T09:00:00,206750.0,216300.0,203500.0,216000.0,410782.80778996
2024-08-07T13:00:00,216000.0,220650.0,214550.0,217100.0,289159.38174593
2024-08-07T17:00:00,217050.0,219850.0,214500.0,215750.0,182597.18490687
2024-08-07T21:00:00,215750.0,219450.0,208200.0,211900.0,390072.2106278
2024-08-08T01:00:00,211650.0,213300.0,203500.0,204200.0,161912.78509003
2024-08-08T05:00:00,204200.0,209900.0,202550.0,205850.0,297077.12848232
2024-08-08T09:00:00,205750.0,220700.0,200900.0,215800.0,470817.43659007
2024-08-08T13:00:00,215800.0,219300.0,213650.0,216700.0,211730.82458912
2024-08-08T17:00:00,216700.0,219200.0,215500.0,217100.0,130266.87968775
2024-08-08T21:00:00,217100.0,225750.0,215100.0,225600.0,486251.96394366
2024-08-09T01:00:00,225650.0,228400.0,218300.0,219450.0,164415.98590897
2024-08-09T05:00:00,219050.0,228850.0,218650.0,228400.0,265645.47713128
2024-08-09T09:00:00,228400.0,229950.0,222350.0,223400.0,292208.76250621
2024-08-09T13:00:00,223400.0,223550.0,217750.0,221250.0,244128.93958947
2024-08-09T17:00:00,221250.0,223650.0,218200.0,220050.0,135951.78896747
2024-08-09T21:00:00,220000.0,220900.0,213050.0,213100.0,257447.49889084
2024-08-10T01:00:00,213100.0,217150.0,212500.0,216500.0,75762.87234374
2024-08-10T05:00:00,216500.0,221450.0,213900.0,219850.0,137111.41687799
2024-08-10T09:00:00,219800.0,223600.0,215700.0,217000.0,206885.29333933
2024-08-10T13:00:00,217000.0,218850.0,215000.0,218800.0,78368.53177106
2024-08-10T17:00:00,218850.0,219500.0,216450.0,217700.0,85615.0347641
2024-08-10T21:00:00,217650.0,218000.0,215200.0,216300.0,89283.086128
2024-08-11T01:00:00,216300.0,218250.0,215350.0,217150.0,39783.80375108
2024-08-11T05:00:00,217100.0,218050.0,216200.0,216750.0,37757.44872501
2024-08-11T09:00:00,216750.0,219900.0,216000.0,218300.0,92598.38259289
2024-08-11T13:00:00,218250.0,219600.0,217300.0,219300.0,54409.70084346
2024-08-11T17:00:00,219350.0,220950.0,214000.0,215350.0,140275.03540904
2024-08-11T21:00:00,215350.0,215500.0,207650.0,208500.0,213638.12208887
2024-08-12T01:00:00,208500.0,210200.0,205000.0,205200.0,74704.56747283
2024-08-12T05:00:00,205200.0,205350.0,199000.0,199750.0,285634.92323584
2024-08-12T09:00:00,199900.0,203500.0,199100.0,202350.0,190475.29992578
2024-08-12T13:00:00,202300.0,206450.0,199350.0,204950.0,174566.08966286
2024-08-12T17:00:00,205000.0,211750.0,201650.0,210850.0,273279.11822607
2024-08-12T21:00:00,210800.0,210950.0,201200.0,206650.0,366256.4214548
2024-08-13T01:00:00,206500.0,207350.0,201000.0,201950.0,72583.48381949
2024-08-13T05:00:00,201950.0,206600.0,199600.0,205050.0,125999.05370695
2024-08-13T09:00:00,205100.0,206800.0,200350.0,201350.0,152630.68876444
2024-08-13T13:00:00,201450.0,205900.0,200450.0,204100.0,96973.27524472
2024-08-13T17:00:00,204100.0,205000.0,201050.0,204450.0,76038.12834633
2024-08-13T21:00:00,204550.0,206950.0,202750.0,204500.0,180792.79589667
2024-08-14T01:00:00,204400.0,208750.0,202300.0,204500.0,101895.9350883
2024-08-14T05:00:00,204500.0,206150.0,203500.0,204950.0,63251.57447726
2024-08-14T09:00:00,205000.0,205700.0,200600.0,202350.0,149322.91167065
2024-08-14T13:00:00,202350.0,203100.0,200650.0,203000.0,89210.67699299
2024-08-14T17:00:00,202950.0,207250.0,202000.0,206050.0,104576.47554094
2024-08-14T21:00:00,206000.0,211650.0,202650.0,205050.0,399032.96128424
2024-08-15T01:00:00,205200.0,206000.0,201700.0,202450.0,64249.02495538
2024-08-15T05:00:00,202400.0,203300.0,200450.0,201850.0,61253.26284933
2024-08-15T09:00:00,201850.0,203900.0,201050.0,202600.0,86102.87701833
2024-08-15T13:00:00,202600.0,202850.0,198350.0,200050.0,146096.09225967
2024-08-15T17:00:00,200050.0,201300.0,198250.0,200550.0,86854.97835808
2024-08-15T21:00:00,200500.0,204800.0,199600.0,203800.0,191572.41038929
2024-08-16T01:00:00,203800.0,206100.0,194150.0,197300.0,191212.02848949
2024-08-16T05:00:00,197300.0,203650.0,195700.0,200650.0,132132.33785327
2024-08-16T09:00:00,200750.0,202350.0,197800.0,199000.0,137442.01159157
2024-08-16T13:00:00,198950.0,202150.0,198500.0,201600.0,91492.7047743
2024-08-16T17:00:00,201600.0,202000.0,198300.0,198450.0,79776.19632325
2024-08-16T21:00:00,198550.0,199350.0,191600.0,193600.0,338435.55934747
2024-08-17T01:00:00,193500.0,197400.0,190850.0,196550.0,131792.31988378
2024-08-17T05:00:00,196600.0,197700.0,194500.0,194550.0,70551.32670218
2024-08-17T09:00:00,194550.0,195850.0,192300.0,193750.0,122034.90820447
2024-08-17T13:00:00,193750.0,194800.0,193300.0,194300.0,42642.78693297
2024-08-17T17:00:00,194350.0,195300.0,192900.0,194150.0,53873.9357269
2024-08-17T21:00:00,194150.0,197350.0,193900.0,195200.0,80976.66267108
2024-08-18T01:00:00,195150.0,197000.0,195000.0,196400.0,21367.09775341
2024-08-18T05:00:00,196400.0,197650.0,195950.0,197450.0,28725.44256472
2024-08-18T09:00:00,197450.0,199100.0,196400.0,196700.0,89208.69861178
2024-08-18T13:00:00,196700.0,197800.0,196150.0,197300.0,37285.71633532
2024-08-18T17:00:00,197300.0,204400.0,196900.0,201250.0,130074.46851835
2024-08-18T21:00:00,201150.0,203500.0,200050.0,202500.0,106682.45250984
2024-08-19T01:00:00,202600.0,203450.0,200650.0,203250.0,31926.7261336
2024-08-19T05:00:00,203200.0,204000.0,198000.0,198500.0,76052.15120611
2024-08-19T09:00:00,198500.0,200050.0,197050.0,198550.0,114462.2379994
2024-08-19T13:00:00,198550.0,198650.0,195700.0,196350.0,90377.50130325
2024-08-19T17:00:00,196250.0,197450.0,194200.0,196650.0,98003.85789519
2024-08-19T21:00:00,196750.0,199500.0,195650.0,198350.0,123152.68312288
2024-08-20T01:00:00,198350.0,200800.0,195950.0,196350.0,49512.34436166
2024-08-20T05:00:00,196400.0,198400.0,196100.0,198000.0,58442.63559111
2024-08-20T09:00:00,198000.0,202000.0,196800.0,198750.0,147531.91026731
2024-08-20T13:00:00,198750.0,202050.0,198400.0,200700.0,105114.31989914
2024-08-20T17:00:00,200650.0,200850.0,197400.0,197800.0,76921.27795875
2024-08-20T21:00:00,197750.0,199100.0,193200.0,194850.0,149645.34103063
2024-08-21T01:00:00,194850.0,197250.0,194150.0,196850.0,33064.52513533
2024-08-21T05:00:00,196800.0,197450.0,194650.0,194750.0,39860.97623057
2024-08-21T09:00:00,194750.0,195550.0,193850.0,194300.0,62181.40621296
2024-08-21T13:00:00,194400.0,195900.0,194250.0,195000.0,42813.21407523
2024-08-21T17:00:00,195100.0,195550.0,192350.0,192900.0,88933.44886241
2024-08-21T21:00:00,192850.0,194300.0,190100.0,191300.0,174810.39745607
2024-08-22T01:00:00,191300.0,194600.0,190700.0,194400.0,60404.37837408
2024-08-22T05:00:00,194400.0,195500.0,192800.0,193650.0,90204.513408
2024-08-22T09:00:00,193650.0,194150.0,191400.0,192300.0,78796.37041262
2024-08-22T13:00:00,192350.0,194150.0,191900.0,193950.0,41574.30575363
2024-08-22T17:00:00,193900.0,195900.0,193000.0,195500.0,65775.48734074
2024-08-22T21:00:00,195500.0,195950.0,193250.0,194050.0,63037.70751577
2024-08-23T01:00:00,194000.0,195000.0,193500.0,193950.0,15722.10366616
2024-08-23T05:00:00,193900.0,195150.0,193700.0,194250.0,20725.70136821
2024-08-23T09:00:00,194300.0,197500.0,194250.0,195900.0,76231.79697497
2024-08-23T13:00:00,195850.0,197800.0,195800.0,196550.0,56866.65333028
2024-08-23T17:00:00,196550.0,197050.0,194500.0,194950.0,60664.84392269
2024-08-23T21:00:00,194900.0,198600.0,193650.0,195150.0,167602.80772808
2024-08-24T01:00:00,195150.0,201000.0,194700.0,200550.0,123128.21662275
2024-08-24T05:00:00,200400.0,205700.0,200400.0,204650.0,165826.19584422
2024-08-24T09:00:00,204550.0,206700.0,203050.0,205200.0,155521.62618639
2024-08-24T13:00:00,205200.0,208150.0,205050.0,207450.0,72502.54177247
2024-08-24T17:00:00,207450.0,212350.0,207000.0,210200.0,149631.66726749
2024-08-24T21:00:00,210200.0,213400.0,210100.0,213000.0,87518.53941156
2024-08-25T01:00:00,212900.0,216550.0,212750.0,214400.0,77524.0677807
2024-08-25T05:00:00,214400.0,215000.0,210950.0,214850.0,75642.90334933
2024-08-25T09:00:00,214800.0,214850.0,210100.0,211250.0,124483.40080353
2024-08-25T13:00:00,211200.0,212250.0,207900.0,209050.0,100524.51635339
2024-08-25T17:00:00,209000.0,211400.0,208700.0,210850.0,52318.13203617
2024-08-25T21:00:00,210800.0,214100.0,210350.0,213100.0,62194.19959685
2024-08-26T01:00:00,213250.0,214350.0,212200.0,213150.0,27392.3797707
2024-08-26T05:00:00,213150.0,216450.0,212500.0,213250.0,86823.58205389
2024-08-26T09:00:00,213250.0,214450.0,210400.0,213750.0,99566.6729796
2024-08-26T13:00:00,213700.0,215000.0,211550.0,212450.0,77326.58085047
2024-08-26T17:00:00,212400.0,216150.0,211750.0,214200.0,116307.83909234
2024-08-26T21:00:00,214200.0,216150.0,209200.0,211300.0,168339.39911364
2024-08-27T01:00:00,211300.0,214000.0,209200.0,212250.0,42794.30014203
2024-08-27T05:00:00,212350.0,213950.0,210500.0,211100.0,46063.06256076
2024-08-27T09:00:00,211050.0,213200.0,210900.0,212600.0,65875.50779456
2024-08-27T13:00:00,212600.0,213950.0,211500.0,211850.0,43288.1707864
2024-08-27T17:00:00,211850.0,212200.0,206050.0,207450.0,116945.44639434
2024-08-27T21:00:00,207450.0,209750.0,205750.0,207550.0,78046.72068348
2024-08-28T01:00:00,207550.0,209600.0,207050.0,208900.0,20948.14088804
2024-08-28T05:00:00,208900.0,209000.0,198050.0,199850.0,276842.27259173
2024-08-28T09:00:00,199850.0,202400.0,198200.0,202400.0,112776.55123433
2024-08-28T13:00:00,202350.0,202600.0,196300.0,196600.0,91533.97299959
2024-08-28T17:00:00,196550.0,201300.0,195050.0,199900.0,122549.32940114
2024-08-28T21:00:00,199900.0,201700.0,195350.0,196850.0,118828.11348732
2024-08-29T01:00:00,196800.0,198600.0,192950.0,196950.0,97359.27889189
2024-08-29T05:00:00,197000.0,199800.0,193550.0,196350.0,78867.23887019
2024-08-29T09:00:00,196400.0,197700.0,194300.0,194850.0,55746.98970851
2024-08-29T13:00:00,194850.0,197500.0,194600.0,196300.0,54643.15248419
2024-08-29T17:00:00,196300.0,199050.0,196000.0,197550.0,59960.0317233
2024-08-29T21:00:00,197450.0,199300.0,196300.0,197800.0,105273.64739654
2024-08-30T01:00:00,197800.0,198500.0,189150.0,191050.0,114685.29030123
2024-08-30T05:00:00,191050.0,192500.0,188100.0,190550.0,120329.55014728
2024-08-30T09:00:00,190500.0,191950.0,188100.0,188500.0,105798.5552503
2024-08-30T13:00:00,188500.0,190200.0,187150.0,188750.0,95279.68717549
2024-08-30T17:00:00,188750.0,190300.0,188200.0,188650.0,50189.44810313
2024-08-30T21:00:00,188500.0,191000.0,181600.0,182650.0,226065.51073364
2024-08-31T01:00:00,182650.0,187500.0,181200.0,185000.0,108448.64007851
2024-08-31T05:00:00,185150.0,188200.0,184800.0,187700.0,59474.29145675
2024-08-31T09:00:00,187700.0,189250.0,186700.0,188050.0,94615.48174024
2024-08-31T13:00:00,188050.0,188600.0,186750.0,186900.0,33882.35238292
2024-08-31T17:00:00,186900.0,187200.0,184700.0,186300.0,46793.65164181
2024-08-31T21:00:00,186300.0,186500.0,184400.0,185600.0,34058.47771073
2024-09-01T01:00:00,185600.0,185700.0,183250.0,183800.0,25426.84153316
2024-09-01T05:00:00,183750.0,185400.0,183150.0,184350.0,22172.05946516
2024-09-01T09:00:00,184350.0,184650.0,181000.0,182800.0,93299.20506127
2024-09-01T13:00:00,182800.0,182800.0,179200.0,180950.0,102255.25177959
2024-09-01T17:00:00,181000.0,181150.0,177900.0,179850.0,113181.12383334
2024-09-01T21:00:00,179900.0,183800.0,177850.0,182850.0,113191.99474448
2024-09-02T01:00:00,182950.0,185500.0,180200.0,184400.0,42633.47382149
2024-09-02T05:00:00,184400.0,185400.0,175450.0,175850.0,159858.02388197
2024-09-02T09:00:00,175800.0,178750.0,175700.0,177550.0,134761.83235839
2024-09-02T13:00:00,177750.0,177950.0,173500.0,174150.0,128119.07612471
2024-09-02T17:00:00,174150.0,181000.0,173800.0,179500.0,143691.42331263
2024-09-02T21:00:00,179500.0,181200.0,177000.0,180350.0,85622.55539002
2024-09-03T01:00:00,180300.0,181800.0,179100.0,180550.0,23368.50751101
2024-09-03T05:00:00,180550.0,183750.0,180400.0,183150.0,71934.5940278
2024-09-03T09:00:00,183100.0,186550.0,182050.0,184050.0,111209.54265848
2024-09-03T13:00:00,184000.0,184550.0,181200.0,182750.0,77933.09516491
2024-09-03T17:00:00,182700.0,182850.0,180000.0,182300.0,60021.47116507
2024-09-03T21:00:00,182300.0,183700.0,176500.0,177000.0,156730.39021811
2024-09-04T01:00:00,177100.0,179850.0,176450.0,178400.0,39755.26114638
2024-09-04T05:00:00,178400.0,179000.0,173300.0,173900.0,101868.43855732
2024-09-04T09:00:00,173900.0,175450.0,168250.0,174050.0,267092.82489542
2024-09-04T13:00:00,174050.0,178700.0,171800.0,177300.0,114962.10004467
2024-09-04T17:00:00,177300.0,177650.0,174150.0,174850.0,79204.69803688
2024-09-04T21:00:00,174800.0,181800.0,174000.0,181400.0,166518.12669327
2024-09-05T01:00:00,181400.0,182700.0,179600.0,180550.0,55619.18344584
2024-09-05T05:00:00,180400.0,182450.0,180000.0,181250.0,41270.90870306
2024-09-05T09:00:00,181200.0,182650.0,177850.0,178200.0,104880.10073356
2024-09-05T13:00:00,178200.0,181750.0,176950.0,180150.0,93667.28558777
2024-09-05T17:00:00,180050.0,180900.0,178500.0,180250.0,53098.66421682
2024-09-05T21:00:00,180150.0,183600.0,177400.0,177900.0,169637.82921963
2024-09-06T01:00:00,177850.0,178500.0,174300.0,174900.0,52887.68472771
2024-09-06T05:00:00,175050.0,176900.0,174600.0,175750.0,60249.79355329
2024-09-06T09:00:00,175900.0,177750.0,174100.0,176550.0,90563.28581939
2024-09-06T13:00:00,176550.0,177250.0,172700.0,173300.0,104526.26601715
2024-09-06T17:00:00,173300.0,176900.0,173250.0,175650.0,70394.71437302
2024-09-06T21:00:00,175650.0,181050.0,172700.0,173950.0,332426.86022346
2024-09-07T01:00:00,173950.0,174400.0,169250.0,170900.0,141058.58306071
2024-09-07T05:00:00,170850.0,171850.0,165650.0,170500.0,156220.55978502
2024-09-07T09:00:00,170600.0,171450.0,168750.0,170600.0,86093.31589641
2024-09-07T13:00:00,170550.0,174750.0,170300.0,173650.0,75559.13152078
2024-09-07T17:00:00,173650.0,173800.0,172350.0,172850.0,40529.16794066
2024-09-07T21:00:00,172800.0,175900.0,172750.0,175150.0,69992.00885239
2024-09-08T01:00:00,175150.0,175450.0,171800.0,174600.0,33586.17748582
2024-09-08T05:00:00,174350.0,174600.0,171800.0,173500.0,35919.26794709
2024-09-08T09:00:00,173500.0,174400.0,172500.0,174150.0,37866.77534859
2024-09-08T13:00:00,174150.0,176350.0,173550.0,175800.0,58380.59211568
2024-09-08T17:00:00,175750.0,177600.0,175200.0,176400.0,65782.04498581
2024-09-08T21:00:00,176450.0,176650.0,172150.0,172400.0,77431.53781662
2024-09-09T01:00:00,172200.0,175650.0,172150.0,174750.0,25584.14330203
2024-09-09T05:00:00,174750.0,178300.0,173850.0,176550.0,70521.13040233
2024-09-09T09:00:00,176600.0,177950.0,174000.0,174650.0,92893.89189992
2024-09-09T13:00:00,174700.0,175400.0,172950.0,175350.0,70723.33900862
2024-09-09T17:00:00,175350.0,177600.0,175250.0,176000.0,87796.74430033
2024-09-09T21:00:00,176000.0,177000.0,173100.0,174650.0,138407.91987269
2024-09-10T01:00:00,174650.0,182650.0,174600.0,182650.0,169738.63225171
2024-09-10T05:00:00,182650.0,185400.0,181050.0,182650.0,122567.72786393
2024-09-10T09:00:00,182650.0,183000.0,180050.0,180150.0,100269.1214005
2024-09-10T13:00:00,180150.0,183050.0,179500.0,182600.0,59505.06158523
2024-09-10T17:00:00,182550.0,183250.0,181700.0,183150.0,56897.92793276
2024-09-10T21:00:00,183100.0,184650.0,181100.0,182200.0,93979.080374
2024-09-11T01:00:00,182100.0,186500.0,181650.0,185100.0,58330.78477833
2024-09-11T05:00:00,185000.0,185200.0,183150.0,183750.0,46556.69793121
2024-09-11T09:00:00,183700.0,184150.0,180200.0,180500.0,93593.61774298
2024-09-11T13:00:00,180400.0,180500.0,177550.0,179050.0,121015.1543239
2024-09-11T17:00:00,179050.0,179100.0,176600.0,178600.0,78422.36741642
2024-09-11T21:00:00,178600.0,180450.0,174050.0,177450.0,197356.33248697
2024-09-12T01:00:00,177450.0,180150.0,177200.0,179250.0,56794.73991918
2024-09-12T05:00:00,179200.0,179650.0,178200.0,178600.0,32229.71644796
2024-09-12T09:00:00,178600.0,183300.0,178450.0,182700.0,135497.51049765
2024-09-12T13:00:00,182700.0,183400.0,181050.0,182150.0,66301.97662742
2024-09-12T17:00:00,181900.0,182600.0,181050.0,181800.0,40748.58431781
2024-09-12T21:00:00,181750.0,184150.0,180250.0,180300.0,132585.67938505
2024-09-13T01:00:00,180300.0,182900.0,180300.0,182550.0,23980.01754405
2024-09-13T05:00:00,182400.0,183800.0,181700.0,182950.0,44289.55541756
2024-09-13T09:00:00,182950.0,183250.0,180600.0,180650.0,59368.35538609
2024-09-13T13:00:00,180600.0,181250.0,179800.0,180850.0,41715.57937544
2024-09-13T17:00:00,180850.0,181000.0,178450.0,178600.0,78798.9966423
2024-09-13T21:00:00,178600.0,183450.0,177700.0,183050.0,134750.09092028
2024-09-14T01:00:00,183050.0,185300.0,182500.0,185000.0,78923.78311169
2024-09-14T05:00:00,184950.0,187150.0,184950.0,186000.0,71668.37546804
2024-09-14T09:00:00,186050.0,187050.0,185250.0,186700.0,70369.94214813
2024-09-14T13:00:00,186500.0,186750.0,184450.0,184650.0,41062.04595108
2024-09-14T17:00:00,184650.0,184800.0,183500.0,183950.0,42006.19441583
2024-09-14T21:00:00,183950.0,185600.0,183550.0,184800.0,28753.45721547
2024-09-15T01:00:00,184750.0,185300.0,182250.0,183650.0,24088.43641133
2024-09-15T05:00:00,183650.0,184450.0,183650.0,184050.0,17335.9445365
2024-09-15T09:00:00,184050.0,185150.0,183750.0,184400.0,37504.23617335
2024-09-15T13:00:00,184400.0,184700.0,183800.0,184050.0,35533.41245419
2024-09-15T17:00:00,184050.0,184250.0,181050.0,182100.0,51981.09698391
2024-09-15T21:00:00,182100.0,183300.0,181050.0,182350.0,52007.10051543
2024-09-16T01:00:00,182350.0,182500.0,179000.0,179750.0,79464.463113
2024-09-16T05:00:00,179750.0,179850.0,176050.0,177250.0,96520.94033869
2024-09-16T09:00:00,177250.0,177950.0,174250.0,176200.0,108692.48506348
2024-09-16T13:00:00,176200.0,177100.0,175600.0,176750.0,39390.2866925
2024-09-16T17:00:00,176750.0,178150.0,176050.0,177650.0,34149.42850306
2024-09-16T21:00:00,177600.0,178250.0,175550.0,177700.0,50878.03473023
2024-09-17T01:00:00,177700.0,177850.0,174300.0,176650.0,27601.05783632
2024-09-17T05:00:00,177000.0,177650.0,175550.0,177100.0,22562.29711457
2024-09-17T09:00:00,177100.0,177750.0,175300.0,176400.0,30739.56170153
2024-09-17T13:00:00,176400.0,178700.0,176100.0,177950.0,36292.62499793
2024-09-17T17:00:00,178000.0,179300.0,177100.0,177550.0,49240.97016364
2024-09-17T21:00:00,177600.0,181800.0,176500.0,180500.0,130461.23788922
2024-09-18T01:00:00,180350.0,180850.0,176200.0,177600.0,57224.76869399
2024-09-18T05:00:00,177550.0,178200.0,176200.0,177000.0,49917.30340536
2024-09-18T09:00:00,176950.0,177600.0,175300.0,177050.0,79000.58839552
2024-09-18T13:00:00,177000.0,177150.0,175500.0,176700.0,43972.20775683
2024-09-18T17:00:00,176750.0,176750.0,173000.0,174550.0,84044.17824283
2024-09-18T21:00:00,174500.0,175400.0,171800.0,172550.0,81674.13560852
2024-09-19T01:00:00,172550.0,178450.0,172050.0,174100.0,101846.16047641
2024-09-19T05:00:00,174100.0,179850.0,172800.0,179800.0,74857.92704674
2024-09-19T09:00:00,179800.0,185500.0,179600.0,184450.0,231202.65047554
2024-09-19T13:00:00,184400.0,185700.0,183300.0,184900.0,97197.68463797
2024-09-19T17:00:00,184700.0,186550.0,184650.0,186500.0,71632.45127168
2024-09-19T21:00:00,186500.0,191400.0,186300.0,191350.0,168369.21697708
2024-09-20T01:00:00,191300.0,192200.0,190200.0,191250.0,62167.62627198
2024-09-20T05:00:00,191250.0,191700.0,187700.0,190400.0,78158.13757997
2024-09-20T09:00:00,190500.0,193050.0,188350.0,193000.0,115998.24542114
2024-09-20T13:00:00,193050.0,203000.0,192900.0,201350.0,307109.89850139
2024-09-20T17:00:00,201300.0,202450.0,199900.0,201150.0,109966.5620236
2024-09-20T21:00:00,201150.0,201800.0,195150.0,197850.0,166588.64297517
2024-09-21T01:00:00,197800.0,198400.0,194000.0,196350.0,46306.16048259
2024-09-21T05:00:00,196350.0,197650.0,195500.0,196050.0,36246.68448141
2024-09-21T09:00:00,196000.0,198500.0,193850.0,195650.0,106510.5962787
2024-09-21T13:00:00,195500.0,197650.0,193600.0,197150.0,51700.35138683
2024-09-21T17:00:00,197200.0,197950.0,195550.0,196650.0,39438.60113434
2024-09-21T21:00:00,196650.0,199900.0,196000.0,197400.0,77382.72585745
2024-09-22T01:00:00,197450.0,198450.0,196600.0,196750.0,19984.95375524
2024-09-22T05:00:00,196700.0,199800.0,196500.0,199050.0,31632.10492089
2024-09-22T09:00:00,199150.0,199650.0,196700.0,197650.0,55453.9069176
2024-09-22T13:00:00,197600.0,198900.0,195850.0,196750.0,39120.91501907
2024-09-22T17:00:00,196700.0,197400.0,192500.0,193650.0,71732.85634778
2024-09-22T21:00:00,193650.0,193950.0,190600.0,191500.0,57407.06632573
2024-09-23T01:00:00,191250.0,194300.0,190700.0,193400.0,22546.63307761
2024-09-23T05:00:00,193400.0,195000.0,189350.0,193400.0,103058.27399941
2024-09-23T09:00:00,193400.0,198550.0,190250.0,197150.0,121294.95460921
2024-09-23T13:00:00,197150.0,197950.0,194250.0,194800.0,59438.33293102
2024-09-23T17:00:00,194800.0,195050.0,191900.0,192450.0,75483.15464738
2024-09-23T21:00:00,192400.0,194900.0,191150.0,193000.0,91535.53737507
2024-09-24T01:00:00,193000.0,194000.0,191500.0,192000.0,21183.64587391
2024-09-24T05:00:00,191900.0,194150.0,191150.0,193500.0,36803.39405903
2024-09-24T09:00:00,193550.0,196400.0,191700.0,195800.0,108423.39947184
2024-09-24T13:00:00,195800.0,196650.0,194200.0,196450.0,49178.95253185
2024-09-24T17:00:00,196450.0,198300.0,195050.0,195650.0,74993.20877953
2024-09-24T21:00:00,195650.0,197900.0,193250.0,194600.0,78642.18741051
2024-09-25T01:00:00,194600.0,197800.0,194350.0,197250.0,25189.09741141
2024-09-25T05:00:00,197250.0,203750.0,196600.0,202300.0,141600.28049669
2024-09-25T09:00:00,202300.0,204000.0,200900.0,201800.0,106926.08051786
2024-09-25T13:00:00,201800.0,202100.0,198350.0,199600.0,65066.06859984
2024-09-25T17:00:00,199550.0,201300.0,199400.0,201250.0,36084.41083883
2024-09-25T21:00:00,201250.0,203650.0,199750.0,200900.0,54296.86687919
2024-09-26T01:00:00,200850.0,202500.0,199150.0,200400.0,24391.96462024
2024-09-26T05:00:00,200350.0,201700.0,196900.0,197950.0,44268.84589933
2024-09-26T09:00:00,197950.0,199650.0,195600.0,198950.0,62866.89404103
2024-09-26T13:00:00,199000.0,202050.0,198400.0,202000.0,41287.39982846
2024-09-26T17:00:00,201950.0,203200.0,200300.0,202800.0,61682.82345448
2024-09-26T21:00:00,202850.0,208150.0,200850.0,207100.0,154473.80190274
2024-09-27T01:00:00,207200.0,208300.0,205050.0,205400.0,42967.75674275
2024-09-27T05:00:00,205350.0,206500.0,203550.0,205150.0,41392.21383776
2024-09-27T09:00:00,205150.0,206800.0,203950.0,205650.0,63664.5370382
2024-09-27T13:00:00,205600.0,209450.0,205400.0,207900.0,87662.80920697
2024-09-27T17:00:00,207900.0,210000.0,206200.0,206800.0,67081.7313872
2024-09-27T21:00:00,206800.0,211900.0,205950.0,209550.0,114737.55107788
2024-09-28T01:00:00,209550.0,210350.0,207400.0,208550.0,30892.06891826
2024-09-28T05:00:00,208400.0,209400.0,208200.0,208300.0,20569.76925353
2024-09-28T09:00:00,208300.0,209950.0,207850.0,209300.0,37923.03614997
2024-09-28T13:00:00,209250.0,209700.0,206050.0,206350.0,48856.35081364
2024-09-28T17:00:00,206300.0,207900.0,204750.0,206900.0,51179.12831665
2024-09-28T21:00:00,206900.0,207550.0,205500.0,206350.0,28448.60595265
2024-09-29T01:00:00,206350.0,206750.0,205650.0,206100.0,12028.67623221
2024-09-29T05:00:00,206000.0,206750.0,205000.0,206500.0,16358.34942464
2024-09-29T09:00:00,206450.0,208700.0,205800.0,208000.0,34541.83804117
2024-09-29T13:00:00,208000.0,208450.0,204250.0,205050.0,45136.15151763
2024-09-29T17:00:00,205200.0,206650.0,204800.0,206450.0,21541.46996208
2024-09-29T21:00:00,206450.0,207300.0,205100.0,206200.0,34821.08239449
2024-09-30T01:00:00,206200.0,208700.0,205650.0,208550.0,17537.39433182
2024-09-30T05:00:00,208500.0,211500.0,206750.0,207450.0,58034.06730456
2024-09-30T09:00:00,207450.0,208600.0,203000.0,204300.0,101905.15831282
2024-09-30T13:00:00,204300.0,206000.0,203000.0,205150.0,37307.81151957
2024-09-30T17:00:00,205100.0,205200.0,201600.0,204400.0,61754.08843617
2024-09-30T21:00:00,204400.0,206500.0,203100.0,203100.0,44160.26737625
2024-10-01T01:00:00,203100.0,205250.0,203050.0,204400.0,15389.13692
2024-10-01T05:00:00,204400.0,206700.0,201000.0,201800.0,44375.56635252
2024-10-01T09:00:00,201800.0,205000.0,200100.0,204950.0,71999.8997209
2024-10-01T13:00:00,204900.0,207500.0,204650.0,207250.0,43789.48469143
2024-10-01T17:00:00,207250.0,207950.0,206150.0,206800.0,30769.34787742
2024-10-01T21:00:00,206750.0,206900.0,195000.0,199100.0,161701.01489374
2024-10-02T01:00:00,199050.0,199450.0,191550.0,194650.0,96665.69859533
2024-10-02T05:00:00,194650.0,195700.0,191150.0,194600.0,89373.94072406
2024-10-02T09:00:00,194600.0,197600.0,192300.0,196550.0,80562.54504103
2024-10-02T13:00:00,196550.0,198400.0,194850.0,196800.0,45988.5470687
2024-10-02T17:00:00,196800.0,197650.0,193700.0,195550.0,55689.15173897
2024-10-02T21:00:00,195500.0,197500.0,191500.0,197300.0,78173.2052536
2024-10-03T01:00:00,197300.0,198300.0,187000.0,188850.0,68243.98547567
2024-10-03T05:00:00,188900.0,191000.0,187100.0,189050.0,66880.23813245
2024-10-03T09:00:00,189050.0,192450.0,187100.0,192450.0,76866.29159105
2024-10-03T13:00:00,192400.0,192400.0,188950.0,189050.0,39884.8858874
2024-10-03T17:00:00,189100.0,189250.0,183500.0,185350.0,126583.1737601
2024-10-03T21:00:00,185350.0,187700.0,181300.0,184050.0,140289.32020113
2024-10-04T01:00:00,184050.0,185850.0,181600.0,185700.0,27774.70020627
2024-10-04T05:00:00,185850.0,186600.0,183350.0,185800.0,32890.83907259
2024-10-04T09:00:00,185800.0,187500.0,184200.0,185800.0,58002.63445112
2024-10-04T13:00:00,185800.0,188200.0,185750.0,187950.0,33250.8872376
2024-10-04T17:00:00,187900.0,189800.0,187450.0,188950.0,40575.16298989
2024-10-04T21:00:00,188900.0,193050.0,187650.0,192750.0,120637.93909961
2024-10-05T01:00:00,192550.0,195000.0,192000.0,194300.0,44495.28256947
2024-10-05T05:00:00,194250.0,195000.0,192700.0,193400.0,25806.64806801
2024-10-05T09:00:00,193400.0,194850.0,191550.0,192100.0,50184.64918937
2024-10-05T13:00:00,192100.0,195000.0,191300.0,194400.0,33572.13498318
2024-10-05T17:00:00,194350.0,195650.0,193700.0,193900.0,28796.59207679
2024-10-05T21:00:00,193800.0,194750.0,192650.0,193300.0,19642.92632306
2024-10-06T01:00:00,193150.0,193250.0,192100.0,192350.0,9581.41378423
2024-10-06T05:00:00,192350.0,193550.0,191000.0,193100.0,18629.50315112
2024-10-06T09:00:00,193100.0,194150.0,192250.0,192950.0,20516.73203367
2024-10-06T13:00:00,192900.0,193750.0,192050.0,193050.0,17350.29896216
2024-10-06T17:00:00,193100.0,194500.0,192750.0,194350.0,24393.02951306
2024-10-06T21:00:00,194350.0,197450.0,194350.0,196350.0,48194.97830261
2024-10-07T01:00:00,196450.0,197100.0,195300.0,196100.0,16271.63921135
2024-10-07T05:00:00,195850.0,197300.0,194600.0,196900.0,28832.46284994
2024-10-07T09:00:00,196900.0,202200.0,196300.0,201150.0,87269.75746062
2024-10-07T13:00:00,201150.0,201900.0,199000.0,199000.0,42434.71340792
2024-10-07T17:00:00,199000.0,200350.0,195750.0,198400.0,61332.84599045
2024-10-07T21:00:00,198300.0,203750.0,197000.0,199750.0,91255.10955619
2024-10-08T01:00:00,199750.0,200350.0,196000.0,197750.0,32523.62043693
2024-10-08T05:00:00,197750.0,198100.0,193800.0,194350.0,50900.83497054
2024-10-08T09:00:00,194200.0,196300.0,193500.0,195300.0,40371.60029819
2024-10-08T13:00:00,195300.0,195650.0,192500.0,193450.0,42790.90188196
2024-10-08T17:00:00,193450.0,195400.0,193100.0,195400.0,24420.83143696
2024-10-08T21:00:00,195400.0,196400.0,191500.0,193300.0,59398.76711355
2024-10-09T01:00:00,193300.0,195000.0,192150.0,194800.0,15230.42255744
2024-10-09T05:00:00,194800.0,195300.0,193250.0,194000.0,17922.14824452
2024-10-09T09:00:00,194150.0,196500.0,193750.0,194650.0,29316.90508717
2024-10-09T13:00:00,194650.0,194850.0,193250.0,193750.0,20837.2240888
2024-10-09T17:00:00,193750.0,194200.0,192900.0,193700.0,21183.20825025
2024-10-09T21:00:00,193700.0,193750.0,190050.0,192950.0,54469.87506847
2024-10-10T01:00:00,193000.0,193200.0,190000.0,191650.0,20685.52892085
2024-10-10T05:00:00,191450.0,191650.0,188750.0,189250.0,40044.38994635
2024-10-10T09:00:00,189250.0,190150.0,187100.0,189500.0,53396.61936506
2024-10-10T13:00:00,189500.0,190750.0,188850.0,189650.0,25226.8428554
2024-10-10T17:00:00,189600.0,190400.0,186850.0,190250.0,40772.91483088
2024-10-10T21:00:00,190300.0,190650.0,185500.0,188150.0,73887.60800626
2024-10-11T01:00:00,188150.0,188750.0,185350.0,188050.0,26759.98407176
2024-10-11T05:00:00,188100.0,189300.0,186800.0,189300.0,25127.14154638
2024-10-11T09:00:00,189300.0,192050.0,188500.0,191100.0,42315.10827941
2024-10-11T13:00:00,191000.0,192600.0,190800.0,191300.0,30173.91392611
2024-10-11T17:00:00,191300.0,193300.0,191150.0,192400.0,27109.34159266
2024-10-11T21:00:00,192400.0,196600.0,192300.0,195350.0,54935.13029261
2024-10-12T01:00:00,195250.0,197700.0,194650.0,196350.0,41378.45296056
2024-10-12T05:00:00,196300.0,197450.0,195750.0,196500.0,22620.98834785
2024-10-12T09:00:00,196400.0,197950.0,195250.0,195850.0,45160.94554204
2024-10-12T13:00:00,195800.0,197100.0,195800.0,196600.0,17407.58536029
2024-10-12T17:00:00,196550.0,198500.0,196500.0,197100.0,27810.31122803
2024-10-12T21:00:00,197100.0,198300.0,196350.0,196850.0,36889.16754233
2024-10-13T01:00:00,196600.0,198000.0,196600.0,197500.0,10661.37307299
2024-10-13T05:00:00,197400.0,197950.0,197000.0,197050.0,11783.56044972
2024-10-13T09:00:00,197050.0,197800.0,195800.0,195950.0,34339.44597285
2024-10-13T13:00:00,195950.0,198100.0,195800.0,197300.0,22475.06934691
2024-10-13T17:00:00,197300.0,200050.0,197200.0,197550.0,48830.58982828
2024-10-13T21:00:00,197500.0,199850.0,195350.0,196650.0,48859.2398263
2024-10-14T01:00:00,196550.0,197300.0,196000.0,197200.0,4917.01319247
2024-10-14T05:00:00,197250.0,199550.0,197050.0,199200.0,19980.97171524
2024-10-14T09:00:00,199250.0,205350.0,198150.0,205300.0,91159.13372703
2024-10-14T13:00:00,205250.0,206450.0,203050.0,205950.0,83038.00303523
2024-10-14T17:00:00,205900.0,206850.0,204750.0,205900.0,60933.84112985
2024-10-14T21:00:00,205900.0,211800.0,205150.0,210150.0,131240.22528948
2024-10-15T01:00:00,210100.0,210150.0,207500.0,208800.0,30783.19120649
2024-10-15T05:00:00,208700.0,211600.0,208450.0,211250.0,48647.21237552
2024-10-15T09:00:00,211250.0,211800.0,208050.0,208200.0,98084.73686557
2024-10-15T13:00:00,208200.0,209850.0,206800.0,209050.0,58880.62981965
2024-10-15T17:00:00,209000.0,209750.0,205800.0,206450.0,63222.83357232
2024-10-15T21:00:00,206450.0,214950.0,204200.0,207650.0,236618.77002585
2024-10-16T01:00:00,207700.0,210950.0,207500.0,209900.0,36663.78189422
2024-10-16T05:00:00,209850.0,210000.0,206600.0,209150.0,38592.00254423
2024-10-16T09:00:00,209150.0,211250.0,207200.0,208850.0,58385.97046516
2024-10-16T13:00:00,208850.0,209550.0,207250.0,208250.0,35102.32240061
2024-10-16T17:00:00,208250.0,213750.0,208000.0,210950.0,76035.41899115
2024-10-16T21:00:00,210950.0,211850.0,208500.0,210800.0,73017.26963629
2024-10-17T01:00:00,210800.0,211000.0,209050.0,209150.0,16006.22630797
2024-10-17T05:00:00,209250.0,209650.0,208100.0,209300.0,28513.18048792
2024-10-17T09:00:00,209000.0,210750.0,208700.0,209700.0,32556.87386044
2024-10-17T13:00:00,209700.0,209850.0,206000.0,207150.0,56757.99097412
2024-10-17T17:00:00,207050.0,209100.0,206400.0,206600.0,35669.20355699
2024-10-17T21:00:00,206600.0,208850.0,206300.0,208150.0,39644.89405332
2024-10-18T01:00:00,208150.0,208150.0,202000.0,204150.0,72304.28246324
2024-10-18T05:00:00,204150.0,205800.0,204050.0,204900.0,23756.65937436
2024-10-18T09:00:00,204900.0,207850.0,203600.0,206500.0,56478.94362524
2024-10-18T13:00:00,206500.0,209700.0,206500.0,209250.0,44960.07080077
2024-10-18T17:00:00,209200.0,209750.0,208800.0,208850.0,32025.93918536
2024-10-18T21:00:00,208900.0,210950.0,207700.0,210600.0,52441.99735019
2024-10-19T01:00:00,210600.0,212500.0,209100.0,210600.0,40464.31891988
2024-10-19T05:00:00,210600.0,211450.0,209750.0,211100.0,25434.54644597
2024-10-19T09:00:00,211100.0,212100.0,210100.0,210700.0,41411.03950407
2024-10-19T13:00:00,210700.0,211400.0,210250.0,210750.0,18510.97258708
2024-10-19T17:00:00,210750.0,211700.0,210200.0,210200.0,23587.46055574
2024-10-19T21:00:00,210350.0,214450.0,210200.0,213500.0,61442.69029514
2024-10-20T01:00:00,213450.0,213900.0,212000.0,213300.0,15164.78675817
2024-10-20T05:00:00,213250.0,217950.0,213100.0,217950.0,51013.94442279
2024-10-20T09:00:00,217950.0,219150.0,215850.0,216950.0,56631.0775962
2024-10-20T13:00:00,216850.0,219500.0,216550.0,217000.0,44329.34535104
2024-10-20T17:00:00,216950.0,218000.0,216500.0,217600.0,21903.15024325
2024-10-20T21:00:00,217600.0,219950.0,215850.0,218250.0,74342.30027888
2024-10-21T01:00:00,218200.0,219500.0,217000.0,218800.0,15487.32637913
2024-10-21T05:00:00,218550.0,228250.0,218350.0,227400.0,130966.78117176
2024-10-21T09:00:00,227400.0,231400.0,227350.0,230950.0,127565.25486256
2024-10-21T13:00:00,230850.0,233500.0,230000.0,230250.0,73396.782667
2024-10-21T17:00:00,230250.0,231550.0,226050.0,227450.0,85518.30325105
2024-10-21T21:00:00,227400.0,228200.0,220150.0,226150.0,128145.36685376
2024-10-22T01:00:00,226150.0,230000.0,223450.0,229500.0,36131.46116661
2024-10-22T05:00:00,229500.0,230300.0,227150.0,227300.0,45066.74402211
2024-10-22T09:00:00,227300.0,230000.0,223000.0,228350.0,107158.49961089
2024-10-22T13:00:00,228300.0,231550.0,228000.0,229200.0,61551.92491648
2024-10-22T17:00:00,229300.0,232500.0,225050.0,230700.0,100341.31894691
2024-10-22T21:00:00,230700.0,234700.0,227050.0,231000.0,129651.3561279
2024-10-23T01:00:00,230700.0,232350.0,228900.0,231550.0,25065.89906676
2024-10-23T05:00:00,231550.0,233000.0,230100.0,230900.0,36824.13129449
2024-10-23T09:00:00,230700.0,231200.0,227700.0,228500.0,63521.36610866
2024-10-23T13:00:00,228500.0,229500.0,227000.0,229100.0,40361.33883196
2024-10-23T17:00:00,229000.0,230800.0,227250.0,230100.0,53930.86432381
2024-10-23T21:00:00,230100.0,234350.0,228100.0,232750.0,121702.51733587
2024-10-24T01:00:00,232950.0,240650.0,229150.0,239750.0,116285.73001258
2024-10-24T05:00:00,239750.0,241400.0,235000.0,236450.0,96448.84089284
2024-10-24T09:00:00,236500.0,242350.0,235800.0,240200.0,124295.87159946
2024-10-24T13:00:00,240200.0,241800.0,238300.0,240100.0,54984.63100957
2024-10-24T17:00:00,240050.0,241000.0,237000.0,240300.0,76102.48796261
2024-10-24T21:00:00,240250.0,244400.0,240200.0,242550.0,107704.45938624
2024-10-25T01:00:00,242550.0,245000.0,241900.0,244750.0,35380.98531294
2024-10-25T05:00:00,244550.0,247000.0,243500.0,244650.0,64682.45209643
2024-10-25T09:00:00,244600.0,245000.0,241300.0,242000.0,102406.35008915
2024-10-25T13:00:00,242000.0,242600.0,238650.0,239000.0,74718.26361234
2024-10-25T17:00:00,239000.0,241650.0,237100.0,240900.0,75439.76555184
2024-10-25T21:00:00,240900.0,245750.0,238250.0,240200.0,90290.88687621
2024-10-26T01:00:00,240200.0,240900.0,231600.0,235150.0,88678.08196773
2024-10-26T05:00:00,235300.0,236250.0,225150.0,232150.0,202660.55456547
2024-10-26T09:00:00,232150.0,233650.0,227850.0,232400.0,122747.19136111
2024-10-26T13:00:00,232350.0,237000.0,232000.0,234750.0,62979.04872143
2024-10-26T17:00:00,234750.0,238700.0,234600.0,236600.0,49433.88316472
2024-10-26T21:00:00,236500.0,237700.0,234600.0,236500.0,48798.77188209
2024-10-27T01:00:00,236600.0,241350.0,236300.0,240000.0,29007.77222054
2024-10-27T05:00:00,240000.0,242500.0,238700.0,239050.0,39732.83932956
2024-10-27T09:00:00,239050.0,242850.0,238300.0,241200.0,56214.7260084
2024-10-27T13:00:00,241100.0,243000.0,240350.0,242400.0,47666.02464112
2024-10-27T17:00:00,242200.0,245500.0,242150.0,243650.0,86028.58590697
2024-10-27T21:00:00,243600.0,247700.0,243550.0,245450.0,91743.40757575
2024-10-28T01:00:00,245400.0,248000.0,243900.0,247550.0,41003.83468701
2024-10-28T05:00:00,247500.0,248450.0,246050.0,246400.0,49129.78317401
2024-10-28T09:00:00,246250.0,247700.0,244100.0,245300.0,88718.55932875
2024-10-28T13:00:00,245250.0,246000.0,241700.0,244700.0,83744.37593817
2024-10-28T17:00:00,244650.0,248400.0,244600.0,246250.0,74868.49374289
2024-10-28T21:00:00,246250.0,247950.0,242500.0,242700.0,116988.86011235
2024-10-29T01:00:00,242700.0,247500.0,241300.0,245500.0,50812.1585826
2024-10-29T05:00:00,245500.0,250000.0,244600.0,248150.0,95871.99156173
2024-10-29T09:00:00,248150.0,252650.0,246900.0,252600.0,173153.86281352
2024-10-29T13:00:00,252600.0,253750.0,250000.0,250900.0,76056.6984756
2024-10-29T17:00:00,250900.0,253050.0,250800.0,251900.0,49649.89112319
2024-10-29T21:00:00,251850.0,252200.0,248550.0,250700.0,117041.23020558
2024-10-30T01:00:00,250600.0,254050.0,248050.0,248050.0,104760.41939456
2024-10-30T05:00:00,248100.0,251000.0,245900.0,249800.0,72330.91169921
2024-10-30T09:00:00,249800.0,251250.0,246150.0,250000.0,107820.21301312
2024-10-30T13:00:00,250000.0,251400.0,248100.0,248550.0,46088.50272069
2024-10-30T17:00:00,248450.0,249450.0,243750.0,244100.0,69516.40154441
2024-10-30T21:00:00,244100.0,246150.0,241200.0,242000.0,87479.70695902
2024-10-31T01:00:00,242000.0,244150.0,241300.0,242450.0,19934.92498222
2024-10-31T05:00:00,242400.0,245550.0,241150.0,243200.0,28132.44827571
2024-10-31T09:00:00,243200.0,245250.0,242150.0,242400.0,46260.33386651
2024-10-31T13:00:00,242400.0,244450.0,241200.0,242700.0,35015.04005363
2024-10-31T17:00:00,242700.0,244800.0,241050.0,243400.0,38324.60334031
2024-10-31T21:00:00,243400.0,243950.0,236550.0,238350.0,99614.72619431
2024-11-01T01:00:00,238450.0,238800.0,235650.0,235850.0,28264.58157616
2024-11-01T05:00:00,235850.0,237750.0,233300.0,235500.0,53665.0878554
2024-11-01T09:00:00,235450.0,236650.0,229650.0,232750.0,105553.65280716
2024-11-01T13:00:00,232750.0,233300.0,229650.0,231100.0,43844.88725308
2024-11-01T17:00:00,231100.0,235550.0,230250.0,234150.0,51336.46362902
2024-11-01T21:00:00,234250.0,242700.0,228900.0,229450.0,132104.45390071
2024-11-02T01:00:00,229400.0,234200.0,229000.0,233350.0,36912.24121772
2024-11-02T05:00:00,233200.0,234200.0,230000.0,232600.0,27949.56700904
2024-11-02T09:00:00,232550.0,236150.0,232500.0,233850.0,27476.16949717
2024-11-02T13:00:00,233900.0,235200.0,232300.0,235000.0,18755.20862304
2024-11-02T17:00:00,234950.0,235250.0,232300.0,232700.0,17605.39139061
2024-11-02T21:00:00,232700.0,233100.0,227350.0,229800.0,64549.15390551
2024-11-03T01:00:00,229600.0,232200.0,229000.0,231850.0,15869.98329521
2024-11-03T05:00:00,231750.0,234100.0,231550.0,232800.0,21459.27696556
2024-11-03T09:00:00,232850.0,233400.0,226000.0,227150.0,69978.85112428
2024-11-03T13:00:00,227150.0,229700.0,226550.0,228600.0,36727.49176383
2024-11-03T17:00:00,228750.0,230100.0,226950.0,228050.0,39704.48727881
2024-11-03T21:00:00,228050.0,229650.0,220000.0,223250.0,132960.09329555
2024-11-04T01:00:00,223200.0,226000.0,221400.0,225450.0,35915.67207884
2024-11-04T05:00:00,225650.0,229550.0,224800.0,226650.0,49083.69200584
2024-11-04T09:00:00,226650.0,229800.0,222850.0,226450.0,73821.41020474
2024-11-04T13:00:00,226400.0,228000.0,223800.0,224000.0,31864.13444368
2024-11-04T17:00:00,224000.0,228800.0,222100.0,227700.0,50545.85731521
2024-11-04T21:00:00,227750.0,229100.0,224700.0,226600.0,55215.28012005
2024-11-05T01:00:00,226650.0,227200.0,221550.0,222650.0,35440.95893797
2024-11-05T05:00:00,222600.0,223200.0,215950.0,219650.0,96878.30306308
2024-11-05T09:00:00,219650.0,222400.0,218100.0,222400.0,62973.18857849
2024-11-05T13:00:00,222400.0,226650.0,221950.0,226250.0,67297.14756697
2024-11-05T17:00:00,226250.0,227450.0,223950.0,226400.0,58338.00350406
2024-11-05T21:00:00,226400.0,233950.0,225500.0,231000.0,134757.12867491
2024-11-06T01:00:00,230850.0,235050.0,228000.0,228800.0,50152.80009354
2024-11-06T05:00:00,228800.0,232950.0,227950.0,230900.0,54102.9291464
2024-11-06T09:00:00,230950.0,255100.0,230900.0,254950.0,482019.27938402
2024-11-06T13:00:00,254950.0,259400.0,247600.0,251400.0,516420.26011896
2024-11-06T17:00:00,251400.0,257900.0,245750.0,257850.0,236406.49957753
2024-11-06T21:00:00,257850.0,259800.0,254750.0,256450.0,162149.47922108
2024-11-07T01:00:00,256150.0,258400.0,255050.0,258100.0,38174.08602269
2024-11-07T05:00:00,258100.0,261100.0,255800.0,257400.0,141246.00846572
2024-11-07T09:00:00,257400.0,264750.0,254850.0,260150.0,226932.3259551
2024-11-07T13:00:00,260100.0,261250.0,255450.0,259300.0,98657.64211485
2024-11-07T17:00:00,259200.0,261400.0,257400.0,257400.0,56224.32811476
2024-11-07T21:00:00,257400.0,264500.0,256200.0,264400.0,86665.40554611
2024-11-08T01:00:00,264500.0,270800.0,262150.0,269750.0,122008.49457058
2024-11-08T05:00:00,269750.0,270800.0,266650.0,269750.0,81476.5252539
2024-11-08T09:00:00,269700.0,277000.0,269700.0,273800.0,167583.06240068
2024-11-08T13:00:00,273850.0,276700.0,272600.0,276200.0,80825.59722616
2024-11-08T17:00:00,276200.0,284300.0,273900.0,282150.0,193186.38355243
2024-11-08T21:00:00,282150.0,284400.0,275600.0,279600.0,169622.70571041
2024-11-09T01:00:00,279550.0,281100.0,274450.0,278350.0,77756.69261233
2024-11-09T05:00:00,278400.0,279300.0,275350.0,278900.0,68868.8506257
2024-11-09T09:00:00,278900.0,280000.0,275550.0,277900.0,113518.69718249
2024-11-09T13:00:00,277900.0,281700.0,277900.0,278500.0,84610.30243305
2024-11-09T17:00:00,278500.0,282900.0,278200.0,281200.0,73851.81742438
2024-11-09T21:00:00,281250.0,281700.0,275850.0,276950.0,76595.90644325
2024-11-10T01:00:00,277200.0,278200.0,272500.0,275650.0,40110.98931632
2024-11-10T05:00:00,275750.0,279950.0,275200.0,277450.0,75547.67003138
2024-11-10T09:00:00,277450.0,283850.0,275600.0,279500.0,181797.0446155
2024-11-10T13:00:00,279500.0,289200.0,279050.0,284550.0,195612.53143886
2024-11-10T17:00:00,284500.0,287000.0,283950.0,286350.0,127311.87321293
2024-11-10T21:00:00,286300.0,294450.0,280650.0,293500.0,309805.51397911
2024-11-11T01:00:00,293500.0,295000.0,285000.0,288000.0,131531.75939376
2024-11-11T05:00:00,288000.0,295000.0,276350.0,291100.0,189989.67474989
2024-11-11T09:00:00,291100.0,295200.0,290150.0,293700.0,206849.63772802
2024-11-11T13:00:00,293650.0,293900.0,283300.0,291400.0,229516.82934318
2024-11-11T17:00:00,291400.0,304450.0,289000.0,304150.0,286231.65714615
2024-11-11T21:00:00,304150.0,309650.0,301000.0,305250.0,279412.86322653
2024-11-12T01:00:00,305150.0,309500.0,301300.0,303450.0,135547.11876818
2024-11-12T05:00:00,303400.0,313250.0,302500.0,311700.0,246139.46075395
2024-11-12T09:00:00,311650.0,312900.0,299000.0,311300.0,310569.76526556
2024-11-12T13:00:00,311300.0,315000.0,306500.0,315000.0,214564.39567822
2024-11-12T17:00:00,314950.0,324000.0,291600.0,301400.0,619300.77411972
2024-11-12T21:00:00,301400.0,305600.0,290250.0,299450.0,296381.44681984
2024-11-13T01:00:00,299450.0,305550.0,295100.0,303000.0,74005.26105092
2024-11-13T05:00:00,303000.0,306700.0,298900.0,300850.0,98679.0160567
2024-11-13T09:00:00,300850.0,305400.0,291550.0,291700.0,195232.41038335
2024-11-13T13:00:00,291700.0,295100.0,285850.0,293350.0,178695.70257871
2024-11-13T17:00:00,293350.0,298000.0,291300.0,295350.0,87108.46444131
2024-11-13T21:00:00,295550.0,305000.0,293000.0,303500.0,258085.43488995
2024-11-14T01:00:00,303500.0,309450.0,298750.0,299700.0,154981.65882592
2024-11-14T05:00:00,299450.0,305500.0,293850.0,304850.0,103274.54483504
2024-11-14T09:00:00,304850.0,312400.0,301750.0,312400.0,152452.72832931
2024-11-14T13:00:00,312400.0,314200.0,306600.0,310150.0,127438.25997628
2024-11-14T17:00:00,310050.0,316100.0,305100.0,307800.0,143754.76068246
2024-11-14T21:00:00,307900.0,310250.0,299100.0,301500.0,148661.03568279
2024-11-15T01:00:00,301550.0,308850.0,300350.0,305550.0,45067.0571532
2024-11-15T05:00:00,305550.0,306300.0,290350.0,296450.0,146351.63793756
2024-11-15T09:00:00,296450.0,303250.0,295900.0,296850.0,108882.59864589
2024-11-15T13:00:00,296800.0,299300.0,290700.0,297300.0,98801.43298158
2024-11-15T17:00:00,297300.0,302500.0,295250.0,302500.0,69325.45216929
2024-11-15T21:00:00,302500.0,304450.0,294000.0,296550.0,112035.346061
2024-11-16T01:00:00,296600.0,301500.0,295700.0,299950.0,40984.21494035
2024-11-16T05:00:00,299950.0,309500.0,299750.0,307150.0,94633.51595742
2024-11-16T09:00:00,307100.0,312000.0,304100.0,311800.0,110265.33422705
2024-11-16T13:00:00,311750.0,312100.0,307000.0,308100.0,77080.90074162
2024-11-16T17:00:00,308100.0,309150.0,304200.0,308000.0,105325.2892105
2024-11-16T21:00:00,308000.0,311300.0,299500.0,301450.0,187073.41110523
2024-11-17T01:00:00,301450.0,303200.0,299500.0,301700.0,47269.0417766
2024-11-17T05:00:00,301700.0,303800.0,299900.0,302650.0,47114.73195273
2024-11-17T09:00:00,302600.0,311650.0,297000.0,311450.0,206798.45798185
2024-11-17T13:00:00,311450.0,337550.0,311350.0,332500.0,930948.22069982
2024-11-17T17:00:00,332500.0,340000.0,329100.0,329650.0,362887.77195579
2024-11-17T21:00:00,329500.0,331750.0,321650.0,328700.0,198807.67023479
2024-11-18T01:00:00,328650.0,331550.0,324800.0,331250.0,46271.28133722
2024-11-18T05:00:00,331250.0,335950.0,326450.0,334400.0,110755.43030034
2024-11-18T09:00:00,334200.0,343200.0,329200.0,343150.0,228451.38634285
2024-11-18T13:00:00,343150.0,344700.0,335000.0,337900.0,203045.74105497
2024-11-18T17:00:00,337700.0,348800.0,334600.0,341200.0,230118.46609174
2024-11-18T21:00:00,341250.0,344350.0,335550.0,339550.0,160972.24158333
2024-11-19T01:00:00,339400.0,340400.0,329800.0,332500.0,88902.23242643
2024-11-19T05:00:00,332450.0,337600.0,331700.0,336750.0,67337.44724775
2024-11-19T09:00:00,336750.0,340900.0,334200.0,337050.0,89928.39081744
2024-11-19T13:00:00,337100.0,341500.0,334500.0,340400.0,100174.45564288
2024-11-19T17:00:00,340400.0,346300.0,339500.0,344800.0,125164.20885905
2024-11-19T21:00:00,344800.0,346200.0,335550.0,337050.0,125242.3181877
2024-11-20T01:00:00,337300.0,341150.0,336500.0,340250.0,45048.9862741
2024-11-20T05:00:00,340250.0,341200.0,329800.0,334450.0,84154.11447333
2024-11-20T09:00:00,334450.0,334500.0,322800.0,328000.0,129977.01158931
2024-11-20T13:00:00,328000.0,331450.0,325000.0,330600.0,54532.63714398
2024-11-20T17:00:00,330600.0,334850.0,329050.0,332950.0,77122.38742573
2024-11-20T21:00:00,333000.0,338650.0,330450.0,333950.0,116707.45462039
2024-11-21T01:00:00,333950.0,334700.0,326500.0,329300.0,35844.65949472
2024-11-21T05:00:00,329300.0,335800.0,327600.0,332700.0,39856.26021225
2024-11-21T09:00:00,332800.0,337500.0,327000.0,334000.0,104345.81094734
2024-11-21T13:00:00,334000.0,342600.0,333750.0,339850.0,158982.13163197
2024-11-21T17:00:00,339850.0,342400.0,338400.0,339000.0,83633.18010719
2024-11-21T21:00:00,338850.0,353950.0,338700.0,349050.0,376957.09578853
2024-11-22T01:00:00,349050.0,362800.0,348450.0,354850.0,205361.38376309
2024-11-22T05:00:00,355150.0,359700.0,353350.0,357850.0,88844.48228034
2024-11-22T09:00:00,357850.0,368900.0,353400.0,367350.0,273720.33117682
2024-11-22T13:00:00,367300.0,367750.0,360400.0,362350.0,119089.18423822
2024-11-22T17:00:00,362350.0,364650.0,359100.0,361350.0,84566.3558634
2024-11-22T21:00:00,361300.0,364050.0,335000.0,357650.0,328352.50849832
2024-11-23T01:00:00,357650.0,357650.0,350700.0,354250.0,64591.89794654
2024-11-23T05:00:00,353950.0,358100.0,353100.0,355300.0,78876.65192074
2024-11-23T09:00:00,355300.0,357000.0,351150.0,355550.0,183774.02696131
2024-11-23T13:00:00,355600.0,364700.0,355100.0,356450.0,170780.38706045
2024-11-23T17:00:00,356450.0,357900.0,354100.0,354500.0,84036.32634491
2024-11-23T21:00:00,354500.0,362800.0,354050.0,356300.0,155548.94431778
2024-11-24T01:00:00,356350.0,358200.0,351150.0,354300.0,70190.3849328
2024-11-24T05:00:00,354300.0,356700.0,352050.0,355350.0,46165.54529735
2024-11-24T09:00:00,355300.0,361300.0,354500.0,358750.0,104661.98243078
2024-11-24T13:00:00,358850.0,359450.0,352400.0,355200.0,76886.88709479
2024-11-24T17:00:00,355500.0,355500.0,340000.0,340650.0,155833.3566881
2024-11-24T21:00:00,340600.0,344700.0,330000.0,336750.0,200418.58968479
2024-11-25T01:00:00,336850.0,345850.0,336150.0,343700.0,26324.04589761
2024-11-25T05:00:00,343700.0,354700.0,343050.0,351150.0,71960.70136661
2024-11-25T09:00:00,351200.0,351450.0,338900.0,348200.0,81764.5959137
2024-11-25T13:00:00,348200.0,350000.0,346500.0,349350.0,40393.85444868
2024-11-25T17:00:00,349350.0,353300.0,345300.0,346900.0,75041.65437042
2024-11-25T21:00:00,346850.0,347650.0,331000.0,340300.0,131080.35049225
2024-11-26T01:00:00,340650.0,342100.0,332500.0,335150.0,53381.8496723
2024-11-26T05:00:00,335150.0,337000.0,324350.0,327100.0,130219.54882552
2024-11-26T09:00:00,327100.0,334350.0,325050.0,330500.0,94978.2400988
2024-11-26T13:00:00,330400.0,333700.0,328050.0,328700.0,53827.83088697
2024-11-26T17:00:00,328700.0,329850.0,309200.0,318000.0,196446.93801627
2024-11-26T21:00:00,317850.0,324000.0,315000.0,318250.0,97470.21395022
2024-11-27T01:00:00,318300.0,324550.0,313800.0,321300.0,32373.34392847
2024-11-27T05:00:00,321350.0,325050.0,319100.0,322950.0,35356.17279315
2024-11-27T09:00:00,323000.0,325850.0,317900.0,323500.0,60026.81197078
2024-11-27T13:00:00,323450.0,327950.0,319100.0,327050.0,70625.96822019
2024-11-27T17:00:00,327500.0,329100.0,323500.0,327000.0,59599.10264089
2024-11-27T21:00:00,327000.0,333900.0,323600.0,333300.0,80707.81522148
2024-11-28T01:00:00,333300.0,333950.0,329500.0,330550.0,27803.63309242
2024-11-28T05:00:00,330550.0,337500.0,330450.0,336000.0,79859.0015721
2024-11-28T09:00:00,336000.0,341200.0,330000.0,333600.0,152663.33284943
2024-11-28T13:00:00,333600.0,335500.0,329400.0,331600.0,46761.39843506
2024-11-28T17:00:00,331600.0,333500.0,328000.0,331000.0,44943.08259488
2024-11-28T21:00:00,331000.0,331650.0,327050.0,327050.0,51811.38169603
2024-11-29T01:00:00,327600.0,331400.0,327150.0,329300.0,15512.76831437
2024-11-29T05:00:00,329300.0,331950.0,328650.0,331050.0,27562.05326422
2024-11-29T09:00:00,331050.0,337400.0,329500.0,336150.0,66126.06890575
2024-11-29T13:00:00,336150.0,336500.0,331000.0,331050.0,50840.25491225
2024-11-29T17:00:00,331000.0,340500.0,331000.0,339850.0,57496.0207347
2024-11-29T21:00:00,339850.0,342800.0,336500.0,337650.0,118834.47628417
2024-11-30T01:00:00,337550.0,338400.0,333250.0,333350.0,32554.72764734
2024-11-30T05:00:00,333350.0,339300.0,333300.0,335750.0,43214.474158
2024-11-30T09:00:00,335750.0,336850.0,332650.0,336300.0,84092.8747435
2024-11-30T13:00:00,336300.0,339450.0,334050.0,338250.0,77272.00507445
2024-11-30T17:00:00,338250.0,339750.0,333900.0,335300.0,60831.54838697
2024-11-30T21:00:00,335350.0,337500.0,332000.0,333000.0,60510.99346007
2024-12-01T01:00:00,333250.0,333900.0,331750.0,332700.0,36956.68509169
2024-12-01T05:00:00,332700.0,333750.0,330000.0,330000.0,64819.32590535
2024-12-01T09:00:00,330100.0,333000.0,326300.0,328250.0,103992.34702685
2024-12-01T13:00:00,328300.0,330100.0,327900.0,328300.0,45607.15252687
2024-12-01T17:00:00,328250.0,331750.0,328150.0,329900.0,51027.29808604
2024-12-01T21:00:00,329900.0,332050.0,329050.0,331100.0,63361.33927137
2024-12-02T01:00:00,331100.0,332000.0,325000.0,326950.0,54560.23639167
2024-12-02T05:00:00,326950.0,329700.0,324500.0,325950.0,122239.91458071
2024-12-02T09:00:00,325950.0,330000.0,318550.0,319000.0,264923.31206131
2024-12-02T13:00:00,319000.0,321300.0,316500.0,319500.0,168198.09829809
2024-12-02T17:00:00,319500.0,319600.0,311750.0,315700.0,173731.43995355
2024-12-02T21:00:00,315750.0,319700.0,312700.0,318850.0,176438.00152965
2024-12-03T01:00:00,318850.0,319450.0,310000.0,312800.0,114269.89411915
2024-12-03T05:00:00,312800.0,316200.0,309950.0,316100.0,152098.65133265
2024-12-03T09:00:00,315950.0,323500.0,313150.0,317750.0,225965.2552142
2024-12-03T13:00:00,317750.0,321250.0,314000.0,317600.0,162188.25337727
2024-12-03T17:00:00,317600.0,319250.0,313000.0,313900.0,102087.69443382
2024-12-03T21:00:00,313900.0,314900.0,180000.0,309200.0,828555.33739838
2024-12-04T01:00:00,309200.0,319600.0,306000.0,319150.0,169433.73206817
2024-12-04T05:00:00,319150.0,335650.0,318650.0,326000.0,297800.63802387
2024-12-04T09:00:00,325850.0,337500.0,325400.0,333700.0,202969.42216084
2024-12-04T13:00:00,333650.0,337250.0,331250.0,331700.0,97595.41708032
2024-12-04T17:00:00,331500.0,333500.0,330000.0,331350.0,78644.17746023
2024-12-04T21:00:00,331350.0,331350.0,323750.0,329300.0,149605.50301057
2024-12-05T01:00:00,329300.0,329700.0,317400.0,327150.0,71325.02559774
2024-12-05T05:00:00,327450.0,331350.0,318800.0,323000.0,160132.12816442
2024-12-05T09:00:00,323050.0,333900.0,311300.0,326400.0,330279.72033018
2024-12-05T13:00:00,326400.0,333800.0,325200.0,327800.0,142986.74667789
2024-12-05T17:00:00,327800.0,339650.0,327700.0,339450.0,131096.61883341
2024-12-05T21:00:00,339600.0,343650.0,331750.0,335650.0,223836.04267234
2024-12-06T01:00:00,335450.0,340500.0,327350.0,328650.0,60049.14974366
2024-12-06T05:00:00,328650.0,339750.0,319250.0,333800.0,181751.4687359
2024-12-06T09:00:00,333750.0,346850.0,330800.0,339700.0,225503.50238397
2024-12-06T13:00:00,339700.0,341000.0,333650.0,335750.0,88517.92302874
2024-12-06T17:00:00,335700.0,337450.0,327150.0,328450.0,101578.16596208
2024-12-06T21:00:00,328300.0,335150.0,321100.0,332350.0,144300.93560534
2024-12-07T01:00:00,332150.0,334900.0,331150.0,333250.0,42194.56439949
2024-12-07T05:00:00,333250.0,334250.0,328300.0,330950.0,68286.07367289
2024-12-07T09:00:00,330900.0,331800.0,326500.0,327800.0,78737.78162408
2024-12-07T13:00:00,327800.0,329500.0,326300.0,327900.0,48707.82026043
2024-12-07T17:00:00,328000.0,333000.0,326200.0,332200.0,68271.22735434
2024-12-07T21:00:00,332150.0,338500.0,330550.0,334450.0,68314.29294327
2024-12-08T01:00:00,334450.0,337300.0,331750.0,335650.0,33309.54879208
2024-12-08T05:00:00,335650.0,338700.0,331450.0,331550.0,50460.26275377
2024-12-08T09:00:00,331500.0,336550.0,331500.0,335700.0,56780.63642787
2024-12-08T13:00:00,335650.0,336250.0,332000.0,332400.0,44904.29141091
2024-12-08T17:00:00,332400.0,332600.0,327300.0,331000.0,63047.89904087
2024-12-08T21:00:00,331000.0,332850.0,328850.0,332700.0,43658.04109496
2024-12-09T01:00:00,332700.0,332950.0,328300.0,331250.0,17730.55732571
2024-12-09T05:00:00,331100.0,332100.0,329100.0,331250.0,28226.28289676
2024-12-09T09:00:00,331200.0,331700.0,323500.0,325900.0,78983.33571722
2024-12-09T13:00:00,326000.0,327500.0,322000.0,325350.0,57329.56622654
2024-12-09T17:00:00,325000.0,325650.0,315350.0,316450.0,113196.30587708
2024-12-09T21:00:00,316450.0,325800.0,315300.0,317200.0,72662.26098536
2024-12-10T01:00:00,317250.0,319250.0,314300.0,314300.0,27899.59285979
2024-12-10T05:00:00,314600.0,319450.0,294500.0,309500.0,229712.92177529
2024-12-10T09:00:00,309650.0,315650.0,293000.0,307100.0,178567.4690157
2024-12-10T13:00:00,307100.0,313100.0,301550.0,310100.0,70336.88848472
2024-12-10T17:00:00,310150.0,312350.0,306850.0,308350.0,44800.77212694
2024-12-10T21:00:00,308250.0,311150.0,297000.0,297000.0,104565.16455895
2024-12-11T01:00:00,297050.0,305000.0,294900.0,304150.0,87832.08047261
2024-12-11T05:00:00,304100.0,308600.0,302700.0,305400.0,46586.30948703
2024-12-11T09:00:00,305600.0,316000.0,300600.0,312800.0,242765.19139798
2024-12-11T13:00:00,312800.0,314000.0,308550.0,310900.0,68390.08549834
2024-12-11T17:00:00,310750.0,321100.0,310750.0,320400.0,103716.38226695
2024-12-11T21:00:00,320400.0,327400.0,318750.0,323900.0,116669.44079568
2024-12-12T01:00:00,323900.0,326900.0,322050.0,325900.0,32743.03012879
2024-12-12T05:00:00,325900.0,326700.0,320800.0,321700.0,40903.96382885
2024-12-12T09:00:00,321700.0,329050.0,320500.0,327300.0,85262.39155406
2024-12-12T13:00:00,327000.0,329800.0,324500.0,326550.0,59445.96918548
2024-12-12T17:00:00,326200.0,331000.0,325000.0,326350.0,58647.61070874
2024-12-12T21:00:00,326350.0,331000.0,325050.0,328150.0,62736.90676341
2024-12-13T01:00:00,328200.0,332900.0,323800.0,324550.0,35813.79569233
2024-12-13T05:00:00,324550.0,328150.0,322900.0,324050.0,29036.20738863
2024-12-13T09:00:00,324050.0,326800.0,320000.0,325100.0,55734.08027567
2024-12-13T13:00:00,325100.0,325550.0,319700.0,321350.0,65522.48123403
2024-12-13T17:00:00,321400.0,324550.0,320400.0,322650.0,32632.68395262
2024-12-13T21:00:00,322900.0,324100.0,315800.0,316150.0,107045.28307393
2024-12-14T01:00:00,316450.0,318600.0,315100.0,318250.0,38562.72097556
2024-12-14T05:00:00,318300.0,320450.0,318000.0,320350.0,26141.49630201
2024-12-14T09:00:00,320350.0,323000.0,318400.0,322100.0,59446.88855826
2024-12-14T13:00:00,322100.0,324050.0,321050.0,322850.0,40216.03140673
2024-12-14T17:00:00,322850.0,324050.0,321300.0,321300.0,34730.82968213
2024-12-14T21:00:00,321300.0,321650.0,314400.0,319750.0,71252.56194093
2024-12-15T01:00:00,319650.0,319650.0,312650.0,314300.0,32495.1194803
2024-12-15T05:00:00,314000.0,318100.0,310400.0,316550.0,31400.09229623
2024-12-15T09:00:00,316550.0,318250.0,315050.0,315450.0,32824.7650297
2024-12-15T13:00:00,315450.0,317850.0,310800.0,313000.0,52462.57072701
2024-12-15T17:00:00,312950.0,315500.0,312000.0,313400.0,29527.99837371
2024-12-15T21:00:00,313150.0,317500.0,312800.0,316600.0,66069.55165023
2024-12-16T01:00:00,316600.0,318500.0,316100.0,317150.0,17604.04793368
2024-12-16T05:00:00,317100.0,321600.0,312500.0,320050.0,65306.23503601
2024-12-16T09:00:00,320050.0,324900.0,317000.0,318150.0,97722.92617696
2024-12-16T13:00:00,318150.0,322150.0,316950.0,321150.0,46042.21476657
2024-12-16T17:00:00,321150.0,321550.0,310100.0,311300.0,96789.78982147
2024-12-16T21:00:00,311300.0,315500.0,310200.0,314400.0,89204.32263296
2024-12-17T01:00:00,314400.0,318200.0,312900.0,314750.0,62762.84861666
2024-12-17T05:00:00,314750.0,316350.0,312000.0,313150.0,65314.13910373
2024-12-17T09:00:00,313050.0,313850.0,306900.0,312050.0,102943.91315395
2024-12-17T13:00:00,312050.0,313550.0,309200.0,312550.0,50207.78044056
2024-12-17T17:00:00,312650.0,323950.0,312550.0,321300.0,178449.06554336
2024-12-17T21:00:00,321000.0,328750.0,315650.0,321500.0,213234.64665631
2024-12-18T01:00:00,321550.0,333500.0,320500.0,331500.0,116605.56924638
2024-12-18T05:00:00,331300.0,332900.0,323000.0,326700.0,91801.06137025
2024-12-18T09:00:00,326650.0,331600.0,317400.0,318400.0,148676.22132636
2024-12-18T13:00:00,318400.0,319300.0,313100.0,317400.0,108712.62845304
2024-12-18T17:00:00,317200.0,321900.0,316150.0,319950.0,54748.00999069
2024-12-18T21:00:00,319950.0,322600.0,316350.0,321850.0,56294.06112071
2024-12-19T01:00:00,321850.0,321950.0,315600.0,315850.0,38728.11814328
2024-12-19T05:00:00,315750.0,319750.0,301350.0,304500.0,186628.40416467
2024-12-19T09:00:00,304650.0,314200.0,298450.0,314050.0,176916.20302544
2024-12-19T13:00:00,314000.0,316950.0,310150.0,316200.0,59042.02088311
2024-12-19T17:00:00,316350.0,316350.0,311300.0,313600.0,43632.03733089
2024-12-19T21:00:00,313550.0,314300.0,303200.0,307250.0,71580.58661558
2024-12-20T01:00:00,307250.0,309400.0,285000.0,290400.0,142572.15203961
2024-12-20T05:00:00,290950.0,300800.0,285400.0,293350.0,124449.40927693
2024-12-20T09:00:00,293350.0,300100.0,288000.0,294950.0,113357.21406712
2024-12-20T13:00:00,294900.0,296250.0,282900.0,286550.0,93780.59098765
2024-12-20T17:00:00,286600.0,287100.0,265500.0,268600.0,351036.15125036
2024-12-20T21:00:00,268600.0,289900.0,268350.0,287500.0,196040.22333727
2024-12-21T01:00:00,287300.0,291350.0,284750.0,288550.0,57753.57863999
2024-12-21T05:00:00,288300.0,295950.0,282350.0,294550.0,111698.91009552
2024-12-21T09:00:00,294550.0,298250.0,290850.0,292200.0,90831.72907308
2024-12-21T13:00:00,292250.0,303000.0,292050.0,299000.0,83339.32320857
2024-12-21T17:00:00,299050.0,299450.0,290000.0,291250.0,75492.44959518
2024-12-21T21:00:00,291300.0,291300.0,276650.0,285650.0,117352.87394291
2024-12-22T01:00:00,285700.0,286250.0,280000.0,283550.0,25948.17853772
2024-12-22T05:00:00,283750.0,285950.0,278850.0,281300.0,38616.27795088
2024-12-22T09:00:00,281300.0,285400.0,277950.0,282850.0,56393.90696493
2024-12-22T13:00:00,282800.0,283500.0,275300.0,280250.0,42194.62586771
2024-12-22T17:00:00,279800.0,286200.0,279800.0,283100.0,43476.00823629
2024-12-22T21:00:00,283100.0,284600.0,277000.0,278250.0,49185.57635732
2024-12-23T01:00:00,278200.0,282500.0,276500.0,277850.0,20512.98824349
2024-12-23T05:00:00,277750.0,282150.0,276300.0,278250.0,25636.46891501
2024-12-23T09:00:00,278300.0,283500.0,270500.0,282150.0,83762.02157257
2024-12-23T13:00:00,282100.0,283650.0,275500.0,278950.0,42759.78714783
2024-12-23T17:00:00,279100.0,282500.0,277400.0,278900.0,32387.23411264
2024-12-23T21:00:00,278900.0,282550.0,276000.0,276050.0,52053.63800563
2024-12-24T01:00:00,276300.0,286850.0,276050.0,283900.0,33258.73531215
2024-12-24T05:00:00,283750.0,291150.0,282850.0,286950.0,65264.0667236
2024-12-24T09:00:00,286950.0,291750.0,282100.0,289550.0,59448.71741304
2024-12-24T13:00:00,289550.0,290650.0,285550.0,288750.0,38904.86614275
2024-12-24T17:00:00,288750.0,294100.0,288200.0,292900.0,59032.35269709
2024-12-24T21:00:00,292900.0,299000.0,290250.0,297500.0,78130.62008741
2024-12-25T01:00:00,297100.0,299000.0,292450.0,292500.0,32085.81454458
2024-12-25T05:00:00,292500.0,295850.0,290150.0,293450.0,26081.04166712
2024-12-25T09:00:00,293350.0,300000.0,292300.0,296700.0,80331.14026787
2024-12-25T13:00:00,296600.0,299300.0,295250.0,295700.0,33471.18613887
2024-12-25T17:00:00,295700.0,299600.0,292750.0,293200.0,42247.0501715
2024-12-25T21:00:00,293450.0,297950.0,292300.0,296500.0,35554.92579375
2024-12-26T01:00:00,296850.0,298100.0,293850.0,297600.0,12312.65841942
2024-12-26T05:00:00,297600.0,298600.0,292600.0,294250.0,23996.10197796
2024-12-26T09:00:00,294000.0,297600.0,292750.0,293800.0,41529.23348828
2024-12-26T13:00:00,293800.0,293900.0,288450.0,288800.0,68489.94108736
2024-12-26T17:00:00,288800.0,289400.0,282550.0,286000.0,77324.30022329
2024-12-26T21:00:00,286050.0,286200.0,282550.0,284000.0,34885.50627087
2024-12-27T01:00:00,284000.0,287350.0,282850.0,285350.0,12683.71085681
2024-12-27T05:00:00,285000.0,286650.0,282050.0,283750.0,19072.16698797
2024-12-27T09:00:00,283600.0,288000.0,280450.0,285200.0,58134.82629952
2024-12-27T13:00:00,285350.0,287400.0,280000.0,281150.0,32029.94884322
2024-12-27T17:00:00,281100.0,290650.0,281100.0,286850.0,47621.31102518
2024-12-27T21:00:00,286850.0,287100.0,276500.0,278050.0,60191.65995595
2024-12-28T01:00:00,278050.0,281850.0,276300.0,281400.0,28090.30607806
2024-12-28T05:00:00,281450.0,281450.0,276500.0,277500.0,21734.94414527
2024-12-28T09:00:00,277550.0,279400.0,276300.0,278100.0,34463.49848193
2024-12-28T13:00:00,278100.0,279700.0,276950.0,278100.0,18990.83677083
2024-12-28T17:00:00,278350.0,281150.0,277850.0,280900.0,15449.38597612
2024-12-28T21:00:00,280900.0,287350.0,279800.0,284950.0,40727.1779383
2024-12-29T01:00:00,284900.0,292050.0,284350.0,290000.0,32554.30229386
2024-12-29T05:00:00,290000.0,292700.0,288300.0,292000.0,21122.91880764
2024-12-29T09:00:00,291900.0,292300.0,287150.0,290900.0,44675.53004304
2024-12-29T13:00:00,290750.0,294800.0,290000.0,292800.0,22427.0649754
2024-12-29T17:00:00,292800.0,294200.0,291000.0,292250.0,23283.87351637
2024-12-29T21:00:00,292350.0,294600.0,287400.0,291150.0,42081.1730578
2024-12-30T01:00:00,291350.0,291600.0,287400.0,288300.0,14875.62708079
2024-12-30T05:00:00,288400.0,288400.0,281050.0,283350.0,39692.6417713
2024-12-30T09:00:00,283400.0,288400.0,282000.0,284000.0,38951.23205109
2024-12-30T13:00:00,284000.0,286150.0,280450.0,284700.0,37903.46832256
2024-12-30T17:00:00,284600.0,288000.0,284350.0,286900.0,23952.30229587
2024-12-30T21:00:00,286900.0,288950.0,276550.0,279100.0,68846.40067809
2024-12-31T01:00:00,279100.0,290800.0,276950.0,290050.0,38406.40226465
2024-12-31T05:00:00,290200.0,291350.0,281100.0,284400.0,35550.66772707
2024-12-31T09:00:00,284400.0,285150.0,278250.0,280350.0,34327.93713789
2024-12-31T13:00:00,280350.0,281850.0,277900.0,281350.0,27580.39622729
2024-12-31T17:00:00,281350.0,288800.0,281350.0,287850.0,48361.00807658
2024-12-31T21:00:00,287850.0,295200.0,286800.0,294250.0,73709.26265734
2025-01-01T01:00:00,294200.0,294650.0,292600.0,294100.0,9849.81301734
2025-01-01T05:00:00,294100.0,294100.0,281650.0,282350.0,34418.52241935
2025-01-01T09:00:00,282350.0,287950.0,281850.0,284750.0,26031.3779159
2025-01-01T13:00:00,284350.0,285200.0,282750.0,284450.0,16941.20326398
2025-01-01T17:00:00,284450.0,287550.0,281050.0,286600.0,34829.38231628
2025-01-01T21:00:00,286600.0,287350.0,283250.0,286800.0,36526.54398886
2025-01-02T01:00:00,287000.0,288500.0,282950.0,287650.0,24578.08298266
2025-01-02T05:00:00,287400.0,290600.0,287400.0,290050.0,32514.50732643
2025-01-02T09:00:00,290050.0,298150.0,288600.0,296200.0,87200.87869325
2025-01-02T13:00:00,296150.0,307650.0,296100.0,305850.0,136427.73472581
2025-01-02T17:00:00,305800.0,310000.0,305100.0,309700.0,61617.95944504
2025-01-02T21:00:00,309700.0,311500.0,305000.0,306550.0,76767.30112808
2025-01-03T01:00:00,306550.0,309500.0,303900.0,306350.0,18322.92333342
2025-01-03T05:00:00,306350.0,309600.0,305550.0,309050.0,15606.84627931
2025-01-03T09:00:00,309050.0,309500.0,303900.0,307500.0,51914.35252622
2025-01-03T13:00:00,307500.0,310450.0,306100.0,308950.0,38812.95646482
2025-01-03T17:00:00,308500.0,319050.0,307850.0,318450.0,73530.22756068
2025-01-03T21:00:00,318400.0,323500.0,314800.0,321400.0,94577.42392864
2025-01-04T01:00:00,321250.0,324300.0,318850.0,319450.0,37815.97404071
2025-01-04T05:00:00,319250.0,321000.0,317650.0,320900.0,30670.31333151
2025-01-04T09:00:00,320900.0,321650.0,318000.0,320050.0,54543.09996854
2025-01-04T13:00:00,320000.0,322000.0,318150.0,320350.0,29666.26247141
2025-01-04T17:00:00,320250.0,320450.0,317150.0,320350.0,28048.75856535
2025-01-04T21:00:00,320150.0,321850.0,315500.0,317050.0,51732.8089895
2025-01-05T01:00:00,317250.0,318900.0,316150.0,318600.0,15663.29349114
2025-01-05T05:00:00,318600.0,320050.0,318050.0,319000.0,14523.94570746
2025-01-05T09:00:00,319100.0,322200.0,316650.0,321250.0,48439.09567269
2025-01-05T13:00:00,321250.0,322900.0,318450.0,318850.0,35508.82533622
2025-01-05T17:00:00,318850.0,319100.0,313000.0,315350.0,53980.50253722
2025-01-05T21:00:00,315350.0,316350.0,312250.0,314500.0,33957.06338217
2025-01-06T01:00:00,314500.0,315500.0,312100.0,313300.0,10288.05671766
2025-01-06T05:00:00,313300.0,315850.0,313000.0,314200.0,15201.76914258
2025-01-06T09:00:00,314200.0,319550.0,312000.0,317550.0,50790.08765968
2025-01-06T13:00:00,317550.0,319500.0,315600.0,317650.0,29666.58598728
2025-01-06T17:00:00,317700.0,319000.0,314550.0,318150.0,24686.91033601
2025-01-06T21:00:00,318100.0,325450.0,317300.0,324850.0,79413.87635408
2025-01-07T01:00:00,324750.0,326350.0,319100.0,322500.0,26803.65192366
2025-01-07T05:00:00,322350.0,323000.0,319550.0,320650.0,19473.18036347
2025-01-07T09:00:00,320600.0,322500.0,317800.0,318650.0,35294.77852908
2025-01-07T13:00:00,318650.0,318700.0,316000.0,316450.0,29950.36402331
2025-01-07T17:00:00,316400.0,317050.0,312500.0,314300.0,56669.51614603
2025-01-07T21:00:00,314200.0,314700.0,304650.0,308950.0,106917.47837816
2025-01-08T01:00:00,308700.0,311000.0,303750.0,304750.0,45682.3672821
2025-01-08T05:00:00,305050.0,306450.0,302000.0,302350.0,48729.75007711
2025-01-08T09:00:00,302300.0,303650.0,294000.0,296600.0,95046.31074566
2025-01-08T13:00:00,296550.0,297650.0,289000.0,292750.0,129552.48168406
2025-01-08T17:00:00,292750.0,296050.0,291000.0,291800.0,53409.7198888
2025-01-08T21:00:00,291750.0,298000.0,290400.0,296350.0,67530.80063381
2025-01-09T01:00:00,296450.0,296600.0,286700.0,292400.0,52642.33703453
2025-01-09T05:00:00,292100.0,297100.0,290800.0,296100.0,23257.62980863
2025-01-09T09:00:00,296000.0,298000.0,289650.0,289950.0,52087.60394031
2025-01-09T13:00:00,289950.0,291900.0,285000.0,285250.0,50153.19685756
2025-01-09T17:00:00,285300.0,288800.0,284100.0,286850.0,49974.4550359
2025-01-09T21:00:00,286700.0,290850.0,280500.0,289300.0,76137.91070436
2025-01-10T01:00:00,289350.0,290250.0,281500.0,281950.0,27214.02881751
2025-01-10T05:00:00,282100.0,284150.0,277500.0,279650.0,62583.57639715
2025-01-10T09:00:00,279700.0,287500.0,279600.0,286750.0,58086.90863094
2025-01-10T13:00:00,286750.0,290550.0,284150.0,288900.0,47013.31529601
2025-01-10T17:00:00,288800.0,290900.0,287700.0,288650.0,31546.80563492
2025-01-10T21:00:00,288500.0,289150.0,279000.0,283000.0,99895.15656421
2025-01-11T01:00:00,283000.0,288450.0,278800.0,286000.0,30869.74959735
2025-01-11T05:00:00,285700.0,286350.0,281550.0,282850.0,24547.91355749
2025-01-11T09:00:00,282850.0,283950.0,280000.0,281350.0,36000.95044725
2025-01-11T13:00:00,281400.0,282050.0,279450.0,280850.0,29718.60309119
2025-01-11T17:00:00,280900.0,281550.0,277500.0,280750.0,52811.13244764
2025-01-11T21:00:00,280700.0,283200.0,279850.0,281300.0,26982.84348327
2025-01-12T01:00:00,281400.0,282300.0,279000.0,281300.0,20858.61171666
2025-01-12T05:00:00,281350.0,286750.0,280950.0,281800.0,48065.13504412
2025-01-12T09:00:00,281550.0,283100.0,279600.0,280750.0,40764.71848979
2025-01-12T13:00:00,280650.0,280950.0,278600.0,279950.0,42260.94982028
2025-01-12T17:00:00,279900.0,280750.0,278800.0,280400.0,26570.9584894
2025-01-12T21:00:00,280400.0,287000.0,279800.0,286150.0,46801.23657684
2025-01-13T01:00:00,286150.0,286300.0,282800.0,283350.0,14968.8867826
2025-01-13T05:00:00,283200.0,284700.0,281150.0,283200.0,22746.01928418
2025-01-13T09:00:00,283250.0,287150.0,277850.0,278900.0,76519.13940804
2025-01-13T13:00:00,278800.0,280700.0,274500.0,274700.0,75360.38405221
2025-01-13T17:00:00,274700.0,274850.0,266600.0,266800.0,121389.95764411
2025-01-13T21:00:00,266750.0,274250.0,262000.0,272400.0,204225.31094635
2025-01-14T01:00:00,271850.0,273250.0,266100.0,270150.0,35687.7593121
2025-01-14T05:00:00,270150.0,276650.0,268950.0,275250.0,61007.88734042
2025-01-14T09:00:00,275200.0,276800.0,272850.0,276100.0,50931.47866184
2025-01-14T13:00:00,276150.0,279650.0,276100.0,277200.0,43340.97409191
2025-01-14T17:00:00,277200.0,283100.0,277200.0,278750.0,55782.1139575
2025-01-14T21:00:00,278850.0,283000.0,276750.0,278850.0,65590.62474446
2025-01-15T01:00:00,278800.0,279750.0,276950.0,278250.0,32423.86459771
2025-01-15T05:00:00,278050.0,280650.0,276600.0,278650.0,25758.61891875
2025-01-15T09:00:00,278600.0,282000.0,278000.0,281900.0,69883.14870227
2025-01-15T13:00:00,281950.0,282500.0,279850.0,281450.0,38946.48992709
2025-01-15T17:00:00,281450.0,282950.0,275550.0,277600.0,52568.6108465
2025-01-15T21:00:00,277700.0,291150.0,275950.0,289250.0,164059.13604483
2025-01-16T01:00:00,289300.0,297450.0,289250.0,296650.0,52228.0491425
2025-01-16T05:00:00,296650.0,301750.0,296250.0,301650.0,74080.72449516
2025-01-16T09:00:00,301650.0,302450.0,296600.0,296750.0,100332.83451075
2025-01-16T13:00:00,296750.0,299450.0,295600.0,299000.0,30015.93821634
2025-01-16T17:00:00,298900.0,314000.0,292550.0,313900.0,239054.194687
2025-01-16T21:00:00,313900.0,319400.0,303550.0,307600.0,430611.44539855
2025-01-17T01:00:00,307600.0,315500.0,307450.0,313350.0,57487.33874836
2025-01-17T05:00:00,313350.0,313950.0,306900.0,309550.0,56104.92187946
2025-01-17T09:00:00,309550.0,317000.0,308800.0,311400.0,97705.734507
2025-01-17T13:00:00,311400.0,314400.0,311350.0,314100.0,49124.5932692
2025-01-17T17:00:00,313850.0,322950.0,313800.0,321350.0,131942.61545225
2025-01-17T21:00:00,321350.0,328000.0,319750.0,323000.0,156951.27138869
2025-01-18T01:00:00,322950.0,326500.0,318000.0,319500.0,44663.62166411
2025-01-18T05:00:00,319400.0,324700.0,318350.0,321400.0,42630.48282605
2025-01-18T09:00:00,321350.0,337600.0,320450.0,326150.0,279853.20054183
2025-01-18T13:00:00,326000.0,354000.0,325000.0,347100.0,837027.38785805
2025-01-18T17:00:00,347000.0,365600.0,343800.0,356100.0,750019.78402433
2025-01-18T21:00:00,356200.0,388000.0,356100.0,384100.0,637913.76821388
2025-01-19T01:00:00,384350.0,404850.0,365100.0,380600.0,999789.94480405
2025-01-19T05:00:00,380600.0,393900.0,369700.0,390050.0,246520.90087984
2025-01-19T09:00:00,390000.0,398000.0,375900.0,380800.0,514187.67533874
2025-01-19T13:00:00,380800.0,419750.0,379000.0,410050.0,1297144.71120178
2025-01-19T17:00:00,410000.0,454500.0,405850.0,435000.0,1891938.58080859
2025-01-19T21:00:00,434700.0,441800.0,397500.0,405650.0,1502252.8879172
2025-01-20T01:00:00,405750.0,411650.0,395350.0,401700.0,235376.31317846
2025-01-20T05:00:00,401700.0,417600.0,364350.0,386100.0,1045280.20300906
2025-01-20T09:00:00,386200.0,398200.0,356800.0,365200.0,1063381.80488552
2025-01-20T13:00:00,365150.0,395750.0,362100.0,392650.0,809390.11754435
2025-01-20T17:00:00,392650.0,407800.0,383700.0,388700.0,753653.96657164
2025-01-20T21:00:00,388700.0,390450.0,375300.0,380100.0,573613.66873881
2025-01-21T01:00:00,380050.0,382700.0,357000.0,368800.0,464127.95231497
2025-01-21T05:00:00,368750.0,376850.0,361050.0,363300.0,250071.1331871
2025-01-21T09:00:00,363300.0,368050.0,350000.0,358100.0,405008.27859657
2025-01-21T13:00:00,357750.0,359400.0,348000.0,356100.0,197632.56629024
2025-01-21T17:00:00,356100.0,365100.0,354150.0,358450.0,265149.52130034
2025-01-21T21:00:00,358500.0,364850.0,354300.0,359450.0,215255.41001654
2025-01-22T01:00:00,359700.0,384100.0,357700.0,374500.0,216129.09078074
2025-01-22T05:00:00,374400.0,378000.0,366600.0,371600.0,135772.66250478
2025-01-22T09:00:00,371550.0,381800.0,368550.0,377350.0,156788.21038218
2025-01-22T13:00:00,377400.0,387200.0,375300.0,384850.0,190791.15559758
2025-01-22T17:00:00,384800.0,385500.0,375650.0,382550.0,145014.67917633
2025-01-22T21:00:00,382850.0,394450.0,380000.0,383850.0,347033.88995255
2025-01-23T01:00:00,383800.0,395000.0,379250.0,394350.0,100970.11376915
2025-01-23T05:00:00,394400.0,402300.0,382500.0,384500.0,243352.32805999
2025-01-23T09:00:00,384500.0,386900.0,369500.0,372600.0,181841.88093692
2025-01-23T13:00:00,372550.0,374400.0,366600.0,372950.0,117280.82053184
2025-01-23T17:00:00,372950.0,373600.0,364000.0,366150.0,105104.23353946
2025-01-23T21:00:00,366150.0,379900.0,364000.0,372150.0,294799.15222486
2025-01-24T01:00:00,372050.0,381200.0,368400.0,370350.0,106550.88593699
2025-01-24T05:00:00,370350.0,385750.0,367000.0,377300.0,214972.3701526
2025-01-24T09:00:00,377450.0,382750.0,370000.0,378550.0,258734.24610949
2025-01-24T13:00:00,378600.0,394300.0,375700.0,387100.0,260367.86207608
2025-01-24T17:00:00,387100.0,397900.0,387100.0,397450.0,174227.86431638
2025-01-24T21:00:00,397400.0,401700.0,389050.0,390750.0,253598.21227419
2025-01-25T01:00:00,390800.0,394700.0,388100.0,390150.0,53073.10003886
2025-01-25T05:00:00,390150.0,391400.0,379800.0,380500.0,122779.51442056
2025-01-25T09:00:00,380450.0,381800.0,373550.0,379700.0,207802.25806807
2025-01-25T13:00:00,379650.0,379700.0,371900.0,372350.0,129812.07892127
2025-01-25T17:00:00,372400.0,376950.0,372000.0,375750.0,96896.45610058
2025-01-25T21:00:00,375800.0,381850.0,373500.0,380050.0,99306.7211703
2025-01-26T01:00:00,380100.0,390550.0,379250.0,386500.0,122074.12483502
2025-01-26T05:00:00,386500.0,388350.0,383450.0,384700.0,70560.08188317
2025-01-26T09:00:00,384750.0,388400.0,381200.0,387000.0,104700.05993939
2025-01-26T13:00:00,387100.0,388750.0,385350.0,387600.0,63869.95022335
2025-01-26T17:00:00,387650.0,387950.0,380300.0,383650.0,89916.54103197
2025-01-26T21:00:00,383500.0,386600.0,381000.0,382300.0,89183.32901222
2025-01-27T01:00:00,382300.0,385800.0,381300.0,383700.0,26487.02193627
2025-01-27T05:00:00,383700.0,384450.0,366000.0,367400.0,221413.33682483
2025-01-27T09:00:00,367350.0,370000.0,356000.0,359550.0,301767.18871109
2025-01-27T13:00:00,359550.0,359800.0,344050.0,352300.0,302620.78325011
2025-01-27T17:00:00,352300.0,352950.0,342000.0,347400.0,189635.78570212
2025-01-27T21:00:00,347400.0,362400.0,345600.0,357550.0,246804.46951179
2025-01-28T01:00:00,357500.0,360400.0,345900.0,349100.0,92647.38627666
2025-01-28T05:00:00,349300.0,360450.0,348800.0,357000.0,87153.39332413
2025-01-28T09:00:00,356950.0,360400.0,353050.0,358300.0,121302.90056041
2025-01-28T13:00:00,358300.0,369500.0,358200.0,362400.0,155191.07944495
2025-01-28T17:00:00,362400.0,363650.0,358500.0,360500.0,91521.79174207
2025-01-28T21:00:00,360450.0,362250.0,354600.0,359300.0,168489.92859661
2025-01-29T01:00:00,359300.0,359650.0,351300.0,353500.0,74749.10899547
2025-01-29T05:00:00,353500.0,354500.0,347450.0,349700.0,102935.14767583
2025-01-29T09:00:00,349700.0,355150.0,348900.0,354000.0,73668.87704331
2025-01-29T13:00:00,354300.0,357700.0,351500.0,357100.0,52530.13224701
2025-01-29T17:00:00,357100.0,358700.0,352300.0,354250.0,47534.63061973
2025-01-29T21:00:00,354100.0,354550.0,347450.0,350600.0,98108.85963171
2025-01-30T01:00:00,350600.0,360000.0,345600.0,354500.0,87245.65192909
2025-01-30T05:00:00,354500.0,362350.0,349400.0,350350.0,135083.27898301
2025-01-30T09:00:00,350250.0,365600.0,348550.0,364400.0,180773.06797463
2025-01-30T13:00:00,364400.0,367100.0,360150.0,362650.0,134010.98377682
2025-01-30T17:00:00,362650.0,366500.0,362000.0,366500.0,73048.74185874
2025-01-30T21:00:00,366450.0,369450.0,363200.0,364500.0,102286.95613604
2025-01-31T01:00:00,364500.0,367400.0,361100.0,364000.0,29072.74631457
2025-01-31T05:00:00,363950.0,365500.0,359850.0,359950.0,37520.46893939
2025-01-31T09:00:00,359950.0,362200.0,357200.0,358500.0,93071.57214042
2025-01-31T13:00:00,358600.0,361000.0,357200.0,358200.0,46385.59193555
2025-01-31T17:00:00,358200.0,361550.0,357050.0,361450.0,67455.14543851
2025-01-31T21:00:00,361450.0,365000.0,357800.0,362300.0,109437.26261155
2025-02-01T01:00:00,362300.0,362550.0,352100.0,352500.0,82191.91685302
2025-02-01T05:00:00,352500.0,355600.0,350100.0,354300.0,61815.53568095
2025-02-01T09:00:00,354200.0,358000.0,352450.0,354250.0,71978.86379708
2025-02-01T13:00:00,354250.0,355750.0,352200.0,352900.0,45451.22690489
2025-02-01T17:00:00,352900.0,353300.0,347800.0,350850.0,87735.5718123
2025-02-01T21:00:00,350900.0,352500.0,347500.0,349050.0,51790.48126414
2025-02-02T01:00:00,349100.0,350700.0,344500.0,344700.0,47655.38224433
2025-02-02T05:00:00,344850.0,345000.0,332700.0,333350.0,187650.75494292
2025-02-02T09:00:00,333500.0,340700.0,324400.0,324400.0,215239.53498284
2025-02-02T13:00:00,324450.0,334200.0,324300.0,331000.0,117293.96584149
2025-02-02T17:00:00,331100.0,336400.0,326200.0,327350.0,91759.16176082
2025-02-02T21:00:00,327250.0,334700.0,326450.0,330800.0,111442.05942848
2025-02-03T01:00:00,331000.0,331050.0,310050.0,320750.0,194649.8792049
2025-02-03T05:00:00,320700.0,325550.0,308550.0,321100.0,201068.47561541
2025-02-03T09:00:00,321100.0,324650.0,281100.0,321600.0,767489.91493205
2025-02-03T13:00:00,321950.0,325300.0,307000.0,320350.0,277533.96689324
2025-02-03T17:00:00,320000.0,320350.0,308650.0,313700.0,164758.67669993
2025-02-03T21:00:00,313700.0,331400.0,302000.0,326750.0,318455.39565505
2025-02-04T01:00:00,326850.0,336450.0,321350.0,335600.0,148695.11338867
2025-02-04T05:00:00,335900.0,343800.0,329100.0,338250.0,155536.70496567
2025-02-04T09:00:00,338150.0,341950.0,332550.0,335850.0,136520.46043469
2025-02-04T13:00:00,335850.0,336600.0,316000.0,319400.0,199087.67878733
2025-02-04T17:00:00,319000.0,331350.0,317650.0,324800.0,84179.50844969
2025-02-04T21:00:00,324900.0,338500.0,324800.0,336650.0,126306.56317763
2025-02-05T01:00:00,336650.0,340550.0,325100.0,325100.0,64315.23100939
2025-02-05T05:00:00,325100.0,328300.0,320700.0,325800.0,92126.55143475
2025-02-05T09:00:00,325700.0,329800.0,322500.0,324650.0,62556.12000788
2025-02-05T13:00:00,324650.0,325400.0,318400.0,320300.0,57854.28965587
2025-02-05T17:00:00,320050.0,322900.0,317000.0,321900.0,51988.44035591
2025-02-05T21:00:00,321800.0,323500.0,315000.0,315450.0,77464.21986069
2025-02-06T01:00:00,315450.0,315800.0,308000.0,312400.0,67566.15142185
2025-02-06T05:00:00,312700.0,314200.0,305950.0,307300.0,54970.82862245
2025-02-06T09:00:00,307500.0,314600.0,307250.0,313000.0,58956.01204167
2025-02-06T13:00:00,313000.0,316350.0,312300.0,313550.0,44081.74480734
2025-02-06T17:00:00,313550.0,314900.0,309000.0,311100.0,42736.84976349
2025-02-06T21:00:00,311300.0,312200.0,297550.0,298650.0,117809.50652049
2025-02-07T01:00:00,298800.0,301150.0,295000.0,297400.0,69903.62502852
2025-02-07T05:00:00,297300.0,304250.0,294400.0,297250.0,62107.70697153
2025-02-07T09:00:00,297350.0,303000.0,294400.0,298450.0,80454.26280005
2025-02-07T13:00:00,298450.0,301350.0,291850.0,296050.0,73528.31898807
2025-02-07T17:00:00,296050.0,306450.0,294900.0,306400.0,67873.03642409
2025-02-07T21:00:00,306400.0,312800.0,301300.0,304800.0,142022.50419813
2025-02-08T01:00:00,304800.0,306350.0,300050.0,301800.0,27814.0279457
2025-02-08T05:00:00,301750.0,301800.0,292450.0,297850.0,61798.05884091
2025-02-08T09:00:00,297450.0,300850.0,296000.0,297650.0,49608.825291
2025-02-08T13:00:00,297850.0,298600.0,293500.0,297600.0,43266.95826055
2025-02-08T17:00:00,297900.0,301550.0,296200.0,300300.0,35291.49010976
2025-02-08T21:00:00,300350.0,302650.0,297700.0,298550.0,32183.10745919
2025-02-09T01:00:00,298500.0,305250.0,298000.0,302900.0,19692.98227793
2025-02-09T05:00:00,303100.0,309300.0,302900.0,307250.0,25633.28177312
2025-02-09T09:00:00,307250.0,317750.0,305950.0,317750.0,63537.42438605
2025-02-09T13:00:00,317750.0,318750.0,312000.0,312450.0,75298.8100527
2025-02-09T17:00:00,312250.0,313900.0,308300.0,308450.0,40263.07614371
2025-02-09T21:00:00,308300.0,310650.0,301150.0,307300.0,69299.36228063
2025-02-10T01:00:00,307450.0,309600.0,303500.0,305200.0,18628.40984146
2025-02-10T05:00:00,305200.0,307950.0,298500.0,306650.0,56073.28364724
2025-02-10T09:00:00,306700.0,313350.0,299950.0,307250.0,114397.50094305
2025-02-10T13:00:00,307250.0,310500.0,304000.0,307650.0,45021.01281694
2025-02-10T17:00:00,307500.0,312100.0,307350.0,309600.0,46787.21491198
2025-02-10T21:00:00,309600.0,316550.0,305650.0,307850.0,73565.33659853
2025-02-11T01:00:00,307700.0,309550.0,304750.0,305250.0,21980.72077228
2025-02-11T05:00:00,304950.0,307300.0,302400.0,304300.0,41672.28356218
2025-02-11T09:00:00,304300.0,310200.0,303200.0,304950.0,61779.46443537
2025-02-11T13:00:00,305000.0,310900.0,304850.0,308350.0,67031.13969315
2025-02-11T17:00:00,308300.0,310350.0,304050.0,307300.0,54670.6759705
2025-02-11T21:00:00,307300.0,307300.0,300350.0,302550.0,82496.45052547
2025-02-12T01:00:00,302550.0,303300.0,298500.0,299250.0,35253.77440569
2025-02-12T05:00:00,299250.0,303500.0,298800.0,301900.0,43217.67279648
2025-02-12T09:00:00,301900.0,302700.0,295450.0,295800.0,72642.54308873
2025-02-12T13:00:00,295550.0,297550.0,293100.0,295500.0,53882.57441189
2025-02-12T17:00:00,295550.0,299400.0,295450.0,298600.0,28504.91269769
2025-02-12T21:00:00,298600.0,300550.0,288000.0,291500.0,174504.84592311
2025-02-13T01:00:00,291500.0,297200.0,288050.0,292900.0,75226.75733221
2025-02-13T05:00:00,293150.0,300450.0,292100.0,297250.0,135151.14119487
2025-02-13T09:00:00,297250.0,298900.0,294400.0,298650.0,69964.83613638
2025-02-13T13:00:00,298600.0,299000.0,292000.0,292250.0,57004.72175463
2025-02-13T17:00:00,292250.0,292700.0,289200.0,290100.0,53588.46829053
2025-02-13T21:00:00,290100.0,292100.0,287000.0,290550.0,80582.05255792
2025-02-14T01:00:00,290750.0,294450.0,288400.0,292100.0,21118.95927691
2025-02-14T05:00:00,292100.0,295100.0,292050.0,293050.0,37857.44876758
2025-02-14T09:00:00,293550.0,296750.0,292550.0,296550.0,46745.52541546
2025-02-14T13:00:00,296550.0,296750.0,293000.0,295400.0,35343.81521119
2025-02-14T17:00:00,295350.0,302900.0,294900.0,300300.0,105300.06045844
2025-02-14T21:00:00,300300.0,303250.0,296100.0,301850.0,76714.76205652
2025-02-15T01:00:00,301850.0,307500.0,299500.0,302100.0,49856.37149521
2025-02-15T05:00:00,302000.0,303500.0,299050.0,299950.0,36195.40357295
2025-02-15T09:00:00,299950.0,300950.0,296300.0,298800.0,79114.03126261
2025-02-15T13:00:00,298750.0,299400.0,294550.0,295500.0,56242.27984401
2025-02-15T17:00:00,295450.0,296200.0,292350.0,293700.0,49298.95213333
2025-02-15T21:00:00,293700.0,295450.0,292000.0,293650.0,45670.49540061
2025-02-16T01:00:00,293650.0,294350.0,292350.0,293500.0,12098.4037026
2025-02-16T05:00:00,293500.0,294700.0,291550.0,294150.0,16534.41557363
2025-02-16T09:00:00,294050.0,295200.0,291050.0,293250.0,29125.48081673
2025-02-16T13:00:00,293250.0,295350.0,290800.0,291150.0,25873.51467939
2025-02-16T17:00:00,291150.0,292400.0,290500.0,291800.0,25086.10185255
2025-02-16T21:00:00,291800.0,291800.0,286000.0,287400.0,71574.73293582
2025-02-17T01:00:00,287400.0,288200.0,284000.0,286050.0,28903.28933533
2025-02-17T05:00:00,286050.0,286800.0,282250.0,285000.0,45378.2839654
2025-02-17T09:00:00,285200.0,285950.0,280650.0,281250.0,65418.91052439
2025-02-17T13:00:00,281250.0,281450.0,273300.0,274150.0,149091.82081186
2025-02-17T17:00:00,274200.0,279500.0,273050.0,277650.0,65692.31681749
2025-02-17T21:00:00,277600.0,281500.0,272050.0,272950.0,108617.30642082
2025-02-18T01:00:00,272900.0,274300.0,265000.0,267600.0,96803.88365502
2025-02-18T05:00:00,267600.0,272900.0,267600.0,267600.0,69382.53802187
2025-02-18T09:00:00,267600.0,269600.0,264150.0,267800.0,111762.47216768
2025-02-18T13:00:00,267850.0,267850.0,247650.0,250200.0,308841.66432534
2025-02-18T17:00:00,250200.0,257300.0,246350.0,253950.0,176260.53836125
2025-02-18T21:00:00,253950.0,258000.0,248150.0,250400.0,109162.38941356
2025-02-19T01:00:00,250200.0,251850.0,243450.0,249100.0,98604.76209022
2025-02-19T05:00:00,249100.0,255350.0,247350.0,254350.0,66860.28795634
2025-02-19T09:00:00,254350.0,256950.0,250100.0,251000.0,88048.60689136
2025-02-19T13:00:00,251000.0,253750.0,245300.0,252500.0,91577.37726031
2025-02-19T17:00:00,252500.0,260300.0,251800.0,259950.0,93519.9798452
2025-02-19T21:00:00,259950.0,260150.0,251400.0,253650.0,73666.27262991
2025-02-20T01:00:00,253700.0,258550.0,251500.0,252000.0,28547.02291603
2025-02-20T05:00:00,252050.0,253750.0,249000.0,252300.0,75041.1381244
2025-02-20T09:00:00,252450.0,256750.0,250000.0,256050.0,72617.43194818
2025-02-20T13:00:00,256100.0,259700.0,253650.0,255150.0,59367.46999165
2025-02-20T17:00:00,255050.0,259800.0,253950.0,258300.0,44621.25832337
2025-02-20T21:00:00,258300.0,261500.0,254300.0,254900.0,105896.17472716
2025-02-21T01:00:00,254700.0,259450.0,254500.0,258800.0,23034.84425632
2025-02-21T05:00:00,258800.0,261400.0,256500.0,260800.0,35490.87130028
2025-02-21T09:00:00,260850.0,261400.0,255650.0,255700.0,58288.79630869
2025-02-21T13:00:00,255700.0,260500.0,255550.0,259300.0,40260.09672365
2025-02-21T17:00:00,259150.0,265250.0,259150.0,261150.0,57843.2344777
2025-02-21T21:00:00,261150.0,265500.0,252600.0,255600.0,87426.17480774
2025-02-22T01:00:00,255600.0,258700.0,250300.0,250400.0,69760.22460092
2025-02-22T05:00:00,250400.0,253000.0,249300.0,250750.0,50901.4285787
2025-02-22T09:00:00,250850.0,256300.0,249500.0,251150.0,42879.71983842
2025-02-22T13:00:00,251150.0,255000.0,250850.0,253900.0,24087.98927692
2025-02-22T17:00:00,253850.0,256650.0,253000.0,256050.0,19730.23005301
2025-02-22T21:00:00,256000.0,257650.0,254650.0,256600.0,19818.60215314
2025-02-23T01:00:00,256600.0,257250.0,253800.0,254100.0,9100.72085619
2025-02-23T05:00:00,254000.0,255800.0,253050.0,253600.0,12143.13494973
2025-02-23T09:00:00,253600.0,253850.0,250900.0,251500.0,23312.26541316
2025-02-23T13:00:00,251550.0,254750.0,250750.0,254200.0,20308.14856974
2025-02-23T17:00:00,254200.0,254250.0,249300.0,249450.0,26305.39452578
2025-02-23T21:00:00,249500.0,249800.0,245000.0,245400.0,50229.60287
2025-02-24T01:00:00,245400.0,247450.0,245050.0,246450.0,11360.39324424
2025-02-24T05:00:00,246450.0,247650.0,244400.0,246400.0,29190.66513736
2025-02-24T09:00:00,246450.0,248650.0,234650.0,235250.0,135682.51795643
2025-02-24T13:00:00,235250.0,235400.0,229300.0,234300.0,130822.5870685
2025-02-24T17:00:00,234300.0,234400.0,227550.0,232600.0,122798.11243816
2025-02-24T21:00:00,232550.0,234050.0,219650.0,222350.0,176736.77994214
2025-02-25T01:00:00,222350.0,225800.0,216000.0,218900.0,92513.34718731
2025-02-25T05:00:00,218900.0,221950.0,200550.0,205650.0,357335.1029857
2025-02-25T09:00:00,205350.0,209500.0,200000.0,202950.0,322582.83668661
2025-02-25T13:00:00,202400.0,205100.0,192500.0,197050.0,345268.89615489
2025-02-25T17:00:00,197050.0,204800.0,190600.0,204600.0,277894.9033047
2025-02-25T21:00:00,204550.0,206350.0,195900.0,201500.0,194048.324045
2025-02-26T01:00:00,201750.0,210700.0,200300.0,210700.0,93498.64123068
2025-02-26T05:00:00,210700.0,214450.0,207700.0,210750.0,101401.11687194
2025-02-26T09:00:00,210800.0,211200.0,205200.0,207950.0,83105.75516339
2025-02-26T13:00:00,207900.0,209700.0,202900.0,203650.0,58331.78866469
2025-02-26T17:00:00,203500.0,206000.0,200350.0,200550.0,66197.36382373
2025-02-26T21:00:00,200600.0,203900.0,196200.0,202250.0,184130.43451367
2025-02-27T01:00:00,202300.0,203250.0,191200.0,192800.0,115263.81960134
2025-02-27T05:00:00,192800.0,200550.0,191700.0,197350.0,104448.98144164
2025-02-27T09:00:00,197350.0,202250.0,196000.0,201850.0,107600.31830905
2025-02-27T13:00:00,201800.0,208500.0,199850.0,206100.0,103296.51074103
2025-02-27T17:00:00,206050.0,208450.0,203050.0,205500.0,84147.97558941
2025-02-27T21:00:00,205500.0,206300.0,199150.0,204000.0,100047.27518047
2025-02-28T01:00:00,204000.0,204700.0,199000.0,199750.0,35081.98258995
2025-02-28T05:00:00,199750.0,203250.0,198000.0,202100.0,59575.97507705
2025-02-28T09:00:00,202050.0,202500.0,188450.0,188700.0,278288.79165379
2025-02-28T13:00:00,188800.0,192500.0,186100.0,191300.0,173336.89525685
2025-02-28T17:00:00,191200.0,200250.0,190450.0,198450.0,138393.87370703
2025-02-28T21:00:00,198450.0,220000.0,197500.0,215600.0,702285.20020523
2025-03-01T01:00:00,215450.0,217550.0,212000.0,216400.0,81225.28116682
2025-03-01T05:00:00,216400.0,219350.0,213900.0,218650.0,79371.06766158
2025-03-01T09:00:00,218650.0,222900.0,214300.0,216600.0,287334.50196003
2025-03-01T13:00:00,216550.0,219400.0,210300.0,210900.0,157182.77953477
2025-03-01T17:00:00,210850.0,214200.0,206900.0,208500.0,132457.01867138
2025-03-01T21:00:00,208500.0,210700.0,206100.0,209150.0,104903.29525198
2025-03-02T01:00:00,209150.0,210400.0,206750.0,209100.0,39154.34923115
2025-03-02T05:00:00,209150.0,214600.0,208400.0,214200.0,84170.29216724
2025-03-02T09:00:00,214100.0,217400.0,212400.0,214650.0,151519.4845167
2025-03-02T13:00:00,214650.0,215700.0,212050.0,214200.0,65734.75096636
2025-03-02T17:00:00,214200.0,215500.0,212100.0,214150.0,77617.9660298
2025-03-02T21:00:00,214100.0,243700.0,209000.0,235100.0,602328.78856779
2025-03-03T01:00:00,235100.0,268900.0,235000.0,256100.0,1239814.83420656
2025-03-03T05:00:00,256050.0,271000.0,255500.0,270350.0,445793.35196237
2025-03-03T09:00:00,270350.0,272000.0,251600.0,254100.0,448302.3347657
2025-03-03T13:00:00,254100.0,254950.0,238500.0,242850.0,310797.52222777
2025-03-03T17:00:00,242850.0,244450.0,234550.0,242100.0,239253.44248485
2025-03-03T21:00:00,241750.0,252000.0,234550.0,238300.0,320279.15327204
2025-03-04T01:00:00,238150.0,240850.0,212750.0,214950.0,242593.15492574
2025-03-04T05:00:00,215450.0,219650.0,209450.0,214450.0,267886.90447386
2025-03-04T09:00:00,214500.0,219800.0,199800.0,205500.0,411302.48126305
2025-03-04T13:00:00,205550.0,210000.0,204550.0,205200.0,132764.77560807
2025-03-04T17:00:00,205200.0,209750.0,203450.0,207100.0,114661.55803397
2025-03-04T21:00:00,207100.0,215550.0,200000.0,209650.0,320032.86885064
2025-03-05T01:00:00,209500.0,217250.0,198550.0,215250.0,228129.11511523
2025-03-05T05:00:00,215200.0,220000.0,212150.0,216350.0,146460.95433803
2025-03-05T09:00:00,216350.0,218450.0,211900.0,212500.0,192046.1575724
2025-03-05T13:00:00,212500.0,216050.0,210600.0,214600.0,100799.06906078
2025-03-05T17:00:00,214600.0,224550.0,214350.0,220600.0,231616.09359489
2025-03-05T21:00:00,220500.0,224000.0,210600.0,212250.0,227938.32472357
2025-03-06T01:00:00,212250.0,218700.0,210650.0,216150.0,69443.44032635
2025-03-06T05:00:00,215950.0,218650.0,214750.0,217950.0,83148.10812593
2025-03-06T09:00:00,217950.0,223800.0,215000.0,221050.0,151091.17353879
2025-03-06T13:00:00,221150.0,223900.0,219750.0,221050.0,100846.85185088
2025-03-06T17:00:00,220900.0,227150.0,220450.0,225400.0,141516.24377192
2025-03-06T21:00:00,225300.0,225650.0,216050.0,221400.0,174021.32196825
2025-03-07T01:00:00,221400.0,221900.0,212950.0,214300.0,61848.15549526
2025-03-07T05:00:00,214300.0,217300.0,213250.0,213500.0,66796.69121062
2025-03-07T09:00:00,213300.0,216750.0,202700.0,209850.0,227480.44644217
2025-03-07T13:00:00,209750.0,215100.0,209500.0,214650.0,51940.29616977
2025-03-07T17:00:00,214700.0,217600.0,212250.0,213550.0,63506.23826995
2025-03-07T21:00:00,213550.0,219900.0,210350.0,215850.0,152814.9313829
2025-03-08T01:00:00,216000.0,224650.0,211100.0,217750.0,124546.02587236
2025-03-08T05:00:00,217700.0,220450.0,205450.0,207900.0,136448.84751223
2025-03-08T09:00:00,207900.0,210850.0,205900.0,207750.0,81590.8714453
2025-03-08T13:00:00,207600.0,209700.0,206400.0,207000.0,45281.55458672
2025-03-08T17:00:00,206950.0,207550.0,203900.0,205000.0,51219.66334677
2025-03-08T21:00:00,205000.0,207250.0,202950.0,204750.0,78159.72455024
2025-03-09T01:00:00,204750.0,207050.0,202100.0,206450.0,38254.42349966
2025-03-09T05:00:00,206450.0,206700.0,203650.0,204350.0,19663.54406142
2025-03-09T09:00:00,204150.0,206350.0,203400.0,205400.0,34156.1710916
2025-03-09T13:00:00,205350.0,207950.0,205000.0,207600.0,43361.85435487
2025-03-09T17:00:00,207650.0,207850.0,201150.0,202950.0,89480.06523114
2025-03-09T21:00:00,202950.0,203050.0,194000.0,194350.0,158765.32922127
2025-03-10T01:00:00,194300.0,196500.0,189000.0,193450.0,114366.30300466
2025-03-10T05:00:00,193450.0,195700.0,188000.0,189950.0,102786.73700173
2025-03-10T09:00:00,189800.0,193500.0,185050.0,189250.0,189388.7844901
2025-03-10T13:00:00,189250.0,192500.0,188700.0,190600.0,59927.24951051
2025-03-10T17:00:00,190600.0,195700.0,187150.0,193250.0,158373.50083058
2025-03-10T21:00:00,193300.0,194750.0,180050.0,182000.0,279191.90420763
2025-03-11T01:00:00,182050.0,182750.0,173550.0,179200.0,159667.38153938
2025-03-11T05:00:00,179300.0,180200.0,176050.0,176850.0,89677.02880107
2025-03-11T09:00:00,177050.0,181900.0,168300.0,179200.0,261101.56498174
2025-03-11T13:00:00,179200.0,185000.0,178800.0,183500.0,95821.92215854
2025-03-11T17:00:00,183500.0,187200.0,183200.0,185550.0,75405.63384488
2025-03-11T21:00:00,185550.0,187500.0,176300.0,185400.0,183921.79067938
2025-03-12T01:00:00,185600.0,190600.0,182450.0,190300.0,63156.34533476
2025-03-12T05:00:00,190250.0,190450.0,185600.0,186000.0,49771.3057196
2025-03-12T09:00:00,186000.0,189200.0,181650.0,181750.0,112647.26174636
2025-03-12T13:00:00,181700.0,183550.0,179800.0,183050.0,76162.94397482
2025-03-12T17:00:00,183050.0,188400.0,182650.0,188200.0,88394.79933601
2025-03-12T21:00:00,188200.0,194350.0,183400.0,185200.0,187978.14204362
2025-03-13T01:00:00,185350.0,187700.0,183300.0,185900.0,43877.78072948
2025-03-13T05:00:00,185650.0,188500.0,184000.0,187350.0,31721.36866012
2025-03-13T09:00:00,187350.0,188300.0,184600.0,184850.0,58718.55888261
2025-03-13T13:00:00,184850.0,185500.0,182050.0,184000.0,52043.19620765
2025-03-13T17:00:00,183900.0,189100.0,182950.0,187700.0,73956.09122728
2025-03-13T21:00:00,187700.0,190350.0,183500.0,184400.0,99730.54495952
2025-03-14T01:00:00,184300.0,184500.0,179900.0,180400.0,42681.25201551
2025-03-14T05:00:00,180400.0,184200.0,179600.0,182950.0,30454.06075858
2025-03-14T09:00:00,182950.0,185500.0,182200.0,183850.0,45903.39591156
2025-03-14T13:00:00,183850.0,185300.0,183650.0,184100.0,27781.00498771
2025-03-14T17:00:00,184200.0,186750.0,184100.0,186300.0,42464.51200079
2025-03-14T21:00:00,186300.0,196550.0,185000.0,194450.0,160216.30956274
2025-03-15T01:00:00,194350.0,198250.0,192850.0,197900.0,45091.01568011
2025-03-15T05:00:00,197900.0,200450.0,195000.0,196900.0,48951.08937736
2025-03-15T09:00:00,196900.0,199600.0,196150.0,199450.0,64592.21405209
2025-03-15T13:00:00,199400.0,199800.0,195250.0,195950.0,61595.01531382
2025-03-15T17:00:00,195950.0,197350.0,195150.0,196900.0,33997.65632258
2025-03-15T21:00:00,196900.0,200050.0,196550.0,198800.0,54611.71019623
2025-03-16T01:00:00,198800.0,200850.0,196900.0,198100.0,22337.67113232
2025-03-16T05:00:00,198100.0,200750.0,197850.0,199800.0,19528.06815025
2025-03-16T09:00:00,199800.0,201000.0,197250.0,199550.0,58123.37390297
2025-03-16T13:00:00,199450.0,200250.0,197000.0,198050.0,32637.06954946
2025-03-16T17:00:00,197850.0,198300.0,191050.0,191550.0,89225.21872501
2025-03-16T21:00:00,191700.0,192900.0,188050.0,189950.0,100168.25551952
2025-03-17T01:00:00,189950.0,193350.0,186000.0,187100.0,55834.81165787
2025-03-17T05:00:00,187100.0,188650.0,184800.0,186100.0,68072.63315151
2025-03-17T09:00:00,186150.0,189700.0,185700.0,189400.0,62498.34403765
2025-03-17T13:00:00,189400.0,189900.0,185600.0,189400.0,53458.39493583
2025-03-17T17:00:00,189400.0,189800.0,188000.0,189350.0,32847.77390525
2025-03-17T21:00:00,189350.0,190750.0,184250.0,186600.0,87538.63276546
2025-03-18T01:00:00,186750.0,190650.0,185650.0,189650.0,27360.19032092
2025-03-18T05:00:00,189500.0,189700.0,187100.0,187300.0,29431.31683879
2025-03-18T09:00:00,187300.0,187650.0,181000.0,182050.0,86926.99743299
2025-03-18T13:00:00,182150.0,183750.0,181000.0,183650.0,53926.68529532
2025-03-18T17:00:00,183650.0,184550.0,180700.0,181250.0,58531.14100573
2025-03-18T21:00:00,181250.0,181700.0,179300.0,180450.0,65998.04171656
2025-03-19T01:00:00,180400.0,183150.0,180400.0,182600.0,15807.23353304
2025-03-19T05:00:00,182600.0,184300.0,181550.0,183750.0,22776.91094911
2025-03-19T09:00:00,183750.0,185450.0,181950.0,185100.0,41304.87927246
2025-03-19T13:00:00,185100.0,185650.0,183500.0,184150.0,29477.04339551
2025-03-19T17:00:00,184150.0,190500.0,184150.0,189150.0,79211.40429598
2025-03-19T21:00:00,189150.0,194800.0,186300.0,194000.0,198481.33610812
2025-03-20T01:00:00,193900.0,196550.0,188250.0,194650.0,59268.98980963
2025-03-20T05:00:00,194600.0,199500.0,194600.0,198400.0,69541.41346719
2025-03-20T09:00:00,198350.0,199600.0,194800.0,196100.0,83295.91987119
2025-03-20T13:00:00,196100.0,198300.0,194500.0,197200.0,38760.23189416
2025-03-20T17:00:00,197050.0,198150.0,192050.0,192400.0,89979.44061342
2025-03-20T21:00:00,192450.0,195050.0,189750.0,190400.0,98260.93824138
2025-03-21T01:00:00,190500.0,191000.0,187600.0,189200.0,46186.98286498
2025-03-21T05:00:00,189050.0,189900.0,188150.0,188400.0,43537.72672226
2025-03-21T09:00:00,188400.0,190350.0,188000.0,189350.0,55625.02742405
2025-03-21T13:00:00,189350.0,190050.0,188050.0,188900.0,39758.32454631
2025-03-21T17:00:00,188900.0,190800.0,186300.0,187200.0,59752.82768915
2025-03-21T21:00:00,187200.0,189100.0,185600.0,186800.0,42875.65447002
2025-03-22T01:00:00,186800.0,191800.0,185100.0,189500.0,34953.43259679
2025-03-22T05:00:00,189500.0,192350.0,188550.0,190350.0,34526.68309637
2025-03-22T09:00:00,190150.0,191300.0,188900.0,190100.0,39289.04468443
2025-03-22T13:00:00,190100.0,191400.0,189800.0,190150.0,25956.68313761
2025-03-22T17:00:00,190000.0,194450.0,189950.0,192300.0,58091.2120147
2025-03-22T21:00:00,192250.0,192700.0,190000.0,191050.0,24277.33865695
2025-03-23T01:00:00,190900.0,192500.0,190450.0,192200.0,10502.05276667
2025-03-23T05:00:00,192100.0,192250.0,189700.0,190450.0,17566.07753378
2025-03-23T09:00:00,190350.0,193200.0,189700.0,193200.0,30705.00330695
2025-03-23T13:00:00,193200.0,194300.0,191700.0,193900.0,32386.11703847
2025-03-23T17:00:00,193900.0,198650.0,193100.0,197000.0,86846.51080367
2025-03-23T21:00:00,197000.0,197900.0,195400.0,195900.0,42447.92632787
2025-03-24T01:00:00,195850.0,196400.0,193200.0,193400.0,17046.33048304
2025-03-24T05:00:00,193350.0,195950.0,192950.0,195950.0,21911.31991232
2025-03-24T09:00:00,195850.0,204250.0,194750.0,203850.0,139476.63361323
2025-03-24T13:00:00,203850.0,205250.0,202750.0,204550.0,81971.17392778
2025-03-24T17:00:00,204550.0,213000.0,204100.0,211600.0,150475.62734882
2025-03-24T21:00:00,211600.0,213950.0,209900.0,211350.0,161794.0075074
2025-03-25T01:00:00,211350.0,211750.0,208500.0,210350.0,29287.60275052
2025-03-25T05:00:00,210300.0,211750.0,205600.0,207800.0,62035.28251738
2025-03-25T09:00:00,207800.0,210000.0,203950.0,204750.0,98047.73034598
2025-03-25T13:00:00,204700.0,207300.0,203950.0,205900.0,41889.99840811
2025-03-25T17:00:00,205900.0,211950.0,205850.0,210200.0,78494.58305738
2025-03-25T21:00:00,210250.0,217550.0,208550.0,214250.0,170001.85702432
2025-03-26T01:00:00,214250.0,215550.0,211850.0,213400.0,31010.42304956
2025-03-26T05:00:00,213400.0,214950.0,210050.0,211600.0,39753.95645059
2025-03-26T09:00:00,211600.0,213200.0,209050.0,209600.0,69481.94649579
2025-03-26T13:00:00,209500.0,213650.0,209100.0,213100.0,50248.60051065
2025-03-26T17:00:00,213050.0,214700.0,212050.0,213150.0,59786.11925047
2025-03-26T21:00:00,213050.0,213950.0,205500.0,206150.0,128062.34412039
2025-03-27T01:00:00,206150.0,207250.0,201800.0,203600.0,43918.87361517
2025-03-27T05:00:00,203600.0,205150.0,201000.0,203500.0,68210.34843907
2025-03-27T09:00:00,203400.0,207000.0,202350.0,206650.0,59819.69060363
2025-03-27T13:00:00,206600.0,206950.0,203450.0,204900.0,41979.04236615
2025-03-27T17:00:00,204850.0,205450.0,202450.0,202700.0,45468.83610076
2025-03-27T21:00:00,202700.0,206400.0,200450.0,203350.0,90150.97041818
2025-03-28T01:00:00,203350.0,206000.0,202850.0,205450.0,22155.3881615
2025-03-28T05:00:00,205250.0,206400.0,203650.0,204100.0,25143.95690696
2025-03-28T09:00:00,204150.0,205250.0,201000.0,202100.0,55634.29157452
2025-03-28T13:00:00,202100.0,202700.0,194550.0,194900.0,103096.70470661
2025-03-28T17:00:00,194900.0,196400.0,193700.0,196300.0,62655.28527062
2025-03-28T21:00:00,196300.0,197550.0,192250.0,193600.0,83150.16181703
2025-03-29T01:00:00,193800.0,194100.0,192450.0,193000.0,25752.13708851
2025-03-29T05:00:00,193000.0,194450.0,190700.0,193150.0,34390.61155259
2025-03-29T09:00:00,193150.0,194650.0,188450.0,191500.0,77164.5654914
2025-03-29T13:00:00,191550.0,191950.0,187000.0,188050.0,42206.39366389
2025-03-29T17:00:00,188100.0,189150.0,185050.0,186500.0,76174.36006135
2025-03-29T21:00:00,186600.0,189200.0,186100.0,188400.0,43633.59651161
2025-03-30T01:00:00,188450.0,189100.0,185000.0,187000.0,30363.02552844
2025-03-30T05:00:00,187050.0,187100.0,183500.0,186000.0,41446.30204303
2025-03-30T09:00:00,186100.0,189500.0,184450.0,188000.0,72711.09135042
2025-03-30T13:00:00,188000.0,189100.0,186650.0,187300.0,22839.78284533
2025-03-30T17:00:00,187400.0,188700.0,186500.0,187050.0,28131.84915442
2025-03-30T21:00:00,187050.0,187750.0,184000.0,186600.0,38098.47891799
2025-03-31T01:00:00,186700.0,189850.0,184150.0,188100.0,16055.66439059
2025-03-31T05:00:00,188100.0,188950.0,184600.0,186600.0,32245.42715718
2025-03-31T09:00:00,186650.0,190000.0,183350.0,185500.0,82835.35250734
2025-03-31T13:00:00,185650.0,188900.0,185050.0,187450.0,43211.42560246
2025-03-31T17:00:00,187450.0,188500.0,183500.0,184850.0,61754.99806244
2025-03-31T21:00:00,185000.0,190400.0,184000.0,189050.0,91150.98018251
2025-04-01T01:00:00,189050.0,189700.0,187550.0,187800.0,5905.54512176
2025-04-01T05:00:00,187650.0,188100.0,186000.0,186050.0,15144.45787161
2025-04-01T09:00:00,186200.0,188400.0,184300.0,187400.0,52834.12120962
2025-04-01T13:00:00,187400.0,188400.0,186500.0,188000.0,32371.61619654
2025-04-01T17:00:00,188050.0,193000.0,188000.0,189450.0,83317.17516559
2025-04-01T21:00:00,189500.0,193650.0,185750.0,191500.0,105224.32937396
2025-04-02T01:00:00,191500.0,192150.0,186650.0,188550.0,34802.52378725
2025-04-02T05:00:00,188550.0,189350.0,186500.0,188200.0,38060.61401887
2025-04-02T09:00:00,188300.0,188650.0,184200.0,184500.0,68122.23122263
2025-04-02T13:00:00,184550.0,185350.0,183200.0,184900.0,52325.06835552
2025-04-02T17:00:00,184800.0,187900.0,184250.0,185800.0,32702.0486026
2025-04-02T21:00:00,185900.0,194000.0,185100.0,192950.0,100100.20747098
2025-04-03T01:00:00,192950.0,195000.0,190950.0,194000.0,57943.7822958
2025-04-03T05:00:00,194200.0,200800.0,174700.0,175050.0,338120.21448797
2025-04-03T09:00:00,175050.0,180000.0,173300.0,177800.0,133462.61245023
2025-04-03T13:00:00,177900.0,179350.0,175050.0,176400.0,72612.09475841
2025-04-03T17:00:00,176500.0,177150.0,171000.0,171900.0,112052.88728761
2025-04-03T21:00:00,171900.0,172100.0,167200.0,169700.0,189183.21273896
2025-04-04T01:00:00,169750.0,172250.0,168450.0,171200.0,33690.31030394
2025-04-04T05:00:00,171200.0,174250.0,170700.0,173650.0,64282.58107681
2025-04-04T09:00:00,173700.0,174050.0,169050.0,169850.0,92181.19710095
2025-04-04T13:00:00,169800.0,174200.0,168600.0,173700.0,58400.7521716
2025-04-04T17:00:00,173750.0,176250.0,168100.0,169900.0,148770.61392415
2025-04-04T21:00:00,169950.0,178500.0,169000.0,175500.0,179930.89761406
2025-04-05T01:00:00,175400.0,182650.0,174800.0,180750.0,100376.85757834
2025-04-05T05:00:00,180700.0,182350.0,179350.0,180550.0,61687.68516017
2025-04-05T09:00:00,180550.0,180950.0,177900.0,178000.0,54229.34519411
2025-04-05T13:00:00,178150.0,179150.0,177450.0,178700.0,33622.58944096
2025-04-05T17:00:00,178700.0,179950.0,176850.0,177550.0,52913.44229342
2025-04-05T21:00:00,177600.0,177600.0,173600.0,174200.0,81292.64814801
2025-04-06T01:00:00,174250.0,176400.0,174050.0,175550.0,20813.01123379
2025-04-06T05:00:00,175600.0,178000.0,175250.0,177600.0,51113.22222971
2025-04-06T09:00:00,177600.0,178600.0,176500.0,177250.0,58728.53733743
2025-04-06T13:00:00,177300.0,178200.0,175750.0,176300.0,48472.24440026
2025-04-06T17:00:00,176300.0,177850.0,174900.0,175400.0,40971.42383067
2025-04-06T21:00:00,175400.0,175750.0,169300.0,170150.0,142913.19344759
2025-04-07T01:00:00,170100.0,170450.0,159800.0,162100.0,238399.97214251
2025-04-07T05:00:00,162050.0,162550.0,155550.0,158600.0,288797.32161945
2025-04-07T09:00:00,158600.0,161850.0,153100.0,154900.0,278097.18204182
2025-04-07T13:00:00,155000.0,155650.0,143050.0,146200.0,352984.49725467
2025-04-07T17:00:00,146300.0,153500.0,145800.0,150200.0,196150.54478549
2025-04-07T21:00:00,150200.0,168450.0,149350.0,158800.0,510766.12715919
2025-04-08T01:00:00,159000.0,160550.0,154650.0,157500.0,74492.44131112
2025-04-08T05:00:00,157650.0,163300.0,157650.0,159700.0,90841.14633697
2025-04-08T09:00:00,159650.0,167450.0,158650.0,165750.0,167412.26238529
2025-04-08T13:00:00,165800.0,166850.0,161000.0,162300.0,108829.88939482
2025-04-08T17:00:00,162300.0,166900.0,160000.0,166650.0,88417.05994727
2025-04-08T21:00:00,166650.0,167300.0,159850.0,160550.0,203714.42628769
2025-04-09T01:00:00,160550.0,160600.0,154550.0,156000.0,105463.83777621
2025-04-09T05:00:00,156200.0,159800.0,155650.0,158000.0,93150.52789201
2025-04-09T09:00:00,158100.0,160200.0,152700.0,155200.0,173387.7747337
2025-04-09T13:00:00,155200.0,162200.0,155000.0,161400.0,103498.42150635
2025-04-09T17:00:00,161500.0,162550.0,154400.0,155550.0,110492.36687392
2025-04-09T21:00:00,155550.0,160800.0,153700.0,159250.0,157036.15946681
2025-04-10T01:00:00,159250.0,177750.0,159050.0,174850.0,256687.22250149
2025-04-10T05:00:00,174900.0,177750.0,173950.0,175100.0,120659.22570813
2025-04-10T09:00:00,175100.0,175450.0,169150.0,170650.0,123913.88727115
2025-04-10T13:00:00,170550.0,172850.0,169150.0,170150.0,69639.11894847
2025-04-10T17:00:00,170050.0,170500.0,167950.0,168850.0,63515.13389784
2025-04-10T21:00:00,168800.0,171250.0,162700.0,162900.0,234268.34248148
2025-04-11T01:00:00,162900.0,166000.0,161050.0,165250.0,105103.75206583
2025-04-11T05:00:00,165150.0,167900.0,164950.0,167050.0,46739.61903661
2025-04-11T09:00:00,166900.0,170900.0,165900.0,170500.0,93799.00398563
2025-04-11T13:00:00,170400.0,173800.0,169700.0,171850.0,77844.63020963
2025-04-11T17:00:00,171800.0,174850.0,170800.0,173050.0,102990.26863898
2025-04-11T21:00:00,172900.0,178000.0,172350.0,175200.0,120796.31637774
2025-04-12T01:00:00,175100.0,177650.0,173400.0,175350.0,32545.18887658
2025-04-12T05:00:00,175350.0,178000.0,174800.0,176750.0,36470.66279244
2025-04-12T09:00:00,176600.0,177950.0,174400.0,175000.0,72726.5956787
2025-04-12T13:00:00,174800.0,180700.0,174400.0,180400.0,88233.49588537
2025-04-12T17:00:00,180350.0,182000.0,180050.0,181150.0,57516.88393062
2025-04-12T21:00:00,181150.0,190350.0,180800.0,188600.0,168615.76401924
2025-04-13T01:00:00,188600.0,190000.0,185750.0,189050.0,52591.09514553
2025-04-13T05:00:00,189050.0,193500.0,188900.0,191450.0,69396.63704947
2025-04-13T09:00:00,191350.0,193950.0,190100.0,191050.0,109215.346531
2025-04-13T13:00:00,191300.0,191600.0,186100.0,186600.0,83332.82083595
2025-04-13T17:00:00,186600.0,191200.0,186000.0,188650.0,107908.12613211
2025-04-13T21:00:00,188750.0,189500.0,184600.0,187050.0,73326.39794973
2025-04-14T01:00:00,186850.0,191850.0,185200.0,186800.0,41131.6165254
2025-04-14T05:00:00,186700.0,188700.0,182650.0,186650.0,69015.96530344
2025-04-14T09:00:00,186650.0,197000.0,186000.0,191550.0,129461.04231988
2025-04-14T13:00:00,191550.0,194750.0,190250.0,192000.0,65109.58121086
2025-04-14T17:00:00,191950.0,194150.0,190550.0,193250.0,86841.98058595
2025-04-14T21:00:00,193250.0,195200.0,186300.0,187400.0,141642.53426218
2025-04-15T01:00:00,187350.0,191000.0,186200.0,189850.0,36626.27166267
2025-04-15T05:00:00,189800.0,189900.0,186850.0,187850.0,34814.75341388
2025-04-15T09:00:00,187850.0,189050.0,185500.0,188750.0,71799.63038984
2025-04-15T13:00:00,188550.0,191150.0,187600.0,190300.0,51355.95822368
2025-04-15T17:00:00,190300.0,193950.0,190000.0,191800.0,71365.10949198
2025-04-15T21:00:00,191800.0,194600.0,187500.0,188450.0,91070.86955326
2025-04-16T01:00:00,188300.0,189750.0,185600.0,186700.0,33964.26838766
2025-04-16T05:00:00,186700.0,187750.0,183950.0,184400.0,67514.7276194
2025-04-16T09:00:00,184400.0,185900.0,182100.0,183950.0,74152.98989436
2025-04-16T13:00:00,183950.0,184400.0,181400.0,181800.0,51943.04039592
2025-04-16T17:00:00,182050.0,183900.0,180100.0,183350.0,75241.83473206
2025-04-16T21:00:00,183350.0,187750.0,181050.0,185900.0,69948.34912543
2025-04-17T01:00:00,185950.0,193800.0,181700.0,191950.0,87402.42524645
2025-04-17T05:00:00,191900.0,193550.0,189500.0,190450.0,111236.60504497
2025-04-17T09:00:00,190450.0,192200.0,187850.0,188250.0,80971.8386696
2025-04-17T13:00:00,188200.0,195800.0,187950.0,194100.0,98869.68747272
2025-04-17T17:00:00,194100.0,195000.0,191450.0,192350.0,53939.34919303
2025-04-17T21:00:00,192350.0,194450.0,189300.0,193050.0,112837.89730303
2025-04-18T01:00:00,193050.0,196300.0,191100.0,192450.0,41578.19422971
2025-04-18T05:00:00,192600.0,195600.0,192600.0,194700.0,37940.50168478
2025-04-18T09:00:00,194700.0,196500.0,193200.0,194750.0,66472.76750602
2025-04-18T13:00:00,194650.0,195300.0,193050.0,195150.0,45050.87164794
2025-04-18T17:00:00,195200.0,196100.0,193600.0,194500.0,39248.30856786
2025-04-18T21:00:00,194500.0,195650.0,192150.0,192850.0,39377.38980596
2025-04-19T01:00:00,192850.0,194450.0,192400.0,194250.0,10379.30150076
2025-04-19T05:00:00,194250.0,194500.0,193000.0,193950.0,18344.61946534
2025-04-19T09:00:00,194000.0,201000.0,193400.0,200750.0,96136.56220011
2025-04-19T13:00:00,200750.0,201550.0,199000.0,200400.0,49201.59002856
2025-04-19T17:00:00,200350.0,202000.0,199950.0,200300.0,46352.81752491
2025-04-19T21:00:00,200300.0,202650.0,199850.0,200750.0,40166.42772418
2025-04-20T01:00:00,200750.0,201350.0,199150.0,200200.0,18922.67744395
2025-04-20T05:00:00,200200.0,201800.0,199650.0,201800.0,19310.36313481
2025-04-20T09:00:00,201800.0,204850.0,201100.0,203700.0,67820.65695348
2025-04-20T13:00:00,203650.0,204450.0,200500.0,201800.0,61334.17738423
2025-04-20T17:00:00,201800.0,202000.0,196600.0,197450.0,108468.98577144
2025-04-20T21:00:00,197450.0,199550.0,196200.0,196750.0,59645.79656242
2025-04-21T01:00:00,196750.0,198250.0,196350.0,198200.0,12488.2430098
2025-04-21T05:00:00,198200.0,199800.0,197000.0,198900.0,40199.48152962
2025-04-21T09:00:00,198900.0,205500.0,198600.0,199700.0,165974.31239826
2025-04-21T13:00:00,199750.0,203250.0,199750.0,200800.0,48041.76839888
2025-04-21T17:00:00,200850.0,201950.0,198600.0,199400.0,64015.03352687
2025-04-21T21:00:00,199400.0,200600.0,196450.0,198600.0,107234.87326323
2025-04-22T01:00:00,198350.0,199050.0,193000.0,196800.0,63048.13053719
2025-04-22T05:00:00,196950.0,197600.0,195050.0,197000.0,37892.44115803
2025-04-22T09:00:00,196950.0,201350.0,194150.0,200600.0,106238.18646869
2025-04-22T13:00:00,200600.0,202100.0,199500.0,201400.0,61541.11168375
2025-04-22T17:00:00,201400.0,202450.0,200000.0,202150.0,43621.99099031
2025-04-22T21:00:00,202150.0,208550.0,201600.0,208300.0,156476.06210269
2025-04-23T01:00:00,208400.0,212000.0,206050.0,207100.0,49655.15326
2025-04-23T05:00:00,207100.0,215000.0,205800.0,213200.0,127188.69623735
2025-04-23T09:00:00,213150.0,214150.0,211000.0,213500.0,127986.67767636
2025-04-23T13:00:00,213500.0,217750.0,212750.0,217350.0,95314.67290014
2025-04-23T17:00:00,217350.0,220150.0,216150.0,217600.0,99873.41938258
2025-04-23T21:00:00,217600.0,220550.0,212900.0,217000.0,140872.17027507
2025-04-24T01:00:00,217000.0,218050.0,213500.0,215450.0,38985.77661667
2025-04-24T05:00:00,215450.0,217550.0,209750.0,216800.0,47493.17198039
2025-04-24T09:00:00,216800.0,217250.0,211000.0,211350.0,87093.90504494
2025-04-24T13:00:00,211400.0,214050.0,211300.0,211750.0,47124.83772686
2025-04-24T17:00:00,211750.0,212800.0,208950.0,212700.0,70656.52123368
2025-04-24T21:00:00,212600.0,217750.0,211800.0,214400.0,95809.1643455
2025-04-25T01:00:00,214500.0,218800.0,214150.0,217750.0,34469.0002691
2025-04-25T05:00:00,217750.0,219200.0,215450.0,218600.0,39682.423063
2025-04-25T09:00:00,218600.0,222000.0,216850.0,218750.0,78336.23525611
2025-04-25T13:00:00,218800.0,222950.0,217200.0,222750.0,60530.58395307
2025-04-25T17:00:00,222750.0,223000.0,220400.0,222800.0,65434.0855806
2025-04-25T21:00:00,222850.0,225800.0,220000.0,221000.0,120695.80820005
2025-04-26T01:00:00,221000.0,221200.0,217650.0,218450.0,41821.44874912
2025-04-26T05:00:00,218550.0,220000.0,216500.0,217850.0,49225.51688116
2025-04-26T09:00:00,217700.0,220500.0,217700.0,218500.0,58745.90632774
2025-04-26T13:00:00,218500.0,219200.0,216650.0,217800.0,50148.30048487
2025-04-26T17:00:00,217800.0,219050.0,213350.0,213850.0,83539.18809707
2025-04-26T21:00:00,213850.0,215500.0,213150.0,215350.0,47016.85421739
2025-04-27T01:00:00,215200.0,215400.0,214100.0,215350.0,17699.69686301
2025-04-27T05:00:00,215300.0,216000.0,214050.0,215400.0,22861.10873787
2025-04-27T09:00:00,215200.0,216950.0,211550.0,213450.0,78390.67881158
2025-04-27T13:00:00,213450.0,213900.0,210850.0,213350.0,31907.78623336
2025-04-27T17:00:00,213400.0,214950.0,213050.0,214000.0,21995.22679842
2025-04-27T21:00:00,214050.0,216100.0,212500.0,215000.0,46713.50251351
2025-04-28T01:00:00,215100.0,216500.0,214000.0,216150.0,12394.3731397
2025-04-28T05:00:00,216100.0,216250.0,213200.0,213600.0,22670.58434299
2025-04-28T09:00:00,213550.0,215450.0,208650.0,214150.0,71821.39840066
2025-04-28T13:00:00,214000.0,218000.0,213950.0,217450.0,57756.81062554
2025-04-28T17:00:00,217350.0,220700.0,215000.0,218150.0,108180.38784231
2025-04-28T21:00:00,218250.0,218450.0,210400.0,211450.0,74369.07943129
2025-04-29T01:00:00,211400.0,214550.0,210350.0,213750.0,26166.91644077
2025-04-29T05:00:00,213900.0,213950.0,211550.0,213000.0,38348.7548957
2025-04-29T09:00:00,213000.0,215000.0,212100.0,212800.0,41012.73305746
2025-04-29T13:00:00,212800.0,214700.0,210200.0,214500.0,56691.88690447
2025-04-29T17:00:00,214450.0,215200.0,212950.0,214650.0,37955.0924476
2025-04-29T21:00:00,214600.0,214850.0,211850.0,213200.0,30169.86872232
2025-04-30T01:00:00,213100.0,216350.0,212750.0,214850.0,20435.6593094
2025-04-30T05:00:00,214900.0,215300.0,210000.0,211600.0,40952.81041028
2025-04-30T09:00:00,211650.0,213950.0,209150.0,213050.0,47713.05609377
2025-04-30T13:00:00,213250.0,213400.0,210200.0,210750.0,20313.51717084
2025-04-30T17:00:00,210650.0,212600.0,210150.0,212550.0,20801.87314279
2025-04-30T21:00:00,212500.0,212550.0,202500.0,205500.0,163025.73784529
2025-05-01T01:00:00,205600.0,210700.0,204550.0,210200.0,33503.84224749
2025-05-01T05:00:00,210200.0,213750.0,209950.0,213100.0,33297.65964306
2025-05-01T09:00:00,213050.0,215600.0,213050.0,214350.0,41223.82301832
2025-05-01T13:00:00,214350.0,216500.0,213400.0,215950.0,33423.91090621
2025-05-01T17:00:00,215850.0,219200.0,215550.0,218350.0,74329.46941247
2025-05-01T21:00:00,218350.0,221400.0,216900.0,218650.0,71279.92237748
2025-05-02T01:00:00,218650.0,219950.0,216300.0,216400.0,25286.34163476
2025-05-02T05:00:00,216400.0,217500.0,216000.0,217400.0,26678.64298588
2025-05-02T09:00:00,217450.0,219200.0,216700.0,217050.0,55266.50965558
2025-05-02T13:00:00,217050.0,217550.0,212400.0,212650.0,64306.57228328
2025-05-02T17:00:00,212650.0,215200.0,212500.0,215050.0,23764.10452874
2025-05-02T21:00:00,215100.0,216100.0,213100.0,213550.0,56695.84080333
2025-05-03T01:00:00,213550.0,215300.0,211500.0,211900.0,33715.88990106
2025-05-03T05:00:00,211900.0,212650.0,210950.0,211850.0,28718.02052112
2025-05-03T09:00:00,211850.0,212600.0,210500.0,211650.0,33130.08453857
2025-05-03T13:00:00,211650.0,212050.0,210700.0,211800.0,20775.59735213
2025-05-03T17:00:00,211750.0,212100.0,210250.0,210700.0,18881.74778293
2025-05-03T21:00:00,210700.0,213050.0,210500.0,212450.0,16931.43062162
2025-05-04T01:00:00,212550.0,212550.0,209350.0,211050.0,21994.76776829
2025-05-04T05:00:00,211000.0,212150.0,210400.0,210700.0,12827.33393266
2025-05-04T09:00:00,210700.0,211750.0,208750.0,209050.0,33175.53174235
2025-05-04T13:00:00,208950.0,209950.0,208400.0,208900.0,20671.85146038
2025-05-04T17:00:00,208900.0,209600.0,207650.0,208750.0,19520.61957808
2025-05-04T21:00:00,208950.0,211050.0,208250.0,210650.0,15224.90974156
2025-05-05T01:00:00,210650.0,212200.0,209750.0,210000.0,12854.36465786
2025-05-05T05:00:00,209850.0,211400.0,206700.0,207000.0,26895.22436071
2025-05-05T09:00:00,207150.0,209150.0,204000.0,206950.0,52792.41990694
2025-05-05T13:00:00,207000.0,209350.0,206950.0,208900.0,17492.6589632
2025-05-05T17:00:00,208900.0,209200.0,203500.0,204350.0,43051.62591806
2025-05-05T21:00:00,204500.0,206700.0,203900.0,205150.0,43452.07942242
2025-05-06T01:00:00,205100.0,209000.0,204900.0,208500.0,15296.00519182
2025-05-06T05:00:00,208250.0,210300.0,206650.0,208950.0,20434.23712837
2025-05-06T09:00:00,208800.0,209100.0,205550.0,206400.0,22787.82066223
2025-05-06T13:00:00,206400.0,208050.0,205600.0,207350.0,22742.40369543
2025-05-06T17:00:00,207400.0,207500.0,202550.0,203150.0,49904.18738467
2025-05-06T21:00:00,203250.0,204700.0,201600.0,203750.0,40731.1503284
2025-05-07T01:00:00,204050.0,206250.0,202800.0,205400.0,11699.50572748
2025-05-07T05:00:00,205700.0,209300.0,203600.0,208600.0,45674.67771455
2025-05-07T09:00:00,208600.0,211700.0,206250.0,207400.0,48245.40809485
2025-05-07T13:00:00,207450.0,208500.0,206600.0,208450.0,18512.67393228
2025-05-07T17:00:00,208400.0,209800.0,208050.0,209100.0,22350.20688474
2025-05-07T21:00:00,209100.0,209250.0,206500.0,206950.0,32737.23483519
2025-05-08T01:00:00,207050.0,209100.0,205800.0,207500.0,21519.91729926
2025-05-08T05:00:00,207300.0,210600.0,207000.0,209350.0,19650.51014289
2025-05-08T09:00:00,209350.0,213650.0,208500.0,212900.0,58436.10636251
2025-05-08T13:00:00,212800.0,214550.0,211400.0,213800.0,68654.85161337
2025-05-08T17:00:00,213800.0,219100.0,213750.0,217850.0,95485.09349281
2025-05-08T21:00:00,217950.0,228000.0,217250.0,225200.0,170177.99509211
2025-05-09T01:00:00,225250.0,226700.0,223450.0,226000.0,54362.64352444
2025-05-09T05:00:00,226050.0,230500.0,224500.0,230500.0,123278.23016086
2025-05-09T09:00:00,230500.0,230650.0,226650.0,226750.0,115366.27061969
2025-05-09T13:00:00,226900.0,234200.0,226250.0,231950.0,124268.48052924
2025-05-09T17:00:00,231900.0,245850.0,230000.0,241150.0,318792.77914758
2025-05-09T21:00:00,241150.0,242250.0,235000.0,239100.0,108998.31927487
2025-05-10T01:00:00,239350.0,241200.0,236500.0,240400.0,27606.2937509
2025-05-10T05:00:00,240600.0,242800.0,239350.0,240900.0,39865.79892601
2025-05-10T09:00:00,240900.0,244700.0,238350.0,239750.0,75213.08060492
2025-05-10T13:00:00,239850.0,241150.0,237800.0,240900.0,78225.5666203
2025-05-10T17:00:00,240950.0,242000.0,235500.0,235950.0,113701.84520803
2025-05-10T21:00:00,235900.0,239600.0,235900.0,238700.0,55752.07602336
2025-05-11T01:00:00,238850.0,241650.0,238450.0,240000.0,53602.3744443
2025-05-11T05:00:00,240000.0,248200.0,239000.0,246250.0,151743.10506033
2025-05-11T09:00:00,246250.0,249900.0,240500.0,244450.0,228775.08905507
2025-05-11T13:00:00,244450.0,246900.0,240050.0,240650.0,79307.22759842
2025-05-11T17:00:00,240650.0,244100.0,240600.0,244100.0,44154.46724578
2025-05-11T21:00:00,244100.0,244400.0,237500.0,238800.0,63360.16641227
2025-05-12T01:00:00,238800.0,241700.0,237450.0,241100.0,17914.11445319
2025-05-12T05:00:00,240800.0,242350.0,239400.0,242250.0,24425.70203912
2025-05-12T09:00:00,242250.0,247200.0,240700.0,244600.0,87392.87148509
2025-05-12T13:00:00,244600.0,249900.0,243150.0,247200.0,127390.59213662
2025-05-12T17:00:00,247200.0,248450.0,244650.0,245200.0,95966.89261913
2025-05-12T21:00:00,245200.0,253350.0,244700.0,244750.0,250826.28799375
2025-05-13T01:00:00,245100.0,247550.0,238400.0,241600.0,56277.36337475
2025-05-13T05:00:00,241750.0,246800.0,240700.0,245500.0,49598.15116349
2025-05-13T09:00:00,245500.0,245950.0,236450.0,236450.0,92748.30760094
2025-05-13T13:00:00,236500.0,243450.0,235100.0,242600.0,53779.56524674
2025-05-13T17:00:00,242600.0,247150.0,242050.0,245500.0,54544.59776398
2025-05-13T21:00:00,245500.0,248250.0,243300.0,248050.0,78414.73758109
2025-05-14T01:00:00,248000.0,257400.0,247300.0,254550.0,80567.37609646
2025-05-14T05:00:00,254500.0,258750.0,252300.0,257400.0,100121.7730729
2025-05-14T09:00:00,257150.0,259450.0,252000.0,253850.0,110282.33348939
2025-05-14T13:00:00,254000.0,258400.0,253400.0,255700.0,64974.87420911
2025-05-14T17:00:00,255900.0,256650.0,248950.0,253600.0,76261.31849931
2025-05-14T21:00:00,253750.0,254800.0,247200.0,249550.0,66441.33725707
2025-05-15T01:00:00,249650.0,250450.0,244650.0,249600.0,30510.33141796
2025-05-15T05:00:00,249650.0,250600.0,247650.0,248750.0,22953.20538271
2025-05-15T09:00:00,248900.0,251050.0,244850.0,245000.0,47856.50135801
2025-05-15T13:00:00,245050.0,246500.0,239800.0,240700.0,68635.20359702
2025-05-15T17:00:00,240700.0,244600.0,239050.0,242200.0,47979.34474188
2025-05-15T21:00:00,242300.0,244550.0,237100.0,243900.0,71375.71569299
2025-05-16T01:00:00,243900.0,245750.0,237700.0,240300.0,29170.23064949
2025-05-16T05:00:00,240550.0,241650.0,235500.0,238100.0,64478.88813024
2025-05-16T09:00:00,238300.0,244350.0,237500.0,243100.0,64681.05551919
2025-05-16T13:00:00,243350.0,244050.0,241550.0,242550.0,33738.56748569
2025-05-16T17:00:00,242700.0,245100.0,239300.0,243350.0,53511.75428145
2025-05-16T21:00:00,243400.0,245000.0,241350.0,242750.0,34867.53043223
2025-05-17T01:00:00,242750.0,243300.0,239850.0,242100.0,15843.68541939
2025-05-17T05:00:00,242050.0,242050.0,236000.0,237350.0,37050.50100464
2025-05-17T09:00:00,237400.0,238700.0,232700.0,238500.0,69753.73124669
2025-05-17T13:00:00,238500.0,240750.0,237100.0,239100.0,36118.19147171
2025-05-17T17:00:00,239250.0,240100.0,236600.0,237800.0,23904.57077873
2025-05-17T21:00:00,237800.0,238650.0,235850.0,237600.0,22020.1309206
2025-05-18T01:00:00,237700.0,237950.0,234300.0,234750.0,16365.02765223
2025-05-18T05:00:00,234750.0,238600.0,234200.0,236150.0,26696.5233353
2025-05-18T09:00:00,236150.0,238300.0,236000.0,237250.0,19006.55331862
2025-05-18T13:00:00,237350.0,241800.0,237250.0,241600.0,27842.71604411
2025-05-18T17:00:00,241600.0,243600.0,241600.0,241700.0,26191.01102967
2025-05-18T21:00:00,241750.0,249500.0,241050.0,249000.0,63701.07321111
2025-05-19T01:00:00,249000.0,249600.0,237050.0,237150.0,48127.08601506
2025-05-19T05:00:00,237150.0,246250.0,235000.0,244650.0,85128.85806408
2025-05-19T09:00:00,244650.0,245700.0,234400.0,235150.0,94969.13789773
2025-05-19T13:00:00,235250.0,237000.0,227850.0,230300.0,121251.30538311
2025-05-19T17:00:00,230300.0,231000.0,228000.0,230500.0,53000.31439438
2025-05-19T21:00:00,230500.0,233300.0,227750.0,232550.0,77859.38846414
2025-05-20T01:00:00,232550.0,236150.0,230500.0,235000.0,44651.55648413
2025-05-20T05:00:00,235150.0,236400.0,232700.0,235000.0,36040.96034482
2025-05-20T09:00:00,234950.0,243150.0,234850.0,238350.0,108794.84995848
2025-05-20T13:00:00,238350.0,240100.0,236200.0,236650.0,47594.30485971
2025-05-20T17:00:00,236750.0,237600.0,233700.0,235400.0,40994.95906465
2025-05-20T21:00:00,235400.0,236700.0,233150.0,235750.0,37499.13593157
2025-05-21T01:00:00,235850.0,238250.0,233450.0,237150.0,25534.57253275
2025-05-21T05:00:00,236850.0,238550.0,234800.0,237400.0,41196.4076618
2025-05-21T09:00:00,237400.0,239650.0,235000.0,238500.0,53926.33570325
2025-05-21T13:00:00,238500.0,240400.0,237050.0,237700.0,58699.01870747
2025-05-21T17:00:00,237600.0,238500.0,235800.0,237400.0,28690.72106613
2025-05-21T21:00:00,237500.0,241300.0,236000.0,239700.0,55075.8120671
2025-05-22T01:00:00,239700.0,242350.0,232050.0,238450.0,81404.87849176
2025-05-22T05:00:00,238600.0,243800.0,235700.0,241200.0,48775.42100552
2025-05-22T09:00:00,241250.0,246200.0,240050.0,245500.0,75960.22148054
2025-05-22T13:00:00,245650.0,248050.0,243550.0,247750.0,70840.18387564
2025-05-22T17:00:00,247800.0,250750.0,246100.0,247300.0,81522.16557402
2025-05-22T21:00:00,247300.0,249650.0,246300.0,248500.0,67354.62835703
2025-05-23T01:00:00,248700.0,250250.0,247000.0,247250.0,24043.80737497
2025-05-23T05:00:00,247250.0,249650.0,246800.0,249300.0,28391.24664018
2025-05-23T09:00:00,249300.0,255750.0,248800.0,254950.0,133804.42422652
2025-05-23T13:00:00,255200.0,255450.0,250000.0,252750.0,78972.56103517
2025-05-23T17:00:00,252750.0,259450.0,246850.0,247600.0,150412.44756805
2025-05-23T21:00:00,247600.0,255100.0,242500.0,251000.0,249525.96073995
2025-05-24T01:00:00,251000.0,253150.0,248000.0,249300.0,34148.97760991
2025-05-24T05:00:00,249100.0,249300.0,241850.0,243000.0,60091.56148435
2025-05-24T09:00:00,243100.0,245700.0,241800.0,244500.0,60725.67307121
2025-05-24T13:00:00,244400.0,246000.0,242250.0,242850.0,32231.39669369
2025-05-24T17:00:00,242850.0,248500.0,242000.0,246850.0,40939.57665289
2025-05-24T21:00:00,246850.0,247100.0,244450.0,245800.0,21191.04082416
2025-05-25T01:00:00,245800.0,247500.0,244650.0,247250.0,9106.29828094
2025-05-25T05:00:00,247300.0,248300.0,245400.0,245900.0,15920.07804717
2025-05-25T09:00:00,245900.0,247300.0,239000.0,242750.0,75803.48693983
2025-05-25T13:00:00,242850.0,243600.0,240650.0,241300.0,21292.40371126
2025-05-25T17:00:00,241300.0,241550.0,239000.0,240750.0,30934.46242474
2025-05-25T21:00:00,240900.0,241550.0,237550.0,239050.0,31273.10109278
2025-05-26T01:00:00,239100.0,241500.0,237700.0,241150.0,10884.4468534
2025-05-26T05:00:00,241150.0,245400.0,239900.0,245100.0,37309.30664212
2025-05-26T09:00:00,245150.0,247500.0,244150.0,245600.0,48130.3415799
2025-05-26T13:00:00,245600.0,248000.0,245050.0,246950.0,28759.16474605
2025-05-26T17:00:00,246950.0,247300.0,245000.0,246600.0,26167.18300909
2025-05-26T21:00:00,246850.0,247750.0,244250.0,246350.0,30932.45614304
2025-05-27T01:00:00,246350.0,247100.0,241350.0,242200.0,21798.18218034
2025-05-27T05:00:00,242150.0,244700.0,241700.0,243300.0,20154.68952896
2025-05-27T09:00:00,243250.0,244250.0,238600.0,240750.0,49764.88138945
2025-05-27T13:00:00,240750.0,243850.0,239600.0,243400.0,31395.90031718
2025-05-27T17:00:00,243400.0,245300.0,242650.0,244800.0,36606.72858389
2025-05-27T21:00:00,244800.0,248450.0,243250.0,247300.0,68254.56694742
2025-05-28T01:00:00,247300.0,248000.0,245650.0,245850.0,18899.71799082
2025-05-28T05:00:00,245900.0,247200.0,244000.0,245200.0,20405.74138436
2025-05-28T09:00:00,245200.0,246150.0,242400.0,243350.0,35386.10309301
2025-05-28T13:00:00,243400.0,243600.0,241800.0,241950.0,23396.74348984
2025-05-28T17:00:00,241950.0,242500.0,240500.0,242150.0,29728.12478727
2025-05-28T21:00:00,242200.0,243050.0,235900.0,237000.0,82258.23120326
2025-05-29T01:00:00,237000.0,239950.0,236700.0,237000.0,16925.35305298
2025-05-29T05:00:00,236950.0,240750.0,236700.0,240000.0,24261.80213406
2025-05-29T09:00:00,240000.0,243700.0,239150.0,241800.0,53314.81960211
2025-05-29T13:00:00,241900.0,242400.0,238000.0,239750.0,39914.50486599
2025-05-29T17:00:00,239750.0,241050.0,239100.0,240000.0,20745.07633089
2025-05-29T21:00:00,240000.0,240150.0,235900.0,236650.0,45734.24616012
2025-05-30T01:00:00,236450.0,237200.0,232200.0,233100.0,31511.40520959
2025-05-30T05:00:00,233100.0,235400.0,231850.0,232700.0,30119.64497283
2025-05-30T09:00:00,232700.0,233450.0,224500.0,231450.0,93130.65206759
2025-05-30T13:00:00,231400.0,231750.0,227700.0,228050.0,33663.07379038
2025-05-30T17:00:00,228150.0,230200.0,226700.0,229300.0,31107.83334556
2025-05-30T21:00:00,229300.0,229300.0,225050.0,226000.0,43422.81284985
2025-05-31T01:00:00,226100.0,227100.0,220200.0,226150.0,52508.34897926
2025-05-31T05:00:00,226150.0,226550.0,219950.0,221200.0,54215.48355481
2025-05-31T09:00:00,221200.0,222550.0,215650.0,218400.0,85049.24569726
2025-05-31T13:00:00,218400.0,220400.0,216950.0,218750.0,22042.64172997
2025-05-31T17:00:00,218600.0,219750.0,216500.0,216850.0,39319.48527417
2025-05-31T21:00:00,216850.0,222400.0,216400.0,220850.0,46154.41688144
2025-06-01T01:00:00,220850.0,223700.0,220100.0,223000.0,28968.02327389
2025-06-01T05:00:00,223050.0,223550.0,221150.0,221350.0,13948.36931854
2025-06-01T09:00:00,221150.0,221650.0,217350.0,218950.0,23132.28955483
2025-06-01T13:00:00,218950.0,220750.0,217950.0,218400.0,14449.75232686
2025-06-01T17:00:00,218400.0,218450.0,213600.0,215450.0,54297.87658589
2025-06-01T21:00:00,215300.0,218750.0,213600.0,218050.0,33553.65382651
2025-06-02T01:00:00,218150.0,221000.0,217150.0,220100.0,13660.33195735
2025-06-02T05:00:00,220100.0,222900.0,219000.0,222400.0,23408.91486611
2025-06-02T09:00:00,222400.0,223400.0,218250.0,218700.0,33589.4729546
2025-06-02T13:00:00,218800.0,219600.0,217000.0,218000.0,23082.89664563
2025-06-02T17:00:00,217950.0,219350.0,215200.0,216000.0,25638.1270265
2025-06-02T21:00:00,216200.0,217350.0,213900.0,215500.0,41511.74641852
2025-06-03T01:00:00,215500.0,217650.0,213550.0,215000.0,19184.23688296
2025-06-03T05:00:00,215000.0,219950.0,215000.0,219450.0,25719.49169078
2025-06-03T09:00:00,219400.0,226600.0,218800.0,223100.0,63598.32325197
2025-06-03T13:00:00,223100.0,224250.0,221550.0,223850.0,18229.42909912
2025-06-03T17:00:00,223850.0,225900.0,221800.0,224400.0,24827.13739066
2025-06-03T21:00:00,224400.0,228350.0,223050.0,226150.0,33432.16904395
2025-06-04T01:00:00,226200.0,226750.0,223300.0,223950.0,22953.40835882
2025-06-04T05:00:00,223900.0,223900.0,215700.0,217100.0,51760.06133218
2025-06-04T09:00:00,217000.0,219650.0,215550.0,218000.0,37169.30405883
2025-06-04T13:00:00,218050.0,218650.0,216750.0,217250.0,22093.14006609
2025-06-04T17:00:00,217250.0,219300.0,216800.0,217000.0,18427.0705698
2025-06-04T21:00:00,217000.0,219200.0,215500.0,217950.0,34104.18018604
2025-06-05T01:00:00,218000.0,218400.0,215850.0,216050.0,8991.61519387
2025-06-05T05:00:00,216100.0,216450.0,212550.0,212900.0,41608.9722143
2025-06-05T09:00:00,212800.0,213300.0,211450.0,212450.0,31470.52881331
2025-06-05T13:00:00,212450.0,212800.0,210000.0,210850.0,33200.01636953
2025-06-05T17:00:00,210850.0,211650.0,209200.0,210550.0,33069.86308455
2025-06-05T21:00:00,210550.0,213450.0,206150.0,209200.0,71760.09257976
2025-06-06T01:00:00,209300.0,209450.0,201600.0,203500.0,47911.82817278
2025-06-06T05:00:00,203650.0,204200.0,198200.0,201350.0,101130.32200625
2025-06-06T09:00:00,201350.0,204500.0,200800.0,204450.0,47304.8005222
2025-06-06T13:00:00,204450.0,206450.0,204400.0,205400.0,25736.5153361
2025-06-06T17:00:00,205400.0,208000.0,205150.0,207700.0,24260.20041866
2025-06-06T21:00:00,207600.0,211850.0,207550.0,209500.0,59902.70582429
2025-06-07T01:00:00,209500.0,210200.0,206500.0,207250.0,16506.71221964
2025-06-07T05:00:00,207250.0,208400.0,205500.0,205650.0,16207.29112434
2025-06-07T09:00:00,205650.0,208050.0,204400.0,207850.0,23774.11528658
2025-06-07T13:00:00,207800.0,211850.0,207150.0,211400.0,36356.70129173
2025-06-07T17:00:00,211150.0,211750.0,209600.0,210050.0,15929.28203798
2025-06-07T21:00:00,210050.0,211400.0,209050.0,209550.0,21572.13041386
2025-06-08T01:00:00,209550.0,210050.0,208050.0,208600.0,6782.16608991
2025-06-08T05:00:00,208850.0,210150.0,207750.0,208100.0,13213.29651729
2025-06-08T09:00:00,208100.0,208500.0,206850.0,207600.0,17200.12943948
2025-06-08T13:00:00,207600.0,208250.0,206000.0,206300.0,12008.25583003
2025-06-08T17:00:00,206400.0,206950.0,204700.0,206850.0,21868.17148975
2025-06-08T21:00:00,206850.0,208450.0,205950.0,208000.0,27641.34583616
2025-06-09T01:00:00,208250.0,213000.0,208100.0,212950.0,20951.10462674
2025-06-09T05:00:00,212850.0,213900.0,209850.0,210200.0,28543.50289129
2025-06-09T09:00:00,210100.0,211450.0,208050.0,208850.0,27662.27885958
2025-06-09T13:00:00,208850.0,209150.0,206100.0,207600.0,21815.71059233
2025-06-09T17:00:00,207700.0,215000.0,207050.0,213950.0,47214.36836183
2025-06-09T21:00:00,213900.0,214800.0,210350.0,213150.0,37987.70580031
2025-06-10T01:00:00,213150.0,215000.0,212500.0,213350.0,11723.82766104
2025-06-10T05:00:00,213400.0,220400.0,213150.0,219750.0,47668.97814168
2025-06-10T09:00:00,219650.0,220900.0,217000.0,217500.0,47876.66644621
2025-06-10T13:00:00,217500.0,218400.0,215900.0,217650.0,34050.78392715
2025-06-10T17:00:00,217650.0,221300.0,216300.0,220450.0,52161.78290495
2025-06-10T21:00:00,220450.0,221950.0,215000.0,217200.0,78998.91857189
2025-06-11T01:00:00,217200.0,226350.0,216100.0,224250.0,50424.45217802
2025-06-11T05:00:00,224300.0,226800.0,223250.0,225800.0,51975.05240132
2025-06-11T09:00:00,225700.0,229800.0,224150.0,228550.0,72836.4777644
2025-06-11T13:00:00,228600.0,229750.0,225850.0,229300.0,49226.88086563
2025-06-11T17:00:00,229400.0,229750.0,225750.0,226600.0,46243.23840052
2025-06-11T21:00:00,226650.0,230700.0,225850.0,229500.0,77053.57518388
2025-06-12T01:00:00,229500.0,229800.0,224000.0,224300.0,26957.31873842
2025-06-12T05:00:00,224400.0,225750.0,219700.0,221950.0,43627.29314713
2025-06-12T09:00:00,222050.0,222350.0,219000.0,219700.0,42041.66586707
2025-06-12T13:00:00,219700.0,220350.0,218100.0,218500.0,30978.00412747
2025-06-12T17:00:00,218500.0,219400.0,216200.0,216600.0,40039.86768821
2025-06-12T21:00:00,216650.0,220900.0,215500.0,216300.0,39268.62959852
2025-06-13T01:00:00,216300.0,220000.0,212900.0,213500.0,22480.40990186
2025-06-13T05:00:00,213300.0,214200.0,209850.0,210200.0,58267.39352561
2025-06-13T09:00:00,210200.0,210600.0,196400.0,201850.0,269516.09896264
2025-06-13T13:00:00,201900.0,202550.0,198550.0,202300.0,61245.5614714
2025-06-13T17:00:00,202400.0,204300.0,200400.0,202500.0,46209.50684781
2025-06-13T21:00:00,202500.0,205050.0,200400.0,204200.0,48307.87857407
2025-06-14T01:00:00,204250.0,206000.0,200750.0,202050.0,19899.65226312
2025-06-14T05:00:00,202100.0,206750.0,201450.0,206500.0,22850.16090632
2025-06-14T09:00:00,206500.0,206750.0,203650.0,204150.0,28692.16453202
2025-06-14T13:00:00,204150.0,204900.0,202200.0,202800.0,19440.36089296
2025-06-14T17:00:00,202850.0,203000.0,201200.0,202300.0,19638.4181898
2025-06-14T21:00:00,202350.0,202500.0,200050.0,200850.0,23720.78774891
2025-06-15T01:00:00,200850.0,201650.0,198900.0,199750.0,23958.14227837
2025-06-15T05:00:00,199750.0,201550.0,197950.0,200900.0,23288.94358533
2025-06-15T09:00:00,200900.0,202700.0,200750.0,202400.0,18302.14992745
2025-06-15T13:00:00,202400.0,205300.0,201950.0,202400.0,30637.95935355
2025-06-15T17:00:00,202400.0,203450.0,200250.0,202900.0,32350.86979146
2025-06-15T21:00:00,202850.0,211750.0,202600.0,208650.0,74666.26005378
2025-06-16T01:00:00,208700.0,212500.0,208050.0,210950.0,26092.35630361
2025-06-16T05:00:00,210950.0,211450.0,205900.0,211450.0,41422.44640464
2025-06-16T09:00:00,211400.0,217700.0,208600.0,214650.0,80116.50552749
2025-06-16T13:00:00,214650.0,217500.0,214400.0,216500.0,45797.73980481
2025-06-16T17:00:00,216500.0,217000.0,213300.0,215550.0,42186.71003634
2025-06-16T21:00:00,215450.0,216650.0,212900.0,215000.0,47852.84181229
2025-06-17T01:00:00,215000.0,217650.0,214800.0,216300.0,29496.48228879
2025-06-17T05:00:00,216300.0,216500.0,206750.0,206900.0,74734.71788529
2025-06-17T09:00:00,207050.0,211450.0,203700.0,210550.0,79513.05113761
2025-06-17T13:00:00,210600.0,212100.0,209150.0,210000.0,28694.5391941
2025-06-17T17:00:00,210000.0,210200.0,207150.0,207500.0,37055.76765826
2025-06-17T21:00:00,207550.0,208950.0,203300.0,204500.0,51914.02047882
2025-06-18T01:00:00,204750.0,208850.0,202700.0,206700.0,27342.58133531
2025-06-18T05:00:00,206900.0,207550.0,203900.0,205200.0,24496.20314665
2025-06-18T09:00:00,205150.0,207150.0,203700.0,205750.0,34257.78113345
2025-06-18T13:00:00,205800.0,206600.0,203550.0,205050.0,23729.32687505
2025-06-18T17:00:00,205100.0,205750.0,201950.0,203300.0,37323.8840704
2025-06-18T21:00:00,203400.0,203650.0,200100.0,202100.0,54761.55476211
2025-06-19T01:00:00,202350.0,203500.0,200050.0,201350.0,17006.01843815
2025-06-19T05:00:00,201350.0,205050.0,200550.0,202850.0,25147.57522645
2025-06-19T09:00:00,202850.0,205050.0,201950.0,203600.0,32166.81319767
2025-06-19T13:00:00,203600.0,203900.0,201300.0,201450.0,18578.95314457
2025-06-19T17:00:00,201450.0,203050.0,201150.0,201500.0,22037.00163232
2025-06-19T21:00:00,201500.0,201700.0,198700.0,199100.0,51482.09324381
2025-06-20T01:00:00,199100.0,202250.0,199000.0,201650.0,14372.28136175
2025-06-20T05:00:00,201650.0,204150.0,201200.0,203700.0,24095.07429209
2025-06-20T09:00:00,203700.0,204000.0,201000.0,201000.0,24103.11556635
2025-06-20T13:00:00,201000.0,203950.0,199600.0,203750.0,32026.38766415
2025-06-20T17:00:00,203750.0,205050.0,202650.0,204450.0,38375.76883542
2025-06-20T21:00:00,204450.0,204700.0,198100.0,198800.0,70244.05449364
2025-06-21T01:00:00,198600.0,198850.0,190000.0,194950.0,106686.84733303
2025-06-21T05:00:00,194950.0,197500.0,193550.0,195250.0,50150.80181937
2025-06-21T09:00:00,195250.0,196600.0,194400.0,195900.0,35876.49934174
2025-06-21T13:00:00,195900.0,196150.0,194800.0,195500.0,24199.0079683
2025-06-21T17:00:00,195500.0,198050.0,195200.0,197400.0,27754.21174163
2025-06-21T21:00:00,197400.0,197800.0,194000.0,195300.0,34178.16252141
2025-06-22T01:00:00,195300.0,196350.0,192000.0,192200.0,18639.19502813
2025-06-22T05:00:00,192050.0,194250.0,184900.0,189350.0,117827.16785047
2025-06-22T09:00:00,189300.0,192850.0,186200.0,188500.0,100512.09421764
2025-06-22T13:00:00,188550.0,190400.0,187800.0,188000.0,40720.31548351
2025-06-22T17:00:00,188000.0,188700.0,184050.0,185750.0,88146.46008785
2025-06-22T21:00:00,185750.0,186500.0,177300.0,179200.0,242438.31592166
2025-06-23T01:00:00,179350.0,182800.0,179000.0,179600.0,33621.2605052
2025-06-23T05:00:00,179750.0,185300.0,176150.0,183900.0,80520.68812994
2025-06-23T09:00:00,183900.0,186750.0,183600.0,185400.0,65079.46688983
2025-06-23T13:00:00,185450.0,188300.0,185000.0,187700.0,49186.97964825
2025-06-23T17:00:00,187700.0,188300.0,186200.0,187450.0,39440.54834815
2025-06-23T21:00:00,187450.0,191950.0,185950.0,186550.0,73401.97943021
2025-06-24T01:00:00,186600.0,194500.0,183250.0,194050.0,105691.72036314
2025-06-24T05:00:00,194150.0,203500.0,193200.0,200650.0,173585.6890205
2025-06-24T09:00:00,200650.0,200800.0,197200.0,198350.0,84604.02691218
2025-06-24T13:00:00,198400.0,202450.0,197800.0,198800.0,58511.9130876
2025-06-24T17:00:00,198750.0,200750.0,197300.0,199200.0,59465.31244154
2025-06-24T21:00:00,199200.0,200400.0,197700.0,198750.0,40449.27188277
2025-06-25T01:00:00,198900.0,201500.0,196750.0,197800.0,34818.75038316
2025-06-25T05:00:00,197700.0,200500.0,197200.0,200250.0,28458.16852889
2025-06-25T09:00:00,200300.0,201450.0,199000.0,200100.0,44901.60522506
2025-06-25T13:00:00,200150.0,202550.0,199500.0,201850.0,34917.0511735
2025-06-25T17:00:00,202000.0,202000.0,199500.0,201150.0,32243.25000986
2025-06-25T21:00:00,201150.0,203350.0,197200.0,197750.0,64278.7753885
2025-06-26T01:00:00,197700.0,198900.0,196750.0,198700.0,19562.35233471
2025-06-26T05:00:00,198900.0,199800.0,195650.0,197250.0,31495.59272004
2025-06-26T09:00:00,197250.0,202500.0,197100.0,199950.0,60863.68878912
2025-06-26T13:00:00,199800.0,200150.0,197600.0,198900.0,29885.23483261
2025-06-26T17:00:00,198900.0,199650.0,196800.0,197500.0,37724.26252178
2025-06-26T21:00:00,197500.0,197800.0,194300.0,196500.0,54186.67487675
2025-06-27T01:00:00,196500.0,196750.0,193700.0,195500.0,17170.87961649
2025-06-27T05:00:00,195450.0,197600.0,190750.0,191150.0,57230.67958191
2025-06-27T09:00:00,191100.0,194050.0,188150.0,193850.0,74430.71649598
2025-06-27T13:00:00,193850.0,194800.0,192400.0,192450.0,32416.33592434
2025-06-27T17:00:00,192650.0,195650.0,192500.0,195000.0,22655.76874894
2025-06-27T21:00:00,195050.0,197450.0,194000.0,197100.0,36085.7653802
2025-06-28T01:00:00,197100.0,198500.0,193050.0,195200.0,19615.72704901
2025-06-28T05:00:00,195000.0,196750.0,194800.0,195200.0,17027.63278875
2025-06-28T09:00:00,195050.0,197250.0,194050.0,197000.0,31149.4684101
2025-06-28T13:00:00,197000.0,201250.0,196450.0,201050.0,35239.85088506
2025-06-28T17:00:00,201000.0,202300.0,199800.0,201750.0,49635.88843454
2025-06-28T21:00:00,201800.0,204000.0,200050.0,203250.0,29179.50228049
2025-06-29T01:00:00,203150.0,209050.0,203100.0,206500.0,35275.99237882
2025-06-29T05:00:00,206500.0,207600.0,205700.0,206500.0,24193.78809445
2025-06-29T09:00:00,206500.0,207300.0,204800.0,205000.0,42125.99166161
2025-06-29T13:00:00,205000.0,206100.0,204800.0,205850.0,15624.15173667
2025-06-29T17:00:00,206000.0,208400.0,205600.0,207850.0,42364.98520961
2025-06-29T21:00:00,207850.0,209250.0,206650.0,206750.0,48968.6197548
2025-06-30T01:00:00,206750.0,208500.0,205500.0,207300.0,15191.59556901
2025-06-30T05:00:00,207300.0,211500.0,206450.0,209300.0,43008.5551329
2025-06-30T09:00:00,209300.0,210650.0,206300.0,207000.0,43183.64874537
2025-06-30T13:00:00,207000.0,207250.0,204050.0,205450.0,37648.75869103
2025-06-30T17:00:00,205450.0,206200.0,203850.0,205250.0,27312.60526376
2025-06-30T21:00:00,205250.0,218700.0,204400.0,215600.0,148851.61506077
2025-07-01T01:00:00,215600.0,216150.0,212600.0,213900.0,34212.15589201
2025-07-01T05:00:00,213850.0,213850.0,210100.0,210600.0,40800.935229
2025-07-01T09:00:00,210650.0,211500.0,208200.0,209500.0,65652.18347728
2025-07-01T13:00:00,209500.0,209500.0,202650.0,204800.0,74204.30589042
2025-07-01T17:00:00,204800.0,204850.0,202550.0,203450.0,68514.56474943
2025-07-01T21:00:00,203450.0,204550.0,200650.0,201950.0,73268.89449637
2025-07-02T01:00:00,202000.0,203750.0,200000.0,200100.0,24012.80388873
2025-07-02T05:00:00,200100.0,202000.0,199500.0,201600.0,31508.57813047
2025-07-02T09:00:00,201800.0,204600.0,200000.0,203950.0,75534.86424631
2025-07-02T13:00:00,204000.0,205200.0,203150.0,204150.0,46369.74127962
2025-07-02T17:00:00,204200.0,205000.0,202750.0,202950.0,31106.86929711
2025-07-02T21:00:00,202900.0,206500.0,201250.0,206100.0,61859.14251796
2025-07-03T01:00:00,206200.0,208650.0,204350.0,207550.0,69454.75903734
2025-07-03T05:00:00,207450.0,208700.0,205750.0,206200.0,54957.44440671
2025-07-03T09:00:00,206150.0,209150.0,205950.0,208350.0,53434.56743729
2025-07-03T13:00:00,208350.0,211700.0,208250.0,210900.0,49404.41349403
2025-07-03T17:00:00,210900.0,211950.0,209350.0,209550.0,46070.22594044
2025-07-03T21:00:00,209600.0,210800.0,204400.0,204600.0,100888.87378428
2025-07-04T01:00:00,204750.0,207100.0,204450.0,206650.0,20254.47166533
2025-07-04T05:00:00,206650.0,208350.0,206500.0,206850.0,22614.0951505
2025-07-04T09:00:00,206900.0,208450.0,205300.0,206600.0,40227.27477068
2025-07-04T13:00:00,206600.0,209600.0,204900.0,205150.0,54853.05465059
2025-07-04T17:00:00,205150.0,205950.0,203350.0,204700.0,35762.52989644
2025-07-04T21:00:00,204850.0,206100.0,200300.0,200700.0,64307.83746225
2025-07-05T01:00:00,200700.0,201300.0,199000.0,201000.0,34100.41244261
2025-07-05T05:00:00,201000.0,203100.0,200650.0,202250.0,19543.96366241
2025-07-05T09:00:00,202250.0,203250.0,201750.0,202300.0,20015.04948685
2025-07-05T13:00:00,202300.0,203100.0,200900.0,202100.0,30410.47958916
2025-07-05T17:00:00,202200.0,203000.0,201100.0,202700.0,16936.41832749
2025-07-05T21:00:00,202750.0,203300.0,201350.0,201400.0,26182.59178408
2025-07-06T01:00:00,201550.0,201700.0,200000.0,201200.0,14385.3053667
2025-07-06T05:00:00,201350.0,202600.0,200800.0,202100.0,11520.70650977
2025-07-06T09:00:00,202100.0,202150.0,201000.0,201500.0,12276.12924139
2025-07-06T13:00:00,201700.0,202750.0,201300.0,202300.0,13696.8916385
2025-07-06T17:00:00,202300.0,202400.0,200800.0,202000.0,28696.85911147
2025-07-06T21:00:00,202000.0,206950.0,201700.0,206250.0,73437.242783
2025-07-07T01:00:00,206250.0,208400.0,205250.0,206000.0,20614.30574982
2025-07-07T05:00:00,206150.0,209150.0,206050.0,206600.0,30546.48138357
2025-07-07T09:00:00,206500.0,207900.0,204750.0,206600.0,31494.18198643
2025-07-07T13:00:00,206600.0,207500.0,205600.0,207400.0,17787.19825952
2025-07-07T17:00:00,207400.0,209050.0,206600.0,208050.0,39821.63632615
2025-07-07T21:00:00,208050.0,208550.0,205900.0,205950.0,42264.3200391
2025-07-08T01:00:00,205950.0,206450.0,203450.0,203800.0,27131.80328652
2025-07-08T05:00:00,203900.0,204050.0,202500.0,203850.0,36682.68195715
2025-07-08T09:00:00,203800.0,205100.0,202500.0,203350.0,33418.84951773
2025-07-08T13:00:00,203350.0,204550.0,202700.0,204550.0,15256.12306397
2025-07-08T17:00:00,204550.0,206750.0,204300.0,206350.0,27713.31627518
2025-07-08T21:00:00,206400.0,208300.0,204600.0,204650.0,48038.88116662
2025-07-09T01:00:00,204650.0,207800.0,204250.0,206200.0,16823.4659966
2025-07-09T05:00:00,206300.0,206600.0,204350.0,206600.0,26190.09078404
2025-07-09T09:00:00,206600.0,207600.0,205950.0,206550.0,29076.07350426
2025-07-09T13:00:00,206550.0,209650.0,205700.0,208650.0,50783.98728328
2025-07-09T17:00:00,208650.0,210250.0,207850.0,209550.0,36146.30271861
2025-07-09T21:00:00,209550.0,211300.0,208200.0,209950.0,78949.0052098
2025-07-10T01:00:00,209800.0,213650.0,208900.0,213050.0,49083.84970769
2025-07-10T05:00:00,212850.0,214300.0,211000.0,213000.0,66968.3037136
2025-07-10T09:00:00,213050.0,216000.0,211200.0,213800.0,78582.09721532
2025-07-10T13:00:00,213850.0,215450.0,213050.0,214600.0,47114.06655249
2025-07-10T17:00:00,214600.0,216600.0,214100.0,214550.0,54143.74491042
2025-07-10T21:00:00,214550.0,215150.0,212000.0,212950.0,79960.00860335
2025-07-11T01:00:00,213000.0,217950.0,212650.0,216150.0,89369.89678078
2025-07-11T05:00:00,216150.0,222850.0,216000.0,221600.0,189226.97730693
2025-07-11T09:00:00,221550.0,224500.0,218300.0,224250.0,149422.34679614
2025-07-11T13:00:00,224300.0,225850.0,220350.0,220600.0,161972.9243773
2025-07-11T17:00:00,220450.0,224000.0,220450.0,222550.0,97107.41488543
2025-07-11T21:00:00,222500.0,227600.0,218850.0,219050.0,311655.35362892
2025-07-12T01:00:00,219050.0,221800.0,217750.0,221150.0,106076.3582132
2025-07-12T05:00:00,220950.0,221550.0,213400.0,219250.0,144900.8387229
2025-07-12T09:00:00,219200.0,221400.0,217000.0,220650.0,89931.95015851
2025-07-12T13:00:00,220650.0,221150.0,218700.0,220650.0,57214.57136295
2025-07-12T17:00:00,220650.0,220900.0,218700.0,218950.0,57707.75469928
2025-07-12T21:00:00,218900.0,219250.0,215050.0,215450.0,101929.20580265
2025-07-13T01:00:00,215500.0,218350.0,215200.0,218350.0,17338.19571062
2025-07-13T05:00:00,218350.0,218750.0,216250.0,218400.0,29945.23076573
2025-07-13T09:00:00,218400.0,219950.0,217750.0,219350.0,51243.04388526
2025-07-13T13:00:00,219300.0,220700.0,219050.0,220700.0,44732.62905927
2025-07-13T17:00:00,220700.0,220700.0,219350.0,220000.0,38028.85527605
2025-07-13T21:00:00,220000.0,221550.0,219400.0,219800.0,85702.39212799
2025-07-14T01:00:00,219750.0,220650.0,218050.0,219850.0,33976.82193756
2025-07-14T05:00:00,219800.0,220350.0,217350.0,218800.0,70733.81994609
2025-07-14T09:00:00,218800.0,227850.0,218300.0,227000.0,159702.92700556
2025-07-14T13:00:00,227000.0,228500.0,224550.0,227050.0,177405.51363564
2025-07-14T17:00:00,227000.0,227750.0,225150.0,225750.0,88178.97063354
2025-07-14T21:00:00,225750.0,228500.0,222200.0,223450.0,107823.65717448
2025-07-15T01:00:00,223450.0,225000.0,222000.0,224300.0,34588.49355345
2025-07-15T05:00:00,224300.0,224300.0,221600.0,221950.0,52155.05355995
2025-07-15T09:00:00,221900.0,222650.0,215900.0,217100.0,167048.46000608
2025-07-15T13:00:00,217100.0,219700.0,215850.0,218350.0,54779.58464102
2025-07-15T17:00:00,218300.0,218700.0,216450.0,218550.0,52564.75279263
2025-07-15T21:00:00,218500.0,222000.0,216050.0,220300.0,120714.71417858
2025-07-16T01:00:00,220300.0,223300.0,219400.0,219850.0,55791.47881633
2025-07-16T05:00:00,219850.0,224350.0,219050.0,224150.0,59640.00455355
2025-07-16T09:00:00,224100.0,226050.0,221200.0,223150.0,116861.55661011
2025-07-16T13:00:00,223050.0,224900.0,222250.0,224450.0,48222.88954404
2025-07-16T17:00:00,224400.0,228800.0,224000.0,227950.0,109533.66655138
2025-07-16T21:00:00,227850.0,230600.0,226400.0,230200.0,128369.92727468
2025-07-17T01:00:00,230200.0,237500.0,230150.0,237150.0,138751.52136553
2025-07-17T05:00:00,237100.0,238900.0,233850.0,235950.0,117180.78633588
2025-07-17T09:00:00,235950.0,238800.0,231000.0,232350.0,165357.70800747
2025-07-17T13:00:00,232350.0,237900.0,231750.0,237850.0,151862.57581199
2025-07-17T17:00:00,237800.0,242800.0,236300.0,240150.0,219212.69735503
2025-07-17T21:00:00,240050.0,241550.0,235100.0,237100.0,153273.13021534
2025-07-18T01:00:00,237050.0,238600.0,233950.0,235300.0,93394.34564039
2025-07-18T05:00:00,235200.0,240650.0,233550.0,239750.0,214913.0770948
2025-07-18T09:00:00,239600.0,247500.0,239000.0,246300.0,353093.88832186
2025-07-18T13:00:00,246350.0,250900.0,239300.0,239450.0,340133.55698836
2025-07-18T17:00:00,239450.0,246900.0,239000.0,243400.0,245615.29445392
2025-07-18T21:00:00,243400.0,247800.0,239400.0,242050.0,221504.10574809
2025-07-19T01:00:00,242050.0,244700.0,240700.0,242200.0,56510.72802518
2025-07-19T05:00:00,242200.0,242650.0,237500.0,242350.0,69762.83748111
2025-07-19T09:00:00,242350.0,243600.0,238000.0,242850.0,124879.75232933
2025-07-19T13:00:00,242700.0,243650.0,241600.0,242300.0,108370.82316679
2025-07-19T17:00:00,242250.0,244150.0,240500.0,241950.0,84358.61209632
2025-07-19T21:00:00,241950.0,243850.0,240000.0,243000.0,78962.29963379
2025-07-20T01:00:00,243000.0,243600.0,241100.0,242500.0,34960.63937539
2025-07-20T05:00:00,242600.0,244200.0,240600.0,242500.0,45055.33861612
2025-07-20T09:00:00,242550.0,246100.0,241500.0,243800.0,137068.71941011
2025-07-20T13:00:00,243800.0,244400.0,242800.0,243500.0,68768.50830474
2025-07-20T17:00:00,243550.0,247350.0,243500.0,246450.0,119750.60224681
2025-07-20T21:00:00,246450.0,249700.0,245800.0,247850.0,173309.27876834
2025-07-21T01:00:00,247900.0,249300.0,245800.0,247200.0,78566.41082344
2025-07-21T05:00:00,247400.0,248700.0,243650.0,247750.0,112452.05661809
2025-07-21T09:00:00,247800.0,255450.0,244100.0,255250.0,308639.30714518
2025-07-21T13:00:00,255250.0,259500.0,252150.0,258500.0,302337.35516358
2025-07-21T17:00:00,258450.0,262600.0,257550.0,260200.0,276956.85249453
2025-07-21T21:00:00,260250.0,271500.0,258900.0,267350.0,447666.25105188
2025-07-22T01:00:00,267350.0,268350.0,263250.0,265750.0,147781.23916322
2025-07-22T05:00:00,265650.0,269900.0,264600.0,267050.0,163101.9057935
2025-07-22T09:00:00,267050.0,278900.0,264700.0,273350.0,864003.39282499
2025-07-22T13:00:00,273350.0,274900.0,263950.0,270350.0,556617.27532249
2025-07-22T17:00:00,270350.0,271950.0,265500.0,271800.0,266733.32390359
2025-07-22T21:00:00,271800.0,278450.0,268550.0,274250.0,446969.66355198
2025-07-23T01:00:00,274500.0,277400.0,270100.0,270900.0,93280.2751601
2025-07-23T05:00:00,270600.0,279650.0,270050.0,278800.0,143447.15731083
2025-07-23T09:00:00,278800.0,278950.0,273200.0,273600.0,237823.90180369
2025-07-23T13:00:00,273600.0,275250.0,271200.0,271600.0,125836.01239978
2025-07-23T17:00:00,271600.0,272650.0,267050.0,268400.0,184864.88912104
2025-07-23T21:00:00,268400.0,268550.0,255000.0,262650.0,630438.56725991
2025-07-24T01:00:00,262650.0,262800.0,254200.0,256900.0,125197.3720615
2025-07-24T05:00:00,256950.0,260550.0,250350.0,258450.0,233176.3159508
2025-07-24T09:00:00,258500.0,261500.0,256350.0,259100.0,175490.97269774
2025-07-24T13:00:00,259100.0,259450.0,242500.0,249950.0,437750.28721743
2025-07-24T17:00:00,250000.0,254200.0,247900.0,253750.0,180536.32137095
2025-07-24T21:00:00,253800.0,260600.0,249200.0,256100.0,236075.27042656
2025-07-25T01:00:00,256150.0,257550.0,251550.0,255400.0,68598.2859944
2025-07-25T05:00:00,255400.0,257050.0,248150.0,248950.0,105841.88526821
2025-07-25T09:00:00,248900.0,250750.0,240850.0,243500.0,213735.7537978
2025-07-25T13:00:00,243700.0,246050.0,241300.0,243900.0,132389.21310781
2025-07-25T17:00:00,243900.0,249200.0,242750.0,247850.0,123632.26986621
2025-07-25T21:00:00,247900.0,248700.0,242500.0,245150.0,93955.18849628
2025-07-26T01:00:00,245150.0,250200.0,244200.0,249300.0,38973.83481928
2025-07-26T05:00:00,249500.0,254800.0,249200.0,254700.0,69446.56058545
2025-07-26T09:00:00,254750.0,255000.0,251300.0,254000.0,97009.96615516
2025-07-26T13:00:00,254050.0,254850.0,253000.0,254300.0,36839.4710277
2025-07-26T17:00:00,254300.0,259300.0,254300.0,255900.0,84530.18528029
2025-07-26T21:00:00,255800.0,257100.0,253900.0,255700.0,55837.33221312
2025-07-27T01:00:00,255750.0,256100.0,252650.0,254200.0,30320.90640796
2025-07-27T05:00:00,254200.0,254500.0,251900.0,252550.0,50320.30465749
2025-07-27T09:00:00,252600.0,255750.0,252250.0,255250.0,56136.04197713
2025-07-27T13:00:00,255300.0,256900.0,254450.0,255600.0,68441.95790888
2025-07-27T17:00:00,255600.0,257100.0,254300.0,255300.0,54462.48493562
2025-07-27T21:00:00,255300.0,256000.0,253000.0,254550.0,69767.99755303
2025-07-28T01:00:00,254550.0,258300.0,254000.0,254850.0,64093.64389759
2025-07-28T05:00:00,254850.0,258950.0,254300.0,257200.0,71485.95206833
2025-07-28T09:00:00,257200.0,263450.0,256150.0,262900.0,158807.66872962
2025-07-28T13:00:00,262950.0,264700.0,261000.0,262150.0,114164.0179423
2025-07-28T17:00:00,262150.0,263900.0,260400.0,262350.0,66465.85023352
2025-07-28T21:00:00,262350.0,264200.0,255600.0,256900.0,195450.67458586
2025-07-29T01:00:00,256800.0,257950.0,252600.0,254750.0,54367.62115978
2025-07-29T05:00:00,254750.0,255400.0,251050.0,251900.0,81846.15651947
2025-07-29T09:00:00,251950.0,254500.0,249300.0,254000.0,103609.03233633
2025-07-29T13:00:00,253900.0,256350.0,252400.0,255500.0,63921.79825646
2025-07-29T17:00:00,255500.0,256050.0,251150.0,251900.0,66959.90116123
2025-07-29T21:00:00,251950.0,254400.0,248000.0,250050.0,91474.48430917
2025-07-30T01:00:00,250100.0,251500.0,247200.0,250450.0,36890.56162015
2025-07-30T05:00:00,250250.0,251950.0,248650.0,251200.0,39290.97997145
2025-07-30T09:00:00,251200.0,251350.0,247050.0,250400.0,61260.77838554
2025-07-30T13:00:00,250400.0,251300.0,247800.0,249500.0,36422.57288213
2025-07-30T17:00:00,249500.0,250000.0,244550.0,245350.0,76832.00368514
2025-07-30T21:00:00,245350.0,249200.0,244700.0,247400.0,73565.63558381
2025-07-31T01:00:00,247400.0,249000.0,240850.0,244900.0,64722.88111029
2025-07-31T05:00:00,244900.0,246700.0,242700.0,246100.0,39712.80816053
2025-07-31T09:00:00,246200.0,249400.0,245900.0,249000.0,56317.05698976
2025-07-31T13:00:00,249000.0,250200.0,248000.0,249900.0,32784.9547315
2025-07-31T17:00:00,249900.0,251800.0,248900.0,249500.0,44511.20473094
2025-07-31T21:00:00,249500.0,249500.0,243400.0,245900.0,99190.04791214
2025-08-01T01:00:00,245900.0,248300.0,244000.0,244500.0,29359.39841313
2025-08-01T05:00:00,244700.0,245300.0,239950.0,240000.0,94269.89322491
2025-08-01T09:00:00,240000.0,240400.0,232750.0,238400.0,221276.21880717
2025-08-01T13:00:00,238400.0,238400.0,234100.0,236100.0,76379.86891802
2025-08-01T17:00:00,236100.0,236100.0,232600.0,235400.0,88235.54750901
2025-08-01T21:00:00,235500.0,237000.0,229650.0,233700.0,137358.37483387
2025-08-02T01:00:00,233800.0,235000.0,230200.0,232500.0,40678.70354855
2025-08-02T05:00:00,232500.0,232700.0,223500.0,226900.0,176707.20290684
2025-08-02T09:00:00,226800.0,230800.0,226700.0,229500.0,81338.9143541
2025-08-02T13:00:00,229500.0,230800.0,226000.0,229400.0,70227.95072942
2025-08-02T17:00:00,229600.0,230500.0,226800.0,230000.0,47436.45691769
2025-08-02T21:00:00,230000.0,230600.0,226100.0,226700.0,51270.15123294
2025-08-03T01:00:00,226600.0,227500.0,220100.0,221400.0,89346.43713775
2025-08-03T05:00:00,221400.0,224300.0,220100.0,221500.0,66584.62102038
2025-08-03T09:00:00,221600.0,226200.0,218800.0,225700.0,107450.04847241
2025-08-03T13:00:00,225900.0,225900.0,223700.0,225700.0,38597.08560256
2025-08-03T17:00:00,225700.0,228700.0,225200.0,226700.0,69599.13922702
2025-08-03T21:00:00,226500.0,227500.0,224700.0,226700.0,54185.50282944
2025-08-04T01:00:00,226700.0,227600.0,225600.0,226000.0,20496.35227064
2025-08-04T05:00:00,226300.0,228700.0,225000.0,227600.0,62054.63548715
2025-08-04T09:00:00,227400.0,231700.0,226300.0,228200.0,110021.73981819
2025-08-04T13:00:00,228200.0,228900.0,225300.0,228000.0,73727.88789192
2025-08-04T17:00:00,228100.0,228800.0,226000.0,226900.0,50892.02933871
2025-08-04T21:00:00,227000.0,232900.0,226600.0,231500.0,122546.26484022
2025-08-05T01:00:00,231500.0,236300.0,230500.0,231500.0,57382.64402506
2025-08-05T05:00:00,231500.0,236500.0,231000.0,236200.0,71170.97093692
2025-08-05T09:00:00,236200.0,237100.0,233400.0,234100.0,87181.81993348
2025-08-05T13:00:00,234100.0,236400.0,232200.0,232400.0,56569.95340542
2025-08-05T17:00:00,232500.0,239300.0,231700.0,237900.0,89863.71264531
2025-08-05T21:00:00,237900.0,238300.0,228600.0,229600.0,130380.85263466
2025-08-06T01:00:00,229600.0,231000.0,227900.0,228700.0,27176.56302548
2025-08-06T05:00:00,228800.0,230800.0,226900.0,230100.0,45851.37790022
2025-08-06T09:00:00,230100.0,230200.0,225900.0,226700.0,58598.70768535
2025-08-06T13:00:00,226700.0,230800.0,225800.0,229700.0,60234.42121349
2025-08-06T17:00:00,229700.0,230200.0,227900.0,229500.0,23199.12242028
2025-08-06T21:00:00,229500.0,235900.0,227600.0,235600.0,75360.86123663
2025-08-07T01:00:00,235700.0,236600.0,233300.0,234800.0,38708.37332007
2025-08-07T05:00:00,234900.0,235000.0,233000.0,233900.0,31623.07553136
2025-08-07T09:00:00,233800.0,235600.0,232500.0,233000.0,43075.31654573
2025-08-07T13:00:00,233000.0,236800.0,232700.0,236600.0,38189.14019075
2025-08-07T17:00:00,236500.0,240500.0,234800.0,239200.0,97935.10369025
2025-08-07T21:00:00,239100.0,239800.0,235100.0,235900.0,115521.83396818
2025-08-08T01:00:00,235900.0,237400.0,232000.0,237000.0,50850.98132448
2025-08-08T05:00:00,236900.0,241900.0,236600.0,241600.0,152959.81728946
2025-08-08T09:00:00,241600.0,241900.0,238700.0,240800.0,133183.01478257
2025-08-08T13:00:00,240700.0,244800.0,239500.0,243800.0,88626.64061556
2025-08-08T17:00:00,243900.0,244900.0,241000.0,244600.0,83289.59629401
2025-08-08T21:00:00,244700.0,245800.0,240400.0,241800.0,110303.18977259
2025-08-09T01:00:00,241800.0,246300.0,241600.0,245000.0,47020.93296354
2025-08-09T05:00:00,245000.0,245300.0,242300.0,242300.0,43477.0388058
2025-08-09T09:00:00,242400.0,246000.0,242300.0,244300.0,78895.75293942
2025-08-09T13:00:00,244300.0,250400.0,244000.0,248400.0,194432.0663518
2025-08-09T17:00:00,248400.0,251400.0,248000.0,248100.0,112317.5603646
2025-08-09T21:00:00,248100.0,250200.0,245500.0,247700.0,129209.25620664
2025-08-10T01:00:00,247700.0,250500.0,246900.0,249900.0,37065.49125516
2025-08-10T05:00:00,249900.0,251400.0,247200.0,247800.0,85717.60816939
2025-08-10T09:00:00,247900.0,261200.0,247600.0,254000.0,485279.91298374
2025-08-10T13:00:00,253900.0,255600.0,244500.0,245500.0,247720.63840556
2025-08-10T17:00:00,245500.0,248200.0,243000.0,246800.0,152571.8659176
2025-08-10T21:00:00,246700.0,249800.0,244600.0,249200.0,92806.8116836
2025-08-11T01:00:00,249100.0,251100.0,248400.0,250900.0,32811.9812697
2025-08-11T05:00:00,250900.0,252400.0,248800.0,251200.0,76431.47537959
2025-08-11T09:00:00,251100.0,254400.0,248700.0,253100.0,185177.56655048
2025-08-11T13:00:00,253100.0,255200.0,250000.0,250200.0,127971.36436228
2025-08-11T17:00:00,250200.0,252000.0,245000.0,246100.0,164150.41640165
2025-08-11T21:00:00,246100.0,248000.0,244100.0,247500.0,140448.31935248
2025-08-12T01:00:00,247700.0,249000.0,242600.0,244100.0,73912.81110078
2025-08-12T05:00:00,244100.0,244100.0,239700.0,242100.0,115355.50228816
2025-08-12T09:00:00,242000.0,243600.0,241600.0,241700.0,79374.17930033
2025-08-12T13:00:00,241700.0,243100.0,239400.0,242100.0,76843.04033085
2025-08-12T17:00:00,242100.0,242700.0,239700.0,241600.0,67511.36427536
2025-08-12T21:00:00,241500.0,250000.0,240700.0,249700.0,276937.63763438
2025-08-13T01:00:00,249700.0,261000.0,248100.0,260600.0,218083.24610487
2025-08-13T05:00:00,260600.0,264400.0,259200.0,262400.0,274785.99885257
2025-08-13T09:00:00,262300.0,274000.0,261900.0,271200.0,603963.07547169
2025-08-13T13:00:00,271300.0,274000.0,267800.0,272400.0,253696.4538655
2025-08-13T17:00:00,272400.0,276300.0,269500.0,274200.0,247540.20626623
2025-08-13T21:00:00,274200.0,279000.0,266000.0,269600.0,448205.22854325
2025-08-14T01:00:00,269600.0,275000.0,269300.0,274900.0,74218.18432626
2025-08-14T05:00:00,274800.0,276700.0,272100.0,275100.0,126574.18890811
2025-08-14T09:00:00,274900.0,284750.0,274100.0,283500.0,532952.54792165
2025-08-14T13:00:00,283500.0,285750.0,278800.0,282200.0,390087.58680438
2025-08-14T17:00:00,282200.0,282400.0,277500.0,280300.0,213253.76423933
2025-08-14T21:00:00,280400.0,282900.0,257000.0,270200.0,1216780.85223244
2025-08-15T01:00:00,270200.0,271200.0,264500.0,268400.0,119205.90243606
2025-08-15T05:00:00,268400.0,269300.0,261100.0,268000.0,131576.16561058
2025-08-15T09:00:00,268000.0,272500.0,267400.0,271900.0,206729.13802145
2025-08-15T13:00:00,272000.0,274600.0,270100.0,273200.0,120106.09151155
2025-08-15T17:00:00,273100.0,273700.0,268500.0,269400.0,101997.99812592
2025-08-15T21:00:00,269400.0,272700.0,257700.0,258900.0,394032.4180247
2025-08-16T01:00:00,258800.0,260900.0,256400.0,257200.0,157446.29190333
2025-08-16T05:00:00,257200.0,263700.0,256700.0,260000.0,143273.03678054
2025-08-16T09:00:00,260000.0,262200.0,259200.0,260300.0,128049.51246437
2025-08-16T13:00:00,260300.0,263300.0,258600.0,262200.0,96410.34833398
2025-08-16T17:00:00,262300.0,262600.0,257200.0,257300.0,100727.7539162
2025-08-16T21:00:00,257400.0,262400.0,257000.0,261500.0,83216.49822775
2025-08-17T01:00:00,261600.0,262200.0,259500.0,261700.0,23569.3276329
2025-08-17T05:00:00,261600.0,263900.0,261100.0,263500.0,33592.87823273
2025-08-17T09:00:00,263500.0,266300.0,260700.0,265900.0,88915.02360851
2025-08-17T13:00:00,265800.0,268600.0,265400.0,266000.0,107730.15966736
2025-08-17T17:00:00,265900.0,268300.0,265500.0,267900.0,101847.54902289
2025-08-17T21:00:00,267900.0,270000.0,265900.0,270000.0,102092.0442776
2025-08-18T01:00:00,270000.0,270400.0,265100.0,265700.0,53153.45733345
2025-08-18T05:00:00,265700.0,268200.0,265200.0,265700.0,44640.43755235
2025-08-18T09:00:00,265500.0,266400.0,252900.0,254700.0,342516.05694432
2025-08-18T13:00:00,254700.0,256000.0,251600.0,252000.0,202066.22533656
2025-08-18T17:00:00,252000.0,254200.0,251300.0,252700.0,109431.63247822
2025-08-18T21:00:00,252700.0,255500.0,251800.0,254900.0,120664.08551589
2025-08-19T01:00:00,254900.0,258000.0,253500.0,254900.0,61752.25820823
2025-08-19T05:00:00,254900.0,257100.0,253600.0,254400.0,67548.01462831
2025-08-19T09:00:00,254400.0,258300.0,248500.0,248700.0,169643.75557937
2025-08-19T13:00:00,248700.0,251800.0,247500.0,250800.0,112616.03353876
2025-08-19T17:00:00,250700.0,253900.0,249500.0,253800.0,65502.91282656
2025-08-19T21:00:00,253800.0,254700.0,248100.0,248500.0,125749.48256849
2025-08-20T01:00:00,248500.0,249900.0,246200.0,247500.0,74782.98505987
2025-08-20T05:00:00,247500.0,250900.0,245100.0,245600.0,120651.5038535
2025-08-20T09:00:00,245600.0,254000.0,245500.0,253200.0,163412.41763539
2025-08-20T13:00:00,253100.0,254800.0,252300.0,252400.0,70331.60059635
2025-08-20T17:00:00,252600.0,254900.0,249100.0,252000.0,84794.69822497
2025-08-20T21:00:00,252000.0,258100.0,249100.0,255300.0,173860.59257196
2025-08-21T01:00:00,255400.0,261100.0,254500.0,260600.0,63571.31902437
2025-08-21T05:00:00,260500.0,261700.0,258400.0,261700.0,89312.22839461
2025-08-21T09:00:00,261600.0,264700.0,258700.0,262400.0,156719.73011294
2025-08-21T13:00:00,262400.0,262900.0,259300.0,260400.0,72168.3108931
2025-08-21T17:00:00,260500.0,260700.0,256100.0,257100.0,103916.23339078
2025-08-21T21:00:00,257000.0,260200.0,254400.0,254500.0,101103.31950486
2025-08-22T01:00:00,254500.0,256400.0,252200.0,253100.0,44680.64735707
2025-08-22T05:00:00,253100.0,255200.0,252100.0,253100.0,48016.4107357
2025-08-22T09:00:00,253100.0,256800.0,252600.0,254400.0,81813.34400372
2025-08-22T13:00:00,254500.0,257800.0,254300.0,257300.0,60315.94746983
2025-08-22T17:00:00,257300.0,258600.0,251500.0,251500.0,101396.67876575
2025-08-22T21:00:00,251500.0,271200.0,248700.0,268200.0,811608.39657688
2025-08-23T01:00:00,268400.0,275300.0,268200.0,274700.0,232114.4874851
2025-08-23T05:00:00,274400.0,279000.0,273400.0,276700.0,180991.06041027
2025-08-23T09:00:00,276600.0,277000.0,269000.0,273700.0,276449.7429866
2025-08-23T13:00:00,273600.0,288500.0,273500.0,282900.0,505536.57147858
2025-08-23T17:00:00,282800.0,283500.0,278500.0,279300.0,156993.99557086
2025-08-23T21:00:00,279300.0,282600.0,277900.0,280700.0,120690.76105097
2025-08-24T01:00:00,280700.0,283000.0,280200.0,282300.0,29180.55514468
2025-08-24T05:00:00,282100.0,283400.0,280600.0,282300.0,43582.780705
2025-08-24T09:00:00,282200.0,293700.0,282200.0,290300.0,489235.77902013
2025-08-24T13:00:00,290300.0,292300.0,286500.0,286500.0,227529.05000838
2025-08-24T17:00:00,286600.0,290000.0,282400.0,284400.0,233860.36471955
2025-08-24T21:00:00,284400.0,290400.0,282800.0,285900.0,217293.74928674
2025-08-25T01:00:00,285900.0,292500.0,280200.0,285200.0,221908.92442169
2025-08-25T05:00:00,285200.0,288000.0,280100.0,286000.0,216518.11759474
2025-08-25T09:00:00,286000.0,296300.0,281600.0,290400.0,487987.80882017
2025-08-25T13:00:00,290400.0,291300.0,278000.0,279400.0,364995.03449226
2025-08-25T17:00:00,279400.0,281000.0,273000.0,277200.0,347491.63189968
2025-08-25T21:00:00,277200.0,279600.0,274500.0,275100.0,213804.14867735
2025-08-26T01:00:00,275100.0,277800.0,269900.0,270400.0,85250.96196161
2025-08-26T05:00:00,270400.0,271500.0,262600.0,265100.0,296663.02447983
2025-08-26T09:00:00,265100.0,268400.0,262500.0,264300.0,260987.86303086
2025-08-26T13:00:00,264300.0,267500.0,264000.0,266300.0,104603.32889637
2025-08-26T17:00:00,266300.0,268300.0,263700.0,265500.0,71957.55781343
2025-08-26T21:00:00,265500.0,270700.0,264100.0,268700.0,198541.89461645
2025-08-27T01:00:00,268700.0,275900.0,268300.0,275900.0,84752.37544079
2025-08-27T05:00:00,275900.0,277000.0,272800.0,274600.0,94609.02247844
2025-08-27T09:00:00,274600.0,283300.0,271300.0,282300.0,232032.55359628
2025-08-27T13:00:00,282300.0,287300.0,280800.0,283600.0,327870.27632423
2025-08-27T17:00:00,283600.0,287700.0,282300.0,287300.0,165398.30108434
2025-08-27T21:00:00,287300.0,292000.0,283600.0,291200.0,267949.29819203
2025-08-28T01:00:00,291200.0,295000.0,287900.0,288400.0,137307.26882984
2025-08-28T05:00:00,288400.0,292700.0,283400.0,283600.0,199180.37526531
2025-08-28T09:00:00,283600.0,291100.0,282100.0,290900.0,274417.28481922
2025-08-28T13:00:00,290900.0,297000.0,289900.0,296900.0,330711.14319931
2025-08-28T17:00:00,296900.0,300900.0,294500.0,296300.0,343007.10329364
2025-08-28T21:00:00,296200.0,301000.0,293100.0,294700.0,408934.92750528
2025-08-29T01:00:00,294700.0,298100.0,289600.0,293400.0,104694.50138705
2025-08-29T05:00:00,293400.0,300500.0,293000.0,298700.0,150815.48228753
2025-08-29T09:00:00,298600.0,304600.0,296100.0,302200.0,477892.0017073
2025-08-29T13:00:00,302200.0,303400.0,289500.0,291600.0,535916.68877154
2025-08-29T17:00:00,291700.0,293500.0,286600.0,289900.0,309345.24057596
2025-08-29T21:00:00,289900.0,301000.0,285200.0,286600.0,627129.65719879
2025-08-30T01:00:00,286400.0,288500.0,282600.0,284600.0,141384.59944153
2025-08-30T05:00:00,284900.0,288800.0,281000.0,288100.0,150627.82155143
2025-08-30T09:00:00,288100.0,289200.0,280000.0,287100.0,317824.37728497
2025-08-30T13:00:00,287200.0,289500.0,285200.0,286500.0,162158.55536239
2025-08-30T17:00:00,286500.0,287000.0,281300.0,283200.0,112361.66044402
2025-08-30T21:00:00,283100.0,283300.0,275800.0,280200.0,182637.27361744
2025-08-31T01:00:00,280300.0,281000.0,278800.0,280600.0,31088.11742352
2025-08-31T05:00:00,280500.0,283700.0,278700.0,282900.0,58822.11301852
2025-08-31T09:00:00,282700.0,288500.0,282600.0,286100.0,184852.25002856
2025-08-31T13:00:00,286000.0,286500.0,282200.0,283500.0,89392.14182454
2025-08-31T17:00:00,283500.0,286500.0,281700.0,283500.0,92590.4235354
2025-08-31T21:00:00,283300.0,284500.0,280000.0,284200.0,100918.03050188
2025-09-01T01:00:00,284200.0,285700.0,283000.0,284200.0,25370.69262505
2025-09-01T05:00:00,284400.0,286000.0,279200.0,279800.0,78340.21716251
2025-09-01T09:00:00,279700.0,282200.0,273700.0,276200.0,251266.93427958
2025-09-01T13:00:00,276200.0,282500.0,273300.0,282500.0,171805.09676252
2025-09-01T17:00:00,282500.0,284500.0,275700.0,277500.0,192185.97850749
2025-09-01T21:00:00,277400.0,279700.0,275800.0,276800.0,89997.98206066
2025-09-02T01:00:00,276800.0,278800.0,275300.0,278800.0,46354.10343375
2025-09-02T05:00:00,278800.0,278800.0,272100.0,275600.0,119411.74423108
2025-09-02T09:00:00,275600.0,283000.0,274500.0,280600.0,143162.68238891
2025-09-02T13:00:00,280600.0,284300.0,280000.0,280900.0,110943.50686303
2025-09-02T17:00:00,280900.0,284200.0,280500.0,280700.0,77010.31638318
2025-09-02T21:00:00,280700.0,284900.0,275500.0,279200.0,255286.88399331
2025-09-03T01:00:00,279100.0,288000.0,278400.0,286700.0,84903.93684588
2025-09-03T05:00:00,286900.0,292000.0,285900.0,291900.0,133724.74143002
2025-09-03T09:00:00,291900.0,295500.0,288900.0,292700.0,260490.61712003
2025-09-03T13:00:00,292700.0,293200.0,289900.0,292000.0,92277.77869597
2025-09-03T17:00:00,292000.0,293800.0,290100.0,292400.0,100972.27529805
2025-09-03T21:00:00,292500.0,295500.0,290200.0,293000.0,183018.55547078
2025-09-04T01:00:00,293000.0,293800.0,290000.0,291500.0,48500.74635786
2025-09-04T05:00:00,291800.0,292600.0,289300.0,292100.0,57524.8307605
2025-09-04T09:00:00,292300.0,293800.0,289100.0,289900.0,100046.93437778
2025-09-04T13:00:00,289900.0,290500.0,286800.0,288800.0,92598.91366916
2025-09-04T17:00:00,288800.0,291100.0,288500.0,289200.0,57857.13024626
2025-09-04T21:00:00,289200.0,291100.0,285200.0,285400.0,126754.44253423
2025-09-05T01:00:00,285600.0,287600.0,283800.0,284100.0,49727.05323986
2025-09-05T05:00:00,284100.0,287200.0,283900.0,284400.0,81654.59846193
2025-09-05T09:00:00,284400.0,285700.0,281700.0,285000.0,92919.59286
2025-09-05T13:00:00,285100.0,290900.0,284200.0,289700.0,92082.28878193
2025-09-05T17:00:00,289700.0,290000.0,286100.0,288400.0,97653.49081552
2025-09-05T21:00:00,288400.0,292200.0,282800.0,285000.0,339974.319478
2025-09-06T01:00:00,285200.0,287500.0,283500.0,286900.0,42719.35149905
2025-09-06T05:00:00,286900.0,287300.0,284000.0,284900.0,44020.66362737
2025-09-06T09:00:00,284900.0,286300.0,284300.0,285400.0,42518.6446873
2025-09-06T13:00:00,285400.0,285400.0,283100.0,284400.0,33477.48643587
2025-09-06T17:00:00,284400.0,285000.0,283200.0,283600.0,24450.52570529
2025-09-06T21:00:00,283500.0,284300.0,282100.0,282300.0,38708.88546605
2025-09-07T01:00:00,282300.0,283800.0,280100.0,280600.0,36515.87615248
2025-09-07T05:00:00,280600.0,282100.0,280400.0,280700.0,31822.13321696
2025-09-07T09:00:00,280600.0,284100.0,280500.0,283500.0,51709.07250893
2025-09-07T13:00:00,283600.0,284000.0,282600.0,283700.0,30282.8915634
2025-09-07T17:00:00,283800.0,284800.0,283300.0,284500.0,34307.65166937
2025-09-07T21:00:00,284600.0,286600.0,283300.0,286000.0,61078.24677832
2025-09-08T01:00:00,286100.0,286500.0,282200.0,284100.0,22277.08691415
2025-09-08T05:00:00,284200.0,289600.0,283600.0,287900.0,88409.77684859
2025-09-08T09:00:00,287900.0,291200.0,286900.0,289700.0,93553.05468328
2025-09-08T13:00:00,289600.0,291100.0,288600.0,290000.0,57106.39994769
2025-09-08T17:00:00,290000.0,300000.0,289200.0,298100.0,233569.35692511
2025-09-08T21:00:00,298100.0,300500.0,296100.0,298700.0,206803.14935193
2025-09-09T01:00:00,298700.0,301400.0,297100.0,300900.0,69877.59816017
2025-09-09T05:00:00,300900.0,301000.0,297400.0,298100.0,67669.11650406
2025-09-09T09:00:00,298100.0,299200.0,294200.0,299000.0,136869.98253283
2025-09-09T13:00:00,299100.0,304900.0,297600.0,304400.0,207388.43563413
2025-09-09T17:00:00,304200.0,304700.0,301000.0,301500.0,94089.78421638
2025-09-09T21:00:00,301400.0,303500.0,295500.0,297400.0,200904.210894
2025-09-10T01:00:00,297300.0,302300.0,297200.0,302000.0,55777.02864233
2025-09-10T05:00:00,302000.0,303200.0,300100.0,302800.0,57698.03724401
2025-09-10T09:00:00,302800.0,305950.0,300400.0,305200.0,129400.29299093
2025-09-10T13:00:00,305100.0,309900.0,303700.0,309400.0,125937.28309981
2025-09-10T17:00:00,309400.0,309500.0,304800.0,306600.0,101346.11173717
2025-09-10T21:00:00,306500.0,313550.0,306100.0,309600.0,326582.60103409
2025-09-11T01:00:00,309600.0,310900.0,307300.0,308500.0,44690.30881041
2025-09-11T05:00:00,308500.0,313000.0,307800.0,311900.0,70320.67550832
2025-09-11T09:00:00,311800.0,314400.0,310600.0,312200.0,148588.74600923
2025-09-11T13:00:00,312200.0,312200.0,308700.0,310600.0,132995.5693815
2025-09-11T17:00:00,310500.0,314450.0,309700.0,313500.0,112430.2380565
2025-09-11T21:00:00,313500.0,318950.0,309700.0,316000.0,434347.05788508
2025-09-12T01:00:00,316000.0,317700.0,314300.0,315200.0,41738.31893228
2025-09-12T05:00:00,315200.0,318000.0,314000.0,317700.0,82946.62785527
2025-09-12T09:00:00,317700.0,327700.0,317000.0,327000.0,266897.29458782
2025-09-12T13:00:00,327000.0,333300.0,325900.0,329900.0,257464.15393098
2025-09-12T17:00:00,329900.0,333700.0,329000.0,333500.0,124944.71085072
2025-09-12T21:00:00,333400.0,336100.0,330900.0,333400.0,209861.32396496
2025-09-13T01:00:00,333200.0,334900.0,331500.0,334300.0,54980.32491342
2025-09-13T05:00:00,333800.0,338400.0,331100.0,336100.0,133074.66762592
2025-09-13T09:00:00,336100.0,339100.0,333600.0,338200.0,246857.65466714
2025-09-13T13:00:00,338200.0,338200.0,335100.0,336300.0,83819.5056134
2025-09-13T17:00:00,336700.0,337300.0,334000.0,334700.0,112570.56088712
2025-09-13T21:00:00,334700.0,335700.0,329600.0,330700.0,172411.9365832
2025-09-14T01:00:00,330700.0,331500.0,326500.0,331300.0,74453.19401463
2025-09-14T05:00:00,331300.0,336800.0,331000.0,336000.0,65557.34604368
2025-09-14T09:00:00,336200.0,345500.0,335800.0,342100.0,287885.34118676
2025-09-14T13:00:00,342000.0,343600.0,339000.0,341100.0,107480.14352561
2025-09-14T17:00:00,341100.0,344200.0,340600.0,341500.0,94499.00372918
2025-09-14T21:00:00,341500.0,342600.0,335000.0,338700.0,168286.0217298
2025-09-15T01:00:00,338700.0,344600.0,336800.0,337000.0,66226.78869709
2025-09-15T05:00:00,337000.0,339900.0,333100.0,333600.0,119078.43839481
2025-09-15T09:00:00,333600.0,338400.0,332400.0,337100.0,132494.10918891
2025-09-15T13:00:00,337000.0,338500.0,328500.0,330600.0,158929.1841593
2025-09-15T17:00:00,330600.0,330700.0,322100.0,329400.0,261165.05380507
2025-09-15T21:00:00,329300.0,331500.0,323700.0,325000.0,126363.30775246
2025-09-16T01:00:00,325000.0,327100.0,321400.0,325100.0,45906.78974798
2025-09-16T05:00:00,324800.0,328100.0,324600.0,326600.0,47201.90822201
2025-09-16T09:00:00,326700.0,328600.0,324300.0,327600.0,77693.80527043
2025-09-16T13:00:00,327400.0,329300.0,324500.0,327800.0,74595.8644614
2025-09-16T17:00:00,327700.0,329100.0,326800.0,327900.0,52875.23367643
2025-09-16T21:00:00,327700.0,331700.0,322900.0,331300.0,106286.39284552
2025-09-17T01:00:00,331200.0,334900.0,329300.0,330600.0,95809.44489787
2025-09-17T05:00:00,330600.0,331900.0,329000.0,329700.0,54659.28729463
2025-09-17T09:00:00,329700.0,330000.0,325000.0,325300.0,71107.14552154
2025-09-17T13:00:00,325400.0,331000.0,325000.0,330500.0,85512.60964738
2025-09-17T17:00:00,330500.0,330500.0,325800.0,326500.0,68604.33019266
2025-09-17T21:00:00,326500.0,328800.0,326000.0,326100.0,79799.77533795
2025-09-18T01:00:00,326100.0,332700.0,324000.0,332500.0,184876.13383298
2025-09-18T05:00:00,332400.0,342400.0,328200.0,339500.0,216863.84027904
2025-09-18T09:00:00,339500.0,343600.0,338600.0,342200.0,153932.01477282
2025-09-18T13:00:00,342100.0,342200.0,336800.0,339500.0,93859.66345302
2025-09-18T17:00:00,339500.0,343000.0,339300.0,341200.0,85786.83958093
2025-09-18T21:00:00,341200.0,345000.0,340700.0,344400.0,146331.6818707
2025-09-19T01:00:00,344400.0,350800.0,343200.0,344800.0,119058.65507811
2025-09-19T05:00:00,344800.0,345500.0,341400.0,343800.0,62733.39801027
2025-09-19T09:00:00,343800.0,344900.0,340500.0,341000.0,107128.39159138
2025-09-19T13:00:00,340900.0,342200.0,338400.0,340000.0,95928.35468643
2025-09-19T17:00:00,340000.0,341200.0,334800.0,336300.0,95803.69337881
2025-09-19T21:00:00,336400.0,338600.0,330100.0,332600.0,136204.58908081
2025-09-20T01:00:00,332700.0,334000.0,330000.0,331100.0,49928.38669929
2025-09-20T05:00:00,331100.0,334900.0,331000.0,334600.0,46484.21357883
2025-09-20T09:00:00,334800.0,336800.0,333400.0,334100.0,60689.50295288
2025-09-20T13:00:00,334100.0,336000.0,334000.0,335900.0,27432.46190009
2025-09-20T17:00:00,335900.0,335900.0,332200.0,333900.0,37527.76805774
2025-09-20T21:00:00,333800.0,337300.0,332300.0,335800.0,45253.76536272
2025-09-21T01:00:00,335600.0,337200.0,333300.0,334300.0,19061.10259534
2025-09-21T05:00:00,334200.0,336800.0,333900.0,335900.0,28656.99024832
2025-09-21T09:00:00,335900.0,338000.0,334600.0,338000.0,46759.43724742
2025-09-21T13:00:00,338000.0,338100.0,334500.0,335500.0,45283.05559769
2025-09-21T17:00:00,335400.0,335900.0,332600.0,334700.0,49839.82024301
2025-09-21T21:00:00,334700.0,336400.0,332700.0,332800.0,37556.72625253
2025-09-22T01:00:00,332800.0,333400.0,331100.0,333100.0,29104.32738654
2025-09-22T05:00:00,333000.0,333100.0,330000.0,330800.0,47149.28279922
2025-09-22T09:00:00,330800.0,331900.0,324000.0,326900.0,210449.83464603
2025-09-22T13:00:00,326900.0,327300.0,309900.0,313800.0,275326.45080152
2025-09-22T17:00:00,313800.0,315700.0,311300.0,313900.0,128625.33881186
2025-09-22T21:00:00,313900.0,318400.0,312700.0,314300.0,134525.56522955
2025-09-23T01:00:00,314400.0,315500.0,309600.0,310200.0,58131.72781789
2025-09-23T05:00:00,309900.0,315600.0,309100.0,314600.0,65513.16918979
2025-09-23T09:00:00,314600.0,316600.0,302000.0,308900.0,266255.15607803
2025-09-23T13:00:00,309000.0,312500.0,304600.0,311300.0,94437.86618964
2025-09-23T17:00:00,311400.0,315100.0,309900.0,312300.0,86187.97029709
2025-09-23T21:00:00,312300.0,313600.0,309000.0,311900.0,49481.76399638
2025-09-24T01:00:00,311900.0,315000.0,305900.0,306200.0,41550.76840787
2025-09-24T05:00:00,306200.0,309000.0,304200.0,304400.0,55668.1222188
2025-09-24T09:00:00,304400.0,308600.0,297300.0,297600.0,173063.73479308
2025-09-24T13:00:00,297500.0,300800.0,293100.0,299100.0,220157.25535939
2025-09-24T17:00:00,299100.0,302300.0,298300.0,301500.0,91330.81522504
2025-09-24T21:00:00,301500.0,306600.0,300000.0,302600.0,109205.33966217
2025-09-25T01:00:00,302600.0,304900.0,300800.0,301700.0,35091.69439675
2025-09-25T05:00:00,301700.0,301700.0,298700.0,300300.0,64330.78808038
2025-09-25T09:00:00,300300.0,301500.0,294200.0,295200.0,187488.65029469
2025-09-25T13:00:00,295200.0,296000.0,290700.0,292300.0,139249.67394176
2025-09-25T17:00:00,292400.0,294500.0,287600.0,288200.0,150134.38217445
2025-09-25T21:00:00,288100.0,292600.0,284500.0,288400.0,237656.79782975
2025-09-26T01:00:00,288600.0,289600.0,282500.0,286300.0,118742.27025955
2025-09-26T05:00:00,286500.0,287800.0,278800.0,280100.0,187772.03322282
2025-09-26T09:00:00,280000.0,286700.0,279700.0,285300.0,221077.04966105
2025-09-26T13:00:00,285200.0,286200.0,280600.0,283600.0,99688.96164101
2025-09-26T17:00:00,283700.0,284500.0,277800.0,281000.0,155711.10994379
2025-09-26T21:00:00,280900.0,287700.0,279300.0,284900.0,204046.53328905
2025-09-27T01:00:00,284900.0,290500.0,284500.0,288900.0,200782.12149806
2025-09-27T05:00:00,288700.0,296200.0,287300.0,295500.0,129246.96082547
2025-09-27T09:00:00,295600.0,296500.0,293000.0,293300.0,90590.27188078
2025-09-27T13:00:00,293200.0,293500.0,289500.0,290400.0,61911.59204963
2025-09-27T17:00:00,290400.0,290600.0,287700.0,289900.0,50827.82888639
2025-09-27T21:00:00,289900.0,293000.0,289100.0,292600.0,40858.9176632
2025-09-28T01:00:00,292800.0,292800.0,289300.0,291100.0,20144.61200335
2025-09-28T05:00:00,291000.0,294700.0,290600.0,293000.0,31202.14007019
2025-09-28T09:00:00,293000.0,293700.0,289600.0,290400.0,46089.99340017
2025-09-28T13:00:00,290400.0,291600.0,289200.0,291200.0,28388.02909319
2025-09-28T17:00:00,291200.0,292300.0,287400.0,288400.0,54855.02973803
2025-09-28T21:00:00,288300.0,292300.0,285800.0,292300.0,93422.24717668
2025-09-29T01:00:00,292300.0,296500.0,291900.0,296000.0,37542.71888902
2025-09-29T05:00:00,296000.0,302000.0,295600.0,301900.0,105119.26701697
2025-09-29T09:00:00,301900.0,301900.0,298300.0,300400.0,97345.82051657
2025-09-29T13:00:00,300400.0,301100.0,296100.0,297900.0,56858.67290414
2025-09-29T17:00:00,297900.0,299400.0,294800.0,296800.0,63521.95780661
2025-09-29T21:00:00,296800.0,304800.0,293600.0,299700.0,198571.93356305
2025-09-30T01:00:00,299700.0,304400.0,297000.0,303700.0,43910.99489111
2025-09-30T05:00:00,303700.0,306700.0,303000.0,303600.0,120920.49642669
2025-09-30T09:00:00,303500.0,305100.0,300100.0,300900.0,97202.39134355
2025-09-30T13:00:00,300700.0,302100.0,297700.0,298100.0,56723.67472127
2025-09-30T17:00:00,298100.0,298300.0,293900.0,297000.0,90152.55677066
2025-09-30T21:00:00,296900.0,300400.0,294600.0,297200.0,79979.85839185
2025-10-01T01:00:00,297200.0,300300.0,295300.0,300300.0,21291.33898038
2025-10-01T05:00:00,300200.0,301900.0,296300.0,297600.0,60560.55115618
2025-10-01T09:00:00,297700.0,301100.0,295300.0,295700.0,75290.849036
2025-10-01T13:00:00,295700.0,300500.0,295400.0,300500.0,75612.28442043
2025-10-01T17:00:00,300500.0,310100.0,299900.0,309300.0,229931.24603171
2025-10-01T21:00:00,309300.0,313100.0,308300.0,312700.0,149109.22653609
2025-10-02T01:00:00,312700.0,313700.0,309000.0,312100.0,46340.63271364
2025-10-02T05:00:00,312100.0,316100.0,310400.0,315300.0,66572.38237674
2025-10-02T09:00:00,315500.0,319900.0,311600.0,318300.0,224371.11875688
2025-10-02T13:00:00,318300.0,321500.0,315900.0,316300.0,117635.59192496
2025-10-02T17:00:00,316300.0,321200.0,316300.0,319700.0,73227.18629061
2025-10-02T21:00:00,319700.0,322500.0,316600.0,322400.0,158966.61695254
2025-10-03T01:00:00,322400.0,330300.0,321000.0,328300.0,94274.04816336
2025-10-03T05:00:00,328300.0,332800.0,326600.0,332500.0,95793.17765898
2025-10-03T09:00:00,332400.0,332700.0,325800.0,329000.0,196559.07068051
2025-10-03T13:00:00,328900.0,330500.0,323800.0,325400.0,95196.10549236
2025-10-03T17:00:00,325400.0,328800.0,323400.0,327800.0,105784.08512087
2025-10-03T21:00:00,327800.0,332500.0,323000.0,332400.0,144812.39311911
2025-10-04T01:00:00,332400.0,334300.0,324200.0,330200.0,168690.24113481
2025-10-04T05:00:00,330100.0,331100.0,327100.0,330000.0,60246.41396496
2025-10-04T09:00:00,330000.0,331700.0,324300.0,326400.0,111847.35900058
2025-10-04T13:00:00,326400.0,328000.0,325400.0,325900.0,58128.69144276
2025-10-04T17:00:00,325900.0,327700.0,325300.0,327200.0,44485.51981896
2025-10-04T21:00:00,327200.0,327900.0,321300.0,321600.0,86753.02220226
2025-10-05T01:00:00,321700.0,324500.0,321100.0,324500.0,30623.37668767
2025-10-05T05:00:00,324500.0,326200.0,324400.0,325700.0,28545.18223766
2025-10-05T09:00:00,325600.0,330400.0,323500.0,329000.0,124717.53380505
2025-10-05T13:00:00,329000.0,336500.0,328900.0,336000.0,166899.84772912
2025-10-05T17:00:00,336100.0,336700.0,327800.0,331800.0,178068.8353908
2025-10-05T21:00:00,331800.0,331900.0,326800.0,328600.0,66690.52240781
2025-10-06T01:00:00,328600.0,330500.0,325300.0,325600.0,39729.34191673
2025-10-06T05:00:00,325600.0,328900.0,325400.0,327800.0,42776.23384016
2025-10-06T09:00:00,327800.0,334000.0,326600.0,333000.0,107263.28056239
2025-10-06T13:00:00,332900.0,335000.0,329700.0,331500.0,98558.96234773
2025-10-06T17:00:00,331500.0,334100.0,331300.0,332800.0,55709.42520159
2025-10-06T21:00:00,332700.0,336000.0,332000.0,334600.0,129094.90984719
2025-10-07T01:00:00,334500.0,336900.0,333000.0,334000.0,59089.23444585
2025-10-07T05:00:00,334100.0,335000.0,330900.0,331400.0,68240.09181251
2025-10-07T09:00:00,331400.0,333700.0,330200.0,333400.0,120212.00935657
2025-10-07T13:00:00,333500.0,335000.0,328200.0,330400.0,147787.41995964
2025-10-07T17:00:00,330400.0,330900.0,326000.0,329400.0,112672.77797393
2025-10-07T21:00:00,329400.0,330700.0,318500.0,321900.0,271438.860773
2025-10-08T01:00:00,321900.0,324400.0,319300.0,320900.0,59040.02428575
2025-10-08T05:00:00,321200.0,324900.0,318400.0,318600.0,61580.55843771
2025-10-08T09:00:00,318600.0,323400.0,317100.0,318000.0,115666.98976628
2025-10-08T13:00:00,317900.0,320800.0,317400.0,320800.0,54787.33465456
2025-10-08T17:00:00,320700.0,323000.0,320300.0,320900.0,53813.82378779
2025-10-08T21:00:00,320800.0,324100.0,318200.0,320900.0,77024.76380611
2025-10-09T01:00:00,321000.0,330400.0,320600.0,330300.0,79804.55306872
2025-10-09T05:00:00,330000.0,330700.0,327700.0,330300.0,76940.4513537
2025-10-09T09:00:00,330200.0,331400.0,326000.0,328100.0,115498.32650825
2025-10-09T13:00:00,328100.0,331500.0,326500.0,327100.0,85239.16751398
2025-10-09T17:00:00,327000.0,327500.0,320700.0,325200.0,129705.43589417
2025-10-09T21:00:00,325200.0,329200.0,320800.0,321500.0,129183.30555839
2025-10-10T01:00:00,321300.0,322400.0,318800.0,320600.0,59224.64815832
2025-10-10T05:00:00,320500.0,323800.0,319500.0,322700.0,34686.82843418
2025-10-10T09:00:00,322700.0,324700.0,321000.0,323000.0,67364.17422129
2025-10-10T13:00:00,322700.0,324300.0,318500.0,318800.0,79368.82585159
2025-10-10T17:00:00,319000.0,322400.0,318100.0,322000.0,50743.61062024
2025-10-10T21:00:00,321800.0,326300.0,309800.0,312000.0,267903.07786808
2025-10-11T01:00:00,311800.0,314200.0,305000.0,305500.0,152684.56895859
2025-10-11T05:00:00,305600.0,308100.0,271600.0,292900.0,853757.96193366
2025-10-11T09:00:00,292900.0,296700.0,276500.0,284600.0,675779.41062962
2025-10-11T13:00:00,284700.0,287200.0,278200.0,279600.0,262642.87631412
2025-10-11T17:00:00,279600.0,287000.0,278300.0,280600.0,240389.77757356
2025-10-11T21:00:00,280600.0,281400.0,278000.0,280200.0,165753.28156431
2025-10-12T01:00:00,280200.0,281000.0,272600.0,273900.0,125239.38374309
2025-10-12T05:00:00,273900.0,274900.0,269300.0,273900.0,166178.969994
2025-10-12T09:00:00,273900.0,274300.0,266000.0,271900.0,269200.77514694
2025-10-12T13:00:00,271800.0,280500.0,271200.0,279500.0,181085.50866854
2025-10-12T17:00:00,279500.0,280000.0,275800.0,277100.0,93747.93859033
2025-10-12T21:00:00,276900.0,293300.0,273500.0,291300.0,445034.42683313
2025-10-13T01:00:00,291200.0,295600.0,289200.0,295000.0,166361.289008
2025-10-13T05:00:00,295000.0,299500.0,292100.0,297400.0,143035.20140571
2025-10-13T09:00:00,297500.0,302000.0,293000.0,294300.0,210792.25399638
2025-10-13T13:00:00,293900.0,299600.0,291500.0,296300.0,134915.53464932
2025-10-13T17:00:00,296300.0,298200.0,286800.0,289700.0,168988.42781355
2025-10-13T21:00:00,289700.0,296900.0,288400.0,295500.0,195142.08759111
2025-10-14T01:00:00,295500.0,310700.0,295300.0,308300.0,158038.98901075
2025-10-14T05:00:00,308300.0,311600.0,307500.0,310600.0,119572.18249436
2025-10-14T09:00:00,310700.0,314900.0,307200.0,308100.0,168187.54089029
2025-10-14T13:00:00,308000.0,308100.0,291000.0,295200.0,335126.30506037
2025-10-14T17:00:00,295200.0,299500.0,291300.0,296800.0,180716.524921
2025-10-14T21:00:00,296800.0,307300.0,293100.0,305900.0,212317.65079398
2025-10-15T01:00:00,306000.0,311700.0,297700.0,300100.0,138611.95137494
2025-10-15T05:00:00,300200.0,305700.0,299100.0,304100.0,58608.18378267
2025-10-15T09:00:00,304200.0,309600.0,303400.0,304500.0,123302.13169207
2025-10-15T13:00:00,304500.0,309000.0,303000.0,307300.0,85840.00268382
2025-10-15T17:00:00,307300.0,312500.0,305200.0,305500.0,134756.02529371
2025-10-15T21:00:00,305700.0,309100.0,298900.0,300100.0,176887.60989649
2025-10-16T01:00:00,300000.0,302000.0,296500.0,297100.0,78562.00263375
2025-10-16T05:00:00,297100.0,299700.0,294500.0,295300.0,80909.99220063
2025-10-16T09:00:00,295300.0,298500.0,294500.0,294800.0,80473.71838174
2025-10-16T13:00:00,294700.0,296300.0,291000.0,293300.0,87786.66088625
2025-10-16T17:00:00,293300.0,298200.0,286800.0,297600.0,147165.80532238
2025-10-16T21:00:00,297500.0,299500.0,286500.0,287500.0,145089.31950769
2025-10-17T01:00:00,287500.0,292700.0,282800.0,284000.0,135544.33371863
2025-10-17T05:00:00,284000.0,285500.0,280200.0,282800.0,128560.70404989
2025-10-17T09:00:00,282800.0,286400.0,282100.0,284800.0,101698.62792868
2025-10-17T13:00:00,284900.0,285000.0,270900.0,271500.0,253153.04131279
2025-10-17T17:00:00,271600.0,280000.0,268700.0,279000.0,343138.31491002
2025-10-17T21:00:00,279000.0,280800.0,271700.0,280400.0,158081.33924632
2025-10-18T01:00:00,280400.0,284000.0,278800.0,279100.0,64309.81632094
2025-10-18T05:00:00,279500.0,286200.0,278800.0,280100.0,63026.73391099
2025-10-18T09:00:00,280000.0,284300.0,279500.0,283200.0,75406.77142695
2025-10-18T13:00:00,283200.0,286800.0,280500.0,284600.0,71970.57795795
2025-10-18T17:00:00,284600.0,285900.0,282300.0,284200.0,41776.70885624
2025-10-18T21:00:00,284300.0,286000.0,281800.0,283000.0,50316.5495928
2025-10-19T01:00:00,283000.0,284300.0,280700.0,284100.0,16237.6842015
2025-10-19T05:00:00,284100.0,286400.0,283800.0,286200.0,28008.59246177
2025-10-19T09:00:00,286200.0,286600.0,282300.0,285000.0,44236.1560249
2025-10-19T13:00:00,285000.0,285200.0,282000.0,282800.0,32467.08911621
2025-10-19T17:00:00,282900.0,288200.0,278500.0,286800.0,137456.87372406
2025-10-19T21:00:00,286800.0,289900.0,285300.0,289000.0,78041.24159755
2025-10-20T01:00:00,289000.0,290900.0,285400.0,286300.0,36622.05973334
2025-10-20T05:00:00,286300.0,288500.0,284000.0,285000.0,61016.71890468
2025-10-20T09:00:00,285000.0,289000.0,279400.0,288700.0,132878.16490576
2025-10-20T13:00:00,288700.0,291900.0,287400.0,289300.0,108130.03411934
2025-10-20T17:00:00,289300.0,290500.0,286300.0,287900.0,65629.60903139
2025-10-20T21:00:00,287800.0,289300.0,285300.0,285500.0,56052.13382942
2025-10-21T01:00:00,285400.0,285600.0,279800.0,282700.0,68659.37505916
2025-10-21T05:00:00,282700.0,286300.0,282000.0,284600.0,42329.18909603
2025-10-21T09:00:00,284400.0,285600.0,279000.0,279100.0,98638.42218249
2025-10-21T13:00:00,279100.0,279600.0,275700.0,279100.0,108963.50733143
2025-10-21T17:00:00,279200.0,281200.0,277300.0,280700.0,40670.76999485
2025-10-21T21:00:00,280700.0,293000.0,277600.0,292000.0,173244.65602373
2025-10-22T01:00:00,291600.0,293700.0,285500.0,287900.0,112149.31293812
2025-10-22T05:00:00,288000.0,288300.0,279100.0,279600.0,89611.015978
2025-10-22T09:00:00,279700.0,282500.0,278100.0,279500.0,63889.51450394
2025-10-22T13:00:00,279600.0,280800.0,277000.0,278900.0,65836.84525437
2025-10-22T17:00:00,278900.0,281300.0,276400.0,279700.0,63587.31738678
2025-10-22T21:00:00,279700.0,282100.0,275000.0,277500.0,95821.84651894
2025-10-23T01:00:00,277200.0,278500.0,270000.0,273200.0,61890.99302014
2025-10-23T05:00:00,273000.0,274300.0,270100.0,273100.0,71589.49982897
2025-10-23T09:00:00,273100.0,276800.0,272400.0,276100.0,47845.06512425
2025-10-23T13:00:00,276100.0,282800.0,275900.0,282100.0,84770.17013194
2025-10-23T17:00:00,282100.0,284700.0,281600.0,282200.0,82205.74551842
2025-10-23T21:00:00,282200.0,289400.0,280500.0,286600.0,141492.63444812
2025-10-24T01:00:00,286600.0,289500.0,285600.0,287100.0,47390.547838
2025-10-24T05:00:00,287100.0,288200.0,283300.0,287900.0,53221.3560905
2025-10-24T09:00:00,287900.0,291600.0,287200.0,287400.0,103470.89472025
2025-10-24T13:00:00,287400.0,291500.0,286800.0,287900.0,89426.98030086
2025-10-24T17:00:00,287900.0,289500.0,285600.0,287600.0,62298.15813149
2025-10-24T21:00:00,287600.0,293500.0,283400.0,284400.0,186173.48550661
2025-10-25T01:00:00,284300.0,289000.0,283200.0,288200.0,30055.29164371
2025-10-25T05:00:00,288200.0,289500.0,288000.0,288800.0,32015.66601809
2025-10-25T09:00:00,288800.0,290300.0,287300.0,289300.0,60600.79316287
2025-10-25T13:00:00,289200.0,290500.0,288900.0,289400.0,31086.00878439
2025-10-25T17:00:00,289300.0,291000.0,285900.0,287600.0,62716.28470797
2025-10-25T21:00:00,287600.0,289400.0,286100.0,286200.0,56361.56316496
2025-10-26T01:00:00,286200.0,286600.0,285700.0,286300.0,8534.36947822
2025-10-26T05:00:00,286400.0,288900.0,286400.0,288400.0,8055.59374177
2025-10-26T09:00:00,288400.0,289500.0,286600.0,287900.0,51728.41126716
2025-10-26T13:00:00,287900.0,289400.0,287400.0,288700.0,27299.53418177
2025-10-26T17:00:00,288700.0,293700.0,288600.0,293600.0,79738.2182743
2025-10-26T21:00:00,293600.0,296100.0,292300.0,295800.0,104052.16227136
2025-10-27T01:00:00,295800.0,296100.0,293900.0,294700.0,33339.00427885
2025-10-27T05:00:00,294800.0,298500.0,292300.0,296400.0,76145.24258967
2025-10-27T09:00:00,296400.0,303300.0,295500.0,301900.0,150144.7234916
2025-10-27T13:00:00,301900.0,302700.0,298600.0,299100.0,73079.24340238
2025-10-27T17:00:00,299100.0,299300.0,293000.0,295900.0,117039.0514598
2025-10-27T21:00:00,295800.0,296200.0,293300.0,295400.0,60009.86765779
2025-10-28T01:00:00,295500.0,299400.0,295100.0,295300.0,32803.05209929
2025-10-28T05:00:00,295300.0,295800.0,292800.0,294000.0,45094.53465391
2025-10-28T09:00:00,294000.0,299300.0,293500.0,298500.0,79590.69823269
2025-10-28T13:00:00,298400.0,299800.0,294200.0,299200.0,92343.41152871
2025-10-28T17:00:00,299100.0,301600.0,295100.0,295700.0,86558.88839225
2025-10-28T21:00:00,295700.0,299000.0,292000.0,294100.0,131738.34086012
2025-10-29T01:00:00,294100.0,296600.0,289100.0,290300.0,58222.45717624
2025-10-29T05:00:00,290300.0,291200.0,285000.0,289700.0,86203.59668282
2025-10-29T09:00:00,289500.0,291100.0,287900.0,289400.0,62300.94251502
2025-10-29T13:00:00,289300.0,290700.0,289000.0,290000.0,31637.66504358
2025-10-29T17:00:00,290000.0,294900.0,288000.0,294400.0,83317.75898689
2025-10-29T21:00:00,294100.0,297700.0,291900.0,292600.0,113931.29915782
2025-10-30T01:00:00,292600.0,294900.0,284900.0,288100.0,141364.17551272
2025-10-30T05:00:00,288500.0,293600.0,287300.0,290000.0,69705.8585202
2025-10-30T09:00:00,290000.0,295100.0,287200.0,293900.0,83567.03144654
2025-10-30T13:00:00,293900.0,293900.0,286000.0,291900.0,174892.15015999
2025-10-30T17:00:00,291800.0,292000.0,285800.0,287200.0,81110.13980654
2025-10-30T21:00:00,287200.0,287500.0,278800.0,279700.0,179700.47591221
2025-10-31T01:00:00,279700.0,281000.0,272300.0,272900.0,90969.87050695
2025-10-31T05:00:00,272900.0,280400.0,272400.0,280300.0,107848.32464405
2025-10-31T09:00:00,280300.0,281900.0,277000.0,278500.0,93861.96216087
2025-10-31T13:00:00,278500.0,280700.0,277000.0,277800.0,49767.62193988
2025-10-31T17:00:00,277800.0,282900.0,277000.0,282400.0,41609.40694781
2025-10-31T21:00:00,282400.0,284000.0,279100.0,281200.0,69097.6751953
2025-11-01T01:00:00,281200.0,282700.0,277000.0,281500.0,36378.10159867
2025-11-01T05:00:00,281500.0,282100.0,279500.0,280400.0,18481.63021919
2025-11-01T09:00:00,280400.0,280800.0,277800.0,279300.0,37794.73259516
2025-11-01T13:00:00,279100.0,279400.0,276200.0,277300.0,49201.28727618
2025-11-01T17:00:00,277300.0,278500.0,276600.0,277300.0,26962.54805244
2025-11-01T21:00:00,277300.0,277900.0,274400.0,277600.0,53266.93156015
2025-11-02T01:00:00,277600.0,278400.0,275400.0,277100.0,16485.15113717
2025-11-02T05:00:00,277100.0,277900.0,276000.0,277600.0,19394.74549595
2025-11-02T09:00:00,277600.0,277700.0,275200.0,275700.0,26833.68321516
2025-11-02T13:00:00,275700.0,279500.0,275400.0,279000.0,42797.65350992
2025-11-02T17:00:00,279000.0,279100.0,275000.0,276700.0,47418.76876451
2025-11-02T21:00:00,276600.0,277000.0,273600.0,273900.0,46241.32866148
2025-11-03T01:00:00,273800.0,274800.0,272000.0,274200.0,27070.3164805
2025-11-03T05:00:00,274300.0,278800.0,273800.0,278600.0,35254.5428151
2025-11-03T09:00:00,278600.0,280300.0,265000.0,265600.0,191368.57498407
2025-11-03T13:00:00,265600.0,267400.0,260300.0,264100.0,210795.48138983
2025-11-03T17:00:00,264000.0,264000.0,260000.0,262200.0,130707.67836313
2025-11-03T21:00:00,262100.0,264100.0,249500.0,250900.0,245632.40629548
2025-11-04T01:00:00,250900.0,255600.0,249200.0,250100.0,130312.63938237
2025-11-04T05:00:00,250100.0,250900.0,244700.0,247400.0,224477.22858907
2025-11-04T09:00:00,247300.0,252700.0,245100.0,251100.0,171671.88983279
2025-11-04T13:00:00,251100.0,251500.0,231200.0,232800.0,455121.10690871
2025-11-04T17:00:00,232600.0,241000.0,231600.0,240700.0,172296.56314673
2025-11-04T21:00:00,240600.0,245600.0,236400.0,240300.0,169169.41733517
2025-11-05T01:00:00,240300.0,241500.0,228600.0,230800.0,211977.79929007
2025-11-05T05:00:00,230800.0,234400.0,218600.0,233700.0,381435.76385878
2025-11-05T09:00:00,233700.0,235600.0,218600.0,233600.0,419603.92938022
2025-11-05T13:00:00,233600.0,236200.0,231000.0,233300.0,117383.17986351
2025-11-05T17:00:00,233300.0,234300.0,228500.0,234100.0,90137.07686765
2025-11-05T21:00:00,234200.0,240000.0,233100.0,239900.0,173753.32311166
2025-11-06T01:00:00,239900.0,244400.0,237200.0,242700.0,99367.90803546
2025-11-06T05:00:00,242700.0,244900.0,240500.0,243500.0,104762.62279578
2025-11-06T09:00:00,243400.0,243600.0,237800.0,242500.0,122577.1145573
2025-11-06T13:00:00,242500.0,242700.0,236400.0,237800.0,96749.26452909
2025-11-06T17:00:00,237600.0,239200.0,236100.0,237600.0,37506.82904094
2025-11-06T21:00:00,237600.0,241600.0,232500.0,233500.0,109079.8161736
2025-11-07T01:00:00,233600.0,236900.0,230500.0,234600.0,45291.60081086
2025-11-07T05:00:00,234700.0,235800.0,229900.0,232000.0,69250.60804372
2025-11-07T09:00:00,231900.0,237100.0,231200.0,234800.0,89019.32755505
2025-11-07T13:00:00,234800.0,236600.0,232500.0,235900.0,67111.28662058
2025-11-07T17:00:00,235900.0,236600.0,226900.0,230700.0,139638.2647811
2025-11-07T21:00:00,230700.0,234200.0,225000.0,232700.0,180023.68850938
2025-11-08T01:00:00,232800.0,245000.0,231400.0,244700.0,162780.5452457
2025-11-08T05:00:00,244800.0,245000.0,240400.0,241000.0,79217.97517335
2025-11-08T09:00:00,240800.0,245900.0,239600.0,242600.0,108990.96120173
2025-11-08T13:00:00,242700.0,244100.0,237900.0,239900.0,76458.31716969
2025-11-08T17:00:00,239800.0,242100.0,237500.0,238000.0,59420.66436264
2025-11-08T21:00:00,238000.0,238500.0,232800.0,233800.0,85774.23521342
2025-11-09T01:00:00,233700.0,236100.0,232800.0,234900.0,27822.50352211
2025-11-09T05:00:00,234900.0,236500.0,234800.0,235700.0,25589.6784009
2025-11-09T09:00:00,235700.0,236100.0,231400.0,232200.0,58971.01985432
2025-11-09T13:00:00,232300.0,237500.0,232100.0,237000.0,40652.44747165
2025-11-09T17:00:00,237000.0,238000.0,234300.0,236700.0,48626.1016918
2025-11-09T21:00:00,236600.0,243800.0,236000.0,241600.0,122848.423462
2025-11-10T01:00:00,241600.0,246500.0,239700.0,246300.0,43866.25302292
2025-11-10T05:00:00,246300.0,246700.0,243200.0,244300.0,66591.93138101
2025-11-10T09:00:00,244300.0,250400.0,242000.0,249600.0,176556.98452316
2025-11-10T13:00:00,249600.0,250700.0,246800.0,248000.0,82904.53359131
2025-11-10T17:00:00,248100.0,251300.0,246500.0,249200.0,100547.6034821
2025-11-10T21:00:00,249200.0,252000.0,244900.0,246200.0,141463.3296383
2025-11-11T01:00:00,246200.0,249200.0,244900.0,247200.0,37409.63523311
2025-11-11T05:00:00,247200.0,248800.0,244400.0,247500.0,74638.46202439
2025-11-11T09:00:00,247600.0,254900.0,246100.0,252500.0,140407.84023753
2025-11-11T13:00:00,252500.0,252600.0,243100.0,243900.0,116993.58141976
2025-11-11T17:00:00,244000.0,245500.0,242300.0,244000.0,59541.87747455
2025-11-11T21:00:00,244100.0,245000.0,238800.0,240100.0,85761.91013547
2025-11-12T01:00:00,240100.0,240200.0,235300.0,235500.0,50583.61269435
2025-11-12T05:00:00,235500.0,235800.0,231000.0,232200.0,136505.87480438
2025-11-12T09:00:00,232200.0,233000.0,230000.0,231400.0,118598.35926937
2025-11-12T13:00:00,231400.0,234300.0,230900.0,232200.0,61865.94479465
2025-11-12T17:00:00,232200.0,240900.0,232200.0,239000.0,103616.04887124
2025-11-12T21:00:00,239100.0,240200.0,232500.0,233200.0,120778.48129581
2025-11-13T01:00:00,233100.0,234100.0,228100.0,230600.0,108654.52006579
2025-11-13T05:00:00,230600.0,233000.0,230000.0,231500.0,52415.29735098
2025-11-13T09:00:00,231200.0,234000.0,226500.0,231600.0,147210.99471959
2025-11-13T13:00:00,231800.0,234800.0,230300.0,232000.0,104525.26586246
2025-11-13T17:00:00,232100.0,233700.0,230400.0,233300.0,68863.15338769
2025-11-13T21:00:00,233300.0,234300.0,228100.0,229500.0,132516.6227454
2025-11-14T01:00:00,229500.0,229600.0,216300.0,217000.0,187039.78998021
2025-11-14T05:00:00,217000.0,221700.0,215100.0,219800.0,216021.88617805
2025-11-14T09:00:00,219900.0,221000.0,215700.0,218100.0,139812.02421279
2025-11-14T13:00:00,218000.0,218500.0,212100.0,216800.0,238587.95169831
2025-11-14T17:00:00,216700.0,217200.0,212000.0,212800.0,107040.95611564
2025-11-14T21:00:00,212700.0,217800.0,205400.0,215300.0,418490.17265066
2025-11-15T01:00:00,215500.0,218600.0,213100.0,216700.0,52940.89003589
2025-11-15T05:00:00,216700.0,216900.0,209200.0,211200.0,69828.11319768
2025-11-15T09:00:00,211100.0,216700.0,210700.0,215400.0,81515.65236672
2025-11-15T13:00:00,215500.0,216900.0,214400.0,215500.0,45391.37424577
2025-11-15T17:00:00,215500.0,215700.0,211300.0,211600.0,60310.5794659
2025-11-15T21:00:00,211500.0,214500.0,211200.0,214000.0,33994.76756489
2025-11-16T01:00:00,214000.0,217900.0,212600.0,213800.0,30783.13354113
2025-11-16T05:00:00,213900.0,213900.0,209700.0,210900.0,40097.50746992
2025-11-16T09:00:00,210800.0,212600.0,207700.0,212400.0,101933.46702298
2025-11-16T13:00:00,212500.0,213600.0,211500.0,213500.0,26421.52083481
2025-11-16T17:00:00,213500.0,215100.0,209900.0,210500.0,79139.8789674
2025-11-16T21:00:00,210500.0,211600.0,207100.0,207400.0,91611.86209755
2025-11-17T01:00:00,207500.0,208500.0,203000.0,205200.0,119839.28560607
2025-11-17T05:00:00,205300.0,207100.0,201500.0,204400.0,131512.93919949
2025-11-17T09:00:00,204400.0,209400.0,203000.0,208700.0,88932.98177267
2025-11-17T13:00:00,209000.0,211100.0,208000.0,210500.0,52561.52220737
2025-11-17T17:00:00,210500.0,212800.0,209700.0,211300.0,51093.32309409
2025-11-17T21:00:00,211200.0,213200.0,204400.0,204700.0,196704.70634157
2025-11-18T01:00:00,204500.0,204700.0,194900.0,195200.0,257769.73272501
2025-11-18T05:00:00,195200.0,198300.0,194300.0,195900.0,180740.66237564
2025-11-18T09:00:00,195800.0,200300.0,192500.0,199300.0,322742.15729066
2025-11-18T13:00:00,199300.0,203700.0,196400.0,202600.0,198395.32127028
2025-11-18T17:00:00,202500.0,205700.0,201900.0,203700.0,101880.24212426
2025-11-18T21:00:00,203800.0,209700.0,201800.0,206800.0,158373.53122744
2025-11-19T01:00:00,206900.0,210700.0,205600.0,209800.0,96158.28130063
2025-11-19T05:00:00,209800.0,210500.0,206400.0,208400.0,71759.39094977
2025-11-19T09:00:00,208300.0,211800.0,206500.0,207700.0,139061.55059978
2025-11-19T13:00:00,207700.0,209700.0,204000.0,208900.0,124195.26697876
2025-11-19T17:00:00,208800.0,209400.0,205900.0,206000.0,60550.31918703
2025-11-19T21:00:00,206200.0,207100.0,200400.0,200700.0,123426.15482495
2025-11-20T01:00:00,200800.0,201900.0,195400.0,196800.0,119071.22947636
2025-11-20T05:00:00,196700.0,204500.0,196100.0,204500.0,121042.02243714
2025-11-20T09:00:00,204400.0,215300.0,203100.0,213100.0,216196.1579605
2025-11-20T13:00:00,213300.0,215200.0,211500.0,214100.0,97800.62816846
2025-11-20T17:00:00,214100.0,214200.0,209700.0,211500.0,67158.94794956
2025-11-20T21:00:00,211400.0,213700.0,206300.0,206600.0,126251.81141381
2025-11-21T01:00:00,206600.0,206900.0,197200.0,202200.0,254259.88041474
2025-11-21T05:00:00,202200.0,205200.0,199700.0,200500.0,149160.68577627
2025-11-21T09:00:00,200400.0,202600.0,195500.0,197500.0,264680.59542258
2025-11-21T13:00:00,197500.0,198600.0,186500.0,191500.0,378700.0478473
2025-11-21T17:00:00,191400.0,193800.0,186000.0,186900.0,342848.67388491
2025-11-21T21:00:00,186800.0,195300.0,183000.0,188600.0,469313.85358289
2025-11-22T01:00:00,188800.0,195900.0,186200.0,192800.0,124837.6211439
2025-11-22T05:00:00,192800.0,194900.0,189000.0,193400.0,103099.3606005
2025-11-22T09:00:00,193500.0,196000.0,190600.0,191300.0,171860.65856229
2025-11-22T13:00:00,191300.0,192700.0,188500.0,191800.0,101791.30561602
2025-11-22T17:00:00,191800.0,191900.0,188600.0,190300.0,63158.14659952
2025-11-22T21:00:00,190400.0,191800.0,188300.0,191100.0,68045.90253692
2025-11-23T01:00:00,191300.0,193000.0,190400.0,191000.0,21812.16020646
2025-11-23T05:00:00,191100.0,193200.0,189500.0,192000.0,38487.87566569
2025-11-23T09:00:00,192000.0,197700.0,191700.0,196000.0,152584.7068365
2025-11-23T13:00:00,196000.0,198900.0,192900.0,194200.0,111257.9936992
2025-11-23T17:00:00,194200.0,197400.0,194100.0,195800.0,68027.85364906
2025-11-23T21:00:00,195700.0,201000.0,195700.0,200900.0,135201.6605197
2025-11-24T01:00:00,200900.0,201500.0,198100.0,200100.0,38721.612721
2025-11-24T05:00:00,200200.0,202500.0,198000.0,198500.0,77018.5664134
2025-11-24T09:00:00,198500.0,203100.0,195600.0,201700.0,181832.38751946
2025-11-24T13:00:00,201700.0,202100.0,197100.0,197100.0,112432.48060249
2025-11-24T17:00:00,197100.0,197800.0,194300.0,195800.0,101577.6127398
2025-11-24T21:00:00,195800.0,199800.0,194400.0,198900.0,103181.69075676
2025-11-25T01:00:00,198900.0,207000.0,198800.0,205700.0,107969.68055415
2025-11-25T05:00:00,205800.0,209700.0,205600.0,207800.0,109388.65943282
2025-11-25T09:00:00,207600.0,208900.0,206000.0,207200.0,98652.14802385
2025-11-25T13:00:00,207000.0,208500.0,204500.0,204500.0,71498.38323013
2025-11-25T17:00:00,204600.0,205200.0,202000.0,204300.0,75042.58606913
2025-11-25T21:00:00,204200.0,205700.0,200200.0,202400.0,127064.90499176
2025-11-26T01:00:00,202300.0,206700.0,201600.0,204900.0,41546.37478275
2025-11-26T05:00:00,205000.0,209900.0,203700.0,207900.0,72853.30347765
2025-11-26T09:00:00,207900.0,209900.0,206300.0,206700.0,72629.20723925
2025-11-26T13:00:00,206700.0,209300.0,206100.0,209300.0,50384.28882221
2025-11-26T17:00:00,209300.0,209300.0,204400.0,205400.0,50482.2252281
2025-11-26T21:00:00,205300.0,207100.0,203300.0,204600.0,76819.18699119
2025-11-27T01:00:00,204600.0,215400.0,204100.0,214300.0,140015.05889495
2025-11-27T05:00:00,214300.0,214800.0,212100.0,213500.0,61339.4882658
2025-11-27T09:00:00,213500.0,215600.0,211900.0,213100.0,108358.45539501
2025-11-27T13:00:00,213000.0,215000.0,212700.0,214400.0,55356.29421581
2025-11-27T17:00:00,214400.0,214600.0,211600.0,212600.0,67658.04878673
2025-11-27T21:00:00,212600.0,212900.0,210500.0,212300.0,50266.65986343
2025-11-28T01:00:00,212400.0,213800.0,211600.0,213300.0,22708.20960144
2025-11-28T05:00:00,213300.0,213600.0,210200.0,210900.0,37445.10080753
2025-11-28T09:00:00,211000.0,211700.0,207100.0,208500.0,71006.53965149
2025-11-28T13:00:00,208500.0,210200.0,208200.0,208500.0,44878.89506703
2025-11-28T17:00:00,208400.0,212700.0,208400.0,211200.0,61587.52102625
2025-11-28T21:00:00,211200.0,214400.0,210300.0,212200.0,88058.32692988
2025-11-29T01:00:00,212200.0,212300.0,205000.0,207200.0,87757.50587212
2025-11-29T05:00:00,207100.0,208200.0,206000.0,206700.0,37464.28379592
2025-11-29T09:00:00,206900.0,207600.0,205800.0,205800.0,32783.74005836
2025-11-29T13:00:00,205800.0,207000.0,205300.0,205800.0,23874.47351733
2025-11-29T17:00:00,205800.0,206500.0,205000.0,206400.0,18291.06027952
2025-11-29T21:00:00,206400.0,207000.0,205300.0,207000.0,18878.681447
2025-11-30T01:00:00,207000.0,207300.0,203100.0,204000.0,29668.98791533
2025-11-30T05:00:00,204000.0,204800.0,203500.0,203700.0,16813.20459004
2025-11-30T09:00:00,203700.0,205500.0,203300.0,204600.0,27789.49838226
2025-11-30T13:00:00,204600.0,205300.0,203500.0,204400.0,15286.63186327
2025-11-30T17:00:00,204300.0,205400.0,204100.0,204500.0,26519.0392309
2025-11-30T21:00:00,204500.0,209600.0,204200.0,207000.0,54160.9121417
2025-12-01T01:00:00,207000.0,208900.0,205700.0,206100.0,20178.00953039
2025-12-01T05:00:00,206000.0,206400.0,200300.0,200700.0,57077.0342704
2025-12-01T09:00:00,200700.0,201100.0,190300.0,191500.0,242022.03440416
2025-12-01T13:00:00,191500.0,193600.0,190200.0,193500.0,84220.61231573
2025-12-01T17:00:00,193500.0,193800.0,190100.0,190200.0,46215.62628848
2025-12-01T21:00:00,190300.0,191800.0,187400.0,189300.0,136657.48043544
2025-12-02T01:00:00,189700.0,190500.0,187600.0,188900.0,35788.59121448
2025-12-02T05:00:00,188900.0,192000.0,188700.0,190700.0,48168.79768158
2025-12-02T09:00:00,190600.0,194200.0,189200.0,190700.0,68881.17389423
2025-12-02T13:00:00,190600.0,191700.0,189500.0,190800.0,31520.70249003
2025-12-02T17:00:00,190900.0,193200.0,188800.0,193000.0,55152.88116288
2025-12-02T21:00:00,193000.0,208000.0,192200.0,205300.0,198743.9265929
2025-12-03T01:00:00,205400.0,209400.0,204300.0,208200.0,97724.67628943
2025-12-03T05:00:00,208300.0,208500.0,205100.0,205800.0,65670.93729106
2025-12-03T09:00:00,205800.0,209500.0,204800.0,209000.0,101924.77336938
2025-12-03T13:00:00,208900.0,214700.0,208600.0,210700.0,113150.72471212
2025-12-03T17:00:00,210800.0,212000.0,209000.0,210600.0,64229.23260845
2025-12-03T21:00:00,210600.0,213000.0,206600.0,209200.0,122306.54856903
2025-12-04T01:00:00,209300.0,211200.0,207900.0,209900.0,23571.87403527
2025-12-04T05:00:00,210000.0,216400.0,209300.0,214700.0,104661.90719842
2025-12-04T09:00:00,214600.0,217500.0,213000.0,215100.0,97923.50456247
2025-12-04T13:00:00,215100.0,215500.0,211800.0,213500.0,66345.28564519
2025-12-04T17:00:00,213500.0,214200.0,212000.0,212900.0,43309.90702747
2025-12-04T21:00:00,212900.0,214300.0,210400.0,213100.0,79762.59665436
2025-12-05T01:00:00,213100.0,213900.0,206000.0,208500.0,78324.62030278
2025-12-05T05:00:00,208900.0,209800.0,207000.0,207600.0,50622.67220279
2025-12-05T09:00:00,207500.0,209300.0,206100.0,206400.0,64671.03640255
2025-12-05T13:00:00,206400.0,209700.0,205200.0,208000.0,53947.96158607
2025-12-05T17:00:00,207900.0,208000.0,203100.0,204500.0,85748.31479888
2025-12-05T21:00:00,204500.0,204800.0,200600.0,202000.0,100577.48156696
2025-12-06T01:00:00,201900.0,202200.0,196000.0,198400.0,109218.81258523
2025-12-06T05:00:00,198400.0,199900.0,197600.0,199800.0,36570.30299989
2025-12-06T09:00:00,199800.0,200800.0,198800.0,200500.0,45843.53490422
2025-12-06T13:00:00,200400.0,200500.0,198500.0,198600.0,27040.19041015
2025-12-06T17:00:00,198700.0,199700.0,197600.0,199500.0,37300.30095113
2025-12-06T21:00:00,199500.0,200400.0,198000.0,198800.0,28800.8783829
2025-12-07T01:00:00,198900.0,199700.0,197400.0,197900.0,11174.17642197
2025-12-07T05:00:00,197900.0,199000.0,196800.0,198100.0,26990.75067903
2025-12-07T09:00:00,198100.0,200000.0,197600.0,199900.0,24205.27473709
2025-12-07T13:00:00,199900.0,200000.0,197500.0,197700.0,27231.37799461
2025-12-07T17:00:00,197700.0,198500.0,197000.0,198200.0,21649.63361295
2025-12-07T21:00:00,198200.0,199100.0,191500.0,197600.0,114621.40887702
2025-12-08T01:00:00,197600.0,203200.0,195400.0,202200.0,77163.74572693
2025-12-08T05:00:00,202200.0,203300.0,194200.0,198100.0,79503.62040272
2025-12-08T09:00:00,198100.0,200900.0,196700.0,200100.0,60584.26459451
2025-12-08T13:00:00,200100.0,202400.0,199700.0,202000.0,35680.85625538
2025-12-08T17:00:00,202000.0,207400.0,201800.0,205600.0,94317.03398249
2025-12-08T21:00:00,205600.0,207100.0,201600.0,202100.0,119585.92891558
2025-12-09T01:00:00,202100.0,203500.0,198400.0,199400.0,46649.41757513
2025-12-09T05:00:00,199400.0,201200.0,197500.0,198700.0,77330.7924993
2025-12-09T09:00:00,198600.0,200000.0,197100.0,199400.0,66695.94826224
2025-12-09T13:00:00,199700.0,199800.0,196500.0,198100.0,50496.87217973
2025-12-09T17:00:00,198100.0,198500.0,196600.0,197900.0,25544.3652362
2025-12-09T21:00:00,197900.0,205500.0,196000.0,205300.0,119865.22554711
2025-12-10T01:00:00,205200.0,214200.0,205200.0,209800.0,235483.1721795
2025-12-10T05:00:00,209700.0,210100.0,202200.0,204200.0,98717.45979147
2025-12-10T09:00:00,204200.0,205400.0,203000.0,205100.0,71476.32770004
2025-12-10T13:00:00,205000.0,208000.0,204700.0,206700.0,67510.6158548
2025-12-10T17:00:00,206700.0,207800.0,202700.0,204200.0,112811.22184151
2025-12-10T21:00:00,204300.0,205700.0,202100.0,202800.0,66200.30488624
2025-12-11T01:00:00,202600.0,207400.0,202100.0,206000.0,123043.67640132
2025-12-11T05:00:00,206000.0,211100.0,201600.0,202700.0,151469.38283172
2025-12-11T09:00:00,202700.0,202900.0,192600.0,193300.0,243831.07522757
2025-12-11T13:00:00,193100.0,196300.0,192600.0,195400.0,80860.98048196
2025-12-11T17:00:00,195300.0,196200.0,194400.0,195500.0,38205.30588263
2025-12-11T21:00:00,195400.0,198200.0,193900.0,196100.0,67401.46160264
2025-12-12T01:00:00,196000.0,201900.0,194500.0,199700.0,58344.30611145
2025-12-12T05:00:00,199500.0,204800.0,199300.0,202600.0,114315.29590934
2025-12-12T09:00:00,202600.0,204600.0,200900.0,203700.0,90975.25490101
2025-12-12T13:00:00,203600.0,208000.0,202900.0,206600.0,88685.49432775
2025-12-12T17:00:00,206600.0,206700.0,204300.0,206200.0,47695.46116058
2025-12-12T21:00:00,206200.0,208000.0,199000.0,199800.0,126222.17024712
2025-12-13T01:00:00,199800.0,200500.0,195400.0,196700.0,134572.34545909
2025-12-13T05:00:00,196700.0,198900.0,196200.0,197800.0,49679.85635275
2025-12-13T09:00:00,197600.0,198800.0,197400.0,198400.0,34021.82828727
2025-12-13T13:00:00,198400.0,198500.0,197500.0,198100.0,21048.6362075
2025-12-13T17:00:00,198100.0,200200.0,198100.0,198600.0,37940.66061345
2025-12-13T21:00:00,198600.0,199300.0,197700.0,198700.0,39806.8302299
2025-12-14T01:00:00,198800.0,199400.0,197300.0,198000.0,17517.87459935
2025-12-14T05:00:00,198200.0,198900.0,196700.0,198700.0,26167.66651746
2025-12-14T09:00:00,198600.0,199500.0,198000.0,198300.0,22379.60705043
2025-12-14T13:00:00,198300.0,198800.0,197300.0,198700.0,23521.65836731
2025-12-14T17:00:00,198700.0,199000.0,194600.0,196600.0,70855.12079955
2025-12-14T21:00:00,196600.0,197200.0,195000.0,195500.0,55303.98887058
2025-12-15T01:00:00,195400.0,196700.0,194000.0,195100.0,42651.74381763
2025-12-15T05:00:00,195300.0,195600.0,192000.0,193600.0,74221.19524718
2025-12-15T09:00:00,193500.0,198600.0,193100.0,195600.0,87566.0167981
2025-12-15T13:00:00,195500.0,197700.0,195100.0,196900.0,36841.60533022
2025-12-15T17:00:00,196900.0,197700.0,196000.0,196400.0,41268.7343605
2025-12-15T21:00:00,196300.0,201000.0,189100.0,189800.0,268630.14906295
2025-12-16T01:00:00,189600.0,190000.0,185100.0,187200.0,117744.33769297
2025-12-16T05:00:00,187200.0,191000.0,185500.0,191000.0,67862.23844272
2025-12-16T09:00:00,190900.0,191200.0,186000.0,188100.0,103776.95578407
2025-12-16T13:00:00,188100.0,190000.0,185900.0,187200.0,63508.2493691
2025-12-16T17:00:00,187200.0,192000.0,186900.0,191700.0,83369.28519729
2025-12-16T21:00:00,191600.0,193600.0,187700.0,193000.0,128130.92142748
2025-12-17T01:00:00,193000.0,193100.0,188900.0,189900.0,38265.11397644
2025-12-17T05:00:00,190000.0,192500.0,189800.0,192100.0,29594.46779856
2025-12-17T09:00:00,192000.0,193000.0,190700.0,191200.0,41857.76296165
2025-12-17T13:00:00,191200.0,191600.0,189200.0,191300.0,47263.16984102
2025-12-17T17:00:00,191200.0,191300.0,188100.0,190100.0,45430.29707118
2025-12-17T21:00:00,190100.0,198900.0,188800.0,189000.0,209580.30258868
2025-12-18T01:00:00,189100.0,190700.0,181600.0,183100.0,221400.26511144
2025-12-18T05:00:00,183100.0,185000.0,182200.0,184200.0,62603.40903588
2025-12-18T09:00:00,184100.0,184900.0,183400.0,184200.0,54972.15133183
2025-12-18T13:00:00,184300.0,184900.0,182200.0,183100.0,56538.15692848
2025-12-18T17:00:00,183100.0,184800.0,182600.0,184600.0,56268.97146307
2025-12-18T21:00:00,184500.0,191500.0,184000.0,189100.0,250068.37970196
2025-12-19T01:00:00,189200.0,189400.0,175600.0,175900.0,216925.28847779
2025-12-19T05:00:00,175900.0,179100.0,174700.0,177900.0,149944.5775564
2025-12-19T09:00:00,178000.0,183000.0,175000.0,181300.0,208173.46017031
2025-12-19T13:00:00,181300.0,186600.0,181100.0,185400.0,115670.8059294
2025-12-19T17:00:00,185400.0,187200.0,184500.0,186600.0,55904.57844517
2025-12-19T21:00:00,186600.0,189700.0,185700.0,186200.0,118075.16077357
2025-12-20T01:00:00,186200.0,188800.0,184100.0,187700.0,53567.55010813
2025-12-20T05:00:00,187800.0,190000.0,187500.0,188200.0,37537.8104635
2025-12-20T09:00:00,188000.0,188800.0,186900.0,188300.0,71982.75301011
2025-12-20T13:00:00,188200.0,189000.0,187600.0,188300.0,27743.21086924
2025-12-20T17:00:00,188200.0,189400.0,187500.0,188500.0,45112.9019166
2025-12-20T21:00:00,188500.0,188600.0,186600.0,188400.0,42911.97579057
2025-12-21T01:00:00,188500.0,188500.0,187300.0,187700.0,7199.01218522
2025-12-21T05:00:00,187800.0,188400.0,187000.0,187400.0,15084.47329927
2025-12-21T09:00:00,187400.0,187800.0,185500.0,186500.0,39749.93105945
2025-12-21T13:00:00,186400.0,186900.0,186100.0,186500.0,12262.71464103
2025-12-21T17:00:00,186500.0,188400.0,185900.0,186900.0,45124.12271587
2025-12-21T21:00:00,186900.0,187800.0,183700.0,186100.0,74836.02824729
2025-12-22T01:00:00,186100.0,187900.0,185200.0,187200.0,18979.36625693
2025-12-22T05:00:00,187200.0,187800.0,185700.0,187400.0,18629.80666533
2025-12-22T09:00:00,187400.0,190900.0,185500.0,187400.0,109424.73306043
2025-12-22T13:00:00,187400.0,188700.0,187100.0,187900.0,33526.69570882
2025-12-22T17:00:00,187900.0,189800.0,187100.0,189200.0,73157.08532252
2025-12-22T21:00:00,189200.0,191500.0,188100.0,190500.0,107903.69291796
2025-12-23T01:00:00,190500.0,190800.0,186000.0,186000.0,42714.38686867
2025-12-23T05:00:00,186000.0,188000.0,185500.0,187800.0,41550.86260296
2025-12-23T09:00:00,187600.0,189200.0,186500.0,187600.0,58762.48734298
2025-12-23T13:00:00,187600.0,188100.0,184700.0,185400.0,53441.50154273
2025-12-23T17:00:00,185200.0,186700.0,185000.0,186200.0,23645.23747274
2025-12-23T21:00:00,186100.0,186200.0,182400.0,184300.0,75370.26805512
2025-12-24T01:00:00,184200.0,186100.0,183200.0,185000.0,22162.98514602
2025-12-24T05:00:00,185100.0,187200.0,184100.0,184700.0,25726.72107609
2025-12-24T09:00:00,184900.0,185300.0,180600.0,181900.0,73449.69226995
2025-12-24T13:00:00,181900.0,182100.0,178400.0,179600.0,85661.04296381
2025-12-24T17:00:00,179600.0,180700.0,179200.0,180300.0,37712.38398637
2025-12-24T21:00:00,180200.0,181500.0,178600.0,181300.0,42055.68690211
2025-12-25T01:00:00,181300.0,182200.0,179800.0,181300.0,17415.24589918
2025-12-25T05:00:00,181300.0,182000.0,180600.0,180800.0,16683.16357724
2025-12-25T09:00:00,180800.0,181700.0,180200.0,181100.0,20981.34594689
2025-12-25T13:00:00,181100.0,181300.0,179700.0,180200.0,23029.48069852
2025-12-25T17:00:00,180200.0,180600.0,178700.0,179200.0,33220.28213183
2025-12-25T21:00:00,179100.0,182400.0,179000.0,181800.0,37214.31559704
2025-12-26T01:00:00,181800.0,182800.0,180400.0,181200.0,55869.77398635
2025-12-26T05:00:00,181200.0,181300.0,176300.0,176800.0,62617.57954103
2025-12-26T09:00:00,176900.0,181900.0,175800.0,178700.0,102093.86159502
2025-12-26T13:00:00,178700.0,181000.0,177600.0,179200.0,43956.80913537
2025-12-26T17:00:00,179100.0,181200.0,178900.0,180800.0,29845.4200692
2025-12-26T21:00:00,180800.0,182800.0,177100.0,178500.0,84327.19807032
2025-12-27T01:00:00,178600.0,179400.0,177800.0,179200.0,18400.86256685
2025-12-27T05:00:00,179300.0,179700.0,178700.0,179100.0,13191.05206031
2025-12-27T09:00:00,179100.0,181200.0,178700.0,181100.0,22902.87849142
2025-12-27T13:00:00,181100.0,181300.0,179800.0,180400.0,13927.76888697
2025-12-27T17:00:00,180400.0,180700.0,179400.0,179900.0,13220.22154559
2025-12-27T21:00:00,180000.0,180600.0,179400.0,180300.0,16656.6046146
2025-12-28T01:00:00,180400.0,180500.0,179600.0,180100.0,10463.96994139
2025-12-28T05:00:00,180100.0,182500.0,180100.0,182100.0,21954.80347767
2025-12-28T09:00:00,182100.0,182300.0,181000.0,181400.0,14663.99967102
2025-12-28T13:00:00,181300.0,181500.0,180500.0,181200.0,13135.93774535
2025-12-28T17:00:00,181300.0,181900.0,180800.0,181700.0,11133.67545633
2025-12-28T21:00:00,181700.0,182100.0,181200.0,181400.0,16778.5772376
2025-12-29T01:00:00,181300.0,181600.0,179600.0,179900.0,16318.52025109
2025-12-29T05:00:00,179900.0,182700.0,179600.0,182300.0,23327.52700226
2025-12-29T09:00:00,182300.0,188500.0,181900.0,186100.0,144236.33459355
2025-12-29T13:00:00,186000.0,186700.0,184000.0,184900.0,63857.19694266
2025-12-29T17:00:00,184900.0,185500.0,181700.0,182000.0,62158.18292372
2025-12-29T21:00:00,182000.0,182400.0,178100.0,179500.0,119113.42019042
2025-12-30T01:00:00,179500.0,180300.0,178500.0,179000.0,20231.18115961
2025-12-30T05:00:00,179100.0,180200.0,178900.0,179600.0,17568.41182697
2025-12-30T09:00:00,179600.0,180000.0,178300.0,180000.0,42236.10003474
2025-12-30T13:00:00,179900.0,181100.0,178900.0,180700.0,34061.39044515
2025-12-30T17:00:00,180700.0,182300.0,180300.0,180600.0,48490.21175437
2025-12-30T21:00:00,180600.0,182200.0,179900.0,181500.0,36091.54755384
2025-12-31T01:00:00,181500.0,183400.0,179900.0,181100.0,29236.94574692
2025-12-31T05:00:00,181100.0,181600.0,179400.0,181500.0,19281.3438571
2025-12-31T09:00:00,181500.0,183000.0,180700.0,182500.0,43788.88009384
2025-12-31T13:00:00,182500.0,183000.0,181900.0,182800.0,23998.86935054
2025-12-31T17:00:00,182700.0,184100.0,182200.0,184000.0,27804.54306363
2025-12-31T21:00:00,184000.0,184500.0,181200.0,182500.0,49821.62538744
2026-01-01T01:00:00,182500.0,182800.0,180900.0,181600.0,6246.07309168
2026-01-01T05:00:00,181600.0,182600.0,181000.0,181900.0,12182.19203699
2026-01-01T09:00:00,182000.0,183500.0,181900.0,182800.0,18962.12949402
2026-01-01T13:00:00,182700.0,182900.0,181300.0,181400.0,23251.60496558
2026-01-01T17:00:00,181300.0,182600.0,181200.0,182200.0,23904.03051952
2026-01-01T21:00:00,182300.0,182400.0,181300.0,181900.0,23831.84404837
2026-01-02T01:00:00,181700.0,182700.0,180800.0,182600.0,23829.40698524
2026-01-02T05:00:00,182700.0,184500.0,182000.0,184200.0,33788.74859842
2026-01-02T09:00:00,184000.0,185600.0,182700.0,184900.0,50437.63291578
2026-01-02T13:00:00,185000.0,185300.0,184000.0,184500.0,30131.51589809
2026-01-02T17:00:00,184500.0,188500.0,184400.0,186200.0,65082.8882396
2026-01-02T21:00:00,186100.0,187900.0,184300.0,186700.0,75043.58313877
2026-01-03T01:00:00,186800.0,191200.0,186400.0,190200.0,95681.24474441
2026-01-03T05:00:00,190200.0,192400.0,189200.0,191100.0,48835.44690943
2026-01-03T09:00:00,191100.0,192900.0,191000.0,192500.0,66582.51291823
2026-01-03T13:00:00,192500.0,192600.0,187600.0,188200.0,92094.28428844
2026-01-03T17:00:00,188200.0,190300.0,188000.0,189300.0,44526.4309731
2026-01-03T21:00:00,189200.0,191400.0,188900.0,190300.0,32441.21892325
2026-01-04T01:00:00,190200.0,191300.0,190200.0,190900.0,10852.64759288
2026-01-04T05:00:00,190800.0,193500.0,190100.0,192800.0,31635.24383536
2026-01-04T09:00:00,192800.0,194800.0,192700.0,194700.0,66130.42348799
2026-01-04T13:00:00,194700.0,195500.0,193600.0,193800.0,63565.12192716
2026-01-04T17:00:00,193800.0,195200.0,193200.0,194500.0,54770.00690255
2026-01-04T21:00:00,194500.0,195800.0,193800.0,195100.0,63443.88441797
2026-01-05T01:00:00,195100.0,195900.0,192800.0,193500.0,36920.96490427
2026-01-05T05:00:00,193400.0,194900.0,193200.0,194000.0,36611.90081521
2026-01-05T09:00:00,194100.0,199300.0,194000.0,198400.0,132920.10935541
2026-01-05T13:00:00,198300.0,198600.0,195200.0,196600.0,69479.86769894
2026-01-05T17:00:00,196500.0,197900.0,195900.0,197700.0,47778.48840608
2026-01-05T21:00:00,197700.0,198000.0,194100.0,197800.0,102319.86053747
2026-01-06T01:00:00,197700.0,201000.0,195400.0,200200.0,92991.77777108
2026-01-06T05:00:00,200200.0,202000.0,199200.0,200100.0,94084.49415245
2026-01-06T09:00:00,200000.0,200800.0,198000.0,200200.0,140019.11017874
2026-01-06T13:00:00,200200.0,202700.0,198500.0,199100.0,86373.09627422
2026-01-06T17:00:00,199100.0,202500.0,198800.0,202300.0,65752.06648808
2026-01-06T21:00:00,202300.0,207700.0,201000.0,205400.0,151640.29288605
2026-01-07T01:00:00,205500.0,206000.0,198500.0,200300.0,90675.58977532
2026-01-07T05:00:00,200200.0,205900.0,200200.0,204900.0,68453.08233355
2026-01-07T09:00:00,204900.0,205400.0,201400.0,202500.0,77570.06922149
2026-01-07T13:00:00,202500.0,202700.0,200600.0,202400.0,41935.65059794
2026-01-07T17:00:00,202300.0,203100.0,199100.0,200800.0,96754.79590025
2026-01-07T21:00:00,200800.0,201600.0,197400.0,197900.0,79622.99604544
2026-01-08T01:00:00,197900.0,199100.0,196400.0,198000.0,60321.47955033
2026-01-08T05:00:00,198000.0,199500.0,197100.0,198500.0,44218.08530176
2026-01-08T09:00:00,198500.0,201700.0,197800.0,199300.0,75677.65841358
2026-01-08T13:00:00,199300.0,201700.0,195800.0,198600.0,113293.76531858
2026-01-08T17:00:00,198500.0,199100.0,195500.0,196800.0,48096.13470784
2026-01-08T21:00:00,196700.0,199500.0,194200.0,199400.0,68335.28646674
2026-01-09T01:00:00,199500.0,202700.0,199100.0,200900.0,51713.33442783
2026-01-09T05:00:00,200700.0,204800.0,199700.0,202300.0,65009.85735311
2026-01-09T09:00:00,202300.0,206300.0,201300.0,205700.0,69223.38053435
2026-01-09T13:00:00,205800.0,206100.0,203900.0,204200.0,54745.74215213
2026-01-09T17:00:00,204200.0,204500.0,201300.0,202900.0,59693.24383862
2026-01-09T21:00:00,202900.0,206600.0,200400.0,203800.0,93585.84820827
2026-01-10T01:00:00,203700.0,205700.0,199700.0,200400.0,54441.28291365
2026-01-10T05:00:00,200300.0,201200.0,199100.0,200400.0,41657.91704682
2026-01-10T09:00:00,200300.0,201200.0,200000.0,200700.0,21206.3005023
2026-01-10T13:00:00,200700.0,200800.0,200000.0,200500.0,14156.90245536
2026-01-10T17:00:00,200600.0,202100.0,200500.0,201200.0,22772.10588428
2026-01-10T21:00:00,201300.0,201800.0,200400.0,201200.0,13482.93099685
2026-01-11T01:00:00,201100.0,201500.0,200500.0,200900.0,7655.0067313
2026-01-11T05:00:00,200700.0,201000.0,199800.0,200400.0,16662.44638224
2026-01-11T09:00:00,200400.0,201400.0,200100.0,200800.0,15699.72496521
2026-01-11T13:00:00,200700.0,201000.0,200200.0,200400.0,12467.57670455
2026-01-11T17:00:00,200500.0,201500.0,200300.0,200700.0,15096.74492613
2026-01-11T21:00:00,200800.0,204900.0,200600.0,203800.0,57852.19240678
2026-01-12T01:00:00,203800.0,208100.0,203700.0,205200.0,63428.47526711
2026-01-12T05:00:00,205200.0,205700.0,202500.0,205200.0,48414.10493587
2026-01-12T09:00:00,205300.0,212100.0,204400.0,209700.0,128497.2868957
2026-01-12T13:00:00,209800.0,211100.0,208200.0,208300.0,64227.33358285
2026-01-12T17:00:00,208400.0,209300.0,205100.0,206800.0,76746.58507137
2026-01-12T21:00:00,206800.0,210000.0,204900.0,209900.0,109496.21268328
2026-01-13T01:00:00,209800.0,212000.0,207100.0,207400.0,52805.60164702
2026-01-13T05:00:00,207700.0,208900.0,204100.0,205400.0,58831.38634062
2026-01-13T09:00:00,205300.0,206100.0,203500.0,204900.0,48482.80236379
2026-01-13T13:00:00,204900.0,207400.0,204400.0,206500.0,49110.09522386
2026-01-13T17:00:00,206400.0,210700.0,206400.0,209000.0,68024.87876154
2026-01-13T21:00:00,209000.0,211600.0,208100.0,211000.0,132352.72100766
2026-01-14T01:00:00,211000.0,212300.0,209500.0,211600.0,44658.59065612
2026-01-14T05:00:00,211600.0,216500.0,210100.0,213400.0,170627.51207768
2026-01-14T09:00:00,213400.0,215000.0,212300.0,214800.0,87834.81849329
2026-01-14T13:00:00,214900.0,215000.0,211200.0,212400.0,77892.37570775
2026-01-14T17:00:00,212400.0,213900.0,210600.0,210800.0,43133.09598931
2026-01-14T21:00:00,210800.0,215900.0,210600.0,215200.0,83072.86753163
2026-01-15T01:00:00,215100.0,216800.0,213000.0,214700.0,53985.75901243
2026-01-15T05:00:00,214800.0,216000.0,213400.0,214900.0,41239.7810037
2026-01-15T09:00:00,214800.0,215000.0,210500.0,210700.0,63100.72823699
2026-01-15T13:00:00,210600.0,213200.0,210500.0,212700.0,28087.90636678
2026-01-15T17:00:00,212800.0,214500.0,211700.0,212700.0,36258.02117926
2026-01-15T21:00:00,212700.0,213700.0,209000.0,211400.0,68928.27532814
2026-01-16T01:00:00,211300.0,212000.0,208000.0,208800.0,34258.54046062
2026-01-16T05:00:00,208800.0,210400.0,208200.0,209600.0,50868.45411344
2026-01-16T09:00:00,209700.0,210700.0,208500.0,209000.0,29425.57335111
2026-01-16T13:00:00,208900.0,211300.0,208100.0,210700.0,34646.35757663
2026-01-16T17:00:00,210500.0,211700.0,210400.0,211000.0,20180.04444246
2026-01-16T21:00:00,210900.0,212200.0,207900.0,208700.0,42243.57738332
2026-01-17T01:00:00,208600.0,213400.0,208300.0,212900.0,28464.0702216
2026-01-17T05:00:00,212900.0,214800.0,211900.0,213900.0,35637.18791891
2026-01-17T09:00:00,213800.0,214000.0,212900.0,213200.0,19502.80302758
2026-01-17T13:00:00,213200.0,213400.0,212100.0,212200.0,21341.35338042
2026-01-17T17:00:00,212200.0,213500.0,211500.0,212600.0,26367.01885875
2026-01-17T21:00:00,212600.0,213000.0,211800.0,212900.0,28843.88792832
2026-01-18T01:00:00,213100.0,213300.0,212100.0,212900.0,8735.83254943
2026-01-18T05:00:00,212900.0,213400.0,212000.0,212200.0,9792.40490142
2026-01-18T09:00:00,212200.0,212600.0,210000.0,211200.0,36318.4369831
2026-01-18T13:00:00,211200.0,211800.0,210300.0,210400.0,18575.09386973
2026-01-18T17:00:00,210400.0,211000.0,210000.0,210700.0,25619.29991497
2026-01-18T21:00:00,210700.0,211200.0,209600.0,209900.0,22627.94559919
2026-01-19T01:00:00,209900.0,211400.0,209800.0,210400.0,10014.68072887
2026-01-19T05:00:00,210400.0,211200.0,204400.0,204600.0,63837.68686732
2026-01-19T09:00:00,204700.0,204700.0,194000.0,199100.0,199332.98473834
2026-01-19T13:00:00,199000.0,199500.0,196900.0,197800.0,48026.80237755
2026-01-19T17:00:00,197900.0,199300.0,197700.0,199000.0,24090.39992887
2026-01-19T21:00:00,199000.0,199200.0,197500.0,197700.0,23821.23097226
2026-01-20T01:00:00,197700.0,199300.0,197600.0,199100.0,14218.64355113
2026-01-20T05:00:00,199200.0,200100.0,196800.0,197600.0,34036.15274707
2026-01-20T09:00:00,197700.0,199600.0,196900.0,199100.0,43867.78916436
2026-01-20T13:00:00,199100.0,199200.0,193700.0,193900.0,71367.0066766
2026-01-20T17:00:00,193900.0,194100.0,190400.0,191000.0,82772.56055817
2026-01-20T21:00:00,191000.0,192400.0,189500.0,190300.0,106834.64870537
2026-01-21T01:00:00,190200.0,191200.0,188100.0,189600.0,49394.1280943
2026-01-21T05:00:00,189400.0,191000.0,186300.0,187700.0,64066.61534199
2026-01-21T09:00:00,187600.0,190700.0,187500.0,189500.0,57161.67898377
2026-01-21T13:00:00,189500.0,191300.0,189000.0,189400.0,26674.61907654
2026-01-21T17:00:00,189400.0,190300.0,188100.0,188200.0,27846.93225269
2026-01-21T21:00:00,188200.0,194500.0,187200.0,193400.0,141243.11238323
2026-01-22T01:00:00,193400.0,195100.0,186400.0,194800.0,60458.35144218
2026-01-22T05:00:00,194800.0,195500.0,191300.0,191900.0,50235.07530237
2026-01-22T09:00:00,191900.0,193500.0,191800.0,192400.0,34633.69166855
2026-01-22T13:00:00,192400.0,193300.0,192200.0,192400.0,19545.32367915
2026-01-22T17:00:00,192500.0,193700.0,191800.0,193300.0,26328.60879208
2026-01-22T21:00:00,193400.0,194300.0,188500.0,189500.0,44827.65934797
2026-01-23T01:00:00,189500.0,192000.0,188700.0,191900.0,20245.5533713
2026-01-23T05:00:00,191900.0,192400.0,190100.0,190600.0,15706.01308871
2026-01-23T09:00:00,190700.0,191000.0,189800.0,190700.0,26022.41010418
2026-01-23T13:00:00,190800.0,191800.0,188900.0,189800.0,25468.13680007
2026-01-23T17:00:00,189800.0,189800.0,188500.0,189300.0,25156.83915019
2026-01-23T21:00:00,189300.0,190200.0,186700.0,190000.0,42572.56910064
2026-01-24T01:00:00,190000.0,192300.0,188000.0,188600.0,43775.38594467
2026-01-24T05:00:00,188600.0,188800.0,186500.0,187800.0,24596.5828044
2026-01-24T09:00:00,187800.0,188700.0,187400.0,188300.0,22200.95141244
2026-01-24T13:00:00,188300.0,188700.0,187400.0,187500.0,14139.04643238
2026-01-24T17:00:00,187600.0,188000.0,187200.0,187600.0,22381.7495902
2026-01-24T21:00:00,187600.0,188100.0,187200.0,187400.0,14178.61547811
2026-01-25T01:00:00,187400.0,188200.0,187100.0,188000.0,6230.53886735
2026-01-25T05:00:00,188100.0,188300.0,187500.0,187600.0,9695.25377624
2026-01-25T09:00:00,187600.0,188200.0,186600.0,187000.0,27479.62534413
2026-01-25T13:00:00,186900.0,187600.0,186400.0,186500.0,17587.54375311
2026-01-25T17:00:00,186600.0,187300.0,185900.0,186700.0,27180.28344741
2026-01-25T21:00:00,186700.0,187300.0,185200.0,185200.0,25110.39329111
2026-01-26T01:00:00,185200.0,185200.0,174700.0,175700.0,131797.23717076
2026-01-26T05:00:00,175600.0,177100.0,174700.0,176300.0,154455.30807477
2026-01-26T09:00:00,176200.0,180800.0,175700.0,178400.0,117528.961704
2026-01-26T13:00:00,178400.0,180900.0,178400.0,179800.0,35221.77788255
2026-01-26T17:00:00,179800.0,180500.0,177800.0,179200.0,25974.22872307
2026-01-26T21:00:00,179200.0,182900.0,178700.0,180700.0,52200.72446932
2026-01-27T01:00:00,180800.0,183900.0,180300.0,181800.0,22289.57853543
2026-01-27T05:00:00,181900.0,182800.0,180700.0,181900.0,19985.6770071
2026-01-27T09:00:00,182000.0,183400.0,181500.0,182100.0,29396.86541906
2026-01-27T13:00:00,182100.0,182900.0,181300.0,181800.0,17602.48041057
2026-01-27T17:00:00,181900.0,182400.0,180600.0,181400.0,18327.34493411
2026-01-27T21:00:00,181400.0,182400.0,179900.0,182400.0,24758.03508048
2026-01-28T01:00:00,182400.0,185000.0,180800.0,183600.0,29457.8360729
2026-01-28T05:00:00,183600.0,186000.0,183500.0,184700.0,28508.23825826
2026-01-28T09:00:00,184700.0,185200.0,183400.0,183600.0,25362.18516646
2026-01-28T13:00:00,183500.0,184200.0,182700.0,183500.0,18155.17554607
2026-01-28T17:00:00,183600.0,185700.0,182400.0,185600.0,25638.346883
2026-01-28T21:00:00,185600.0,185700.0,182100.0,182900.0,36713.56428101
2026-01-29T01:00:00,182900.0,184300.0,182000.0,183100.0,12844.94804565
2026-01-29T05:00:00,183100.0,183700.0,181000.0,181300.0,24403.01373025
2026-01-29T09:00:00,181300.0,181500.0,178000.0,178300.0,59171.91758383
2026-01-29T13:00:00,178300.0,179600.0,177600.0,179200.0,32749.63316483
2026-01-29T17:00:00,179300.0,179500.0,178100.0,178300.0,25150.05655151
2026-01-29T21:00:00,178400.0,179000.0,170600.0,172700.0,150034.50270683
2026-01-30T01:00:00,172600.0,175600.0,169850.0,171700.0,90742.04068094
2026-01-30T05:00:00,171600.0,173200.0,171200.0,172800.0,38361.44569905
2026-01-30T09:00:00,172800.0,173200.0,165600.0,168100.0,211766.82854239
2026-01-30T13:00:00,168100.0,170300.0,165600.0,169700.0,68838.55636495
2026-01-30T17:00:00,169700.0,172100.0,168300.0,171800.0,38446.00681311
2026-01-30T21:00:00,171800.0,173000.0,169200.0,171900.0,61679.33887374
2026-01-31T01:00:00,171900.0,175900.0,169600.0,174700.0,61605.55290325
2026-01-31T05:00:00,174700.0,175000.0,173000.0,174700.0,29800.35227368
2026-01-31T09:00:00,174700.0,175700.0,174000.0,175300.0,32634.51264219
2026-01-31T13:00:00,175300.0,176100.0,173500.0,173600.0,36897.21814118
2026-01-31T17:00:00,173600.0,173900.0,169500.0,171500.0,53650.79554138
2026-01-31T21:00:00,171500.0,171700.0,161100.0,161400.0,213521.25559823
2026-02-01T01:00:00,161400.0,162800.0,147000.0,151700.0,393706.0294385
2026-02-01T05:00:00,151800.0,158900.0,149600.0,157600.0,156560.38175363
2026-02-01T09:00:00,157500.0,158800.0,154800.0,155800.0,125097.5603743
2026-02-01T13:00:00,155800.0,156800.0,154000.0,155500.0,75106.5053371
2026-02-01T17:00:00,155500.0,156900.0,153700.0,155200.0,68506.86510058
2026-02-01T21:00:00,155200.0,157500.0,148100.0,150200.0,184515.08914697
2026-02-02T01:00:00,150200.0,153600.0,149000.0,150300.0,41268.54633459
2026-02-02T05:00:00,150400.0,151800.0,145000.0,148500.0,124533.80842335
2026-02-02T09:00:00,148500.0,152800.0,142500.0,148100.0,198636.21087081
2026-02-02T13:00:00,148100.0,151700.0,144200.0,150200.0,136296.59013943
2026-02-02T17:00:00,150200.0,152900.0,150100.0,152000.0,64444.89804927
2026-02-02T21:00:00,152100.0,157200.0,151900.0,155100.0,101082.67610339
2026-02-03T01:00:00,155100.0,156600.0,152900.0,153600.0,27126.03739782
2026-02-03T05:00:00,153600.0,155800.0,152700.0,155000.0,37694.1732122
2026-02-03T09:00:00,155100.0,155200.0,150800.0,153700.0,73372.07751851
2026-02-03T13:00:00,153600.0,154800.0,151800.0,154000.0,31175.98419983
2026-02-03T17:00:00,154100.0,154600.0,151300.0,152200.0,34611.50691207
2026-02-03T21:00:00,152200.0,152900.0,148300.0,151300.0,80498.82495876
2026-02-04T01:00:00,151300.0,151300.0,144000.0,147200.0,109080.86753859
2026-02-04T05:00:00,147100.0,151100.0,144000.0,144800.0,149198.63992328
2026-02-04T09:00:00,144800.0,147300.0,143600.0,146200.0,96416.26508043
2026-02-04T13:00:00,146200.0,146400.0,142700.0,144500.0,84715.71709565
2026-02-04T17:00:00,144500.0,144600.0,140500.0,142100.0,125265.22528318
2026-02-04T21:00:00,142100.0,142900.0,135200.0,137100.0,259604.54719323
2026-02-05T01:00:00,137100.0,139900.0,133600.0,139500.0,159275.71765572
2026-02-05T05:00:00,139500.0,139600.0,132500.0,135900.0,162658.95381847
2026-02-05T09:00:00,136000.0,137000.0,133100.0,134200.0,167617.78320669
2026-02-05T13:00:00,134200.0,135500.0,132000.0,133400.0,151103.17613939
2026-02-05T17:00:00,133400.0,137300.0,130400.0,132100.0,185500.68730809
2026-02-05T21:00:00,132100.0,133700.0,123500.0,124800.0,349987.50366581
2026-02-06T01:00:00,124800.0,126900.0,120200.0,120400.0,173278.12572256
2026-02-06T05:00:00,120400.0,121200.0,114200.0,115700.0,363049.08188038
2026-02-06T09:00:00,115800.0,119600.0,101500.0,113700.0,1222177.48128679
2026-02-06T13:00:00,113800.0,121600.0,113100.0,118100.0,415556.45662324
2026-02-06T17:00:00,118300.0,121800.0,116900.0,120600.0,224716.21338597
2026-02-06T21:00:00,120400.0,126500.0,120000.0,125300.0,444066.80744957
2026-02-07T01:00:00,125300.0,131400.0,124300.0,128600.0,302591.14339794
2026-02-07T05:00:00,128600.0,133500.0,127900.0,130000.0,162223.17169239
2026-02-07T09:00:00,130000.0,131400.0,126800.0,130900.0,220596.08553682
2026-02-07T13:00:00,130900.0,132500.0,124400.0,126300.0,238922.24395357
2026-02-07T17:00:00,126300.0,127100.0,124700.0,125600.0,88768.12601761
2026-02-07T21:00:00,125500.0,129000.0,125400.0,128100.0,80801.23938053
2026-02-08T01:00:00,128100.0,131900.0,127700.0,130600.0,66965.72530751
2026-02-08T05:00:00,130600.0,131900.0,128500.0,129700.0,41791.47654335
2026-02-08T09:00:00,129600.0,130700.0,128400.0,128600.0,59291.57703339
2026-02-08T13:00:00,128600.0,129800.0,128300.0,129600.0,30599.45733592
2026-02-08T17:00:00,129600.0,131900.0,128400.0,131000.0,143098.41083874
2026-02-08T21:00:00,131000.0,132100.0,129700.0,130400.0,141380.9672996
2026-02-09T01:00:00,130300.0,131600.0,127500.0,131300.0,44966.37412599
2026-02-09T05:00:00,131300.0,131900.0,128100.0,129200.0,84701.81661627
2026-02-09T09:00:00,129200.0,130500.0,127500.0,130100.0,76423.24821004
2026-02-09T13:00:00,130100.0,130200.0,126600.0,127000.0,64963.58844385
2026-02-09T17:00:00,127000.0,127100.0,122700.0,123800.0,169259.96656511
2026-02-09T21:00:00,123800.0,127200.0,123800.0,125900.0,116422.71374091
2026-02-10T01:00:00,126100.0,130900.0,125400.0,129700.0,82818.13113018
2026-02-10T05:00:00,129800.0,130300.0,127600.0,128000.0,55122.42193679
2026-02-10T09:00:00,128000.0,129300.0,126000.0,127100.0,67464.41644277
2026-02-10T13:00:00,127100.0,128000.0,125000.0,125700.0,65889.92651149
2026-02-10T17:00:00,125700.0,126300.0,124300.0,124400.0,47997.22405025
2026-02-10T21:00:00,124400.0,126600.0,123700.0,125000.0,65253.16280352
2026-02-11T01:00:00,125000.0,126100.0,122500.0,123400.0,33842.18757966
2026-02-11T05:00:00,123400.0,123600.0,121700.0,123100.0,49013.27268676
2026-02-11T09:00:00,123100.0,125000.0,122300.0,123300.0,54597.16903278
2026-02-11T13:00:00,123300.0,123700.0,118900.0,120000.0,131100.52832874
2026-02-11T17:00:00,119900.0,120500.0,118700.0,120200.0,54576.15966812
2026-02-11T21:00:00,120200.0,123200.0,116600.0,118100.0,154875.89982363
2026-02-12T01:00:00,118000.0,119700.0,115700.0,117800.0,64538.90670655
2026-02-12T05:00:00,117800.0,119700.0,116500.0,117300.0,81897.77317397
2026-02-12T09:00:00,117300.0,119000.0,117200.0,118500.0,64668.57462212
2026-02-12T13:00:00,118500.0,119000.0,116800.0,118600.0,48143.19466906
2026-02-12T17:00:00,118600.0,120600.0,118000.0,120100.0,103395.20123553
2026-02-12T21:00:00,120100.0,120300.0,117300.0,117300.0,79323.25435902
2026-02-13T01:00:00,117300.0,117700.0,113400.0,114100.0,106048.19557582
2026-02-13T05:00:00,114100.0,115400.0,112800.0,115200.0,76172.17446615
2026-02-13T09:00:00,115200.0,116500.0,113900.0,115700.0,76128.21211142
2026-02-13T13:00:00,115800.0,116200.0,114200.0,115700.0,63926.30492989
2026-02-13T17:00:00,115700.0,118300.0,115600.0,118000.0,55010.47696789
2026-02-13T21:00:00,118000.0,123700.0,117100.0,122100.0,192991.21758165
2026-02-14T01:00:00,122200.0,125200.0,121800.0,123900.0,67759.76977768
2026-02-14T05:00:00,123900.0,124700.0,123000.0,123300.0,43586.49379335
2026-02-14T09:00:00,123300.0,125200.0,123100.0,124900.0,59724.60552168
2026-02-14T13:00:00,124900.0,125300.0,123700.0,125200.0,37905.1194219
2026-02-14T17:00:00,125200.0,128900.0,125100.0,128900.0,102754.2232873
2026-02-14T21:00:00,128900.0,129000.0,126500.0,128800.0,83035.42756865
2026-02-15T01:00:00,128800.0,129900.0,127900.0,129400.0,71143.9619316
2026-02-15T05:00:00,129400.0,130700.0,128300.0,129700.0,64446.30001368
2026-02-15T09:00:00,129500.0,130600.0,128500.0,130400.0,118628.01603671
2026-02-15T13:00:00,130200.0,134400.0,129900.0,134200.0,119426.13138229
2026-02-15T17:00:00,134200.0,135000.0,131300.0,131400.0,151206.55437558
2026-02-15T21:00:00,131300.0,131800.0,128000.0,129000.0,190488.45888049
2026-02-16T01:00:00,129100.0,129800.0,126300.0,126300.0,118814.81806187
2026-02-16T05:00:00,126400.0,128700.0,125700.0,127900.0,54374.82562734
2026-02-16T09:00:00,127900.0,128800.0,125300.0,125900.0,56888.60880523
2026-02-16T13:00:00,125900.0,127100.0,125200.0,126100.0,33459.71573599
2026-02-16T17:00:00,126000.0,128100.0,125200.0,126700.0,51582.93368501
2026-02-16T21:00:00,126700.0,128900.0,122700.0,123500.0,175787.51264258
2026-02-17T01:00:00,123500.0,126100.0,123400.0,125200.0,30210.42822717
2026-02-17T05:00:00,125300.0,128300.0,125200.0,128000.0,40907.68088384
2026-02-17T09:00:00,127800.0,129800.0,127000.0,128000.0,64842.36842921
2026-02-17T13:00:00,128000.0,128600.0,126500.0,128100.0,33533.33223083
2026-02-17T17:00:00,128100.0,128500.0,125500.0,126000.0,47535.06754768
2026-02-17T21:00:00,126000.0,126800.0,123200.0,124400.0,92170.91734399
2026-02-18T01:00:00,124400.0,126700.0,123200.0,125500.0,55598.31673571
2026-02-18T05:00:00,125500.0,126500.0,125000.0,125900.0,21108.69536761
2026-02-18T09:00:00,125900.0,126600.0,124400.0,126300.0,46794.64502882
2026-02-18T13:00:00,126300.0,126400.0,125300.0,126000.0,27118.67841654
2026-02-18T17:00:00,126000.0,127000.0,122700.0,122800.0,100043.68674705
2026-02-18T21:00:00,122700.0,124300.0,121200.0,122700.0,116262.54134941
2026-02-19T01:00:00,122800.0,123000.0,119900.0,120500.0,62924.11865801
2026-02-19T05:00:00,120600.0,121500.0,120400.0,121000.0,44103.78113422
2026-02-19T09:00:00,121100.0,121700.0,120400.0,121100.0,61540.22168866
2026-02-19T13:00:00,121200.0,122000.0,120400.0,121600.0,44663.75296931
2026-02-19T17:00:00,121700.0,121700.0,119500.0,120000.0,45644.13307746
2026-02-19T21:00:00,120000.0,120100.0,117600.0,119200.0,85488.51598275
2026-02-20T01:00:00,119200.0,121300.0,118100.0,120800.0,27114.56566787
2026-02-20T05:00:00,120900.0,121800.0,120500.0,121700.0,31987.96986754
2026-02-20T09:00:00,121700.0,123300.0,121400.0,122300.0,58332.14019701
2026-02-20T13:00:00,122300.0,123600.0,121300.0,122900.0,61826.67881792
2026-02-20T17:00:00,122900.0,125000.0,122700.0,123300.0,49670.48675851
2026-02-20T21:00:00,123200.0,124900.0,120800.0,124400.0,87215.13828084
2026-02-21T01:00:00,124400.0,125700.0,122100.0,124600.0,44494.79123903
2026-02-21T05:00:00,124700.0,125400.0,123900.0,124400.0,19345.65076435
2026-02-21T09:00:00,124400.0,125200.0,123900.0,124000.0,31306.39995434
2026-02-21T13:00:00,124100.0,124700.0,123500.0,123900.0,23721.97738214
2026-02-21T17:00:00,123800.0,126000.0,123800.0,125500.0,33570.50826427
2026-02-21T21:00:00,125500.0,127500.0,124900.0,127300.0,46294.19162683
2026-02-22T01:00:00,127300.0,127400.0,126100.0,126700.0,18444.91258002
2026-02-22T05:00:00,126700.0,126700.0,125200.0,125300.0,17992.41126717
2026-02-22T09:00:00,125200.0,126000.0,124600.0,125100.0,33560.68048342
2026-02-22T13:00:00,125100.0,125800.0,124800.0,125300.0,14392.3371606
2026-02-22T17:00:00,125400.0,125600.0,124800.0,125100.0,21590.8831738
2026-02-22T21:00:00,125200.0,125300.0,122000.0,122800.0,45513.44866879
2026-02-23T01:00:00,122800.0,122900.0,121900.0,122600.0,14253.91738103
2026-02-23T05:00:00,122700.0,123300.0,121500.0,122000.0,27422.57836227
2026-02-23T09:00:00,122000.0,122000.0,114200.0,114800.0,256380.28248177
2026-02-23T13:00:00,114900.0,117300.0,114000.0,116900.0,114320.46795235
2026-02-23T17:00:00,116900.0,118500.0,115400.0,117500.0,89432.1661702
2026-02-23T21:00:00,117500.0,118900.0,116200.0,116600.0,81329.33012976
2026-02-24T01:00:00,116600.0,117200.0,114000.0,115500.0,72133.41973875
2026-02-24T05:00:00,115500.0,116500.0,114500.0,114800.0,56049.32148305
2026-02-24T09:00:00,114900.0,115600.0,111700.0,112900.0,145153.10148752
2026-02-24T13:00:00,112900.0,113700.0,111800.0,113100.0,87987.47354595
2026-02-24T17:00:00,113100.0,113500.0,111800.0,112600.0,44975.73851423
2026-02-24T21:00:00,112600.0,113800.0,111100.0,113600.0,88536.19522442
2026-02-25T01:00:00,113700.0,115000.0,113500.0,114900.0,56854.1924245
2026-02-25T05:00:00,114900.0,116700.0,114400.0,115700.0,49012.20726366
2026-02-25T09:00:00,115700.0,121000.0,115000.0,118900.0,150714.09604196
2026-02-25T13:00:00,118900.0,119800.0,117600.0,119300.0,76290.23743992
2026-02-25T17:00:00,119200.0,121200.0,118900.0,121000.0,45808.66376355
2026-02-25T21:00:00,121100.0,124700.0,120300.0,123900.0,132245.37788715
2026-02-26T01:00:00,123900.0,128800.0,123800.0,128500.0,109232.77978605
2026-02-26T05:00:00,128600.0,132200.0,125400.0,126800.0,139410.42405026
2026-02-26T09:00:00,126700.0,128800.0,125500.0,126300.0,111273.47856271
2026-02-26T13:00:00,126300.0,128400.0,125500.0,125600.0,74510.4653477
2026-02-26T17:00:00,125500.0,127700.0,124800.0,125100.0,65472.85360852
2026-02-26T21:00:00,125100.0,127300.0,123500.0,125100.0,90161.44473611
2026-02-27T01:00:00,125100.0,125300.0,122200.0,125100.0,50317.79296854
2026-02-27T05:00:00,124700.0,125400.0,124000.0,124100.0,27122.54475226
2026-02-27T09:00:00,124100.0,126900.0,123000.0,126600.0,60158.24742478
2026-02-27T13:00:00,126600.0,127500.0,125500.0,126400.0,50865.37118836
2026-02-27T17:00:00,126400.0,127300.0,121300.0,121800.0,99756.68746698
2026-02-27T21:00:00,121800.0,122000.0,119600.0,120600.0,109071.29631513
2026-02-28T01:00:00,120500.0,120600.0,118500.0,119200.0,58744.12239605
2026-02-28T05:00:00,119100.0,120000.0,117700.0,119600.0,54489.34299168
2026-02-28T09:00:00,119600.0,120400.0,119200.0,119400.0,42826.45753734
2026-02-28T13:00:00,119500.0,119700.0,113300.0,115200.0,209590.21188846
2026-02-28T17:00:00,115200.0,116700.0,113900.0,115400.0,116874.35084026
2026-02-28T21:00:00,115400.0,119500.0,115300.0,118300.0,101023.43098823
2026-03-01T01:00:00,118300.0,121000.0,117700.0,120000.0,43168.32229681
2026-03-01T05:00:00,120100.0,124700.0,119600.0,122900.0,122210.90362924
2026-03-01T09:00:00,123000.0,128900.0,122400.0,127500.0,187164.30580289
2026-03-01T13:00:00,127500.0,128000.0,124900.0,125700.0,77727.37988062
2026-03-01T17:00:00,125600.0,126000.0,123100.0,123700.0,63091.91816373
2026-03-01T21:00:00,123700.0,126300.0,122700.0,124500.0,82770.00523858
2026-03-02T01:00:00,124600.0,125100.0,121100.0,121500.0,54304.30548946
2026-03-02T05:00:00,121400.0,122800.0,119300.0,121900.0,57368.17448519
2026-03-02T09:00:00,122000.0,125800.0,121900.0,123400.0,104322.82093305
2026-03-02T13:00:00,123400.0,123800.0,120700.0,121200.0,74262.067433
2026-03-02T17:00:00,121300.0,123200.0,120600.0,122700.0,55879.92075072
2026-03-02T21:00:00,122600.0,130300.0,121700.0,129800.0,206931.74425593
2026-03-03T01:00:00,129800.0,131600.0,126200.0,127900.0,141637.37419808
2026-03-03T05:00:00,127700.0,128700.0,125800.0,126600.0,60700.77265982
2026-03-03T09:00:00,126600.0,127900.0,125000.0,126100.0,93704.74496368
2026-03-03T13:00:00,126200.0,126900.0,125000.0,125300.0,52559.78686608
2026-03-03T17:00:00,125300.0,125700.0,123000.0,124100.0,104793.15186744
2026-03-03T21:00:00,124100.0,125800.0,122000.0,125700.0,128394.7919121
2026-03-04T01:00:00,125700.0,128700.0,124000.0,125200.0,86458.75193152
2026-03-04T05:00:00,125000.0,128500.0,124000.0,127600.0,62498.66776888
2026-03-04T09:00:00,127600.0,129400.0,124900.0,125700.0,91794.636371
2026-03-04T13:00:00,125800.0,128000.0,124300.0,127800.0,84604.94815334
2026-03-04T17:00:00,127800.0,133300.0,127100.0,130800.0,223137.5709745
2026-03-04T21:00:00,130700.0,135000.0,129000.0,134900.0,151234.15122729
2026-03-05T01:00:00,134800.0,136300.0,132200.0,135100.0,121311.0431621
2026-03-05T05:00:00,135100.0,135900.0,130900.0,131800.0,98125.39308647
2026-03-05T09:00:00,131900.0,133100.0,130400.0,131100.0,73084.56358651
2026-03-05T13:00:00,131100.0,133000.0,130900.0,131700.0,68260.54717817
2026-03-05T17:00:00,131700.0,135900.0,131000.0,134300.0,96308.01807357
2026-03-05T21:00:00,134300.0,135100.0,130200.0,131400.0,114753.80696382
2026-03-06T01:00:00,131300.0,131500.0,129200.0,130400.0,43721.79691
2026-03-06T05:00:00,130500.0,132100.0,129900.0,130100.0,37109.53383427
2026-03-06T09:00:00,130100.0,131000.0,129100.0,129500.0,56386.78069041
2026-03-06T13:00:00,129500.0,130200.0,128100.0,129800.0,65659.80329248
2026-03-06T17:00:00,129800.0,129900.0,128100.0,128500.0,49475.66535875
2026-03-06T21:00:00,128300.0,128500.0,124200.0,125100.0,140905.96663453
2026-03-07T01:00:00,125100.0,126700.0,123700.0,125800.0,36123.07489555
2026-03-07T05:00:00,125900.0,126400.0,124800.0,125300.0,28749.63176234
2026-03-07T09:00:00,125200.0,125900.0,124300.0,124600.0,37370.80055783
2026-03-07T13:00:00,124500.0,124800.0,123700.0,124400.0,35844.3244914
2026-03-07T17:00:00,124300.0,125400.0,124100.0,125200.0,22171.2274726
2026-03-07T21:00:00,125100.0,125300.0,123400.0,123800.0,32235.80194429
2026-03-08T01:00:00,123800.0,124200.0,121800.0,122200.0,23367.60965484
2026-03-08T05:00:00,122200.0,123300.0,122000.0,123000.0,18826.57744633
2026-03-08T09:00:00,123000.0,123500.0,121500.0,121900.0,36616.61997407
2026-03-08T13:00:00,121800.0,122800.0,121000.0,122600.0,35333.89857126
2026-03-08T17:00:00,122600.0,124500.0,122000.0,122700.0,48571.45734491
2026-03-08T21:00:00,122500.0,122900.0,120200.0,121500.0,59593.1438961
2026-03-09T01:00:00,121400.0,122300.0,120400.0,122000.0,22636.01317837
2026-03-09T05:00:00,122100.0,122700.0,119300.0,120900.0,57273.38940758
2026-03-09T09:00:00,120900.0,124800.0,120800.0,123200.0,64766.54934934
2026-03-09T13:00:00,123200.0,124800.0,121800.0,122900.0,108419.25169669
2026-03-09T17:00:00,122900.0,124800.0,122700.0,123600.0,38271.44318558
2026-03-09T21:00:00,123500.0,126200.0,123200.0,125000.0,80578.03911886
2026-03-10T01:00:00,125100.0,127600.0,123900.0,126100.0,29172.40844785
2026-03-10T05:00:00,126100.0,126500.0,124500.0,124600.0,33888.5817926
2026-03-10T09:00:00,124600.0,127400.0,124500.0,125500.0,65984.61147803
2026-03-10T13:00:00,125500.0,127500.0,125500.0,126900.0,63585.80096945
2026-03-10T17:00:00,126900.0,128200.0,126600.0,126900.0,66920.26664897
2026-03-10T21:00:00,127000.0,129100.0,124500.0,128400.0,121365.74221713
2026-03-11T01:00:00,128500.0,129100.0,125300.0,125900.0,40346.2945111
2026-03-11T05:00:00,126000.0,126500.0,124500.0,125800.0,34274.11619193
2026-03-11T09:00:00,125800.0,126300.0,125100.0,125300.0,36854.26160296
2026-03-11T13:00:00,125300.0,126900.0,124600.0,125000.0,44102.02236392
2026-03-11T17:00:00,125100.0,125500.0,123900.0,124200.0,43575.6812888
2026-03-11T21:00:00,124100.0,127900.0,123700.0,125100.0,132197.42995762
2026-03-12T01:00:00,125200.0,128600.0,125000.0,127500.0,41724.4110413
2026-03-12T05:00:00,127500.0,128300.0,126300.0,126600.0,31570.60545347
2026-03-12T09:00:00,126600.0,127200.0,124400.0,124800.0,47627.06570614
2026-03-12T13:00:00,124800.0,125800.0,124700.0,125800.0,28003.51957801
2026-03-12T17:00:00,125700.0,127400.0,125200.0,127000.0,44921.81519261
2026-03-12T21:00:00,126900.0,128300.0,125200.0,127000.0,75504.81250848
2026-03-13T01:00:00,127000.0,127500.0,125800.0,127200.0,24395.377067
2026-03-13T05:00:00,127300.0,127600.0,126000.0,127000.0,25533.52257691
2026-03-13T09:00:00,127100.0,132800.0,126900.0,131200.0,166795.32118715
2026-03-13T13:00:00,131100.0,131300.0,129100.0,130200.0,71007.22363988
2026-03-13T17:00:00,130100.0,132500.0,129600.0,132400.0,97682.51782844
2026-03-13T21:00:00,132400.0,135900.0,131000.0,131500.0,174203.08796295
2026-03-14T01:00:00,131500.0,132300.0,130000.0,130700.0,40958.14076244
2026-03-14T05:00:00,130600.0,131200.0,129200.0,129700.0,42840.86519018
2026-03-14T09:00:00,129700.0,130700.0,129400.0,130500.0,47859.47626151
2026-03-14T13:00:00,130300.0,130800.0,128400.0,128800.0,46232.23320816
2026-03-14T17:00:00,128900.0,129200.0,127800.0,128600.0,43099.22287139
2026-03-14T21:00:00,128600.0,129200.0,128100.0,128400.0,26483.81813478
2026-03-15T01:00:00,128300.0,128800.0,128100.0,128700.0,7240.34004878
2026-03-15T05:00:00,128700.0,130200.0,128500.0,130100.0,20119.01408243
2026-03-15T09:00:00,130000.0,130600.0,129300.0,129500.0,43682.81207567
2026-03-15T13:00:00,129500.0,130600.0,129500.0,130000.0,27650.19871949
2026-03-15T17:00:00,130000.0,130900.0,130000.0,130400.0,28335.45822739
2026-03-15T21:00:00,130400.0,130500.0,128800.0,129600.0,44196.29983099
2026-03-16T01:00:00,129600.0,130800.0,129000.0,130000.0,15523.19191535
2026-03-16T05:00:00,129900.0,136700.0,129700.0,135500.0,141186.33240223
2026-03-16T09:00:00,135500.0,137500.0,133800.0,136600.0,133988.73922276
2026-03-16T13:00:00,136600.0,138300.0,136400.0,137100.0,120158.49616948
2026-03-16T17:00:00,137100.0,138000.0,135700.0,137700.0,87987.17296546
2026-03-16T21:00:00,137600.0,139900.0,136100.0,137100.0,193503.9632387
2026-03-17T01:00:00,137100.0,139900.0,137100.0,139600.0,69717.66684458
2026-03-17T05:00:00,139600.0,143500.0,139300.0,141500.0,153975.29002903
2026-03-17T09:00:00,141400.0,142900.0,138000.0,138700.0,278301.25352826
2026-03-17T13:00:00,138700.0,139700.0,137300.0,139200.0,105076.64012451
2026-03-17T17:00:00,139200.0,140300.0,137800.0,138400.0,71476.40586403
2026-03-17T21:00:00,138300.0,140400.0,137800.0,138500.0,66930.91895501
2026-03-18T01:00:00,138600.0,140800.0,138500.0,139800.0,26506.17694657
2026-03-18T05:00:00,139500.0,141000.0,139200.0,139500.0,42290.96516748
2026-03-18T09:00:00,139400.0,140900.0,138800.0,140100.0,48008.10171532
2026-03-18T13:00:00,140100.0,140400.0,138400.0,138800.0,54654.30958199
2026-03-18T17:00:00,138900.0,139500.0,135900.0,136000.0,81170.09306181
2026-03-18T21:00:00,136000.0,136100.0,131400.0,132800.0,181519.66156089
2026-03-19T01:00:00,132800.0,134900.0,131600.0,133200.0,43479.2207481
2026-03-19T05:00:00,133300.0,134900.0,132400.0,134000.0,43040.48525709
2026-03-19T09:00:00,133900.0,135700.0,133100.0,135000.0,63421.97986624
2026-03-19T13:00:00,135000.0,135000.0,131900.0,133100.0,58698.58906082
2026-03-19T17:00:00,133100.0,134500.0,132500.0,133300.0,38870.66418628
2026-03-19T21:00:00,133200.0,133300.0,130000.0,130600.0,89376.01878574
2026-03-20T01:00:00,130700.0,132300.0,129700.0,131500.0,27335.92148828
2026-03-20T05:00:00,131300.0,132700.0,131300.0,132300.0,26430.70395205
2026-03-20T09:00:00,132300.0,133700.0,132100.0,133500.0,37337.95057974
2026-03-20T13:00:00,133600.0,133800.0,132000.0,133300.0,36757.07024281
2026-03-20T17:00:00,133200.0,134600.0,132300.0,133100.0,43403.14723557
2026-03-20T21:00:00,133100.0,133900.0,132300.0,133100.0,39112.7605656
2026-03-21T01:00:00,133100.0,133400.0,131900.0,133300.0,17603.44115097
2026-03-21T05:00:00,133200.0,134900.0,132700.0,134200.0,28498.42620943
2026-03-21T09:00:00,134200.0,135600.0,134100.0,135200.0,24812.78268178
2026-03-21T13:00:00,135200.0,135700.0,134700.0,135100.0,16905.15109432
2026-03-21T17:00:00,135000.0,135300.0,134500.0,134800.0,11345.3795873
2026-03-21T21:00:00,134800.0,135500.0,134000.0,134700.0,19906.5210445
2026-03-22T01:00:00,134700.0,134800.0,134000.0,134600.0,6013.48851351
2026-03-22T05:00:00,134500.0,135300.0,131300.0,132000.0,26848.33215861
2026-03-22T09:00:00,131900.0,133900.0,130100.0,133200.0,75254.1782828
2026-03-22T13:00:00,133200.0,133900.0,131700.0,131700.0,25479.54966246
2026-03-22T17:00:00,131700.0,131900.0,130200.0,130300.0,44686.99763709
2026-03-22T21:00:00,130200.0,131600.0,130200.0,131300.0,23018.89560095
2026-03-23T01:00:00,131300.0,131500.0,130000.0,130800.0,12532.96803411
2026-03-23T05:00:00,130800.0,131200.0,128400.0,129400.0,50285.37894348
2026-03-23T09:00:00,129500.0,131000.0,128400.0,129900.0,46351.04896935
2026-03-23T13:00:00,129800.0,130900.0,128400.0,129400.0,58567.78464184
2026-03-23T17:00:00,129500.0,137000.0,128200.0,132500.0,174007.33472046
2026-03-23T21:00:00,132600.0,136600.0,131900.0,133700.0,110455.97147123
2026-03-24T01:00:00,133700.0,136300.0,133000.0,135700.0,28488.79702387
2026-03-24T05:00:00,135600.0,136400.0,135000.0,135800.0,34028.68666986
2026-03-24T09:00:00,135800.0,136200.0,134200.0,134700.0,41921.29165337
2026-03-24T13:00:00,134700.0,136500.0,134200.0,136300.0,31998.73326299
2026-03-24T17:00:00,136400.0,137400.0,135800.0,136800.0,50223.56851083
2026-03-24T21:00:00,136800.0,136800.0,132500.0,134100.0,83564.41922772
2026-03-25T01:00:00,134000.0,134400.0,132500.0,132800.0,32110.9586419
2026-03-25T05:00:00,132700.0,135900.0,132600.0,135300.0,51189.17425089
2026-03-25T09:00:00,135200.0,137100.0,135100.0,136700.0,61242.38161375
2026-03-25T13:00:00,136700.0,138400.0,136500.0,136900.0,55713.02676672
2026-03-25T17:00:00,137000.0,139300.0,136800.0,138500.0,59683.9362423
2026-03-25T21:00:00,138500.0,139200.0,135700.0,136900.0,62409.54926116
2026-03-26T01:00:00,136900.0,138300.0,136500.0,136900.0,17020.94986483
2026-03-26T05:00:00,137100.0,137400.0,136000.0,137000.0,23366.44485092
2026-03-26T09:00:00,137000.0,137600.0,135500.0,136300.0,37059.3780786
2026-03-26T13:00:00,136300.0,136300.0,133200.0,133900.0,68009.89449762
2026-03-26T17:00:00,133900.0,133900.0,131500.0,131800.0,64642.62070192
2026-03-26T21:00:00,131800.0,133000.0,131000.0,132100.0,68088.87689728
2026-03-27T01:00:00,132000.0,132400.0,129300.0,129300.0,42886.59422864
2026-03-27T05:00:00,129400.0,131700.0,129200.0,130500.0,44762.57752415
2026-03-27T09:00:00,130700.0,131300.0,130200.0,130400.0,39362.21994779
2026-03-27T13:00:00,130300.0,131000.0,129500.0,129700.0,43430.07551649
2026-03-27T17:00:00,129800.0,130100.0,125500.0,126600.0,140883.54145114
2026-03-27T21:00:00,126500.0,127500.0,125300.0,126500.0,66918.84051364
2026-03-28T01:00:00,126500.0,126700.0,124800.0,125900.0,39981.14233336
2026-03-28T05:00:00,125900.0,126600.0,125200.0,126600.0,24523.51342177
2026-03-28T09:00:00,126500.0,126600.0,125100.0,125400.0,41600.2081466
2026-03-28T13:00:00,125400.0,127000.0,125200.0,127000.0,29884.19364542
2026-03-28T17:00:00,126900.0,127200.0,125500.0,125900.0,26696.71273207
2026-03-28T21:00:00,125900.0,127700.0,125400.0,126900.0,60175.4967823
2026-03-29T01:00:00,126900.0,127200.0,125800.0,126300.0,12521.48436994
2026-03-29T05:00:00,126200.0,126600.0,124200.0,124700.0,46878.5551641
2026-03-29T09:00:00,124700.0,126300.0,124400.0,125900.0,28647.9563801
2026-03-29T13:00:00,125900.0,125900.0,124800.0,125200.0,16748.38722059
2026-03-29T17:00:00,125200.0,125700.0,124500.0,125300.0,17734.29990583
2026-03-29T21:00:00,125300.0,125500.0,123800.0,124200.0,31395.34922945
2026-03-30T01:00:00,124200.0,124700.0,123400.0,124100.0,11811.586022
2026-03-30T05:00:00,124000.0,124900.0,121000.0,123800.0,71983.1586247
2026-03-30T09:00:00,123800.0,127100.0,123400.0,126200.0,84291.10922707
2026-03-30T13:00:00,126000.0,127500.0,126000.0,127200.0,41636.73988543
2026-03-30T17:00:00,127200.0,128300.0,126600.0,127700.0,45522.17622081
2026-03-30T21:00:00,127700.0,128700.0,126800.0,128000.0,48625.01069096
2026-03-31T01:00:00,128000.0,128100.0,124700.0,125400.0,25002.24340503
2026-03-31T05:00:00,125400.0,127100.0,125000.0,125400.0,27726.77601651
2026-03-31T09:00:00,125500.0,128300.0,125000.0,127300.0,54664.41733364
2026-03-31T13:00:00,127400.0,127900.0,125900.0,126600.0,41347.03871329
2026-03-31T17:00:00,126600.0,127100.0,122300.0,123700.0,106009.90234389
2026-03-31T21:00:00,123600.0,126100.0,123000.0,124000.0,77588.42604807
2026-04-01T01:00:00,124000.0,126800.0,124000.0,125200.0,30501.81852255
2026-04-01T05:00:00,125000.0,126200.0,124800.0,125800.0,42358.35694737
2026-04-01T09:00:00,125900.0,126400.0,124900.0,126000.0,44015.24541246
2026-04-01T13:00:00,126100.0,127600.0,125800.0,126100.0,63227.5475757
2026-04-01T17:00:00,126200.0,126500.0,125300.0,125700.0,43598.29507921
2026-04-01T21:00:00,125700.0,126500.0,124700.0,126300.0,73220.84424891
2026-04-02T01:00:00,126300.0,130400.0,125500.0,126800.0,68969.11753347
2026-04-02T05:00:00,126700.0,126800.0,122400.0,123200.0,189812.5882859
2026-04-02T09:00:00,123200.0,123900.0,119100.0,120400.0,241898.68774422
2026-04-02T13:00:00,120300.0,121100.0,119800.0,121100.0,40011.28694565
2026-04-02T17:00:00,121000.0,121000.0,119200.0,119500.0,40584.98252311
2026-04-02T21:00:00,119500.0,121200.0,117100.0,120100.0,118510.45287015
2026-04-03T01:00:00,120000.0,121200.0,119200.0,120000.0,17617.54148645
2026-04-03T05:00:00,120100.0,120600.0,119500.0,120200.0,20588.38373118
2026-04-03T09:00:00,120200.0,121100.0,119800.0,119900.0,32410.13341924
2026-04-03T13:00:00,120000.0,121400.0,119900.0,121200.0,24158.90702653
2026-04-03T17:00:00,121200.0,121900.0,120700.0,121400.0,40286.77454274
2026-04-03T21:00:00,121500.0,122500.0,120200.0,121800.0,40360.55504857
2026-04-04T01:00:00,121800.0,122200.0,121100.0,121700.0,10924.55117582
2026-04-04T05:00:00,121600.0,122400.0,121400.0,121900.0,12937.94606863
2026-04-04T09:00:00,122000.0,122000.0,121400.0,121600.0,16336.37400303
2026-04-04T13:00:00,121700.0,122100.0,121500.0,121700.0,11065.70110803
2026-04-04T17:00:00,121700.0,122000.0,121200.0,121800.0,12619.60445704
2026-04-04T21:00:00,121800.0,123800.0,121000.0,123100.0,29703.95537427
2026-04-05T01:00:00,123100.0,123500.0,122400.0,122700.0,12681.48764084
2026-04-05T05:00:00,122600.0,122900.0,122300.0,122500.0,7904.64838679
2026-04-05T09:00:00,122400.0,122600.0,121900.0,122200.0,13662.24663182
2026-04-05T13:00:00,122200.0,122200.0,120700.0,121000.0,19527.42143427
2026-04-05T17:00:00,121000.0,121900.0,121000.0,121400.0,12432.92384052
2026-04-05T21:00:00,121400.0,121900.0,119600.0,120900.0,32329.97037649
2026-04-06T01:00:00,121000.0,121800.0,120700.0,121200.0,6964.18521205
2026-04-06T05:00:00,121200.0,124000.0,120200.0,123800.0,58806.90447006
2026-04-06T09:00:00,123700.0,125100.0,123000.0,123500.0,73191.71979351
2026-04-06T13:00:00,123600.0,124000.0,121900.0,123100.0,42061.72498139
2026-04-06T17:00:00,123000.0,124900.0,122800.0,123800.0,48695.75907925
2026-04-06T21:00:00,123800.0,124600.0,122900.0,123700.0,52171.17302115
2026-04-07T01:00:00,123700.0,123900.0,122300.0,123200.0,24394.83101667
2026-04-07T05:00:00,123200.0,123700.0,120300.0,120800.0,75861.12021864
2026-04-07T09:00:00,120800.0,121300.0,120000.0,120700.0,48155.28082991
2026-04-07T13:00:00,120700.0,121100.0,119800.0,120400.0,26584.89723264
2026-04-07T17:00:00,120400.0,121200.0,119200.0,119400.0,42132.82506817
2026-04-07T21:00:00,119500.0,119600.0,118300.0,119100.0,59729.55487309
2026-04-08T01:00:00,119100.0,123200.0,118800.0,122900.0,44444.23176494
2026-04-08T05:00:00,122900.0,129500.0,122800.0,127500.0,196032.53595341
2026-04-08T09:00:00,127600.0,128000.0,125200.0,125400.0,81712.58465851
2026-04-08T13:00:00,125300.0,126000.0,124100.0,125000.0,55677.00518697
2026-04-08T17:00:00,125000.0,126000.0,124800.0,125300.0,37302.19437437
2026-04-08T21:00:00,125200.0,126100.0,122600.0,124000.0,115228.18199722
2026-04-09T01:00:00,124000.0,125000.0,123100.0,123700.0,17574.859343
2026-04-09T05:00:00,123700.0,124400.0,122500.0,123000.0,31592.7677048
2026-04-09T09:00:00,123000.0,123100.0,121700.0,122200.0,50071.69480147
2026-04-09T13:00:00,122100.0,123100.0,121700.0,122900.0,19658.87418931
2026-04-09T17:00:00,122800.0,123300.0,122400.0,122700.0,28074.0252378
2026-04-09T21:00:00,122600.0,124500.0,121600.0,124200.0,38750.66189983
2026-04-10T01:00:00,124200.0,125300.0,123100.0,124700.0,38326.97002651
2026-04-10T05:00:00,124700.0,127000.0,123600.0,123800.0,57567.44984551
2026-04-10T09:00:00,123800.0,124600.0,123100.0,123400.0,41231.33654784
2026-04-10T13:00:00,123300.0,124200.0,123300.0,123600.0,36852.78514283
2026-04-10T17:00:00,123500.0,124800.0,123300.0,124300.0,30733.28990185
2026-04-10T21:00:00,124300.0,126900.0,124000.0,125000.0,77128.2679896
2026-04-11T01:00:00,125000.0,126700.0,125000.0,126700.0,16468.45835715
2026-04-11T05:00:00,126700.0,126900.0,125500.0,125800.0,23766.35775908
2026-04-11T09:00:00,125900.0,126200.0,125400.0,125500.0,28119.34977331
2026-04-11T13:00:00,125500.0,125800.0,124800.0,125400.0,17544.29403789
2026-04-11T17:00:00,125300.0,126100.0,124800.0,125500.0,18269.65569091
2026-04-11T21:00:00,125400.0,126300.0,124900.0,126100.0,18119.22626043
2026-04-12T01:00:00,126100.0,127800.0,125800.0,127400.0,31379.68755457
2026-04-12T05:00:00,127500.0,127700.0,125600.0,126100.0,31321.66521284
2026-04-12T09:00:00,126100.0,126400.0,122100.0,122800.0,92427.1542856
2026-04-12T13:00:00,122800.0,123100.0,122500.0,122900.0,25560.85919727
2026-04-12T17:00:00,122800.0,122900.0,122200.0,122700.0,22816.27495483
2026-04-12T21:00:00,122600.0,123000.0,121300.0,121700.0,34993.73915203
2026-04-13T01:00:00,121700.0,122100.0,121600.0,122000.0,3432.24099885
2026-04-13T05:00:00,122000.0,122400.0,121500.0,121900.0,16992.53068221
2026-04-13T09:00:00,121900.0,123100.0,121600.0,122200.0,30091.99127243
2026-04-13T13:00:00,122200.0,123200.0,121900.0,122600.0,30978.15129019
2026-04-13T17:00:00,122600.0,122800.0,121900.0,122300.0,17605.70455389
2026-04-13T21:00:00,122200.0,124800.0,122100.0,123200.0,49626.65938284
2026-04-14T01:00:00,123200.0,124800.0,122700.0,124600.0,27095.29984921
2026-04-14T05:00:00,124600.0,127800.0,124100.0,127600.0,97422.4940113
2026-04-14T09:00:00,127600.0,127900.0,126400.0,127200.0,65450.78099634
2026-04-14T13:00:00,127300.0,127300.0,126100.0,126900.0,39185.08662457
2026-04-14T17:00:00,126900.0,127600.0,126300.0,126400.0,36842.69868783
2026-04-14T21:00:00,126600.0,129000.0,125900.0,127000.0,109427.85378382
2026-04-15T01:00:00,127000.0,127300.0,124100.0,124300.0,44565.39473899
2026-04-15T05:00:00,124400.0,124600.0,123500.0,124000.0,66988.57793671
2026-04-15T09:00:00,124000.0,124500.0,123200.0,123700.0,61454.601372
2026-04-15T13:00:00,123600.0,124000.0,122600.0,122900.0,45509.41525764
2026-04-15T17:00:00,122800.0,124000.0,122700.0,123900.0,31886.63606957
2026-04-15T21:00:00,123800.0,125200.0,123400.0,124400.0,76124.23410312
2026-04-16T01:00:00,124400.0,126500.0,124200.0,126100.0,39401.13278757
2026-04-16T05:00:00,126100.0,126100.0,124200.0,125300.0,39378.8948604
2026-04-16T09:00:00,125400.0,126100.0,124700.0,125700.0,42652.04938281
2026-04-16T13:00:00,125700.0,126200.0,125300.0,125700.0,32752.28284482
2026-04-16T17:00:00,125700.0,126300.0,125200.0,125800.0,36620.3980406
2026-04-16T21:00:00,125900.0,128700.0,124200.0,128100.0,108410.21936691
2026-04-17T01:00:00,128100.0,132800.0,126500.0,132600.0,86872.76313422
2026-04-17T05:00:00,132700.0,133300.0,130800.0,131300.0,85837.73842728
2026-04-17T09:00:00,131400.0,131600.0,129200.0,129600.0,54146.78786761
2026-04-17T13:00:00,129600.0,130900.0,129100.0,130400.0,33372.93966417
2026-04-17T17:00:00,130400.0,132400.0,129400.0,130700.0,95437.69765866
2026-04-17T21:00:00,130700.0,133200.0,130200.0,132200.0,280130.00395372
2026-04-18T01:00:00,132200.0,132900.0,130700.0,131200.0,57409.47489928
2026-04-18T05:00:00,131300.0,131700.0,130400.0,131000.0,63420.48004594
2026-04-18T09:00:00,131100.0,131700.0,130400.0,130500.0,56780.9487695
2026-04-18T13:00:00,130600.0,131100.0,130400.0,130700.0,47772.64093459
2026-04-18T17:00:00,130700.0,130800.0,127500.0,128000.0,123242.31841896
2026-04-18T21:00:00,128000.0,128800.0,127800.0,128400.0,45358.9984123
2026-04-19T01:00:00,128400.0,128800.0,127100.0,127500.0,34947.32552194
2026-04-19T05:00:00,127500.0,128200.0,127400.0,128000.0,23245.16543748
2026-04-19T09:00:00,127900.0,128200.0,126400.0,127000.0,56308.24388549
2026-04-19T13:00:00,127000.0,127600.0,125600.0,126400.0,37323.84893113
2026-04-19T17:00:00,126300.0,127400.0,125500.0,127300.0,39356.34839415
2026-04-19T21:00:00,127300.0,129300.0,127100.0,128100.0,73446.71868134
2026-04-20T01:00:00,128300.0,128500.0,126500.0,127100.0,15263.08466487
2026-04-20T05:00:00,127000.0,127100.0,123900.0,124500.0,79751.50693611
2026-04-20T09:00:00,124400.0,126000.0,124300.0,125600.0,57095.47496276
2026-04-20T13:00:00,125500.0,127500.0,124500.0,125900.0,40049.56893723
2026-04-20T17:00:00,126000.0,126700.0,125600.0,126300.0,32727.60828295
2026-04-20T21:00:00,126300.0,127100.0,125300.0,127000.0,49130.42246153
2026-04-21T01:00:00,127100.0,127500.0,126300.0,127000.0,15141.1167594
2026-04-21T05:00:00,127000.0,127500.0,126200.0,126400.0,19318.70705749
2026-04-21T09:00:00,126400.0,127100.0,125800.0,126000.0,27664.78440938
2026-04-21T13:00:00,126000.0,127000.0,125800.0,126800.0,18924.55169993
2026-04-21T17:00:00,126900.0,127600.0,126600.0,126900.0,38971.998645
2026-04-21T21:00:00,126900.0,128500.0,126100.0,127400.0,63284.69113089
2026-04-22T01:00:00,127400.0,127900.0,125500.0,125900.0,26786.81469085
2026-04-22T05:00:00,126000.0,127700.0,125700.0,127500.0,27936.25894545
2026-04-22T09:00:00,127500.0,129800.0,127300.0,129000.0,86909.22011276
2026-04-22T13:00:00,129000.0,130300.0,128500.0,130000.0,66026.44598388
2026-04-22T17:00:00,130000.0,131100.0,129400.0,130500.0,43116.69081803
2026-04-22T21:00:00,130500.0,132100.0,130200.0,130500.0,98967.68922546
2026-04-23T01:00:00,130500.0,130800.0,128900.0,129300.0,33342.94508777
2026-04-23T05:00:00,129400.0,130000.0,128700.0,128800.0,37425.39829159
2026-04-23T09:00:00,128800.0,129400.0,127100.0,127500.0,87285.2463507
2026-04-23T13:00:00,127500.0,128100.0,127200.0,127600.0,44063.75494425
2026-04-23T17:00:00,127600.0,127800.0,126800.0,127600.0,43387.58054151
2026-04-23T21:00:00,127700.0,128500.0,127200.0,128200.0,40991.70773362
2026-04-24T01:00:00,128200.0,128200.0,126000.0,127000.0,43020.50520186
2026-04-24T05:00:00,127100.0,128200.0,126900.0,128000.0,25043.50591446
2026-04-24T09:00:00,128100.0,128500.0,127300.0,127600.0,34248.76578003
2026-04-24T13:00:00,127700.0,127800.0,127000.0,127400.0,23813.94880713
2026-04-24T17:00:00,127500.0,128300.0,126700.0,128000.0,39264.81326457
2026-04-24T21:00:00,128100.0,128900.0,127500.0,128600.0,40565.73578985
2026-04-25T01:00:00,128600.0,128700.0,127900.0,128500.0,12602.83924766
2026-04-25T05:00:00,128500.0,129200.0,128100.0,128400.0,26204.88860191
2026-04-25T09:00:00,128500.0,128800.0,128100.0,128700.0,26923.23663728
2026-04-25T13:00:00,128700.0,128900.0,128100.0,128600.0,16513.94719429
2026-04-25T17:00:00,128600.0,129200.0,128400.0,128700.0,21993.21534541
2026-04-25T21:00:00,128700.0,129300.0,128500.0,128600.0,22966.05560569
2026-04-26T01:00:00,128700.0,128800.0,127500.0,127700.0,16517.38283877
2026-04-26T05:00:00,127800.0,128500.0,127700.0,128400.0,9449.0630648
2026-04-26T09:00:00,128500.0,128700.0,127900.0,128000.0,27767.46173325
2026-04-26T13:00:00,128200.0,129100.0,128000.0,128800.0,20729.75033704
2026-04-26T17:00:00,128900.0,129000.0,128400.0,128600.0,15024.35654596
2026-04-26T21:00:00,128700.0,128700.0,127900.0,128600.0,31133.60372439
2026-04-27T01:00:00,128700.0,129200.0,128200.0,128900.0,17990.43294116
2026-04-27T05:00:00,128900.0,129500.0,128100.0,129100.0,37308.4756456
2026-04-27T09:00:00,129100.0,130200.0,128400.0,129700.0,55735.02058767
2026-04-27T13:00:00,129800.0,129900.0,126900.0,126900.0,75162.4921044
2026-04-27T17:00:00,126900.0,127300.0,126500.0,126800.0,47805.87026215
2026-04-27T21:00:00,126700.0,127500.0,124900.0,125600.0,70326.20141356
2026-04-28T01:00:00,125600.0,126400.0,125200.0,125600.0,17390.41374443
2026-04-28T05:00:00,125600.0,126500.0,125500.0,126400.0,22546.79086245
2026-04-28T09:00:00,126400.0,126500.0,124800.0,125100.0,36536.86642013
2026-04-28T13:00:00,125100.0,125400.0,124300.0,124900.0,36455.28610609
2026-04-28T17:00:00,124900.0,125100.0,123700.0,123800.0,43302.41593692
2026-04-28T21:00:00,123900.0,124800.0,123500.0,124100.0,46602.73754661
2026-04-29T01:00:00,124200.0,124800.0,123800.0,124700.0,14200.62170152
2026-04-29T05:00:00,124600.0,125000.0,124300.0,124800.0,16927.91730146
2026-04-29T09:00:00,124900.0,125800.0,124500.0,125600.0,26140.34067539
2026-04-29T13:00:00,125600.0,126300.0,125400.0,125700.0,27264.46975269
2026-04-29T17:00:00,125800.0,127000.0,125300.0,126100.0,48931.12305162
2026-04-29T21:00:00,126100.0,126100.0,123900.0,124200.0,49916.37464171
2026-04-30T01:00:00,124200.0,124800.0,122000.0,123100.0,57934.74424047
2026-04-30T05:00:00,123200.0,124600.0,123100.0,124200.0,26402.87986942
2026-04-30T09:00:00,124300.0,125400.0,123500.0,123900.0,43890.81624763
2026-04-30T13:00:00,123900.0,124300.0,122700.0,124200.0,32814.61279432
2026-04-30T17:00:00,124300.0,124500.0,123200.0,123600.0,19820.59148535
2026-04-30T21:00:00,123600.0,124700.0,123200.0,124200.0,28278.79152171
2026-05-01T01:00:00,124100.0,124300.0,123500.0,123700.0,6276.88268313
2026-05-01T05:00:00,123700.0,123900.0,123400.0,123700.0,14240.3417479
2026-05-01T09:00:00,123800.0,125400.0,123800.0,124800.0,23592.76588098
2026-05-01T13:00:00,124700.0,125100.0,124400.0,124800.0,20667.42869095
2026-05-01T17:00:00,124800.0,125300.0,124600.0,124900.0,11398.27793102
2026-05-01T21:00:00,124900.0,125700.0,124300.0,125200.0,46732.20168106
2026-05-02T01:00:00,125200.0,125400.0,124300.0,124400.0,23126.38317362
2026-05-02T05:00:00,124400.0,124500.0,123700.0,124200.0,19583.67426144
2026-05-02T09:00:00,124300.0,125000.0,124000.0,124400.0,14745.08690986
2026-05-02T13:00:00,124400.0,124500.0,124100.0,124300.0,9690.86221791
2026-05-02T17:00:00,124500.0,125000.0,124000.0,124200.0,13143.25210841
2026-05-02T21:00:00,124200.0,124800.0,124100.0,124600.0,13030.43500948
2026-05-03T01:00:00,124600.0,125000.0,124500.0,124700.0,6915.27252925
2026-05-03T05:00:00,124900.0,125800.0,124600.0,124900.0,23289.34957284
2026-05-03T09:00:00,124800.0,125000.0,124200.0,124200.0,16666.32192227
2026-05-03T13:00:00,124200.0,124800.0,124200.0,124600.0,10269.08850961
2026-05-03T17:00:00,124600.0,124900.0,124400.0,124600.0,12251.18774055
2026-05-03T21:00:00,124600.0,125100.0,124500.0,124700.0,16509.39301893
2026-05-04T01:00:00,124700.0,125100.0,124500.0,124800.0,4375.42316137
2026-05-04T05:00:00,124900.0,125600.0,124200.0,124400.0,22638.57503105
2026-05-04T09:00:00,124500.0,126500.0,123800.0,126100.0,82415.63632644
2026-05-04T13:00:00,125900.0,126600.0,124700.0,125200.0,49978.91704919
2026-05-04T17:00:00,125300.0,125900.0,123600.0,124500.0,67377.96885841
2026-05-04T21:00:00,124400.0,125900.0,124000.0,125200.0,69489.79612722
2026-05-05T01:00:00,125000.0,126000.0,124500.0,125200.0,28652.38913227
2026-05-05T05:00:00,125200.0,125400.0,124600.0,125000.0,28076.23470952
2026-05-05T09:00:00,125000.0,126000.0,124800.0,125800.0,53175.97025396
2026-05-05T13:00:00,125800.0,126100.0,125300.0,125700.0,61274.07521818
2026-05-05T17:00:00,125700.0,125800.0,125100.0,125700.0,44229.78507161
2026-05-05T21:00:00,125700.0,127200.0,125600.0,126600.0,78527.23637551
2026-05-06T01:00:00,126600.0,127900.0,126000.0,127900.0,28901.33381472
2026-05-06T05:00:00,127900.0,128500.0,127500.0,127700.0,62028.95796932
2026-05-06T09:00:00,127700.0,128500.0,127000.0,128400.0,66178.51342881
2026-05-06T13:00:00,128500.0,129000.0,127400.0,128700.0,51372.17286388
2026-05-06T17:00:00,128900.0,131300.0,128700.0,131100.0,111145.80216099
2026-05-06T21:00:00,131200.0,131600.0,128600.0,130600.0,93035.16831976
2026-05-07T01:00:00,130600.0,131300.0,130100.0,131000.0,32993.16147408
2026-05-07T05:00:00,131100.0,131500.0,130400.0,130700.0,41092.96253432
2026-05-07T09:00:00,130800.0,130900.0,128700.0,128900.0,67396.00851138
2026-05-07T13:00:00,128900.0,132700.0,128700.0,132300.0,71162.89226836
2026-05-07T17:00:00,132300.0,132400.0,130400.0,131500.0,39776.82103775
2026-05-07T21:00:00,131500.0,132200.0,129500.0,130200.0,71695.24352807
2026-05-08T01:00:00,130200.0,131200.0,129600.0,130200.0,16480.56853705
2026-05-08T05:00:00,130400.0,130900.0,129300.0,130200.0,22665.66628409
2026-05-08T09:00:00,130300.0,130700.0,129300.0,130300.0,27394.25595667
2026-05-08T13:00:00,130300.0,130500.0,129700.0,130300.0,24919.6281321
2026-05-08T17:00:00,130400.0,131400.0,130200.0,131200.0,46850.19183047
2026-05-08T21:00:00,131300.0,132300.0,130300.0,132300.0,52177.54898944
2026-05-09T01:00:00,132300.0,136500.0,131900.0,136200.0,76315.61709758
2026-05-09T05:00:00,136300.0,136400.0,135000.0,135400.0,49766.33970868
2026-05-09T09:00:00,135500.0,138400.0,135200.0,138000.0,80768.15900059
2026-05-09T13:00:00,138000.0,138600.0,136900.0,137900.0,45814.27374969
2026-05-09T17:00:00,138000.0,138300.0,137000.0,138000.0,27565.815783
2026-05-09T21:00:00,137900.0,138200.0,136300.0,137200.0,31408.59151193
2026-05-10T01:00:00,137200.0,138000.0,136600.0,137700.0,11453.65637531
2026-05-10T05:00:00,137800.0,137800.0,137200.0,137300.0,8823.43771535
2026-05-10T09:00:00,137400.0,137700.0,136600.0,137700.0,25745.01784184
2026-05-10T13:00:00,137700.0,137900.0,137300.0,137700.0,19281.93477245
2026-05-10T17:00:00,137800.0,139600.0,136800.0,137700.0,49184.39038727
2026-05-10T21:00:00,137900.0,139200.0,137300.0,139000.0,35420.26816524
2026-05-11T01:00:00,139100.0,141700.0,138400.0,141100.0,68457.15611104
2026-05-11T05:00:00,141200.0,141600.0,137300.0,141400.0,72104.10172895
2026-05-11T09:00:00,141400.0,142000.0,139200.0,139600.0,80831.93430091
2026-05-11T13:00:00,139700.0,141600.0,139300.0,140400.0,38655.79605072
2026-05-11T17:00:00,140500.0,140800.0,139400.0,140200.0,31076.84467865
2026-05-11T21:00:00,140300.0,142300.0,139100.0,142300.0,59602.85570655
2026-05-12T01:00:00,142300.0,144500.0,141800.0,144300.0,48060.65366037
2026-05-12T05:00:00,144400.0,144600.0,142800.0,143000.0,36736.45828966
2026-05-12T09:00:00,143100.0,144000.0,141200.0,142000.0,74651.88553223
2026-05-12T13:00:00,142000.0,143100.0,141700.0,141900.0,34332.3201617
2026-05-12T17:00:00,142100.0,142100.0,140000.0,140600.0,62431.60772261
2026-05-12T21:00:00,140600.0,141500.0,138700.0,139200.0,75440.77552086
2026-05-13T01:00:00,139200.0,140800.0,138900.0,140700.0,19800.57051384
2026-05-13T05:00:00,140700.0,140700.0,139600.0,139700.0,19910.954641
2026-05-13T09:00:00,139800.0,141700.0,139300.0,141600.0,39605.34546894
2026-05-13T13:00:00,141600.0,142000.0,140300.0,140700.0,28768.31307235
2026-05-13T17:00:00,140800.0,141600.0,139400.0,139600.0,43117.02920365
2026-05-13T21:00:00,139600.0,140200.0,134400.0,134600.0,123255.45311753
2026-05-14T01:00:00,134600.0,135800.0,134600.0,135300.0,36998.78041301
2026-05-14T05:00:00,135200.0,136000.0,135000.0,135600.0,32628.34698369
2026-05-14T09:00:00,135500.0,136000.0,133400.0,133400.0,60435.18169537
2026-05-14T13:00:00,133500.0,136100.0,133300.0,134800.0,43378.27972245
2026-05-14T17:00:00,134800.0,135500.0,134400.0,134600.0,26354.63170701
2026-05-14T21:00:00,134500.0,138000.0,134500.0,138000.0,73785.85093582
2026-05-15T01:00:00,137900.0,138400.0,136400.0,137200.0,56805.65618837
2026-05-15T05:00:00,137200.0,137400.0,136200.0,136300.0,39765.04514585
2026-05-15T09:00:00,136300.0,137100.0,135600.0,136300.0,57528.49298233
2026-05-15T13:00:00,136400.0,136400.0,134000.0,135800.0,58091.45892628
2026-05-15T17:00:00,135800.0,136000.0,134900.0,135500.0,23404.1196199
2026-05-15T21:00:00,135400.0,135500.0,132000.0,132600.0,69803.11465291
2026-05-16T01:00:00,132500.0,134000.0,132200.0,133200.0,13053.64829314
2026-05-16T05:00:00,133100.0,133300.0,132600.0,132800.0,13601.12902263
2026-05-16T09:00:00,132700.0,133200.0,132400.0,132600.0,19868.19547714
2026-05-16T13:00:00,132700.0,132700.0,129600.0,130500.0,59521.02692343
2026-05-16T17:00:00,130500.0,130700.0,127600.0,128500.0,105059.12912466
2026-05-16T21:00:00,128600.0,129300.0,128200.0,129100.0,27951.43849732
2026-05-17T01:00:00,129100.0,129700.0,128800.0,129300.0,10336.68367735
2026-05-17T05:00:00,129300.0,129500.0,129000.0,129100.0,12620.73401561
2026-05-17T09:00:00,129200.0,129500.0,127800.0,129200.0,29224.81568162
2026-05-17T13:00:00,129200.0,130000.0,129000.0,129800.0,20125.91965247
2026-05-17T17:00:00,129800.0,130100.0,129200.0,129800.0,20331.11358089
2026-05-17T21:00:00,129800.0,129900.0,128300.0,128900.0,22626.46905184
2026-05-18T01:00:00,128900.0,129400.0,128300.0,129300.0,7845.11310377
2026-05-18T05:00:00,129200.0,129500.0,125000.0,127200.0,66370.65221526
2026-05-18T09:00:00,127200.0,127200.0,125700.0,126300.0,58894.37682056
2026-05-18T13:00:00,126200.0,127000.0,125500.0,126000.0,40658.1622085
2026-05-18T17:00:00,126100.0,126600.0,124800.0,126200.0,43782.96838998
2026-05-18T21:00:00,126200.0,127700.0,124500.0,125400.0,70800.44618585
2026-05-19T01:00:00,125400.0,126700.0,124400.0,126400.0,16715.20895242
2026-05-19T05:00:00,126400.0,127400.0,126000.0,126700.0,19949.3532473
2026-05-19T09:00:00,126900.0,127600.0,125700.0,126600.0,36775.66808745
2026-05-19T13:00:00,126600.0,127500.0,125700.0,127300.0,23885.87375924
2026-05-19T17:00:00,127300.0,127400.0,125500.0,125700.0,27624.9509785
2026-05-19T21:00:00,125700.0,126900.0,125000.0,125700.0,21677.92445911
2026-05-20T01:00:00,125800.0,126600.0,125400.0,125900.0,4865.30558867
2026-05-20T05:00:00,125900.0,126400.0,125300.0,125600.0,13366.11967359
2026-05-20T09:00:00,125600.0,125800.0,124700.0,125000.0,29096.55434098
2026-05-20T13:00:00,125000.0,126400.0,124800.0,126000.0,27435.79909631
2026-05-20T17:00:00,126100.0,126700.0,125800.0,125900.0,21163.14874234
2026-05-20T21:00:00,126000.0,128000.0,125400.0,127400.0,36183.16328524
2026-05-21T01:00:00,127400.0,129100.0,127000.0,127900.0,22391.42824203
2026-05-21T05:00:00,127800.0,128000.0,127100.0,127700.0,20416.36530866
2026-05-21T09:00:00,127800.0,129000.0,127600.0,129000.0,28301.50897206
2026-05-21T13:00:00,129000.0,129400.0,128000.0,128700.0,27964.33700197
2026-05-21T17:00:00,128800.0,129400.0,127200.0,127200.0,27287.53505485
2026-05-21T21:00:00,127200.0,129000.0,126900.0,128400.0,30870.93710196
2026-05-22T01:00:00,128400.0,130500.0,127900.0,130200.0,21794.38331055
2026-05-22T05:00:00,130200.0,130400.0,129100.0,129600.0,19969.54090617
2026-05-22T09:00:00,129500.0,129700.0,128500.0,129400.0,24724.15371646
2026-05-22T13:00:00,129400.0,129800.0,128800.0,129600.0,19603.66700327
2026-05-22T17:00:00,129600.0,130300.0,129400.0,130100.0,21913.14273261
2026-05-22T21:00:00,130100.0,131000.0,128900.0,129700.0,38256.1288178
2026-05-23T01:00:00,129700.0,130100.0,126000.0,126700.0,30112.98480495
2026-05-23T05:00:00,126700.0,127900.0,126000.0,126600.0,30556.25659652
2026-05-23T09:00:00,126600.0,127000.0,126200.0,126900.0,24823.55478869
2026-05-23T13:00:00,126800.0,126900.0,122500.0,123600.0,62826.21633887
2026-05-23T17:00:00,123600.0,123900.0,122800.0,123500.0,53636.54414595
2026-05-23T21:00:00,123400.0,126700.0,123200.0,126000.0,39088.08483672
2026-05-24T01:00:00,126000.0,127300.0,125700.0,127000.0,11857.81406323
2026-05-24T05:00:00,127000.0,130400.0,126800.0,128300.0,52442.01522677
2026-05-24T09:00:00,128300.0,129200.0,128000.0,128300.0,27815.07286017
2026-05-24T13:00:00,128300.0,129500.0,127900.0,128600.0,18597.34834727
2026-05-24T17:00:00,128700.0,130000.0,128600.0,129500.0,25815.88883379
2026-05-24T21:00:00,129600.0,129600.0,126300.0,127700.0,29901.93580913
2026-05-25T01:00:00,127600.0,128500.0,127300.0,127700.0,6751.53155504
2026-05-25T05:00:00,127800.0,128000.0,125400.0,127700.0,31850.44614941
2026-05-25T09:00:00,127600.0,128100.0,126700.0,127000.0,29290.72071794
2026-05-25T13:00:00,127000.0,128600.0,126800.0,128100.0,18488.84261265
2026-05-25T17:00:00,128100.0,128500.0,127800.0,127800.0,14457.39938588
2026-05-25T21:00:00,127800.0,128600.0,127700.0,128300.0,16710.94199278
2026-05-26T01:00:00,128400.0,128500.0,127200.0,127400.0,12015.46376726
2026-05-26T05:00:00,127400.0,127800.0,126100.0,126400.0,28980.3958083
2026-05-26T09:00:00,126300.0,126500.0,124600.0,125100.0,53528.66022207
2026-05-26T13:00:00,125100.0,126000.0,124600.0,125100.0,23654.76145686
2026-05-26T17:00:00,125000.0,127000.0,125000.0,126200.0,26982.46719588
2026-05-26T21:00:00,126200.0,127200.0,124800.0,125500.0,36525.45360055
2026-05-27T01:00:00,125500.0,125500.0,123800.0,124600.0,25203.11042394
2026-05-27T05:00:00,124800.0,125000.0,124000.0,124100.0,23650.49983002
2026-05-27T09:00:00,124100.0,124600.0,123400.0,123500.0,39401.61214482
2026-05-27T13:00:00,123500.0,124400.0,122500.0,124300.0,46512.15337547
2026-05-27T17:00:00,124300.0,124600.0,123300.0,123700.0,20553.20671384
2026-05-27T21:00:00,123700.0,124800.0,122600.0,124400.0,49529.38754561
2026-05-28T01:00:00,124400.0,124700.0,122700.0,123700.0,9627.09109648
2026-05-28T05:00:00,123800.0,124100.0,121000.0,121400.0,59373.04571869
2026-05-28T09:00:00,121400.0,122200.0,118700.0,119100.0,97599.9184043
2026-05-28T13:00:00,119100.0,120300.0,118000.0,120000.0,64267.12069943
2026-05-28T17:00:00,120000.0,120300.0,118900.0,119200.0,24866.72816036
2026-05-28T21:00:00,119300.0,120600.0,118500.0,119900.0,46559.51099781
2026-05-29T01:00:00,119800.0,122400.0,119400.0,121300.0,21275.85123434
2026-05-29T05:00:00,121300.0,122000.0,120700.0,121100.0,21579.68508914
2026-05-29T09:00:00,121100.0,121600.0,120000.0,120300.0,27221.70607187
2026-05-29T13:00:00,120300.0,121700.0,119900.0,121600.0,33507.92488004
2026-05-29T17:00:00,121600.0,122300.0,120700.0,120900.0,24304.60926533
2026-05-29T21:00:00,120900.0,123200.0,119200.0,122100.0,51797.09745027
2026-05-30T01:00:00,122100.0,123000.0,120800.0,121500.0,23850.10673063
2026-05-30T05:00:00,121400.0,121800.0,120900.0,121500.0,18924.55898927
2026-05-30T09:00:00,121600.0,123100.0,121300.0,122500.0,30698.85413315
2026-05-30T13:00:00,122500.0,122700.0,121400.0,122000.0,23941.83567517
2026-05-30T17:00:00,122000.0,122400.0,121700.0,121900.0,11254.1067309
2026-05-30T21:00:00,121900.0,122800.0,121800.0,122400.0,12068.43410882
2026-05-31T01:00:00,122500.0,123000.0,122400.0,122800.0,6370.042834
2026-05-31T05:00:00,122900.0,123000.0,122200.0,122500.0,10694.76450617
2026-05-31T09:00:00,122500.0,123500.0,122500.0,123300.0,15197.75339665
2026-05-31T13:00:00,123300.0,123300.0,122100.0,122300.0,15237.0683776
2026-05-31T17:00:00,122300.0,122900.0,122000.0,122300.0,17217.16962582
2026-05-31T21:00:00,122300.0,122700.0,120800.0,120800.0,30695.1498323
2026-06-01T01:00:00,120800.0,121200.0,120100.0,120500.0,11950.58678036
2026-06-01T05:00:00,120500.0,122100.0,120100.0,121400.0,26499.80839471
2026-06-01T09:00:00,121400.0,122300.0,120300.0,121300.0,43679.13526522
2026-06-01T13:00:00,121500.0,121700.0,118500.0,118700.0,57073.12153726
2026-06-01T17:00:00,118700.0,119400.0,118100.0,118600.0,34662.43163486
2026-06-01T21:00:00,118600.0,118900.0,116300.0,116900.0,93239.34673395
2026-06-02T01:00:00,116900.0,119200.0,116200.0,119100.0,23058.97627483
2026-06-02T05:00:00,119100.0,119200.0,117500.0,118600.0,34782.6157123
2026-06-02T09:00:00,118500.0,118600.0,115500.0,117900.0,76610.17202502
2026-06-02T13:00:00,117900.0,118200.0,115900.0,116700.0,40184.92490192
2026-06-02T17:00:00,116700.0,117000.0,115400.0,115700.0,36796.75441502
2026-06-02T21:00:00,115600.0,115800.0,111300.0,112500.0,137871.730863
2026-06-03T01:00:00,112700.0,114400.0,110200.0,111600.0,50619.80487069
2026-06-03T05:00:00,111600.0,112500.0,107900.0,109800.0,114539.95005654
2026-06-03T09:00:00,109800.0,111300.0,107200.0,107700.0,89976.69038019
2026-06-03T13:00:00,107700.0,111800.0,107600.0,111500.0,78199.39488148
2026-06-03T17:00:00,111500.0,112100.0,110600.0,111300.0,46454.38504523
2026-06-03T21:00:00,111400.0,111700.0,108400.0,108500.0,65003.91285437
2026-06-04T01:00:00,108600.0,109700.0,106500.0,107000.0,56245.42000814
2026-06-04T05:00:00,106900.0,108400.0,105500.0,106200.0,87017.77135092
2026-06-04T09:00:00,106100.0,107000.0,99450.0,106500.0,249833.66889693
2026-06-04T13:00:00,106500.0,107000.0,103100.0,103100.0,72466.31916159
2026-06-04T17:00:00,103200.0,103600.0,100700.0,102500.0,85187.75938828
2026-06-04T21:00:00,102500.0,105500.0,102100.0,104100.0,65620.65216656
2026-06-05T01:00:00,104100.0,104100.0,102200.0,103100.0,15771.06091432
2026-06-05T05:00:00,103100.0,103100.0,101100.0,102900.0,49774.73835293
2026-06-05T09:00:00,102900.0,103200.0,100400.0,100700.0,77808.35070387
2026-06-05T13:00:00,100700.0,102100.0,96550.0,99350.0,226546.47908402
2026-06-05T17:00:00,99400.0,100500.0,97850.0,99450.0,73217.96199625
2026-06-05T21:00:00,99550.0,100700.0,97050.0,97800.0,127779.8816368
2026-06-06T01:00:00,97750.0,100200.0,94100.0,96600.0,113434.55358803
2026-06-06T05:00:00,96600.0,99200.0,95300.0,97000.0,59940.16207641
2026-06-06T09:00:00,97000.0,98650.0,95300.0,95750.0,79408.28669743
2026-06-06T13:00:00,95650.0,96100.0,91800.0,95250.0,151185.85807176
2026-06-06T17:00:00,95250.0,96500.0,93100.0,94900.0,65883.1863088
2026-06-06T21:00:00,94950.0,95850.0,93300.0,94300.0,44031.96765871
2026-06-07T01:00:00,94300.0,94800.0,93300.0,93700.0,18245.47859386
2026-06-07T05:00:00,93750.0,94650.0,93300.0,94600.0,29950.54360497
2026-06-07T09:00:00,94600.0,97350.0,94200.0,97000.0,66242.15237897
2026-06-07T13:00:00,97050.0,98800.0,96250.0,98750.0,52053.77223962
2026-06-07T17:00:00,98800.0,100600.0,97900.0,98850.0,80222.15462675
2026-06-07T21:00:00,98800.0,99150.0,96700.0,98500.0,52518.77343274
2026-06-08T01:00:00,98550.0,99400.0,96700.0,97100.0,18917.68492189
2026-06-08T05:00:00,97100.0,102700.0,96850.0,100100.0,69737.82360624
2026-06-08T09:00:00,100200.0,101200.0,98800.0,100200.0,69719.401655
2026-06-08T13:00:00,100200.0,100200.0,97750.0,99200.0,51110.08368727
2026-06-08T17:00:00,99250.0,100600.0,98300.0,99950.0,51844.53219649
2026-06-08T21:00:00,99900.0,101500.0,99050.0,100300.0,55826.61658303
2026-06-09T01:00:00,100400.0,101300.0,99650.0,100800.0,17143.9857047
2026-06-09T05:00:00,100800.0,101800.0,100000.0,100200.0,26237.72385014
2026-06-09T09:00:00,100300.0,100500.0,98050.0,99050.0,53040.73303599
2026-06-09T13:00:00,99050.0,100800.0,98700.0,99850.0,38830.42745676
2026-06-09T17:00:00,99900.0,99950.0,98750.0,99100.0,25983.09526623
2026-06-09T21:00:00,99100.0,99550.0,96700.0,96850.0,74560.75723155
2026-06-10T01:00:00,96850.0,98500.0,95700.0,98100.0,34806.4836665
2026-06-10T05:00:00,98200.0,98550.0,97050.0,97500.0,23628.13658982
2026-06-10T09:00:00,97500.0,97750.0,96400.0,96650.0,33101.47960566
2026-06-10T13:00:00,96800.0,97250.0,95800.0,96850.0,34061.44892313
2026-06-10T17:00:00,96950.0,96950.0,94750.0,95650.0,49741.97058272
2026-06-10T21:00:00,95650.0,98850.0,95350.0,98350.0,77352.9505829
2026-06-11T01:00:00,98400.0,98450.0,95550.0,95850.0,18228.65546331
2026-06-11T05:00:00,95850.0,96050.0,94050.0,95150.0,47729.55822874
2026-06-11T09:00:00,95150.0,98250.0,95050.0,97950.0,49317.0000136
2026-06-11T13:00:00,98000.0,98300.0,97400.0,97850.0,31798.71948148
2026-06-11T17:00:00,97900.0,99500.0,97800.0,99100.0,27385.85117279
2026-06-11T21:00:00,99150.0,99150.0,97750.0,98650.0,61236.57410195
2026-06-12T01:00:00,98750.0,101100.0,97900.0,100300.0,30781.76842918
2026-06-12T05:00:00,100500.0,100900.0,99500.0,100500.0,25870.30468275
2026-06-12T09:00:00,100700.0,101000.0,99800.0,100500.0,29582.63786849
2026-06-12T13:00:00,100600.0,100900.0,99300.0,99800.0,23616.90740465
2026-06-12T17:00:00,99850.0,101400.0,99800.0,100900.0,27392.55000727
2026-06-12T21:00:00,100900.0,103500.0,100100.0,101400.0,60834.07967998
2026-06-13T01:00:00,101400.0,102800.0,100600.0,100800.0,12951.6146027
2026-06-13T05:00:00,100800.0,101000.0,100300.0,100700.0,13335.51208821
2026-06-13T09:00:00,100800.0,101900.0,100700.0,101000.0,41908.94480599
2026-06-13T13:00:00,100900.0,101800.0,100600.0,101600.0,19355.10810585
2026-06-13T17:00:00,101600.0,102500.0,101400.0,102400.0,21824.20379523
2026-06-13T21:00:00,102400.0,103600.0,102300.0,103400.0,24780.79013075
2026-06-14T01:00:00,103400.0,103500.0,102300.0,103000.0,9592.72773446
2026-06-14T05:00:00,103100.0,104900.0,102800.0,104200.0,25327.13018354
2026-06-14T09:00:00,104300.0,104600.0,103800.0,104400.0,19692.90705343
2026-06-14T13:00:00,104300.0,104300.0,102800.0,103100.0,23150.68001074
2026-06-14T17:00:00,103100.0,103700.0,102700.0,102900.0,14700.52827525
2026-06-14T21:00:00,103000.0,103100.0,101000.0,101800.0,43407.63645214
2026-06-15T01:00:00,101800.0,102200.0,101400.0,102000.0,5276.44475833
2026-06-15T05:00:00,102000.0,107500.0,101800.0,107400.0,70580.80767514
2026-06-15T09:00:00,107400.0,107800.0,105900.0,106900.0,55998.67770556
2026-06-15T13:00:00,106800.0,107200.0,106300.0,107000.0,19597.62274821
2026-06-15T17:00:00,107000.0,109200.0,106300.0,109200.0,42932.81660273
2026-06-15T21:00:00,109000.0,112900.0,108700.0,112900.0,102345.55544549
2026-06-16T01:00:00,112900.0,114100.0,111900.0,112900.0,42592.866289
2026-06-16T05:00:00,113000.0,113200.0,110200.0,111000.0,46618.23482897
2026-06-16T09:00:00,111000.0,111800.0,109300.0,110800.0,47238.53266109
2026-06-16T13:00:00,110800.0,112000.0,109900.0,111900.0,23439.64646743
2026-06-16T17:00:00,111900.0,113700.0,111600.0,112000.0,37743.84276498
2026-06-16T21:00:00,112100.0,113500.0,108700.0,110200.0,51553.138845
2026-06-17T01:00:00,110200.0,111600.0,109700.0,110900.0,12644.23240296
2026-06-17T05:00:00,110900.0,111500.0,110300.0,110500.0,14721.17602409
2026-06-17T09:00:00,110500.0,111900.0,110000.0,110800.0,37426.95265091
2026-06-17T13:00:00,110900.0,111300.0,109800.0,110300.0,22416.03000388
2026-06-17T17:00:00,110300.0,110300.0,107800.0,108300.0,57681.60877598
2026-06-17T21:00:00,108300.0,111000.0,107700.0,110900.0,33678.27746224
2026-06-18T01:00:00,110900.0,112000.0,107800.0,108200.0,34068.22845636
2026-06-18T05:00:00,108200.0,109000.0,106900.0,108500.0,32129.19538722
2026-06-18T09:00:00,108600.0,109400.0,107700.0,107700.0,28546.55138076
2026-06-18T13:00:00,107800.0,108100.0,106200.0,107900.0,45954.90771164
2026-06-18T17:00:00,107900.0,108800.0,106700.0,107000.0,21374.78313897
2026-06-18T21:00:00,107000.0,108400.0,103500.0,103700.0,60235.61065159
2026-06-19T01:00:00,103700.0,105200.0,103400.0,105000.0,26081.02313394
2026-06-19T05:00:00,105200.0,105800.0,104600.0,105300.0,22966.07268223
2026-06-19T09:00:00,105200.0,105900.0,103600.0,104200.0,40532.65140854
2026-06-19T13:00:00,104200.0,104400.0,102400.0,103000.0,40697.98763219
2026-06-19T17:00:00,103000.0,103600.0,102800.0,103100.0,17064.47605936
2026-06-19T21:00:00,103100.0,105200.0,102700.0,104700.0,26808.97863233
2026-06-20T01:00:00,104600.0,105000.0,103700.0,104200.0,7830.94924856
2026-06-20T05:00:00,104000.0,105600.0,103800.0,105300.0,10882.89207965
2026-06-20T09:00:00,105400.0,106200.0,105100.0,105900.0,21719.7033852
2026-06-20T13:00:00,106000.0,109500.0,105700.0,108300.0,59116.05085891
2026-06-20T17:00:00,108200.0,109000.0,107700.0,108600.0,19847.82560438
2026-06-20T21:00:00,108700.0,109600.0,106500.0,108900.0,44535.21921042
2026-06-21T01:00:00,108800.0,108800.0,107400.0,108700.0,8713.42640643
2026-06-21T05:00:00,108700.0,112300.0,108500.0,110700.0,38010.8126516
2026-06-21T09:00:00,110800.0,111700.0,110200.0,111300.0,38201.52843641
2026-06-21T13:00:00,111400.0,111700.0,110300.0,110600.0,25120.80954894
2026-06-21T17:00:00,110600.0,112300.0,109800.0,110600.0,39889.15143943
2026-06-21T21:00:00,110600.0,112000.0,110100.0,111700.0,24191.39844832
2026-06-22T01:00:00,111700.0,112500.0,111200.0,112200.0,13971.96998176
2026-06-22T05:00:00,112200.0,112300.0,109000.0,109300.0,45272.9279077
2026-06-22T09:00:00,109300.0,112800.0,109100.0,110900.0,51080.9320083
2026-06-22T13:00:00,110900.0,112200.0,110600.0,111800.0,26052.7899139
2026-06-22T17:00:00,111800.0,112200.0,111000.0,111800.0,23967.40633004
2026-06-22T21:00:00,111800.0,112800.0,110000.0,110200.0,47773.69882243
2026-06-23T01:00:00,110300.0,110900.0,109300.0,109700.0,27851.79504198
2026-06-23T05:00:00,109800.0,110200.0,107900.0,108700.0,32499.09978437
2026-06-23T09:00:00,108700.0,108800.0,107600.0,108100.0,33933.25465997
2026-06-23T13:00:00,108200.0,108300.0,104800.0,105500.0,57941.36983919
2026-06-23T17:00:00,105500.0,105600.0,102700.0,104700.0,61144.18688824
2026-06-23T21:00:00,104600.0,105300.0,103400.0,104000.0,35097.68132345
2026-06-24T01:00:00,104000.0,104800.0,103700.0,104000.0,11305.3159361
2026-06-24T05:00:00,104000.0,105400.0,103900.0,105100.0,18758.22092037
2026-06-24T09:00:00,105100.0,106000.0,104000.0,104800.0,40150.28906949
2026-06-24T13:00:00,104700.0,105900.0,104000.0,104800.0,21311.44650564
2026-06-24T17:00:00,104800.0,106400.0,104000.0,105500.0,22788.27623952
2026-06-24T21:00:00,105500.0,105800.0,102300.0,102400.0,53909.99457749
2026-06-25T01:00:00,102400.0,103300.0,98950.0,101100.0,78123.54614314
2026-06-25T05:00:00,101000.0,104000.0,100800.0,103200.0,38583.67924575
2026-06-25T09:00:00,103100.0,103600.0,102400.0,102700.0,25823.28612774
2026-06-25T13:00:00,102700.0,105400.0,102400.0,105000.0,37515.01169273
2026-06-25T17:00:00,105100.0,105100.0,102900.0,103300.0,34924.54898179
2026-06-25T21:00:00,103300.0,104300.0,98100.0,100900.0,141129.00048854
2026-06-26T01:00:00,101000.0,102500.0,100000.0,100800.0,15076.50015743
2026-06-26T05:00:00,100800.0,104500.0,100600.0,103000.0,33674.42843371
2026-06-26T09:00:00,103000.0,104000.0,100400.0,103500.0,88224.34302845
2026-06-26T13:00:00,103500.0,107500.0,103000.0,107300.0,68744.01581534
2026-06-26T17:00:00,107300.0,107300.0,103900.0,104100.0,76361.67667168
2026-06-26T21:00:00,104200.0,109400.0,103700.0,109200.0,125180.76098233
2026-06-27T01:00:00,109200.0,111800.0,109100.0,110500.0,75877.04816018
2026-06-27T05:00:00,110400.0,111400.0,108200.0,109100.0,36678.83575779
2026-06-27T09:00:00,109100.0,110000.0,108100.0,109700.0,54129.75586891
2026-06-27T13:00:00,109700.0,110200.0,108500.0,109600.0,27788.17368798
2026-06-27T17:00:00,109700.0,109800.0,108500.0,109000.0,20558.41125786
2026-06-27T21:00:00,109000.0,110900.0,108700.0,110300.0,30497.25122447
2026-06-28T01:00:00,110400.0,110600.0,107700.0,107800.0,20796.25216541
2026-06-28T05:00:00,108000.0,108800.0,106700.0,106900.0,25964.42447092
2026-06-28T09:00:00,107000.0,107800.0,106800.0,107600.0,23778.64977201
2026-06-28T13:00:00,107600.0,107800.0,106500.0,107800.0,19837.06871291
2026-06-28T17:00:00,107800.0,109400.0,107700.0,109000.0,32753.36017584
2026-06-28T21:00:00,109000.0,109700.0,108100.0,109000.0,24812.96998495
2026-06-29T01:00:00,109100.0,109200.0,106700.0,107300.0,25579.73750481
2026-06-29T05:00:00,107300.0,108800.0,105900.0,108100.0,41332.78504603
2026-06-29T09:00:00,108200.0,111100.0,106800.0,110100.0,84594.25298135
2026-06-29T13:00:00,110200.0,110600.0,107700.0,110100.0,51939.07769665
2026-06-29T17:00:00,110200.0,111600.0,109500.0,109900.0,47667.97935644
2026-06-29T21:00:00,109900.0,112900.0,109400.0,112200.0,162399.31675944
2026-06-30T01:00:00,112200.0,115800.0,110500.0,114900.0,46390.03356865
2026-06-30T05:00:00,114900.0,114900.0,113300.0,113600.0,35452.27910258
2026-06-30T09:00:00,113700.0,114000.0,112300.0,112600.0,53700.2891214
2026-06-30T13:00:00,112600.0,112800.0,111900.0,112700.0,34017.306732
2026-06-30T17:00:00,112700.0,112700.0,111500.0,111600.0,27638.13182553
2026-06-30T21:00:00,111700.0,112900.0,109700.0,111500.0,77614.39410229
2026-07-01T01:00:00,111500.0,112600.0,110900.0,112300.0,22904.69070548
2026-07-01T05:00:00,112200.0,112600.0,111500.0,112000.0,23134.69535628
2026-07-01T09:00:00,112100.0,115100.0,110500.0,115000.0,87708.1246977
2026-07-01T13:00:00,115000.0,115300.0,112600.0,114200.0,52423.88696191
2026-07-01T17:00:00,114200.0,115100.0,113500.0,114100.0,38450.5591064
2026-07-01T21:00:00,114100.0,117900.0,113400.0,117600.0,92219.75612176
2026-07-02T01:00:00,117600.0,118600.0,116500.0,116800.0,30445.01960648
2026-07-02T05:00:00,116900.0,119600.0,116200.0,117800.0,60171.95408747
2026-07-02T09:00:00,117800.0,119600.0,116700.0,119200.0,65086.33141206
2026-07-02T13:00:00,119300.0,119300.0,117600.0,118100.0,38680.33440795
2026-07-02T17:00:00,118200.0,125200.0,118100.0,124700.0,153347.19155388
2026-07-02T21:00:00,124700.0,124700.0,120800.0,122100.0,159765.21393597
2026-07-03T01:00:00,122100.0,122600.0,121200.0,122000.0,22560.8268313
2026-07-03T05:00:00,122000.0,122500.0,121500.0,121800.0,25068.48779307
2026-07-03T09:00:00,122000.0,123300.0,121400.0,121900.0,62038.71025083
2026-07-03T13:00:00,122000.0,122900.0,121500.0,122400.0,52527.90088257
2026-07-03T17:00:00,122500.0,123500.0,121600.0,123000.0,48161.45859753
2026-07-03T21:00:00,123200.0,123500.0,121900.0,122300.0,40729.70765865
2026-07-04T01:00:00,122400.0,125200.0,122100.0,124200.0,24265.55315401
2026-07-04T05:00:00,124200.0,124800.0,123700.0,124200.0,24809.02623405
2026-07-04T09:00:00,124200.0,125000.0,123200.0,124700.0,55222.92902678
2026-07-04T13:00:00,124700.0,126800.0,124200.0,124900.0,67513.87691613
2026-07-04T17:00:00,125000.0,125000.0,122900.0,123600.0,56111.40244773
2026-07-04T21:00:00,123700.0,124400.0,122900.0,123900.0,55747.59051211
2026-07-05T01:00:00,124000.0,124700.0,123200.0,123600.0,25462.73494905
2026-07-05T05:00:00,123600.0,124000.0,122800.0,123300.0,21590.26643676
2026-07-05T09:00:00,123400.0,123400.0,120600.0,121200.0,70218.80547648
2026-07-05T13:00:00,121300.0,122000.0,121000.0,121900.0,16985.6032576
2026-07-05T17:00:00,121900.0,122000.0,120300.0,121600.0,23415.36783689
2026-07-05T21:00:00,121600.0,123000.0,121200.0,122600.0,33698.44524238
2026-07-06T01:00:00,122600.0,122700.0,121800.0,122200.0,4478.65128679
2026-07-06T05:00:00,122200.0,124000.0,122000.0,122600.0,42968.10071464
2026-07-06T09:00:00,122700.0,123800.0,121200.0,121600.0,45163.40958966
2026-07-06T13:00:00,121700.0,122000.0,120700.0,121800.0,31155.03122958
2026-07-06T17:00:00,121800.0,122200.0,120600.0,121100.0,21344.53561335
2026-07-06T21:00:00,121100.0,122700.0,119400.0,122500.0,90125.15079193
2026-07-07T01:00:00,122600.0,123800.0,122000.0,123200.0,30612.77480032
2026-07-07T05:00:00,123300.0,125800.0,122600.0,122900.0,50147.56138008
2026-07-07T09:00:00,122900.0,123900.0,121300.0,121400.0,49360.21837712
2026-07-07T13:00:00,121500.0,122800.0,120600.0,122400.0,41046.06072677
2026-07-07T17:00:00,122400.0,122500.0,121000.0,121700.0,29614.07901651
2026-07-07T21:00:00,121800.0,123200.0,120600.0,122800.0,48285.91149007
2026-07-08T01:00:00,123000.0,123700.0,121000.0,121900.0,27583.74164648
2026-07-08T05:00:00,121900.0,122000.0,120500.0,120900.0,26033.30012534
2026-07-08T09:00:00,120900.0,121200.0,117300.0,117700.0,77839.91434441
2026-07-08T13:00:00,117800.0,118100.0,116000.0,116800.0,58165.42265789
2026-07-08T17:00:00,116800.0,117100.0,114900.0,115900.0,57604.77240496
2026-07-08T21:00:00,115900.0,116100.0,114200.0,114800.0,39283.83998458
2026-07-09T01:00:00,114800.0,116200.0,114800.0,115700.0,12481.32244812
2026-07-09T05:00:00,115700.0,116400.0,114900.0,116200.0,15501.53090431
2026-07-09T09:00:00,116200.0,117500.0,114400.0,115300.0,62666.15699969
2026-07-09T13:00:00,115400.0,117500.0,115000.0,116800.0,38268.58535758
2026-07-09T17:00:00,116900.0,117100.0,115400.0,116000.0,21624.41216986
2026-07-09T21:00:00,116000.0,117400.0,115700.0,116000.0,23286.61100068
2026-07-10T01:00:00,116100.0,117100.0,115600.0,116700.0,6344.39238804
2026-07-10T05:00:00,116700.0,117000.0,116100.0,116400.0,11712.74117752
2026-07-10T09:00:00,116500.0,118500.0,116100.0,117900.0,46056.23797822
2026-07-10T13:00:00,118000.0,118500.0,117400.0,117600.0,24983.28378728
2026-07-10T17:00:00,117600.0,118700.0,117500.0,118200.0,28124.55590234
2026-07-10T21:00:00,118300.0,118600.0,115000.0,116500.0,64849.79303514
2026-07-11T01:00:00,116500.0,116600.0,115200.0,116100.0,11234.10375911
2026-07-11T05:00:00,116200.0,116600.0,115800.0,116400.0,13343.24952993
2026-07-11T09:00:00,116400.0,116600.0,115600.0,116100.0,17409.89149126
2026-07-11T13:00:00,116100.0,116500.0,115800.0,116300.0,15247.96473643
2026-07-11T17:00:00,116300.0,116800.0,115900.0,116500.0,13343.99090252
2026-07-11T21:00:00,116300.0,117500.0,116200.0,116900.0,20504.55122993
2026-07-12T01:00:00,116900.0,116900.0,115900.0,116300.0,15748.08936756
2026-07-12T05:00:00,116400.0,116700.0,114600.0,114600.0,24545.8700651
2026-07-12T09:00:00,114600.0,115100.0,113000.0,115100.0,40988.91164483
2026-07-12T13:00:00,115100.0,115100.0,113300.0,114200.0,18136.51386199
2026-07-12T17:00:00,114200.0,115200.0,114000.0,114800.0,12341.93677411
2026-07-12T21:00:00,114800.0,115800.0,114500.0,115300.0,14807.93391032
2026-07-13T01:00:00,115500.0,115900.0,115100.0,115700.0,6397.45409215
2026-07-13T05:00:00,115800.0,115800.0,114100.0,114700.0,16515.30931036
2026-07-13T09:00:00,114700.0,116400.0,112500.0,113000.0,60016.52950545
2026-07-13T13:00:00,113000.0,113900.0,112800.0,113300.0,27308.00323809
2026-07-13T17:00:00,113400.0,114000.0,112800.0,113000.0,15576.08987016
2026-07-13T21:00:00,113000.0,113200.0,111500.0,112500.0,36670.99564436
2026-07-14T01:00:00,112500.0,112800.0,110900.0,111800.0,19366.04819813
2026-07-14T05:00:00,111800.0,112000.0,110300.0,111100.0,27449.38437943
2026-07-14T09:00:00,111200.0,111900.0,110000.0,110900.0,40049.5012151
2026-07-14T13:00:00,110900.0,111400.0,110600.0,110800.0,16493.55543751
2026-07-14T17:00:00,110700.0,111900.0,110700.0,111500.0,19206.7578558
2026-07-14T21:00:00,111600.0,114700.0,111200.0,114000.0,65516.61806237
2026-07-15T01:00:00,114000.0,114400.0,113100.0,113400.0,10835.68870114
2026-07-15T05:00:00,113500.0,114500.0,113100.0,114300.0,16724.20224206
2026-07-15T09:00:00,114400.0,114500.0,113300.0,114400.0,23135.81784448
2026-07-15T13:00:00,114500.0,115800.0,114100.0,114200.0,30515.11380507
2026-07-15T17:00:00,114200.0,114800.0,113800.0,114200.0,16053.58382145
2026-07-15T21:00:00,114200.0,116300.0,113900.0,114700.0,60596.4073062
2026-07-16T01:00:00,114800.0,114900.0,113200.0,113500.0,13176.97448854
2026-07-16T05:00:00,113500.0,114200.0,113300.0,113500.0,18929.59668851
2026-07-16T09:00:00,113500.0,113800.0,112600.0,112800.0,32565.64088843
2026-07-16T13:00:00,112700.0,113800.0,111900.0,112300.0,30435.57070242
2026-07-16T17:00:00,112300.0,112400.0,111100.0,112000.0,23858.44449332
2026-07-16T21:00:00,112000.0,112800.0,111300.0,112600.0,21612.82649348
2026-07-17T01:00:00,112500.0,112600.0,110900.0,111500.0,14490.48956635
2026-07-17T05:00:00,111700.0,111800.0,110500.0,110900.0,17594.9569472
2026-07-17T09:00:00,110900.0,111500.0,110100.0,110700.0,27056.94840698
2026-07-17T13:00:00,110700.0,111000.0,109500.0,110100.0,30975.53502942
2026-07-17T17:00:00,110200.0,110800.0,109600.0,110700.0,11783.52428895
2026-07-17T21:00:00,110600.0,110600.0,108600.0,110400.0,38183.47725952
2026-07-18T01:00:00,110400.0,111600.0,110200.0,111000.0,12506.06522746
2026-07-18T05:00:00,110800.0,111100.0,110400.0,110700.0,5856.32647863
2026-07-18T09:00:00,110700.0,111400.0,110500.0,111200.0,11378.79149123
2026-07-18T13:00:00,111300.0,111300.0,110600.0,110800.0,10682.81566932
2026-07-18T17:00:00,110800.0,110900.0,110300.0,110800.0,10543.71563155
2026-07-18T21:00:00,110800.0,111100.0,110200.0,110700.0,11580.59774044
2026-07-19T01:00:00,110700.0,111600.0,110500.0,111300.0,9198.09493057
2026-07-19T05:00:00,111300.0,111500.0,111000.0,111300.0,8571.44856972
2026-07-19T09:00:00,111300.0,112800.0,111000.0,111800.0,21399.59953773
2026-07-19T13:00:00,111700.0,112400.0,111500.0,112100.0,12231.30154868
2026-07-19T17:00:00,112100.0,112600.0,111700.0,112000.0,9485.64320696
2026-07-19T21:00:00,112000.0,112800.0,111600.0,112200.0,13263.90020026
2026-07-20T01:00:00,112200.0,112300.0,111100.0,111700.0,6140.46764706
2026-07-20T05:00:00,111600.0,112400.0,111300.0,112100.0,10257.35232436
2026-07-20T09:00:00,112100.0,113700.0,111900.0,112500.0,33211.95895985
2026-07-20T13:00:00,112500.0,112700.0,110900.0,111900.0,29721.7907243
2026-07-20T17:00:00,111800.0,113200.0,111400.0,113000.0,22003.72762493
2026-07-20T21:00:00,113100.0,113800.0,111400.0,113700.0,28442.42285718
2026-07-21T01:00:00,113700.0,114400.0,113000.0,113400.0,15222.17973751
2026-07-21T05:00:00,113300.0,114000.0,113000.0,113700.0,13527.91771482
2026-07-21T09:00:00,113500.0,114600.0,113400.0,114000.0,30411.16390196
2026-07-21T13:00:00,114100.0,114800.0,113700.0,114600.0,26512.29741178
2026-07-21T17:00:00,114600.0,114800.0,114000.0,114600.0,32740.98210058
2026-07-21T21:00:00,114600.0,115600.0,113800.0,114200.0,51989.78364614
2026-07-22T01:00:00,114200.0,114400.0,113200.0,113800.0,15131.87471648
2026-07-22T05:00:00,113800.0,114300.0,113600.0,114100.0,15905.82458084
2026-07-22T09:00:00,114200.0,115000.0,114000.0,114100.0,27879.81179241
2026-07-22T13:00:00,114000.0,114500.0,112600.0,112800.0,37393.13778411
2026-07-22T17:00:00,112800.0,113700.0,112700.0,113400.0,16358.83055292
2026-07-22T21:00:00,113400.0,114800.0,112600.0,114200.0,31178.66588102
2026-07-23T01:00:00,114300.0,114700.0,112900.0,113400.0,7601.50414876
2026-07-23T05:00:00,113400.0,114100.0,113300.0,113800.0,9482.78550681
2026-07-23T09:00:00,113900.0,114600.0,112800.0,113000.0,20921.21463959
2026-07-23T13:00:00,113000.0,113400.0,112300.0,112500.0,19683.23539891
2026-07-23T17:00:00,112500.0,113500.0,112400.0,113300.0,8876.8149566
2026-07-23T21:00:00,113300.0,113500.0,111200.0,111900.0,27805.29504983
2026-07-24T01:00:00,111900.0,111900.0,110600.0,111000.0,15654.7933739
2026-07-24T05:00:00,110900.0,111700.0,110900.0,111200.0,10760.66563624
2026-07-24T09:00:00,111200.0,111300.0,109600.0,110500.0,38153.89499378
2026-07-24T13:00:00,110500.0,111300.0,110100.0,111000.0,24949.03178159
2026-07-24T17:00:00,111000.0,111000.0,109500.0,109900.0,21960.2551317
2026-07-24T21:00:00,109700.0,110000.0,107800.0,108300.0,50588.23483195
2026-07-25T01:00:00,108300.0,108600.0,107900.0,108300.0,5880.39846873
2026-07-25T05:00:00,108300.0,108500.0,107500.0,108400.0,13683.69556444
2026-07-25T09:00:00,108400.0,108800.0,108200.0,108600.0,13419.16092146
2026-07-25T13:00:00,108600.0,108900.0,107900.0,108000.0,15440.78739045
2026-07-25T17:00:00,108000.0,108500.0,107700.0,108300.0,11674.30341637
2026-07-25T21:00:00,108300.0,108800.0,108000.0,108500.0,10947.40277754
2026-07-26T01:00:00,108600.0,109200.0,108400.0,109000.0,5783.20216733
2026-07-26T05:00:00,109100.0,109200.0,108600.0,109100.0,7853.95755667
2026-07-26T09:00:00,109200.0,109900.0,109000.0,109800.0,10792.93171826
2026-07-26T13:00:00,109800.0,110000.0,109200.0,109400.0,10077.96577825
2026-07-26T17:00:00,109400.0,110000.0,109300.0,109500.0,9309.24961292
2026-07-26T21:00:00,109500.0,110100.0,109100.0,110000.0,14969.75202831
2026-07-27T01:00:00,110100.0,110700.0,109600.0,109900.0,13757.37351421
2026-07-27T05:00:00,109900.0,112000.0,109600.0,111400.0,24979.31093433
2026-07-27T09:00:00,111600.0,111600.0,110600.0,111200.0,29219.35743236
2026-07-27T13:00:00,111200.0,111800.0,110800.0,111300.0,21931.31347549
2026-07-27T17:00:00,111300.0,111600.0,110700.0,111400.0,12776.14969278
2026-07-27T21:00:00,111400.0,112700.0,109500.0,109900.0,32477.46434034
2026-07-28T01:00:00,109900.0,110900.0,109600.0,110700.0,8841.24034801
2026-07-28T05:00:00,110700.0,110800.0,107800.0,108500.0,34693.95714481
2026-07-28T09:00:00,108500.0,108500.0,106500.0,106800.0,42880.73579664
2026-07-28T13:00:00,106800.0,107200.0,106300.0,106700.0,21545.370784
2026-07-28T17:00:00,106600.0,107000.0,106000.0,106400.0,19702.71415894
2026-07-28T21:00:00,106400.0,108200.0,105300.0,107900.0,30814.04277261
2026-07-29T01:00:00,107800.0,108200.0,106800.0,107800.0,6755.60582191
2026-07-29T05:00:00,107800.0,108000.0,106200.0,107100.0,14359.40806338
2026-07-29T09:00:00,107000.0,107500.0,105000.0,105100.0,34416.39467104
2026-07-29T13:00:00,105100.0,106200.0,104500.0,106100.0,35411.81714753
2026-07-29T17:00:00,106200.0,106500.0,105500.0,106200.0,9997.96106089
2026-07-29T21:00:00,106200.0,106200.0,104700.0,104800.0,15772.21686621
2026-07-30T01:00:00,105000.0,106800.0,104500.0,104600.0,100874.26625747
2026-07-30T05:00:00,104500.0,105900.0,104000.0,105300.0,20754.71109435
2026-07-30T09:00:00,105300.0,106100.0,104400.0,105200.0,24529.41934569
2026-07-30T13:00:00,105200.0,105300.0,104600.0,104600.0,17886.0359591
2026-07-30T17:00:00,104500.0,105800.0,104400.0,105700.0,12441.18260459
2026-07-30T21:00:00,105600.0,106200.0,104900.0,105800.0,21792.14948041
2026-07-31T01:00:00,105800.0,105900.0,105300.0,105800.0,4484.81669146
2026-07-31T05:00:00,105800.0,105900.0,105300.0,105500.0,9234.29090845
2026-07-31T09:00:00,105400.0,107000.0,105300.0,105600.0,25359.01328536
2026-07-31T13:00:00,105700.0,106100.0,104700.0,105000.0,20224.29933293
2026-07-31T17:00:00,105000.0,105500.0,104700.0,105100.0,19319.64078822
2026-07-31T21:00:00,105100.0,105700.0,104300.0,104800.0,21001.73562927
2026-08-01T01:00:00,104800.0,105400.0,104600.0,104900.0,5310.98459795
2026-08-01T05:00:00,104900.0,105000.0,104300.0,104800.0,8029.68839027
2026-08-01T09:00:00,104700.0,105200.0,104600.0,104900.0,7462.16619205
2026-08-01T13:00:00,104900.0,105100.0,104600.0,104800.0,6988.70640216
2026-08-01T17:00:00,104800.0,105000.0,104400.0,104900.0,7054.86859435
2026-08-01T21:00:00,104800.0,105000.0,104500.0,104600.0,9281.83087062
2026-08-02T01:00:00,104700.0,104800.0,101800.0,102900.0,30097.07764221
2026-08-02T05:00:00,102800.0,103900.0,102800.0,103800.0,11173.47963693
2026-08-02T09:00:00,103800.0,105500.0,103700.0,105300.0,21388.9541132
2026-08-02T13:00:00,105300.0,105900.0,105200.0,105400.0,11963.24574986
2026-08-02T17:00:00,105400.0,105500.0,104600.0,104700.0,11407.71395752
2026-08-02T21:00:00,104700.0,105100.0,104200.0,104800.0,6222.64282926
2026-08-03T01:00:00,104900.0,105800.0,104500.0,105600.0,5664.01075846
2026-08-03T05:00:00,105600.0,106400.0,105000.0,105300.0,13896.48146424
2026-08-03T09:00:00,105400.0,105400.0,102700.0,104000.0,33192.50272715
2026-08-03T13:00:00,104000.0,104300.0,103300.0,103400.0,20738.30952438
2026-08-03T17:00:00,103500.0,103900.0,102800.0,103400.0,22435.57721269
2026-08-03T21:00:00,103400.0,105000.0,103100.0,104700.0,19124.64324272
2026-08-04T01:00:00,104700.0,105600.0,104300.0,105400.0,5669.48057122
2026-08-04T05:00:00,105400.0,105400.0,104300.0,104700.0,8513.12787787
2026-08-04T09:00:00,104700.0,105200.0,103800.0,104800.0,20431.62205089
2026-08-04T13:00:00,104800.0,105300.0,104200.0,104800.0,11660.00274497
2026-08-04T17:00:00,104900.0,105200.0,104100.0,105100.0,8588.95156653
2026-08-04T21:00:00,105200.0,105400.0,104300.0,105200.0,15405.45153525
2026-08-05T01:00:00,105300.0,105700.0,104600.0,105500.0,6133.44015572
2026-08-05T05:00:00,105400.0,105800.0,104800.0,105000.0,19677.23164142
2026-08-05T09:00:00,104900.0,105700.0,104200.0,104700.0,15064.57235282
2026-08-05T13:00:00,104700.0,105400.0,104500.0,105100.0,9238.38244101
2026-08-05T17:00:00,105200.0,105500.0,104800.0,104900.0,10196.57271921
2026-08-05T21:00:00,104900.0,105600.0,104300.0,105100.0,17430.54598585
2026-08-06T01:00:00,105100.0,106000.0,105000.0,105700.0,9139.69696038
2026-08-06T05:00:00,105700.0,105800.0,104700.0,105100.0,7867.85615755
2026-08-06T09:00:00,105100.0,105300.0,103700.0,103800.0,20220.86294332
2026-08-06T13:00:00,104000.0,105100.0,103800.0,104800.0,10127.80267859
2026-08-06T17:00:00,104800.0,105000.0,103800.0,104300.0,13622.48011373
2026-08-06T21:00:00,104300.0,104300.0,103400.0,103900.0,16878.11221996
2026-08-07T01:00:00,103900.0,104300.0,103000.0,103300.0,9479.58642206
2026-08-07T05:00:00,103200.0,103600.0,102600.0,103200.0,14391.82092855
2026-08-07T09:00:00,103200.0,103300.0,102400.0,102500.0,21266.49326646
2026-08-07T13:00:00,102400.0,103200.0,102300.0,103100.0,13982.71084442
2026-08-07T17:00:00,103100.0,104200.0,103000.0,103900.0,16705.87234954
2026-08-07T21:00:00,103900.0,104900.0,103500.0,104000.0,17289.29865896
2026-08-08T01:00:00,104000.0,104200.0,103000.0,104000.0,5430.08179095
2026-08-08T05:00:00,104100.0,104300.0,103500.0,103500.0,6243.07349676
2026-08-08T09:00:00,103500.0,105400.0,103400.0,105200.0,26534.24780331
2026-08-08T13:00:00,105200.0,105500.0,104600.0,105100.0,9715.39933084
2026-08-08T17:00:00,105100.0,106300.0,104900.0,106100.0,13576.96417291
2026-08-08T21:00:00,106100.0,107800.0,105700.0,107300.0,28992.62174945
2026-08-09T01:00:00,107300.0,107500.0,106700.0,107000.0,7390.82911747
2026-08-09T05:00:00,106900.0,107300.0,106500.0,107000.0,7917.92075665
2026-08-09T09:00:00,106900.0,107000.0,106500.0,106800.0,12963.02355957
2026-08-09T13:00:00,106900.0,107600.0,106700.0,107300.0,13869.57706166
2026-08-09T17:00:00,107500.0,107700.0,107100.0,107500.0,8660.9717996
2026-08-09T21:00:00,107500.0,108700.0,107200.0,108600.0,12537.67276239
2026-08-10T01:00:00,108700.0,108700.0,108100.0,108300.0,7139.05945981
2026-08-10T05:00:00,108300.0,108900.0,107000.0,107100.0,24847.23826988
2026-08-10T09:00:00,107100.0,108500.0,106900.0,107800.0,17047.09804918
2026-08-10T13:00:00,107800.0,108400.0,107500.0,108200.0,8175.37758931
2026-08-10T17:00:00,108300.0,108500.0,107700.0,108300.0,11057.7468757
2026-08-10T21:00:00,108400.0,108400.0,107000.0,107100.0,19444.8553891
2026-08-11T01:00:00,107000.0,107600.0,106600.0,107600.0,11586.88313709
2026-08-11T05:00:00,107600.0,108000.0,107200.0,107300.0,8331.51271877
2026-08-11T09:00:00,107300.0,107400.0,106600.0,107200.0,16702.04210806
2026-08-11T13:00:00,107300.0,107300.0,106100.0,106600.0,10238.01945047
2026-08-11T17:00:00,106600.0,107500.0,106500.0,107200.0,8974.34588177
2026-08-11T21:00:00,107300.0,107300.0,105200.0,105600.0,22157.67268918
2026-08-12T01:00:00,105500.0,106600.0,105300.0,106600.0,4979.59805369
2026-08-12T05:00:00,106600.0,107900.0,106500.0,107500.0,14488.88728773
2026-08-12T09:00:00,107500.0,108000.0,107400.0,107700.0,15314.98203898
2026-08-12T13:00:00,107800.0,107800.0,107000.0,107400.0,10887.66132744
2026-08-12T17:00:00,107400.0,108300.0,107300.0,108300.0,16973.82657511
2026-08-12T21:00:00,108300.0,108800.0,106300.0,106900.0,23601.67015613
2026-08-13T01:00:00,106900.0,107500.0,106700.0,106900.0,3456.69229253
2026-08-13T05:00:00,107100.0,107400.0,106500.0,106800.0,10222.7133076
2026-08-13T09:00:00,106800.0,107500.0,106300.0,107400.0,8596.75840323
2026-08-13T13:00:00,107500.0,108100.0,107100.0,107800.0,9450.18581955
2026-08-13T17:00:00,107900.0,107900.0,106600.0,106900.0,8434.07230211
2026-08-13T21:00:00,106900.0,108100.0,106800.0,107000.0,9989.06074837
2026-08-14T01:00:00,106900.0,107800.0,106200.0,107600.0,9928.13327932
2026-08-14T05:00:00,107700.0,107900.0,107500.0,107600.0,7316.12806766
2026-08-14T09:00:00,107600.0,107700.0,106800.0,106900.0,14289.8967231
2026-08-14T13:00:00,106900.0,107200.0,106600.0,106800.0,21384.22434024
2026-08-14T17:00:00,106800.0,107200.0,106400.0,106700.0,13055.05940017
2026-08-14T21:00:00,106700.0,106900.0,105900.0,106800.0,16250.49512847
2026-08-15T01:00:00,106900.0,106900.0,105500.0,106000.0,8786.08543984
2026-08-15T05:00:00,106000.0,106700.0,105900.0,106700.0,6512.67280176
2026-08-15T09:00:00,106700.0,107100.0,106400.0,106600.0,12162.54951926
2026-08-15T13:00:00,106800.0,107000.0,106400.0,106400.0,7034.9422013
2026-08-15T17:00:00,106500.0,106600.0,106100.0,106400.0,5845.2172322
2026-08-15T21:00:00,106500.0,107000.0,106300.0,106900.0,3756.32241955
2026-08-16T01:00:00,106900.0,107000.0,106600.0,106900.0,2250.31836436
2026-08-16T05:00:00,106900.0,107000.0,106500.0,106600.0,3902.01550865
2026-08-16T09:00:00,106600.0,107000.0,106400.0,107000.0,5376.34835545
2026-08-16T13:00:00,107000.0,107000.0,106500.0,106800.0,3821.87276037
2026-08-16T17:00:00,106800.0,106800.0,106400.0,106500.0,3329.17881805
2026-08-16T21:00:00,106500.0,107000.0,106300.0,106900.0,3138.22340365
2026-08-17T01:00:00,107000.0,107100.0,106200.0,106500.0,5246.92992706
2026-08-17T05:00:00,106500.0,106600.0,105000.0,105700.0,15033.89865371
2026-08-17T09:00:00,105700.0,106700.0,105500.0,106600.0,12318.2202983
2026-08-17T13:00:00,106700.0,107100.0,106400.0,107000.0,11335.54363628
2026-08-17T17:00:00,107000.0,107100.0,106200.0,106700.0,8630.19168363
2026-08-17T21:00:00,106900.0,107400.0,106300.0,107200.0,11490.83590703
2026-08-18T01:00:00,107300.0,107400.0,106700.0,106900.0,3970.05863166
2026-08-18T05:00:00,106900.0,107300.0,106700.0,107200.0,6036.21911545
2026-08-18T09:00:00,107300.0,107300.0,105900.0,106300.0,17272.98110005
2026-08-18T13:00:00,106300.0,107200.0,106000.0,106800.0,10675.01042197
2026-08-18T17:00:00,106900.0,107400.0,106400.0,107300.0,41135.97341465
2026-08-18T21:00:00,107300.0,108500.0,106800.0,108300.0,22291.98290496
2026-08-19T01:00:00,108400.0,108700.0,108000.0,108400.0,9120.66365223
2026-08-19T05:00:00,108500.0,108600.0,108000.0,108200.0,9400.62627553
2026-08-19T09:00:00,108300.0,108500.0,107300.0,107600.0,21176.58742115
2026-08-19T13:00:00,107600.0,107900.0,106900.0,107500.0,12047.66847918
2026-08-19T17:00:00,107500.0,108100.0,107300.0,107900.0,8841.64955129
2026-08-19T21:00:00,108000.0,114200.0,107700.0,113000.0,97210.79593393
2026-08-20T01:00:00,113000.0,113600.0,111800.0,113200.0,30537.86196927
2026-08-20T05:00:00,113200.0,119100.0,113200.0,117300.0,113068.23730216
2026-08-20T09:00:00,117400.0,117900.0,115700.0,116400.0,53326.76124158
2026-08-20T13:00:00,116400.0,118800.0,116200.0,118700.0,29977.48379743
2026-08-20T17:00:00,118800.0,121800.0,118600.0,120800.0,79604.45870752
2026-08-20T21:00:00,120700.0,120800.0,118600.0,120200.0,92812.26063164
2026-08-21T01:00:00,120300.0,120700.0,119100.0,120000.0,37577.86894493
2026-08-21T05:00:00,120100.0,121200.0,120000.0,120900.0,37197.03172908
2026-08-21T09:00:00,120900.0,124000.0,120400.0,122800.0,105103.29792547
2026-08-21T13:00:00,122800.0,125700.0,122500.0,124900.0,127969.63480143
2026-08-21T17:00:00,124900.0,128700.0,123600.0,123900.0,225674.05687508
2026-08-21T21:00:00,123800.0,126500.0,123500.0,125500.0,72228.33851063
2026-08-22T01:00:00,125700.0,126500.0,124800.0,125100.0,31926.12025942
2026-08-22T05:00:00,125100.0,129900.0,124600.0,128700.0,124129.54703449
2026-08-22T09:00:00,128700.0,134500.0,127500.0,133500.0,286376.47671211
2026-08-22T13:00:00,133600.0,141000.0,121500.0,129700.0,563003.39279378
2026-08-22T17:00:00,129800.0,130500.0,124200.0,127600.0,180664.03603897
2026-08-22T21:00:00,127600.0,129500.0,127100.0,127300.0,68983.48642207
2026-08-23T01:00:00,127300.0,129500.0,127300.0,129100.0,24032.28775031
2026-08-23T05:00:00,129100.0,129500.0,127000.0,128500.0,36832.23081851
2026-08-23T09:00:00,128600.0,133800.0,128500.0,128900.0,185985.281988
2026-08-23T13:00:00,129000.0,129500.0,126000.0,126700.0,85677.90553316
2026-08-23T17:00:00,126700.0,130200.0,126400.0,130000.0,58003.0944464
2026-08-23T21:00:00,130000.0,131400.0,128200.0,130500.0,113125.98492654
2026-08-24T01:00:00,130600.0,131000.0,129800.0,130200.0,19159.25905249
2026-08-24T05:00:00,130200.0,131600.0,129800.0,131000.0,49371.79441798
2026-08-24T09:00:00,131100.0,131100.0,128100.0,128600.0,62941.7820487
2026-08-24T13:00:00,128600.0,130900.0,128200.0,129300.0,41426.14295757
2026-08-24T17:00:00,129300.0,132400.0,128400.0,131800.0,54733.68797725
2026-08-24T21:00:00,131900.0,133700.0,129700.0,132400.0,141530.3448776
2026-08-25T01:00:00,132500.0,133800.0,130600.0,132700.0,37721.72381703
2026-08-25T05:00:00,132900.0,136000.0,131700.0,136000.0,74219.82931107
2026-08-25T09:00:00,136000.0,141000.0,135500.0,139800.0,246290.40773078
2026-08-25T13:00:00,139900.0,141900.0,137800.0,138800.0,109711.64174841
2026-08-25T17:00:00,138800.0,139800.0,136200.0,136500.0,69014.2289011
2026-08-25T21:00:00,136300.0,136700.0,133700.0,136400.0,105915.52810754
2026-08-26T01:00:00,136400.0,137100.0,135100.0,135800.0,22413.42600189
2026-08-26T05:00:00,136000.0,136100.0,133100.0,134300.0,42120.71212837
2026-08-26T09:00:00,134500.0,135500.0,133700.0,135100.0,41573.05303226
2026-08-26T13:00:00,135100.0,135300.0,134000.0,134800.0,27491.59188338
2026-08-26T17:00:00,134900.0,136000.0,133400.0,134900.0,43872.78333788
2026-08-26T21:00:00,135000.0,135600.0,132200.0,133400.0,69046.60694407
2026-08-27T01:00:00,133500.0,135200.0,132800.0,134500.0,11445.4150925
2026-08-27T05:00:00,134600.0,142300.0,134000.0,141800.0,103942.8604887
2026-08-27T09:00:00,141800.0,141900.0,139100.0,140000.0,78239.50493955
2026-08-27T13:00:00,140000.0,141500.0,139600.0,140900.0,30954.94538978
2026-08-27T17:00:00,141100.0,146000.0,140900.0,144000.0,145674.9697029
2026-08-27T21:00:00,144000.0,149200.0,143900.0,148100.0,118018.09009779
2026-08-28T01:00:00,148100.0,151600.0,147300.0,151000.0,92327.25662165
2026-08-28T05:00:00,151000.0,152700.0,149500.0,150800.0,64334.81273771
2026-08-28T09:00:00,150800.0,152300.0,146600.0,148100.0,120404.27570824
2026-08-28T13:00:00,148100.0,149000.0,147000.0,147000.0,52669.35145623
2026-08-28T17:00:00,147100.0,147900.0,144700.0,146400.0,75194.73296207
2026-08-28T21:00:00,146400.0,149700.0,144000.0,146200.0,140485.62433857
2026-08-29T01:00:00,146300.0,147000.0,142400.0,143800.0,78584.50930599
2026-08-29T05:00:00,144000.0,145000.0,143100.0,144400.0,33371.36915858
2026-08-29T09:00:00,144400.0,145200.0,144000.0,144100.0,40019.09489053
2026-08-29T13:00:00,144100.0,144700.0,143300.0,144100.0,33222.87491959
2026-08-29T17:00:00,144100.0,144200.0,143200.0,143800.0,19555.95360241
2026-08-29T21:00:00,143800.0,146700.0,143700.0,146100.0,33779.31151514
2026-08-30T01:00:00,146100.0,147200.0,145200.0,146500.0,24043.68837875
2026-08-30T05:00:00,146500.0,147200.0,145700.0,146900.0,17562.37095662
2026-08-30T09:00:00,146900.0,147000.0,145800.0,145800.0,21198.35353577
2026-08-30T13:00:00,145900.0,146300.0,145300.0,145700.0,19822.98446364
2026-08-30T17:00:00,145700.0,146200.0,144900.0,145600.0,20327.48022433
2026-08-30T21:00:00,145700.0,149200.0,145600.0,147500.0,63259.15613224
2026-08-31T01:00:00,147500.0,148600.0,146100.0,146600.0,24624.84394644
2026-08-31T05:00:00,146800.0,146900.0,139800.0,141300.0,105275.18134741
2026-08-31T09:00:00,141500.0,142700.0,140300.0,141300.0,63772.13370051
2026-08-31T13:00:00,141200.0,142600.0,139700.0,142300.0,45901.36367278
2026-08-31T17:00:00,142200.0,144000.0,141400.0,142500.0,50218.67962721
2026-08-31T21:00:00,142500.0,143200.0,140900.0,141800.0,39336.90050124
2026-09-01T01:00:00,141800.0,144500.0,141300.0,142600.0,14543.03210298
2026-09-01T05:00:00,142500.0,143700.0,141700.0,142000.0,27289.75655065
2026-09-01T09:00:00,142000.0,142300.0,141700.0,142200.0,1631.81202969
