time,open,high,low,close,volume
2021-02-24T13:00:00,130.0,241.0,59.7,61.0,2785710474.5772185
2021-02-24T17:00:00,61.0,62.7,59.4,59.8,847953690.7620864
2021-02-24T21:00:00,59.8,74.8,58.4,64.3,4393348196.992049
2021-02-25T01:00:00,64.3,65.5,62.0,62.3,336995205.6517
2021-02-25T05:00:00,62.2,65.5,60.5,64.9,420573970.48611426
2021-02-25T09:00:00,64.9,67.6,62.1,63.0,738271730.5359815
2021-02-25T13:00:00,63.0,64.4,62.3,62.9,285225689.7121892
2021-02-25T17:00:00,62.9,63.5,60.5,62.3,348998612.63122416
2021-02-25T21:00:00,62.3,64.1,61.0,62.0,629689673.6728866
2021-02-26T01:00:00,62.0,62.2,59.7,60.4,212715803.8172328
2021-02-26T05:00:00,60.3,60.5,56.5,57.3,290013524.752938
2021-02-26T09:00:00,57.4,60.2,56.1,59.2,321806199.11491543
2021-02-26T13:00:00,59.2,59.7,56.1,56.4,185867131.05621985
2021-02-26T17:00:00,56.5,59.2,56.4,58.2,122768682.8483218
2021-02-26T21:00:00,58.1,58.9,57.4,58.5,91493472.65291184
2021-02-27T01:00:00,58.5,59.9,57.3,57.9,60436994.39576474
2021-02-27T05:00:00,57.7,59.0,57.3,58.8,42237014.57121492
2021-02-27T09:00:00,58.7,59.5,58.1,58.9,103354908.63657731
2021-02-27T13:00:00,58.9,59.3,58.2,58.4,69696166.0944221
2021-02-27T17:00:00,58.4,58.4,57.4,57.7,73754531.57007135
2021-02-27T21:00:00,57.7,59.3,57.5,57.8,120544120.47464427
2021-02-28T01:00:00,57.8,58.1,57.4,57.8,33308349.58264889
2021-02-28T05:00:00,57.8,58.2,57.4,58.0,31474671.28209166
2021-02-28T09:00:00,58.1,58.3,54.0,54.4,147479347.63288283
2021-02-28T13:00:00,54.1,56.9,53.1,54.8,89033609.84823726
2021-02-28T17:00:00,54.8,56.4,54.8,56.2,36156204.94096991
2021-02-28T21:00:00,56.2,56.3,52.0,52.3,79579627.53159268
2021-03-01T01:00:00,52.4,55.9,51.9,55.8,35921647.63147891
2021-03-01T05:00:00,55.7,56.8,54.9,55.5,35108107.13512047
2021-03-01T09:00:00,55.3,56.8,55.0,55.7,53112209.58130627
2021-03-01T13:00:00,55.7,56.0,54.6,55.2,28726973.89424476
2021-03-01T17:00:00,55.1,57.3,55.0,56.9,56275631.86899622
2021-03-01T21:00:00,56.9,57.2,55.7,56.5,47048904.4716967
2021-03-02T01:00:00,56.4,59.5,55.5,58.9,31874482.72442833
2021-03-02T05:00:00,58.7,59.0,56.7,57.5,40710198.67647061
2021-03-02T09:00:00,57.5,61.9,57.2,58.4,502468211.90960014
2021-03-02T13:00:00,58.4,59.1,57.3,57.7,79960690.9690748
2021-03-02T17:00:00,57.9,58.8,57.6,58.3,75223150.36214072
2021-03-02T21:00:00,58.3,59.1,57.5,57.9,87163482.59884816
2021-03-03T01:00:00,57.9,58.0,56.7,57.9,35898554.205445
2021-03-03T05:00:00,57.9,59.0,57.5,58.4,34595905.96079827
2021-03-03T09:00:00,58.4,58.6,57.5,57.8,53945430.54230253
2021-03-03T13:00:00,57.8,58.2,57.4,58.0,77364720.17725234
2021-03-03T17:00:00,58.0,58.8,57.7,58.3,109876708.81521155
2021-03-03T21:00:00,58.2,59.0,57.4,57.6,93346208.3677135
2021-03-04T01:00:00,57.5,58.3,57.4,57.9,26163041.30887685
2021-03-04T05:00:00,57.9,58.9,57.6,58.0,79774250.66966274
2021-03-04T09:00:00,58.4,58.7,57.4,57.5,96565703.51527318
2021-03-04T13:00:00,57.4,58.2,57.2,57.8,52081919.46132557
2021-03-04T17:00:00,57.8,58.3,57.2,57.3,55078600.85473388
2021-03-04T21:00:00,57.3,57.9,56.9,57.4,75333236.10521036
2021-03-05T01:00:00,57.5,57.7,56.0,56.7,43062030.16929471
2021-03-05T05:00:00,56.7,59.8,56.4,58.5,100995268.19689432
2021-03-05T09:00:00,58.4,58.5,56.5,57.5,83037316.10813189
2021-03-05T13:00:00,57.5,57.8,56.9,57.6,51871123.45623834
2021-03-05T17:00:00,57.6,57.8,57.1,57.5,37988091.43872451
2021-03-05T21:00:00,57.6,59.4,57.3,57.4,98925619.69781083
2021-03-06T01:00:00,57.3,58.0,56.5,58.0,29334002.09958502
2021-03-06T05:00:00,58.1,58.4,57.3,57.7,26055788.7524858
2021-03-06T09:00:00,57.6,58.3,57.4,57.8,56796740.72309369
2021-03-06T13:00:00,57.8,60.9,57.5,59.4,244201049.50502226
2021-03-06T17:00:00,59.4,59.8,58.0,59.0,61794478.64102759
2021-03-06T21:00:00,59.0,59.0,57.2,58.2,56028787.77074669
2021-03-07T01:00:00,58.3,59.3,58.0,59.3,14621124.13212265
2021-03-07T05:00:00,59.3,59.7,58.6,58.8,23870806.41598991
2021-03-07T09:00:00,58.8,59.5,58.2,59.0,42365522.64693528
2021-03-07T13:00:00,59.1,59.1,58.6,59.0,24854302.31869863
2021-03-07T17:00:00,59.0,59.3,58.6,58.7,27247114.70149402
2021-03-07T21:00:00,58.7,58.9,58.2,58.6,36832245.62387909
2021-03-08T01:00:00,58.8,59.1,58.6,58.8,9235986.96553275
2021-03-08T05:00:00,59.0,59.9,58.6,59.3,24662473.02979095
2021-03-08T09:00:00,59.4,64.0,58.9,62.8,361689906.11072034
2021-03-08T13:00:00,62.8,69.0,61.5,65.1,547635651.3031118
2021-03-08T17:00:00,65.1,65.2,61.9,64.5,165282410.73620978
2021-03-08T21:00:00,64.5,66.5,63.3,65.8,404009101.0571135
2021-03-09T01:00:00,65.7,66.0,64.1,65.8,125062429.99738118
2021-03-09T05:00:00,65.9,72.7,65.3,72.0,475478983.30140924
2021-03-09T09:00:00,72.0,72.8,67.2,67.6,430306443.0809004
2021-03-09T13:00:00,67.6,68.6,66.0,66.8,208267535.9783035
2021-03-09T17:00:00,66.8,67.5,65.2,65.6,234219718.1180063
2021-03-09T21:00:00,65.6,68.0,64.3,65.5,364839231.0910106
2021-03-10T01:00:00,65.5,66.7,65.1,66.4,60071542.27845799
2021-03-10T05:00:00,66.4,67.3,65.8,66.6,129278586.45857744
2021-03-10T09:00:00,66.7,68.1,61.5,63.8,304126796.7778155
2021-03-10T13:00:00,63.7,65.9,63.7,65.6,71410022.19681914
2021-03-10T17:00:00,65.5,65.7,64.4,64.9,102856990.57980101
2021-03-10T21:00:00,64.9,65.9,63.9,64.6,110398831.41137715
2021-03-11T01:00:00,64.6,65.2,63.5,63.8,36833831.86020415
2021-03-11T05:00:00,63.8,65.3,63.1,64.5,77953684.94573328
2021-03-11T09:00:00,64.5,65.1,63.4,64.2,112822294.80745822
2021-03-11T13:00:00,64.2,64.8,63.4,63.7,75755289.8045965
2021-03-11T17:00:00,63.7,64.2,63.0,63.9,82358494.31196621
2021-03-11T21:00:00,63.8,65.1,63.3,63.4,123131464.86562894
2021-03-12T01:00:00,63.4,64.7,63.3,63.5,38602528.53596582
2021-03-12T05:00:00,63.4,64.7,63.3,64.1,66634133.31602727
2021-03-12T09:00:00,64.2,65.9,63.5,65.6,136098501.4205026
2021-03-12T13:00:00,65.5,65.7,64.1,64.4,93771601.915435
2021-03-12T17:00:00,64.2,64.6,63.5,64.3,86991539.0274689
2021-03-12T21:00:00,64.3,64.9,63.6,64.7,88516622.9985259
2021-03-13T01:00:00,64.7,64.8,63.8,63.8,54682740.52618457
2021-03-13T05:00:00,63.8,65.3,63.6,64.2,72217187.77725083
2021-03-13T09:00:00,64.2,65.0,63.7,64.1,144512038.2576354
2021-03-13T13:00:00,64.1,64.7,63.9,64.2,89590305.47828624
2021-03-13T17:00:00,64.2,66.0,64.0,65.9,183491555.93490085
2021-03-13T21:00:00,65.9,67.0,64.9,65.9,143447142.604832
2021-03-14T01:00:00,65.9,66.8,65.7,66.8,28499033.50228406
2021-03-14T05:00:00,66.7,73.6,66.3,73.2,257297509.7117826
2021-03-14T09:00:00,73.0,78.0,67.7,76.4,648975276.8057867
2021-03-14T13:00:00,76.5,76.7,69.8,70.1,309876717.6742685
2021-03-14T17:00:00,70.1,75.4,68.2,70.5,440104808.1709009
2021-03-14T21:00:00,70.5,71.9,68.9,69.8,180511325.747938
2021-03-15T01:00:00,69.8,70.6,68.0,68.5,72261728.81225999
2021-03-15T05:00:00,68.5,69.5,67.8,67.9,125082786.68515249
2021-03-15T09:00:00,67.8,68.8,67.2,68.4,204776619.58642474
2021-03-15T13:00:00,68.3,69.3,61.3,64.4,355759964.3735498
2021-03-15T17:00:00,64.4,66.2,63.0,65.6,133594512.41769284
2021-03-15T21:00:00,65.7,66.6,64.5,65.2,79740529.02223513
2021-03-16T01:00:00,65.2,66.4,64.6,66.3,34589467.16557825
2021-03-16T05:00:00,66.3,67.4,65.2,65.9,76725873.36761393
2021-03-16T09:00:00,65.9,66.6,64.1,66.2,135354250.01444635
2021-03-16T13:00:00,66.2,68.4,65.2,67.0,167765007.93860707
2021-03-16T17:00:00,67.0,67.7,64.8,66.1,110176082.88655667
2021-03-16T21:00:00,66.1,67.8,66.0,67.4,87803407.83797558
2021-03-17T01:00:00,67.4,68.7,66.8,67.6,71374421.13737357
2021-03-17T05:00:00,67.6,68.6,67.3,68.1,62419821.74138118
2021-03-17T09:00:00,68.0,68.7,67.3,67.7,93164035.2333459
2021-03-17T13:00:00,67.7,68.0,66.9,67.0,71535320.14731333
2021-03-17T17:00:00,67.0,67.4,63.6,66.3,132234241.11522976
2021-03-17T21:00:00,66.3,66.5,65.7,65.9,90553875.65621883
2021-03-18T01:00:00,65.9,67.7,65.7,67.5,31015329.86855299
2021-03-18T05:00:00,67.5,68.2,67.1,67.5,59945879.25022983
2021-03-18T09:00:00,67.5,68.9,66.5,66.9,136602005.04795486
2021-03-18T13:00:00,66.9,67.8,66.5,66.9,58620734.44080493
2021-03-18T17:00:00,66.8,67.9,66.8,67.7,51339555.80705221
2021-03-18T21:00:00,67.7,68.2,67.2,68.0,69811389.48835906
2021-03-19T01:00:00,68.1,68.3,67.1,67.3,31932049.09838909
2021-03-19T05:00:00,67.3,68.3,66.7,66.8,35114186.30048339
2021-03-19T09:00:00,66.7,67.6,65.5,67.2,80930091.22885577
2021-03-19T13:00:00,67.3,67.9,67.0,67.5,49723039.22021179
2021-03-19T17:00:00,67.4,69.9,67.4,68.6,128916154.55790256
2021-03-19T21:00:00,68.5,68.7,67.5,68.2,88393969.32118224
2021-03-20T01:00:00,68.2,69.0,68.0,68.5,29945768.77373808
2021-03-20T05:00:00,68.5,69.0,68.0,68.1,47776716.32185361
2021-03-20T09:00:00,68.1,69.5,67.7,69.0,128754842.57482605
2021-03-20T13:00:00,69.0,71.5,68.8,69.9,143379252.8888078
2021-03-20T17:00:00,69.9,70.3,69.3,69.5,102271504.23903437
2021-03-20T21:00:00,69.5,70.4,66.2,69.5,162475212.2259971
2021-03-21T01:00:00,69.5,70.0,69.0,69.8,42347343.89584545
2021-03-21T05:00:00,69.8,71.3,68.0,68.5,98146641.13592374
2021-03-21T09:00:00,68.6,70.0,67.6,68.7,99478026.83409745
2021-03-21T13:00:00,68.6,68.8,67.6,68.1,43157268.28701351
2021-03-21T17:00:00,68.1,68.6,66.4,67.0,78107477.78536442
2021-03-21T21:00:00,67.0,68.0,66.5,67.7,56921907.08033609
2021-03-22T01:00:00,67.6,67.8,67.1,67.1,22149696.211897
2021-03-22T05:00:00,67.2,68.2,67.1,67.4,48882751.81327526
2021-03-22T09:00:00,67.4,68.0,66.5,67.8,87939105.8136185
2021-03-22T13:00:00,67.8,68.3,67.5,67.8,61715291.40751234
2021-03-22T17:00:00,67.9,68.1,67.1,67.9,59504390.89130746
2021-03-22T21:00:00,67.9,68.9,66.1,67.5,185874093.5094915
2021-03-23T01:00:00,67.5,67.6,67.0,67.3,17073225.05163112
2021-03-23T05:00:00,67.4,67.4,65.2,65.5,75535281.57137139
2021-03-23T09:00:00,65.5,67.3,65.2,66.1,91046866.79104047
2021-03-23T13:00:00,66.1,66.4,63.1,64.8,131477313.26871642
2021-03-23T17:00:00,64.8,65.8,64.1,64.4,52103299.58550626
2021-03-23T21:00:00,64.4,65.9,64.3,65.2,63604794.89842359
2021-03-24T01:00:00,65.1,65.5,64.8,65.1,32369739.79138037
2021-03-24T05:00:00,65.1,65.5,64.2,64.7,43929672.78176038
2021-03-24T09:00:00,64.6,65.3,63.8,64.8,64497457.56489183
2021-03-24T13:00:00,64.9,67.5,64.7,66.6,92467556.95563526
2021-03-24T17:00:00,66.6,67.8,66.4,67.0,119808144.20115216
2021-03-24T21:00:00,67.0,67.6,66.0,66.2,91190656.9411598
2021-03-25T01:00:00,66.3,66.3,65.6,65.6,24486453.5688073
2021-03-25T05:00:00,65.7,66.3,63.5,63.9,93022839.24239402
2021-03-25T09:00:00,64.0,64.6,61.2,62.5,112061744.29699919
2021-03-25T13:00:00,62.4,63.8,62.2,62.4,56239596.11316721
2021-03-25T17:00:00,62.5,64.2,62.3,63.0,45998045.34673669
2021-03-25T21:00:00,62.9,63.2,61.6,61.8,73234586.16130126
2021-03-26T01:00:00,61.8,63.1,61.4,62.8,23859321.3131482
2021-03-26T05:00:00,62.8,64.0,62.5,63.2,31467572.71252942
2021-03-26T09:00:00,63.2,64.2,63.2,63.8,37318408.6268091
2021-03-26T13:00:00,63.8,64.6,63.6,64.2,33194882.23756628
2021-03-26T17:00:00,64.2,64.4,63.3,63.4,37173800.54333464
2021-03-26T21:00:00,63.4,64.2,63.4,64.0,34872526.54474108
2021-03-27T01:00:00,64.1,64.5,63.5,63.7,20463610.2772853
2021-03-27T05:00:00,63.8,64.8,63.7,64.5,28181366.68290987
2021-03-27T09:00:00,64.5,65.6,64.0,64.4,57961303.00687106
2021-03-27T13:00:00,64.4,64.9,64.2,64.2,32209833.68463692
2021-03-27T17:00:00,64.2,66.1,63.8,65.3,78911729.05526339
2021-03-27T21:00:00,65.3,65.8,64.8,65.5,34165829.10712574
2021-03-28T01:00:00,65.5,65.9,65.0,65.4,22407695.85205446
2021-03-28T05:00:00,65.4,65.5,64.8,65.0,24077358.11570075
2021-03-28T09:00:00,64.9,65.2,64.5,65.0,51171439.34449899
2021-03-28T13:00:00,65.0,65.4,64.8,65.0,31960497.13597331
2021-03-28T17:00:00,65.0,65.2,64.4,64.6,39162012.37717012
2021-03-28T21:00:00,64.6,65.0,64.0,64.9,48113291.74624464
2021-03-29T01:00:00,64.8,65.1,64.6,64.8,18165113.78116633
2021-03-29T05:00:00,64.8,64.8,64.4,64.7,20352237.38118862
2021-03-29T09:00:00,64.7,64.7,64.2,64.6,46123452.33529903
2021-03-29T13:00:00,64.6,64.8,64.3,64.5,35184829.33831137
2021-03-29T17:00:00,64.6,65.1,64.5,64.7,56641151.76459658
2021-03-29T21:00:00,64.7,65.2,64.4,64.5,90354512.0273836
2021-03-30T01:00:00,64.5,64.7,64.1,64.1,32713265.41241714
2021-03-30T05:00:00,64.1,64.8,64.0,64.6,48324732.06014102
2021-03-30T09:00:00,64.6,65.3,64.3,65.2,76244138.87258458
2021-03-30T13:00:00,65.2,65.4,64.8,64.9,62967186.91124051
2021-03-30T17:00:00,64.9,65.8,64.6,65.5,81184866.21916664
2021-03-30T21:00:00,65.6,67.3,64.9,65.3,125660862.46379311
2021-03-31T01:00:00,65.4,66.3,64.9,65.1,37113304.67627255
2021-03-31T05:00:00,65.1,65.6,65.0,65.3,43539702.78187563
2021-03-31T09:00:00,65.3,66.0,63.2,64.1,131425766.3222224
2021-03-31T13:00:00,64.2,65.4,64.1,64.5,66371212.50583104
2021-03-31T17:00:00,64.4,64.8,63.8,64.4,59715481.00811026
2021-03-31T21:00:00,64.4,65.0,64.0,64.9,58401400.56424704
2021-04-01T01:00:00,64.9,65.1,64.3,64.4,18602021.97444828
2021-04-01T05:00:00,64.4,66.4,64.3,65.5,98187205.4532188
2021-04-01T09:00:00,65.5,66.2,65.0,65.7,115296563.88775104
2021-04-01T13:00:00,65.7,66.9,65.6,66.4,96807519.77333066
2021-04-01T17:00:00,66.3,98.2,65.9,83.0,5721487929.032852
2021-04-01T21:00:00,83.0,84.6,72.8,73.5,3019991922.3757453
2021-04-02T01:00:00,73.5,76.5,72.0,72.8,629783507.7512672
2021-04-02T05:00:00,72.8,77.5,72.6,77.3,886128670.8808893
2021-04-02T09:00:00,77.3,78.8,71.5,74.6,942494841.3734831
2021-04-02T13:00:00,74.6,74.7,72.5,73.2,413105818.0752148
2021-04-02T17:00:00,73.2,75.4,72.2,73.7,509327733.52282876
2021-04-02T21:00:00,73.7,74.0,71.7,73.4,375231599.2985977
2021-04-03T01:00:00,73.4,74.0,72.2,72.3,141441324.39062166
2021-04-03T05:00:00,72.4,73.0,71.7,72.3,245988519.694365
2021-04-03T09:00:00,72.3,75.9,71.6,74.0,693826397.6786811
2021-04-03T13:00:00,73.9,75.7,73.4,73.7,261529975.56369656
2021-04-03T17:00:00,73.7,74.6,73.2,73.8,217923651.88656324
2021-04-03T21:00:00,73.8,75.5,73.5,74.1,249133511.6334356
2021-04-04T01:00:00,74.0,74.5,73.0,73.5,137635640.7423814
2021-04-04T05:00:00,73.6,73.6,70.3,70.3,296243106.3075254
2021-04-04T09:00:00,70.4,73.3,70.0,72.7,238215783.95139357
2021-04-04T13:00:00,72.7,72.8,71.1,72.1,125445281.45974694
2021-04-04T17:00:00,72.1,72.9,71.5,71.7,122783623.33891314
2021-04-04T21:00:00,71.8,72.6,71.5,71.8,215875865.19588324
2021-04-05T01:00:00,71.8,73.4,71.7,72.1,95083448.38147843
2021-04-05T05:00:00,71.9,73.3,71.8,73.2,137323838.814342
2021-04-05T09:00:00,73.2,76.6,72.9,76.5,409784699.6610127
2021-04-05T13:00:00,76.5,78.7,73.0,74.4,590421059.0317031
2021-04-05T17:00:00,74.4,76.5,74.0,76.1,216381927.53847992
2021-04-05T21:00:00,76.1,76.5,74.1,76.3,271886966.40231335
2021-04-06T01:00:00,76.3,77.5,75.2,76.9,170996584.79131672
2021-04-06T05:00:00,76.9,87.5,76.2,81.1,685105955.0323446
2021-04-06T09:00:00,80.8,87.1,75.0,79.1,830561756.8018594
2021-04-06T13:00:00,79.1,79.9,76.6,77.2,202652116.77513316
2021-04-06T17:00:00,77.3,84.5,77.0,79.2,577357411.9746958
2021-04-06T21:00:00,79.1,94.7,78.7,81.4,1991710486.1593916
2021-04-07T01:00:00,81.3,83.2,80.3,81.8,200015950.34230623
2021-04-07T05:00:00,81.7,87.7,81.0,86.3,579742707.6946856
2021-04-07T09:00:00,86.3,94.4,86.1,88.5,1642437787.981243
2021-04-07T13:00:00,88.5,89.5,60.0,78.2,1601631713.306813
2021-04-07T17:00:00,78.2,82.0,72.1,73.2,747488475.7104971
2021-04-07T21:00:00,73.1,77.9,67.6,75.0,658868250.4784851
2021-04-08T01:00:00,74.9,79.0,74.4,76.6,99346829.00319685
2021-04-08T05:00:00,76.9,79.4,75.6,76.5,239856704.5334336
2021-04-08T09:00:00,76.5,79.2,74.4,76.6,501623858.55888414
2021-04-08T13:00:00,76.6,78.0,75.9,77.3,264805911.21170515
2021-04-08T17:00:00,77.2,78.5,77.0,77.9,192266921.03012985
2021-04-08T21:00:00,77.9,79.9,77.8,78.8,322219944.1114665
2021-04-09T01:00:00,78.8,79.3,78.1,78.2,90140020.39235973
2021-04-09T05:00:00,78.2,80.9,78.1,80.5,277978746.8580362
2021-04-09T09:00:00,80.5,81.8,77.5,79.1,466529762.5286337
2021-04-09T13:00:00,79.2,84.3,78.4,81.7,402500031.0342276
2021-04-09T17:00:00,81.6,82.2,78.0,80.4,407010282.2239676
2021-04-09T21:00:00,80.4,81.0,79.0,80.6,238882676.1861666
2021-04-10T01:00:00,80.4,80.9,79.8,80.3,56675601.51214011
2021-04-10T05:00:00,80.3,81.3,80.0,80.8,122767333.07602926
2021-04-10T09:00:00,80.7,81.9,79.5,81.3,232947845.2703979
2021-04-10T13:00:00,81.3,85.0,79.7,82.2,406035997.79628736
2021-04-10T17:00:00,82.1,84.1,81.5,82.6,224870026.64796543
2021-04-10T21:00:00,82.6,83.4,81.5,83.0,260768289.915546
2021-04-11T01:00:00,82.9,84.5,81.9,84.1,123710867.72621384
2021-04-11T05:00:00,84.0,85.3,82.7,84.0,165302529.81473002
2021-04-11T09:00:00,84.0,99.0,82.7,86.1,2819688321.3724265
2021-04-11T13:00:00,86.1,89.3,82.6,85.6,985589662.3725568
2021-04-11T17:00:00,85.7,108.0,85.6,98.4,5585413166.356214
2021-04-11T21:00:00,98.5,105.0,91.8,93.7,4350794046.461142
2021-04-12T01:00:00,93.7,101.0,92.3,96.4,957488302.7480096
2021-04-12T05:00:00,96.4,103.0,96.3,98.2,1063295902.5686077
2021-04-12T09:00:00,98.1,101.0,93.2,95.5,1179666645.4273612
2021-04-12T13:00:00,95.5,95.6,91.0,94.2,752947243.1660595
2021-04-12T17:00:00,94.2,95.5,90.4,92.2,581454155.5585674
2021-04-12T21:00:00,92.2,93.8,91.0,91.5,396759666.2691527
2021-04-13T01:00:00,91.5,93.8,90.7,92.1,114717904.27698211
2021-04-13T05:00:00,92.1,93.9,91.0,92.2,208494344.38793358
2021-04-13T09:00:00,92.4,102.0,92.2,94.9,1804054274.657236
2021-04-13T13:00:00,94.9,97.5,93.3,94.4,565242925.0052059
2021-04-13T17:00:00,94.4,103.0,93.2,99.8,1890893135.3451617
2021-04-13T21:00:00,99.9,107.0,98.1,105.0,1755636822.1432507
2021-04-14T01:00:00,105.0,125.0,104.0,115.0,3334528320.9728413
2021-04-14T05:00:00,114.0,123.0,110.0,121.0,1013796605.4951823
2021-04-14T09:00:00,121.0,154.0,116.0,142.0,6131575696.40052
2021-04-14T13:00:00,141.0,176.0,138.0,163.0,5130741246.684201
2021-04-14T17:00:00,163.0,190.0,153.0,181.0,7296205087.637495
2021-04-14T21:00:00,182.0,184.0,153.0,169.0,4140538752.306723
2021-04-15T01:00:00,169.0,171.0,146.0,150.0,942819214.9840723
2021-04-15T05:00:00,150.0,168.0,137.0,155.0,2145985060.826224
2021-04-15T09:00:00,155.0,175.0,151.0,163.0,2832966038.8618145
2021-04-15T13:00:00,162.0,183.0,160.0,171.0,3330089796.613678
2021-04-15T17:00:00,171.0,175.0,158.0,163.0,1194672818.555801
2021-04-15T21:00:00,163.0,172.0,162.0,169.0,920916304.7603358
2021-04-16T01:00:00,168.0,214.0,167.0,209.0,2421272320.431183
2021-04-16T05:00:00,209.0,238.0,209.0,228.0,3982952024.7412252
2021-04-16T09:00:00,229.0,389.0,223.0,343.0,13786997660.085936
2021-04-16T13:00:00,344.0,347.0,297.0,317.0,5337948890.469247
2021-04-16T17:00:00,317.0,415.0,312.0,392.0,7649869458.895104
2021-04-16T21:00:00,392.0,540.0,378.0,460.0,11671682082.35883
2021-04-17T01:00:00,460.0,469.0,374.0,419.0,3934926448.9158244
2021-04-17T05:00:00,419.0,492.0,397.0,467.0,2654543845.4479427
2021-04-17T09:00:00,465.0,488.0,376.0,398.0,3691605661.84375
2021-04-17T13:00:00,398.0,424.0,331.0,387.0,3823721118.9247627
2021-04-17T17:00:00,387.0,407.0,346.0,350.0,1970374827.6235666
2021-04-17T21:00:00,351.0,364.0,306.0,338.0,4365302004.305612
2021-04-18T01:00:00,338.0,414.0,331.0,399.0,1583230809.0099998
2021-04-18T05:00:00,399.0,407.0,361.0,366.0,1582100885.9632936
2021-04-18T09:00:00,366.0,406.0,326.0,357.0,3635085886.575859
2021-04-18T13:00:00,356.0,387.0,346.0,382.0,2137721953.593547
2021-04-18T17:00:00,381.0,471.0,378.0,388.0,7281754183.021029
2021-04-18T21:00:00,389.0,436.0,388.0,408.0,3801976829.704397
2021-04-19T01:00:00,407.0,420.0,400.0,411.0,565778220.392832
2021-04-19T05:00:00,411.0,465.0,411.0,434.0,2214982751.62377
2021-04-19T09:00:00,434.0,453.0,408.0,452.0,1704897535.143442
2021-04-19T13:00:00,452.0,469.0,422.0,464.0,1726473078.9498532
2021-04-19T17:00:00,465.0,575.0,464.0,516.0,7906528765.304288
2021-04-19T21:00:00,515.0,532.0,454.0,484.0,4232811066.031108
2021-04-20T01:00:00,484.0,527.0,476.0,514.0,1934402672.3107579
2021-04-20T05:00:00,514.0,538.0,492.0,513.0,1552356068.798642
2021-04-20T09:00:00,514.0,527.0,425.0,501.0,3271057748.102118
2021-04-20T13:00:00,500.0,535.0,496.0,520.0,2335145292.249485
2021-04-20T17:00:00,520.0,527.0,461.0,489.0,2137514572.7878735
2021-04-20T21:00:00,489.0,495.0,440.0,451.0,1626284651.767686
2021-04-21T01:00:00,450.0,461.0,396.0,409.0,1515716891.5309997
2021-04-21T05:00:00,408.0,443.0,340.0,395.0,2851839727.311207
2021-04-21T09:00:00,398.0,423.0,375.0,396.0,1720152862.7714002
2021-04-21T13:00:00,396.0,439.0,393.0,403.0,1579191120.0947165
2021-04-21T17:00:00,403.0,417.0,375.0,381.0,1063488725.1459337
2021-04-21T21:00:00,382.0,400.0,371.0,377.0,1091406069.7908828
2021-04-22T01:00:00,377.0,396.0,376.0,392.0,344899189.62477934
2021-04-22T05:00:00,392.0,416.0,384.0,388.0,629499106.311535
2021-04-22T09:00:00,388.0,393.0,330.0,336.0,1298617171.2841396
2021-04-22T13:00:00,335.0,354.0,334.0,336.0,1007524539.0717093
2021-04-22T17:00:00,336.0,337.0,308.0,321.0,1806946461.6630483
2021-04-22T21:00:00,320.0,375.0,320.0,349.0,2321268543.498138
2021-04-23T01:00:00,350.0,369.0,331.0,331.0,672038404.4803122
2021-04-23T05:00:00,331.0,337.0,287.0,301.0,1106785160.4668798
2021-04-23T09:00:00,302.0,316.0,198.0,250.0,3217366756.273965
2021-04-23T13:00:00,250.0,257.0,220.0,246.0,1878647845.7867925
2021-04-23T17:00:00,246.0,310.0,240.0,282.0,4068799747.6290402
2021-04-23T21:00:00,282.0,287.0,248.0,270.0,1303724014.2212365
2021-04-24T01:00:00,270.0,279.0,257.0,278.0,253130991.07053778
2021-04-24T05:00:00,279.0,297.0,271.0,295.0,586379746.1037874
2021-04-24T09:00:00,294.0,303.0,273.0,289.0,1010161744.3381009
2021-04-24T13:00:00,290.0,345.0,285.0,328.0,2910543309.234353
2021-04-24T17:00:00,328.0,349.0,303.0,319.0,2564193466.9084406
2021-04-24T21:00:00,318.0,335.0,315.0,331.0,1428538864.143502
2021-04-25T01:00:00,331.0,340.0,321.0,340.0,391641564.7879163
2021-04-25T05:00:00,339.0,343.0,324.0,327.0,507438652.1714879
2021-04-25T09:00:00,328.0,357.0,321.0,339.0,1624370969.9848084
2021-04-25T13:00:00,338.0,343.0,330.0,335.0,642170116.4082285
2021-04-25T17:00:00,334.0,344.0,329.0,332.0,580083371.6030998
2021-04-25T21:00:00,333.0,340.0,313.0,318.0,512508887.8003837
2021-04-26T01:00:00,318.0,327.0,303.0,305.0,459910592.0938962
2021-04-26T05:00:00,305.0,317.0,277.0,309.0,1088045749.8909175
2021-04-26T09:00:00,309.0,327.0,298.0,316.0,742154638.7046033
2021-04-26T13:00:00,316.0,319.0,309.0,316.0,388706182.9913189
2021-04-26T17:00:00,316.0,319.0,305.0,315.0,409400271.7995507
2021-04-26T21:00:00,315.0,336.0,311.0,316.0,1110652817.924562
2021-04-27T01:00:00,315.0,319.0,308.0,312.0,174157923.96735433
2021-04-27T05:00:00,312.0,329.0,309.0,324.0,447629015.5129454
2021-04-27T09:00:00,325.0,326.0,311.0,316.0,615180502.6552404
2021-04-27T13:00:00,316.0,335.0,315.0,323.0,836827743.760553
2021-04-27T17:00:00,324.0,329.0,319.0,324.0,465628955.12304884
2021-04-27T21:00:00,325.0,326.0,310.0,319.0,410408677.87444514
2021-04-28T01:00:00,319.0,320.0,314.0,316.0,57083626.25695169
2021-04-28T05:00:00,316.0,323.0,315.0,322.0,169982032.12981868
2021-04-28T09:00:00,322.0,324.0,311.0,311.0,376382797.56348026
2021-04-28T13:00:00,312.0,371.0,298.0,341.0,3012840934.571295
2021-04-28T17:00:00,340.0,419.0,335.0,373.0,5568817428.715284
2021-04-28T21:00:00,373.0,384.0,343.0,354.0,2205627626.418601
2021-04-29T01:00:00,355.0,363.0,348.0,359.0,509428837.67012
2021-04-29T05:00:00,359.0,382.0,352.0,376.0,900520399.2957604
2021-04-29T09:00:00,377.0,388.0,354.0,382.0,1418995368.0162387
2021-04-29T13:00:00,382.0,383.0,364.0,367.0,485703365.2985789
2021-04-29T17:00:00,366.0,368.0,357.0,360.0,347963323.3734956
2021-04-29T21:00:00,360.0,378.0,359.0,368.0,435095103.4903259
2021-04-30T01:00:00,367.0,368.0,358.0,365.0,128854671.46465065
2021-04-30T05:00:00,364.0,369.0,361.0,363.0,126057164.08896933
2021-04-30T09:00:00,363.0,378.0,360.0,370.0,437894598.5616568
2021-04-30T13:00:00,370.0,373.0,363.0,369.0,345844486.3791179
2021-04-30T17:00:00,369.0,375.0,367.0,367.0,298676757.47332084
2021-04-30T21:00:00,367.0,382.0,366.0,373.0,522684975.14111066
2021-05-01T01:00:00,373.0,400.0,370.0,384.0,635596381.5244173
2021-05-01T05:00:00,383.0,405.0,383.0,398.0,515940259.46959364
2021-05-01T09:00:00,397.0,417.0,384.0,415.0,794599476.0971985
2021-05-01T13:00:00,414.0,444.0,409.0,429.0,1809955421.0967872
2021-05-01T17:00:00,429.0,435.0,419.0,428.0,664496638.275527
2021-05-01T21:00:00,427.0,437.0,424.0,429.0,468514538.3289048
2021-05-02T01:00:00,429.0,443.0,429.0,436.0,398346133.8039039
2021-05-02T05:00:00,436.0,474.0,431.0,465.0,1023901659.186864
2021-05-02T09:00:00,464.0,483.0,448.0,448.0,1197165501.9488907
2021-05-02T13:00:00,450.0,460.0,434.0,448.0,871002441.3256648
2021-05-02T17:00:00,449.0,460.0,438.0,455.0,456962318.9134103
2021-05-02T21:00:00,455.0,474.0,451.0,467.0,492196134.93712014
2021-05-03T01:00:00,467.0,471.0,458.0,463.0,194609087.5378388
2021-05-03T05:00:00,464.0,473.0,452.0,453.0,318337529.22890854
2021-05-03T09:00:00,453.0,466.0,453.0,459.0,351350318.52053195
2021-05-03T13:00:00,459.0,470.0,457.0,465.0,249113080.45195225
2021-05-03T17:00:00,465.0,469.0,461.0,464.0,305117719.2454005
2021-05-03T21:00:00,464.0,500.0,463.0,498.0,1691078249.1851795
2021-05-04T01:00:00,499.0,508.0,486.0,502.0,796570963.932571
2021-05-04T05:00:00,501.0,548.0,497.0,539.0,1524846908.943112
2021-05-04T09:00:00,539.0,559.0,501.0,516.0,1610197089.4387112
2021-05-04T13:00:00,515.0,588.0,510.0,588.0,1774889296.4311116
2021-05-04T17:00:00,586.0,627.0,579.0,618.0,3091327476.178917
2021-05-04T21:00:00,617.0,768.0,615.0,673.0,7823866992.046616
2021-05-05T01:00:00,672.0,722.0,664.0,703.0,1720479626.2019048
2021-05-05T05:00:00,704.0,713.0,657.0,675.0,1009251566.2589116
2021-05-05T09:00:00,674.0,827.0,668.0,802.0,3760157144.132615
2021-05-05T13:00:00,802.0,887.0,802.0,831.0,3315779942.4692903
2021-05-05T17:00:00,833.0,845.0,768.0,803.0,2497163003.3255215
2021-05-05T21:00:00,804.0,821.0,713.0,715.0,2027251506.016305
2021-05-06T01:00:00,715.0,766.0,692.0,724.0,1991756594.69891
2021-05-06T05:00:00,723.0,814.0,688.0,783.0,1606564769.7887108
2021-05-06T09:00:00,783.0,805.0,731.0,770.0,1458470268.7648647
2021-05-06T13:00:00,770.0,771.0,708.0,745.0,1006832150.6571494
2021-05-06T17:00:00,744.0,753.0,720.0,743.0,692958305.7836254
2021-05-06T21:00:00,743.0,748.0,711.0,720.0,954638704.1074865
2021-05-07T01:00:00,719.0,735.0,670.0,710.0,1034012927.8047249
2021-05-07T05:00:00,710.0,747.0,696.0,708.0,725936456.2176038
2021-05-07T09:00:00,708.0,785.0,628.0,691.0,2769188485.052826
2021-05-07T13:00:00,693.0,779.0,684.0,764.0,2205074420.7510977
2021-05-07T17:00:00,763.0,774.0,726.0,750.0,973698226.9033926
2021-05-07T21:00:00,750.0,750.0,697.0,710.0,774358786.8192344
2021-05-08T01:00:00,709.0,775.0,709.0,745.0,544737476.4205006
2021-05-08T05:00:00,745.0,868.0,733.0,825.0,2650385555.6745424
2021-05-08T09:00:00,823.0,848.0,784.0,846.0,1324078068.6570022
2021-05-08T13:00:00,845.0,889.0,822.0,842.0,1690933648.4596026
2021-05-08T17:00:00,841.0,864.0,828.0,856.0,726191539.1555657
2021-05-08T21:00:00,855.0,877.0,773.0,790.0,1191236495.1984775
2021-05-09T01:00:00,788.0,834.0,751.0,804.0,1575405515.2655935
2021-05-09T05:00:00,804.0,817.0,754.0,774.0,749023975.4049011
2021-05-09T09:00:00,773.0,844.0,686.0,708.0,2169062719.8607187
2021-05-09T13:00:00,699.0,722.0,642.0,658.0,3467680038.079484
2021-05-09T17:00:00,658.0,669.0,576.0,583.0,2954559551.531582
2021-05-09T21:00:00,583.0,622.0,548.0,603.0,3538391825.0978155
2021-05-10T01:00:00,604.0,728.0,594.0,680.0,2153249329.1407304
2021-05-10T05:00:00,682.0,722.0,653.0,703.0,1782971587.3483214
2021-05-10T09:00:00,703.0,704.0,632.0,641.0,1203406632.5444167
2021-05-10T13:00:00,642.0,674.0,636.0,655.0,816883084.2014709
2021-05-10T17:00:00,654.0,659.0,623.0,634.0,876775361.1438344
2021-05-10T21:00:00,634.0,645.0,600.0,631.0,1127988107.8271413
2021-05-11T01:00:00,631.0,636.0,575.0,579.0,662635265.7437835
2021-05-11T05:00:00,579.0,613.0,555.0,575.0,1215075048.0862257
2021-05-11T09:00:00,574.0,609.0,563.0,593.0,1184768262.50633
2021-05-11T13:00:00,591.0,620.0,584.0,585.0,933811138.4539367
2021-05-11T17:00:00,585.0,674.0,583.0,614.0,3053949062.274381
2021-05-11T21:00:00,614.0,631.0,592.0,608.0,1194583979.718553
2021-05-12T01:00:00,609.0,626.0,598.0,620.0,296213774.4650808
2021-05-12T05:00:00,620.0,633.0,604.0,607.0,314267078.28025615
2021-05-12T09:00:00,606.0,617.0,594.0,600.0,491521888.6045808
2021-05-12T13:00:00,600.0,634.0,600.0,631.0,557128769.0295517
2021-05-12T17:00:00,630.0,631.0,603.0,611.0,396653770.85246015
2021-05-12T21:00:00,611.0,611.0,586.0,590.0,352964468.6574893
2021-05-13T01:00:00,590.0,591.0,559.0,586.0,418121726.67153335
2021-05-13T05:00:00,585.0,596.0,487.0,504.0,1141423567.5969694
2021-05-13T09:00:00,503.0,598.0,471.0,555.0,1961497880.9476988
2021-05-13T13:00:00,555.0,564.0,534.0,538.0,478289434.62356263
2021-05-13T17:00:00,538.0,539.0,485.0,511.0,1547248256.8104606
2021-05-13T21:00:00,511.0,549.0,507.0,514.0,1212628629.3911543
2021-05-14T01:00:00,514.0,525.0,486.0,492.0,626652163.628104
2021-05-14T05:00:00,492.0,650.0,491.0,616.0,2510423749.947082
2021-05-14T09:00:00,617.0,637.0,584.0,628.0,1561668023.24925
2021-05-14T13:00:00,627.0,717.0,621.0,668.0,4051341797.629059
2021-05-14T17:00:00,667.0,672.0,634.0,659.0,1689871828.5576227
2021-05-14T21:00:00,659.0,684.0,643.0,663.0,1209052981.1707227
2021-05-15T01:00:00,664.0,710.0,661.0,690.0,1191103037.9996455
2021-05-15T05:00:00,691.0,703.0,665.0,693.0,867340812.7936972
2021-05-15T09:00:00,692.0,695.0,650.0,652.0,1011954931.2802668
2021-05-15T13:00:00,652.0,668.0,625.0,635.0,801654181.6663958
2021-05-15T17:00:00,635.0,652.0,627.0,645.0,626883926.477045
2021-05-15T21:00:00,645.0,660.0,632.0,638.0,682167095.8222061
2021-05-16T01:00:00,637.0,643.0,621.0,641.0,327080470.60606426
2021-05-16T05:00:00,641.0,656.0,626.0,636.0,323622557.181593
2021-05-16T09:00:00,637.0,673.0,625.0,649.0,1039005453.6508834
2021-05-16T13:00:00,649.0,657.0,644.0,652.0,252728311.10467756
2021-05-16T17:00:00,652.0,654.0,634.0,639.0,244757578.8757744
2021-05-16T21:00:00,638.0,645.0,625.0,628.0,361070963.97449833
2021-05-17T01:00:00,628.0,656.0,625.0,645.0,421728527.16218853
2021-05-17T05:00:00,645.0,650.0,576.0,638.0,809700699.610678
2021-05-17T09:00:00,638.0,642.0,561.0,568.0,1181083609.827463
2021-05-17T13:00:00,567.0,644.0,554.0,640.0,1471289486.0877151
2021-05-17T17:00:00,639.0,643.0,602.0,614.0,769478252.9931102
2021-05-17T21:00:00,614.0,624.0,580.0,586.0,617037136.0364746
2021-05-18T01:00:00,587.0,608.0,582.0,605.0,227640555.39595672
2021-05-18T05:00:00,605.0,615.0,597.0,604.0,201106144.7843519
2021-05-18T09:00:00,605.0,617.0,596.0,605.0,329930310.3547216
2021-05-18T13:00:00,605.0,614.0,598.0,605.0,261807340.20760465
2021-05-18T17:00:00,604.0,633.0,600.0,617.0,564282070.0816216
2021-05-18T21:00:00,618.0,620.0,587.0,593.0,623038334.645575
2021-05-19T01:00:00,593.0,596.0,588.0,595.0,116405227.59918508
2021-05-19T05:00:00,594.0,600.0,591.0,595.0,128775247.04021753
2021-05-19T09:00:00,595.0,596.0,540.0,543.0,928828775.7209133
2021-05-19T13:00:00,544.0,548.0,507.0,540.0,1167772193.5444458
2021-05-19T17:00:00,540.0,550.0,472.0,501.0,973236890.474008
2021-05-19T21:00:00,501.0,566.0,360.0,535.0,4532775923.657692
2021-05-20T01:00:00,537.0,541.0,468.0,477.0,1608541717.1142914
2021-05-20T05:00:00,478.0,505.0,445.0,455.0,864903667.6957734
2021-05-20T09:00:00,455.0,475.0,413.0,448.0,1383353693.3717875
2021-05-20T13:00:00,448.0,496.0,446.0,478.0,886595551.065071
2021-05-20T17:00:00,478.0,525.0,440.0,500.0,1845206876.5891154
2021-05-20T21:00:00,499.0,539.0,488.0,509.0,1858827592.580648
2021-05-21T01:00:00,509.0,525.0,482.0,508.0,671921830.5264565
2021-05-21T05:00:00,507.0,520.0,496.0,503.0,413105548.3516768
2021-05-21T09:00:00,504.0,519.0,496.0,503.0,498889076.61091375
2021-05-21T13:00:00,503.0,504.0,461.0,480.0,765808435.7383299
2021-05-21T17:00:00,481.0,497.0,471.0,489.0,323649665.36772835
2021-05-21T21:00:00,490.0,492.0,448.0,451.0,744426739.6941093
2021-05-22T01:00:00,451.0,470.0,441.0,454.0,363356796.6939105
2021-05-22T05:00:00,454.0,475.0,423.0,471.0,443046068.34867036
2021-05-22T09:00:00,471.0,472.0,414.0,426.0,466767664.51249576
2021-05-22T13:00:00,426.0,432.0,390.0,419.0,579378040.3806127
2021-05-22T17:00:00,420.0,446.0,419.0,438.0,542528866.6207031
2021-05-22T21:00:00,437.0,447.0,418.0,429.0,398134663.9979626
2021-05-23T01:00:00,429.0,433.0,419.0,425.0,84041778.21125646
2021-05-23T05:00:00,425.0,459.0,425.0,433.0,225885644.77983314
2021-05-23T09:00:00,432.0,448.0,421.0,436.0,301685657.90394384
2021-05-23T13:00:00,435.0,438.0,413.0,418.0,167624944.66920957
2021-05-23T17:00:00,418.0,419.0,396.0,403.0,459088543.12550706
2021-05-23T21:00:00,404.0,406.0,353.0,358.0,990210189.2545487
2021-05-24T01:00:00,358.0,375.0,316.0,357.0,951196617.3498629
2021-05-24T05:00:00,357.0,396.0,357.0,375.0,368122526.5733273
2021-05-24T09:00:00,375.0,387.0,348.0,370.0,487755521.19958866
2021-05-24T13:00:00,370.0,405.0,356.0,401.0,596093057.6169465
2021-05-24T17:00:00,401.0,407.0,380.0,400.0,607791471.2669525
2021-05-24T21:00:00,400.0,422.0,392.0,401.0,774501038.9855921
2021-05-25T01:00:00,401.0,437.0,389.0,432.0,283165822.1220542
2021-05-25T05:00:00,432.0,450.0,418.0,443.0,612277286.5423992
2021-05-25T09:00:00,443.0,473.0,407.0,418.0,1021342820.7092451
2021-05-25T13:00:00,419.0,450.0,416.0,436.0,614821525.5341483
2021-05-25T17:00:00,436.0,439.0,400.0,406.0,472286069.9774735
2021-05-25T21:00:00,406.0,428.0,403.0,424.0,369864711.10280234
2021-05-26T01:00:00,424.0,425.0,413.0,415.0,71383022.64521916
2021-05-26T05:00:00,416.0,434.0,416.0,426.0,174441650.760262
2021-05-26T09:00:00,426.0,432.0,414.0,429.0,267731224.4312291
2021-05-26T13:00:00,429.0,439.0,424.0,434.0,280249221.02193725
2021-05-26T17:00:00,434.0,439.0,421.0,429.0,264773567.67384553
2021-05-26T21:00:00,429.0,429.0,414.0,418.0,209609207.1532847
2021-05-27T01:00:00,418.0,424.0,416.0,421.0,62790217.61224621
2021-05-27T05:00:00,421.0,428.0,420.0,426.0,138628776.48298493
2021-05-27T09:00:00,426.0,427.0,400.0,408.0,287341919.05881524
2021-05-27T13:00:00,408.0,413.0,405.0,409.0,85082814.35025975
2021-05-27T17:00:00,410.0,418.0,407.0,413.0,110780024.97835034
2021-05-27T21:00:00,413.0,415.0,403.0,407.0,141840356.54785427
2021-05-28T01:00:00,406.0,407.0,400.0,404.0,76295821.05933996
2021-05-28T05:00:00,404.0,412.0,402.0,404.0,86939562.47717269
2021-05-28T09:00:00,404.0,411.0,391.0,410.0,227247344.23310715
2021-05-28T13:00:00,409.0,425.0,375.0,390.0,747142084.1866302
2021-05-28T17:00:00,390.0,398.0,367.0,373.0,359423482.62631553
2021-05-28T21:00:00,373.0,393.0,370.0,389.0,298095050.067617
2021-05-29T01:00:00,388.0,389.0,379.0,386.0,75358351.1696009
2021-05-29T05:00:00,386.0,390.0,375.0,381.0,83733206.63980728
2021-05-29T09:00:00,381.0,386.0,377.0,381.0,118313960.90898842
2021-05-29T13:00:00,380.0,381.0,372.0,375.0,90523799.91630659
2021-05-29T17:00:00,375.0,377.0,361.0,369.0,153414894.92773
2021-05-29T21:00:00,368.0,369.0,344.0,352.0,266953211.32659793
2021-05-30T01:00:00,352.0,366.0,349.0,360.0,108121825.97963338
2021-05-30T05:00:00,360.0,377.0,356.0,373.0,66614461.58158002
2021-05-30T09:00:00,374.0,374.0,345.0,359.0,191692850.94412678
2021-05-30T13:00:00,359.0,377.0,357.0,368.0,199136468.1223352
2021-05-30T17:00:00,368.0,372.0,360.0,372.0,96762689.53747359
2021-05-30T21:00:00,372.0,373.0,353.0,361.0,119432262.24898195
2021-05-31T01:00:00,361.0,371.0,360.0,367.0,37148507.55054058
2021-05-31T05:00:00,368.0,372.0,364.0,366.0,67121164.25950019
2021-05-31T09:00:00,365.0,370.0,355.0,358.0,127164789.93865575
2021-05-31T13:00:00,358.0,364.0,354.0,362.0,86469737.17761624
2021-05-31T17:00:00,361.0,376.0,359.0,367.0,246419631.01963615
2021-05-31T21:00:00,368.0,372.0,360.0,368.0,133052850.48145372
2021-06-01T01:00:00,368.0,375.0,365.0,369.0,59302996.80435712
2021-06-01T05:00:00,369.0,389.0,369.0,381.0,196680726.4223107
2021-06-01T09:00:00,382.0,412.0,378.0,390.0,683566618.1162527
2021-06-01T13:00:00,390.0,400.0,387.0,393.0,210799741.85043722
2021-06-01T17:00:00,392.0,394.0,377.0,386.0,224684355.37503195
2021-06-01T21:00:00,386.0,387.0,372.0,375.0,242635179.55860895
2021-06-02T01:00:00,375.0,405.0,373.0,395.0,201694430.31821424
2021-06-02T05:00:00,395.0,456.0,394.0,437.0,1433672584.6958687
2021-06-02T09:00:00,437.0,447.0,417.0,443.0,837460207.3712349
2021-06-02T13:00:00,443.0,468.0,429.0,459.0,1043371282.5372102
2021-06-02T17:00:00,459.0,525.0,450.0,504.0,2764127721.292003
2021-06-02T21:00:00,504.0,515.0,475.0,486.0,1604924116.435734
2021-06-03T01:00:00,485.0,487.0,462.0,480.0,475869887.00284296
2021-06-03T05:00:00,481.0,508.0,475.0,492.0,661987765.8133974
2021-06-03T09:00:00,492.0,503.0,477.0,496.0,789537749.5262016
2021-06-03T13:00:00,496.0,511.0,491.0,493.0,690951920.033696
2021-06-03T17:00:00,494.0,498.0,467.0,476.0,843577343.5644315
2021-06-03T21:00:00,475.0,486.0,464.0,476.0,606806529.9239334
2021-06-04T01:00:00,477.0,477.0,444.0,458.0,458606266.8418017
2021-06-04T05:00:00,459.0,474.0,453.0,465.0,440102534.8391975
2021-06-04T09:00:00,464.0,474.0,436.0,469.0,832395328.2380319
2021-06-04T13:00:00,468.0,469.0,421.0,431.0,896956094.4899191
2021-06-04T17:00:00,431.0,439.0,422.0,426.0,415815582.7923725
2021-06-04T21:00:00,426.0,436.0,416.0,434.0,467107052.2881758
2021-06-05T01:00:00,434.0,463.0,431.0,446.0,392073756.19125813
2021-06-05T05:00:00,446.0,456.0,436.0,437.0,217930928.5192405
2021-06-05T09:00:00,438.0,452.0,432.0,440.0,262282255.1236584
2021-06-05T13:00:00,441.0,453.0,440.0,445.0,157697642.4467555
2021-06-05T17:00:00,445.0,454.0,427.0,430.0,375909033.0227192
2021-06-05T21:00:00,431.0,450.0,426.0,443.0,355965230.46440744
2021-06-06T01:00:00,444.0,445.0,438.0,440.0,55130177.19831437
2021-06-06T05:00:00,440.0,442.0,430.0,439.0,113848855.04134156
2021-06-06T09:00:00,438.0,442.0,434.0,436.0,125431419.98639017
2021-06-06T13:00:00,435.0,438.0,430.0,432.0,116752030.19816826
2021-06-06T17:00:00,432.0,436.0,427.0,432.0,199432996.42551115
2021-06-06T21:00:00,431.0,434.0,427.0,432.0,130935078.80694786
2021-06-07T01:00:00,431.0,435.0,430.0,432.0,37088928.90296738
2021-06-07T05:00:00,432.0,436.0,430.0,432.0,68683320.46679352
2021-06-07T09:00:00,432.0,437.0,427.0,433.0,149394172.4802054
2021-06-07T13:00:00,432.0,434.0,428.0,430.0,56193417.49402657
2021-06-07T17:00:00,429.0,431.0,426.0,427.0,62358019.95906531
2021-06-07T21:00:00,427.0,429.0,418.0,421.0,145158105.55128422
2021-06-08T01:00:00,421.0,421.0,410.0,416.0,98685774.2612143
2021-06-08T05:00:00,417.0,418.0,382.0,387.0,408446807.931959
2021-06-08T09:00:00,387.0,399.0,368.0,376.0,517364980.3620319
2021-06-08T13:00:00,377.0,381.0,368.0,376.0,206127730.16596782
2021-06-08T17:00:00,377.0,392.0,376.0,383.0,218254197.65656868
2021-06-08T21:00:00,383.0,385.0,350.0,364.0,426757935.29356223
2021-06-09T01:00:00,364.0,381.0,359.0,380.0,143123558.72588453
2021-06-09T05:00:00,381.0,386.0,375.0,376.0,99854191.78022914
2021-06-09T09:00:00,376.0,380.0,359.0,365.0,189968797.6107172
2021-06-09T13:00:00,365.0,381.0,363.0,373.0,186048437.74176857
2021-06-09T17:00:00,373.0,384.0,369.0,379.0,151221387.3475572
2021-06-09T21:00:00,380.0,389.0,371.0,383.0,300571731.69183207
2021-06-10T01:00:00,383.0,409.0,379.0,387.0,308508474.788082
2021-06-10T05:00:00,387.0,404.0,386.0,397.0,201794812.65969533
2021-06-10T09:00:00,397.0,401.0,387.0,392.0,156194964.65330887
2021-06-10T13:00:00,392.0,394.0,383.0,387.0,97130865.8535224
2021-06-10T17:00:00,388.0,397.0,380.0,387.0,161876082.7077092
2021-06-10T21:00:00,387.0,393.0,380.0,382.0,113790136.17189899
2021-06-11T01:00:00,382.0,385.0,380.0,383.0,33762925.66280526
2021-06-11T05:00:00,384.0,387.0,380.0,381.0,45328639.77666687
2021-06-11T09:00:00,381.0,383.0,373.0,378.0,123737886.8156122
2021-06-11T13:00:00,377.0,380.0,374.0,376.0,65963936.02622604
2021-06-11T17:00:00,377.0,379.0,370.0,373.0,98580166.10542832
2021-06-11T21:00:00,373.0,375.0,365.0,367.0,78381241.93164426
2021-06-12T01:00:00,367.0,372.0,363.0,372.0,36161414.88617706
2021-06-12T05:00:00,372.0,388.0,367.0,373.0,97948177.76817827
2021-06-12T09:00:00,372.0,374.0,351.0,357.0,155118660.55173087
2021-06-12T13:00:00,356.0,362.0,352.0,360.0,60469211.03608681
2021-06-12T17:00:00,360.0,362.0,354.0,360.0,52196965.14781359
2021-06-12T21:00:00,361.0,370.0,358.0,361.0,66967153.21612796
2021-06-13T01:00:00,362.0,371.0,361.0,365.0,27115178.64335
2021-06-13T05:00:00,366.0,369.0,361.0,362.0,23927769.26806116
2021-06-13T09:00:00,362.0,366.0,357.0,360.0,49371963.82573203
2021-06-13T13:00:00,359.0,365.0,359.0,361.0,39519236.06673938
2021-06-13T17:00:00,362.0,365.0,361.0,361.0,40599594.29812371
2021-06-13T21:00:00,362.0,363.0,358.0,363.0,29005830.47941991
2021-06-14T01:00:00,363.0,374.0,362.0,370.0,45732621.06466115
2021-06-14T05:00:00,370.0,381.0,368.0,371.0,130885105.16619112
2021-06-14T09:00:00,371.0,375.0,367.0,370.0,96849376.66414578
2021-06-14T13:00:00,369.0,376.0,367.0,374.0,83193060.6739261
2021-06-14T17:00:00,374.0,377.0,370.0,371.0,68421855.19405705
2021-06-14T21:00:00,370.0,390.0,370.0,382.0,286784595.66604304
2021-06-15T01:00:00,382.0,388.0,373.0,376.0,85561360.85483351
2021-06-15T05:00:00,375.0,378.0,374.0,376.0,51286171.7147094
2021-06-15T09:00:00,377.0,380.0,371.0,374.0,84952215.1486124
2021-06-15T13:00:00,374.0,379.0,373.0,377.0,67694216.64194266
2021-06-15T17:00:00,377.0,379.0,372.0,375.0,54619132.18210603
2021-06-15T21:00:00,375.0,376.0,367.0,370.0,77678463.67879587
2021-06-16T01:00:00,370.0,376.0,369.0,370.0,37828876.12495138
2021-06-16T05:00:00,370.0,373.0,368.0,369.0,33993162.00989535
2021-06-16T09:00:00,369.0,375.0,363.0,365.0,99095950.52032548
2021-06-16T13:00:00,365.0,368.0,363.0,366.0,44795062.76683877
2021-06-16T17:00:00,365.0,367.0,357.0,360.0,86999612.93276131
2021-06-16T21:00:00,360.0,363.0,356.0,358.0,68379292.23476392
2021-06-17T01:00:00,358.0,371.0,357.0,367.0,69519564.19133332
2021-06-17T05:00:00,367.0,369.0,362.0,364.0,43367705.79024213
2021-06-17T09:00:00,364.0,368.0,363.0,365.0,50775215.1121377
2021-06-17T13:00:00,365.0,366.0,361.0,364.0,37516253.49542356
2021-06-17T17:00:00,364.0,365.0,362.0,362.0,38488335.24330774
2021-06-17T21:00:00,362.0,363.0,359.0,362.0,43443930.83333083
2021-06-18T01:00:00,363.0,363.0,358.0,362.0,28801172.41203035
2021-06-18T05:00:00,362.0,363.0,360.0,360.0,19713374.42668745
2021-06-18T09:00:00,360.0,362.0,353.0,357.0,89202276.26962881
2021-06-18T13:00:00,356.0,357.0,353.0,354.0,38274256.44091847
2021-06-18T17:00:00,354.0,356.0,350.0,351.0,71626481.42529307
2021-06-18T21:00:00,352.0,353.0,340.0,342.0,149617750.301395
2021-06-19T01:00:00,341.0,351.0,337.0,340.0,67248412.68859503
2021-06-19T05:00:00,341.0,355.0,340.0,348.0,59111688.14652097
2021-06-19T09:00:00,347.0,352.0,338.0,341.0,73746536.62209398
2021-06-19T13:00:00,340.0,346.0,338.0,343.0,42644355.05727705
2021-06-19T17:00:00,343.0,347.0,340.0,347.0,30167989.05684558
2021-06-19T21:00:00,347.0,349.0,343.0,346.0,38246005.42780108
2021-06-20T01:00:00,346.0,347.0,341.0,345.0,14811281.2981428
2021-06-20T05:00:00,345.0,345.0,339.0,340.0,24279957.66863087
2021-06-20T09:00:00,339.0,342.0,332.0,334.0,92144716.95477177
2021-06-20T13:00:00,334.0,338.0,334.0,335.0,23982867.90610769
2021-06-20T17:00:00,336.0,336.0,307.0,313.0,262134590.2285781
2021-06-20T21:00:00,313.0,325.0,304.0,321.0,258675056.11499655
2021-06-21T01:00:00,322.0,328.0,321.0,327.0,52722143.35597421
2021-06-21T05:00:00,327.0,340.0,327.0,331.0,107922251.31712437
2021-06-21T09:00:00,331.0,332.0,310.0,312.0,172074843.38102043
2021-06-21T13:00:00,312.0,315.0,301.0,304.0,293648393.62445796
2021-06-21T17:00:00,305.0,308.0,258.0,278.0,837441107.5039512
2021-06-21T21:00:00,279.0,283.0,262.0,266.0,767991477.1769062
2021-06-22T01:00:00,266.0,268.0,241.0,247.0,599669704.1197029
2021-06-22T05:00:00,247.0,254.0,208.0,213.0,1183922116.0741668
2021-06-22T09:00:00,212.0,255.0,197.0,245.0,2674780838.821165
2021-06-22T13:00:00,246.0,247.0,228.0,238.0,1085109388.8950663
2021-06-22T17:00:00,238.0,240.0,210.0,215.0,1958090170.7566981
2021-06-22T21:00:00,215.0,230.0,196.0,224.0,2845229481.6859174
2021-06-23T01:00:00,224.0,236.0,218.0,219.0,1237604051.8712318
2021-06-23T05:00:00,219.0,228.0,216.0,222.0,364414530.22696364
2021-06-23T09:00:00,221.0,254.0,211.0,240.0,1914470020.854016
2021-06-23T13:00:00,239.0,258.0,238.0,252.0,1248621664.9218776
2021-06-23T17:00:00,252.0,258.0,242.0,252.0,825467397.5709219
2021-06-23T21:00:00,252.0,287.0,250.0,264.0,2432868929.0793753
2021-06-24T01:00:00,264.0,271.0,255.0,255.0,550389876.434351
2021-06-24T05:00:00,255.0,277.0,253.0,273.0,546602799.9866403
2021-06-24T09:00:00,273.0,284.0,259.0,268.0,1415424989.012662
2021-06-24T13:00:00,268.0,277.0,264.0,271.0,680861567.4373342
2021-06-24T17:00:00,271.0,284.0,268.0,283.0,913104151.9615397
2021-06-24T21:00:00,283.0,285.0,275.0,278.0,798132787.856947
2021-06-25T01:00:00,278.0,297.0,275.0,293.0,425814118.4798754
2021-06-25T05:00:00,293.0,311.0,291.0,305.0,677388679.9646395
2021-06-25T09:00:00,305.0,337.0,304.0,330.0,1953594026.5183597
2021-06-25T13:00:00,331.0,332.0,302.0,307.0,1122772337.0821905
2021-06-25T17:00:00,307.0,309.0,288.0,293.0,1340010853.1635537
2021-06-25T21:00:00,292.0,309.0,290.0,295.0,1254698610.826344
2021-06-26T01:00:00,295.0,298.0,270.0,286.0,1127036195.9460573
2021-06-26T05:00:00,286.0,299.0,274.0,279.0,586735464.6460422
2021-06-26T09:00:00,280.0,293.0,276.0,286.0,943371991.6008071
2021-06-26T13:00:00,286.0,298.0,274.0,275.0,1051780246.4606663
2021-06-26T17:00:00,275.0,286.0,272.0,285.0,859912986.0475546
2021-06-26T21:00:00,284.0,285.0,274.0,281.0,472924586.5441632
2021-06-27T01:00:00,281.0,283.0,276.0,281.0,149872769.51960182
2021-06-27T05:00:00,280.0,288.0,276.0,288.0,186513549.5559487
2021-06-27T09:00:00,287.0,294.0,284.0,291.0,618453838.7905841
2021-06-27T13:00:00,291.0,292.0,281.0,285.0,302847109.0233054
2021-06-27T17:00:00,285.0,288.0,278.0,285.0,303852439.5980149
2021-06-27T21:00:00,285.0,288.0,280.0,287.0,260811915.98425978
2021-06-28T01:00:00,286.0,289.0,282.0,284.0,145011020.03572366
2021-06-28T05:00:00,284.0,309.0,283.0,305.0,476469913.29345435
2021-06-28T09:00:00,304.0,311.0,292.0,294.0,885707712.8996583
2021-06-28T13:00:00,294.0,303.0,293.0,300.0,309731812.0786218
2021-06-28T17:00:00,299.0,300.0,290.0,293.0,341547640.8362366
2021-06-28T21:00:00,292.0,302.0,291.0,302.0,401200966.10786986
2021-06-29T01:00:00,302.0,303.0,295.0,299.0,149162672.51135737
2021-06-29T05:00:00,299.0,304.0,296.0,298.0,239646936.6542055
2021-06-29T09:00:00,298.0,302.0,294.0,296.0,441177300.25136197
2021-06-29T13:00:00,296.0,300.0,294.0,297.0,305453623.1342777
2021-06-29T17:00:00,298.0,316.0,295.0,313.0,826358836.913321
2021-06-29T21:00:00,312.0,321.0,304.0,306.0,1046731445.2231307
2021-06-30T01:00:00,306.0,310.0,302.0,309.0,132767438.18809402
2021-06-30T05:00:00,309.0,311.0,304.0,304.0,205877346.4531856
2021-06-30T09:00:00,304.0,306.0,295.0,296.0,488517854.869956
2021-06-30T13:00:00,295.0,297.0,287.0,295.0,433620080.22870725
2021-06-30T17:00:00,295.0,295.0,288.0,290.0,166518795.92972466
2021-06-30T21:00:00,290.0,292.0,285.0,286.0,192529575.0029419
2021-07-01T01:00:00,286.0,294.0,286.0,293.0,42185362.11812262
2021-07-01T05:00:00,293.0,296.0,290.0,294.0,127975734.8547425
2021-07-01T09:00:00,294.0,297.0,282.0,283.0,277409853.43782073
2021-07-01T13:00:00,282.0,289.0,279.0,280.0,216799440.4666073
2021-07-01T17:00:00,279.0,306.0,278.0,299.0,1192131170.6063514
2021-07-01T21:00:00,299.0,299.0,289.0,290.0,204357256.9909251
2021-07-02T01:00:00,290.0,293.0,285.0,287.0,61232519.54055433
2021-07-02T05:00:00,287.0,292.0,286.0,286.0,72391180.43051098
2021-07-02T09:00:00,287.0,291.0,280.0,282.0,303332577.8592782
2021-07-02T13:00:00,281.0,285.0,279.0,283.0,116548606.40718554
2021-07-02T17:00:00,283.0,286.0,281.0,282.0,73750775.26974545
2021-07-02T21:00:00,282.0,293.0,281.0,287.0,181736596.59304523
2021-07-03T01:00:00,287.0,287.0,283.0,284.0,30514349.61327246
2021-07-03T05:00:00,284.0,287.0,283.0,285.0,45476659.03072378
2021-07-03T09:00:00,285.0,287.0,282.0,284.0,67152766.05373296
2021-07-03T13:00:00,284.0,290.0,283.0,289.0,76739603.03312841
2021-07-03T17:00:00,289.0,292.0,286.0,287.0,135743743.03359392
2021-07-03T21:00:00,287.0,290.0,287.0,288.0,47683601.94228571
2021-07-04T01:00:00,288.0,290.0,287.0,288.0,21446051.17986662
2021-07-04T05:00:00,288.0,289.0,285.0,286.0,40367095.01786262
2021-07-04T09:00:00,285.0,287.0,284.0,286.0,58831803.94006945
2021-07-04T13:00:00,286.0,294.0,286.0,292.0,123682323.96582265
2021-07-04T17:00:00,293.0,294.0,287.0,290.0,76889539.28900185
2021-07-04T21:00:00,290.0,290.0,286.0,289.0,74812007.08569527
2021-07-05T01:00:00,288.0,291.0,287.0,290.0,41154349.04469597
2021-07-05T05:00:00,290.0,291.0,285.0,286.0,66117379.28906613
2021-07-05T09:00:00,286.0,287.0,281.0,282.0,152888013.80850402
2021-07-05T13:00:00,282.0,283.0,280.0,282.0,67758382.6566113
2021-07-05T17:00:00,282.0,285.0,265.0,267.0,181530670.6733524
2021-07-05T21:00:00,267.0,276.0,265.0,271.0,191424477.35181513
2021-07-06T01:00:00,271.0,276.0,267.0,276.0,52471346.41483675
2021-07-06T05:00:00,275.0,276.0,271.0,271.0,47790922.41553409
2021-07-06T09:00:00,271.0,276.0,270.0,273.0,77838087.54946858
2021-07-06T13:00:00,274.0,281.0,273.0,279.0,121036939.24478436
2021-07-06T17:00:00,278.0,280.0,271.0,273.0,108325086.9465959
2021-07-06T21:00:00,273.0,276.0,271.0,273.0,78498589.8945386
2021-07-07T01:00:00,273.0,273.0,269.0,271.0,39502154.81701728
2021-07-07T05:00:00,272.0,274.0,270.0,273.0,44585347.05816343
2021-07-07T09:00:00,274.0,274.0,270.0,273.0,82746340.09190819
2021-07-07T13:00:00,274.0,277.0,272.0,272.0,74489112.63100156
2021-07-07T17:00:00,272.0,274.0,271.0,273.0,51383387.78371296
2021-07-07T21:00:00,272.0,274.0,269.0,269.0,79909468.04677853
2021-07-08T01:00:00,270.0,271.0,268.0,270.0,22912482.95006869
2021-07-08T05:00:00,271.0,271.0,261.0,264.0,133947209.50859392
2021-07-08T09:00:00,263.0,264.0,251.0,259.0,266053062.63876778
2021-07-08T13:00:00,258.0,259.0,250.0,252.0,161589377.91745695
2021-07-08T17:00:00,252.0,255.0,249.0,255.0,143145139.38089263
2021-07-08T21:00:00,255.0,259.0,247.0,254.0,150346848.88765934
2021-07-09T01:00:00,254.0,256.0,250.0,252.0,33185480.5486596
2021-07-09T05:00:00,252.0,253.0,242.0,246.0,116256788.67636868
2021-07-09T09:00:00,246.0,247.0,231.0,241.0,376435187.55795294
2021-07-09T13:00:00,240.0,260.0,239.0,256.0,468142206.15090716
2021-07-09T17:00:00,256.0,279.0,251.0,259.0,1296440534.7298124
2021-07-09T21:00:00,259.0,267.0,254.0,260.0,528668805.8828192
2021-07-10T01:00:00,259.0,261.0,256.0,259.0,64890064.34602187
2021-07-10T05:00:00,259.0,264.0,257.0,258.0,117169931.8352095
2021-07-10T09:00:00,258.0,270.0,257.0,258.0,326383816.12694997
2021-07-10T13:00:00,258.0,261.0,254.0,258.0,97556076.05854185
2021-07-10T17:00:00,257.0,259.0,253.0,255.0,83868264.39809597
2021-07-10T21:00:00,256.0,257.0,253.0,255.0,57139677.33425164
2021-07-11T01:00:00,255.0,258.0,249.0,251.0,82444662.41796646
2021-07-11T05:00:00,251.0,256.0,249.0,253.0,62075588.55070658
2021-07-11T09:00:00,252.0,254.0,249.0,249.0,71920925.01563281
2021-07-11T13:00:00,249.0,252.0,247.0,249.0,59046768.08646555
2021-07-11T17:00:00,250.0,252.0,249.0,251.0,40413964.23168373
2021-07-11T21:00:00,251.0,255.0,250.0,255.0,68834436.10304245
2021-07-12T01:00:00,255.0,257.0,252.0,253.0,38096796.18351466
2021-07-12T05:00:00,254.0,257.0,252.0,253.0,36921815.08622764
2021-07-12T09:00:00,254.0,256.0,251.0,255.0,88952400.51407418
2021-07-12T13:00:00,254.0,257.0,252.0,254.0,63691478.40158388
2021-07-12T17:00:00,254.0,255.0,249.0,250.0,89439775.51934098
2021-07-12T21:00:00,249.0,251.0,246.0,246.0,74103838.30577034
2021-07-13T01:00:00,246.0,248.0,243.0,244.0,67395260.25720482
2021-07-13T05:00:00,244.0,253.0,243.0,246.0,65114958.60681934
2021-07-13T09:00:00,246.0,247.0,241.0,242.0,106009394.95454666
2021-07-13T13:00:00,243.0,243.0,237.0,241.0,102697182.95091279
2021-07-13T17:00:00,241.0,242.0,238.0,239.0,55839934.4438495
2021-07-13T21:00:00,239.0,241.0,235.0,240.0,143946168.4984186
2021-07-14T01:00:00,240.0,241.0,236.0,236.0,34504256.48082883
2021-07-14T05:00:00,236.0,240.0,235.0,237.0,52988506.57808521
2021-07-14T09:00:00,236.0,238.0,223.0,226.0,280103585.26311344
2021-07-14T13:00:00,225.0,231.0,224.0,229.0,109948564.22723658
2021-07-14T17:00:00,229.0,237.0,226.0,233.0,154260070.08679214
2021-07-14T21:00:00,233.0,242.0,231.0,236.0,243520934.25069472
2021-07-15T01:00:00,236.0,238.0,231.0,231.0,54498810.35836369
2021-07-15T05:00:00,231.0,236.0,231.0,232.0,69150599.81428923
2021-07-15T09:00:00,233.0,236.0,230.0,230.0,149047062.89093223
2021-07-15T13:00:00,230.0,231.0,224.0,226.0,122600388.83663599
2021-07-15T17:00:00,227.0,229.0,223.0,225.0,94713083.86072145
2021-07-15T21:00:00,225.0,228.0,223.0,224.0,93093527.30061617
2021-07-16T01:00:00,224.0,224.0,215.0,221.0,125438493.77294596
2021-07-16T05:00:00,221.0,223.0,217.0,220.0,64177829.47194402
2021-07-16T09:00:00,220.0,223.0,214.0,220.0,173806610.23586038
2021-07-16T13:00:00,219.0,221.0,215.0,216.0,83314917.12658659
2021-07-16T17:00:00,216.0,217.0,207.0,208.0,184508430.34728575
2021-07-16T21:00:00,207.0,218.0,207.0,214.0,199881213.01275706
2021-07-17T01:00:00,214.0,216.0,207.0,208.0,66450392.56878574
2021-07-17T05:00:00,209.0,211.0,203.0,204.0,97608191.36722483
2021-07-17T09:00:00,205.0,208.0,200.0,202.0,235414853.76916477
2021-07-17T13:00:00,202.0,212.0,201.0,206.0,176307659.99304354
2021-07-17T17:00:00,206.0,208.0,202.0,204.0,139861371.11712366
2021-07-17T21:00:00,204.0,207.0,202.0,206.0,107902125.63100894
2021-07-18T01:00:00,205.0,242.0,204.0,234.0,559108379.873022
2021-07-18T05:00:00,234.0,237.0,218.0,221.0,739407557.2392074
2021-07-18T09:00:00,221.0,231.0,216.0,224.0,519867859.58668053
2021-07-18T13:00:00,223.0,227.0,220.0,222.0,166677439.97411886
2021-07-18T17:00:00,222.0,227.0,220.0,227.0,183644707.44434357
2021-07-18T21:00:00,227.0,227.0,215.0,216.0,267845332.78967407
2021-07-19T01:00:00,216.0,221.0,214.0,217.0,87366674.01224235
2021-07-19T05:00:00,217.0,220.0,213.0,215.0,97197130.22920741
2021-07-19T09:00:00,215.0,219.0,210.0,211.0,233496849.26453987
2021-07-19T13:00:00,212.0,215.0,211.0,211.0,88358364.83833532
2021-07-19T17:00:00,211.0,213.0,208.0,209.0,90940438.2424779
2021-07-19T21:00:00,210.0,210.0,203.0,206.0,267938536.68296567
2021-07-20T01:00:00,206.0,208.0,205.0,208.0,46192539.33963472
2021-07-20T05:00:00,208.0,210.0,207.0,208.0,37998948.69576078
2021-07-20T09:00:00,208.0,210.0,195.0,196.0,448313498.49914736
2021-07-20T13:00:00,196.0,200.0,194.0,198.0,282131517.84692556
2021-07-20T17:00:00,199.0,200.0,190.0,196.0,278627013.60711014
2021-07-20T21:00:00,196.0,200.0,193.0,200.0,146965660.68968916
2021-07-21T01:00:00,200.0,213.0,199.0,203.0,333860982.1907986
2021-07-21T05:00:00,202.0,210.0,199.0,203.0,150757080.26397464
2021-07-21T09:00:00,202.0,211.0,199.0,207.0,284474673.8615504
2021-07-21T13:00:00,206.0,216.0,206.0,212.0,282391523.48279166
2021-07-21T17:00:00,211.0,227.0,209.0,224.0,527609732.94178414
2021-07-21T21:00:00,225.0,237.0,221.0,236.0,879275075.4661976
2021-07-22T01:00:00,236.0,252.0,221.0,222.0,1715996826.112125
2021-07-22T05:00:00,222.0,228.0,219.0,225.0,425885121.42583233
2021-07-22T09:00:00,225.0,233.0,220.0,225.0,649971810.437791
2021-07-22T13:00:00,225.0,231.0,223.0,227.0,393683242.9533469
2021-07-22T17:00:00,227.0,230.0,222.0,225.0,281278397.1424981
2021-07-22T21:00:00,224.0,229.0,221.0,228.0,248229206.57414135
2021-07-23T01:00:00,228.0,229.0,224.0,225.0,81776091.2151681
2021-07-23T05:00:00,225.0,226.0,223.0,224.0,68226578.57772738
2021-07-23T09:00:00,225.0,227.0,221.0,224.0,194537340.5178056
2021-07-23T13:00:00,225.0,234.0,224.0,228.0,344245407.16482913
2021-07-23T17:00:00,228.0,228.0,222.0,224.0,186259358.9446003
2021-07-23T21:00:00,224.0,227.0,222.0,223.0,115291380.39949149
2021-07-24T01:00:00,222.0,223.0,217.0,219.0,149680951.8323965
2021-07-24T05:00:00,220.0,227.0,219.0,227.0,186335698.04279646
2021-07-24T09:00:00,226.0,227.0,222.0,225.0,224321572.59418648
2021-07-24T13:00:00,226.0,230.0,224.0,227.0,136625408.53281698
2021-07-24T17:00:00,226.0,233.0,225.0,228.0,307121010.3907679
2021-07-24T21:00:00,228.0,230.0,226.0,229.0,142762713.6018036
2021-07-25T01:00:00,228.0,240.0,227.0,230.0,327902022.785029
2021-07-25T05:00:00,229.0,232.0,226.0,231.0,108441806.22732157
2021-07-25T09:00:00,230.0,231.0,224.0,226.0,194897070.71782076
2021-07-25T13:00:00,226.0,234.0,226.0,232.0,236206774.6086918
2021-07-25T17:00:00,233.0,234.0,228.0,229.0,118804682.19947524
2021-07-25T21:00:00,229.0,230.0,224.0,226.0,136465310.63070482
2021-07-26T01:00:00,226.0,227.0,225.0,227.0,22784956.23131091
2021-07-26T05:00:00,227.0,230.0,225.0,229.0,70153708.2976082
2021-07-26T09:00:00,229.0,263.0,227.0,260.0,1366950589.3920412
2021-07-26T13:00:00,259.0,270.0,254.0,254.0,1338702183.3539555
2021-07-26T17:00:00,254.0,263.0,252.0,258.0,550007264.4847612
2021-07-26T21:00:00,258.0,260.0,251.0,255.0,369937178.7802435
2021-07-27T01:00:00,255.0,263.0,254.0,254.0,192743039.15791124
2021-07-27T05:00:00,254.0,255.0,234.0,235.0,610910512.2492124
2021-07-27T09:00:00,235.0,238.0,226.0,229.0,604059640.7298099
2021-07-27T13:00:00,229.0,236.0,229.0,232.0,257290536.21613783
2021-07-27T17:00:00,231.0,239.0,230.0,238.0,268639628.4372555
2021-07-27T21:00:00,238.0,243.0,232.0,234.0,498886380.9058516
2021-07-28T01:00:00,235.0,235.0,230.0,234.0,98654468.3603377
2021-07-28T05:00:00,233.0,239.0,233.0,237.0,117543687.39337654
2021-07-28T09:00:00,237.0,242.0,233.0,240.0,307158768.67864686
2021-07-28T13:00:00,239.0,246.0,235.0,241.0,374334230.0283668
2021-07-28T17:00:00,242.0,249.0,240.0,243.0,477230314.10541916
2021-07-28T21:00:00,243.0,244.0,235.0,238.0,362793918.91012
2021-07-29T01:00:00,238.0,241.0,235.0,238.0,89251790.67182866
2021-07-29T05:00:00,238.0,240.0,237.0,238.0,59740873.01440939
2021-07-29T09:00:00,238.0,239.0,233.0,235.0,194536657.5553945
2021-07-29T13:00:00,235.0,238.0,234.0,236.0,112197074.32195206
2021-07-29T17:00:00,236.0,239.0,235.0,236.0,102648262.80776608
2021-07-29T21:00:00,236.0,237.0,234.0,234.0,108044176.86516409
2021-07-30T01:00:00,234.0,236.0,232.0,234.0,80866265.76767145
2021-07-30T05:00:00,234.0,238.0,232.0,235.0,99622717.29806177
2021-07-30T09:00:00,236.0,243.0,234.0,238.0,339943313.63164246
2021-07-30T13:00:00,238.0,240.0,236.0,237.0,155440957.66629973
2021-07-30T17:00:00,237.0,238.0,227.0,232.0,301537856.1736515
2021-07-30T21:00:00,231.0,234.0,230.0,234.0,67322809.69858329
2021-07-31T01:00:00,234.0,236.0,232.0,235.0,48865972.25554979
2021-07-31T05:00:00,235.0,241.0,235.0,240.0,130105651.34578727
2021-07-31T09:00:00,240.0,249.0,238.0,240.0,312777497.37905765
2021-07-31T13:00:00,240.0,241.0,237.0,239.0,91204621.14170998
2021-07-31T17:00:00,239.0,243.0,239.0,240.0,153903568.79542303
2021-07-31T21:00:00,240.0,241.0,237.0,239.0,75694798.17225564
2021-08-01T01:00:00,240.0,243.0,239.0,240.0,50623109.14791537
2021-08-01T05:00:00,240.0,243.0,239.0,241.0,56019270.69685388
2021-08-01T09:00:00,240.0,254.0,238.0,251.0,448155454.3822111
2021-08-01T13:00:00,252.0,252.0,244.0,245.0,168131205.62645805
2021-08-01T17:00:00,246.0,248.0,241.0,243.0,166790574.6310063
2021-08-01T21:00:00,243.0,245.0,241.0,243.0,106817296.7326842
2021-08-02T01:00:00,244.0,246.0,240.0,245.0,64801432.42502766
2021-08-02T05:00:00,245.0,247.0,235.0,237.0,147039900.7982474
2021-08-02T09:00:00,236.0,240.0,234.0,238.0,208127284.67488605
2021-08-02T13:00:00,237.0,245.0,236.0,240.0,197686670.88433972
2021-08-02T17:00:00,240.0,242.0,237.0,238.0,126278306.98286268
2021-08-02T21:00:00,239.0,240.0,236.0,239.0,90126013.82981956
2021-08-03T01:00:00,238.0,239.0,236.0,236.0,33469444.29511922
2021-08-03T05:00:00,237.0,238.0,235.0,236.0,67055001.5705743
2021-08-03T09:00:00,236.0,238.0,233.0,233.0,138622353.668545
2021-08-03T13:00:00,233.0,235.0,230.0,233.0,123855363.96198097
2021-08-03T17:00:00,233.0,234.0,231.0,232.0,51053284.47127988
2021-08-03T21:00:00,232.0,233.0,230.0,231.0,93823107.67274697
2021-08-04T01:00:00,231.0,233.0,229.0,230.0,42230794.92914407
2021-08-04T05:00:00,230.0,233.0,228.0,231.0,51240576.32115881
2021-08-04T09:00:00,231.0,236.0,229.0,229.0,186453532.2877468
2021-08-04T13:00:00,229.0,232.0,228.0,229.0,71258222.97679976
2021-08-04T17:00:00,229.0,231.0,227.0,229.0,68684079.27430172
2021-08-04T21:00:00,230.0,233.0,229.0,232.0,111927508.23804793
2021-08-05T01:00:00,232.0,234.0,231.0,232.0,62269362.77830421
2021-08-05T05:00:00,231.0,234.0,231.0,232.0,100699918.98351501
2021-08-05T09:00:00,233.0,236.0,230.0,231.0,160748864.42805186
2021-08-05T13:00:00,231.0,232.0,230.0,231.0,47106328.48268249
2021-08-05T17:00:00,230.0,231.0,228.0,229.0,81467904.65888983
2021-08-05T21:00:00,229.0,232.0,228.0,230.0,110290912.78358589
2021-08-06T01:00:00,230.0,233.0,230.0,230.0,60967723.55236677
2021-08-06T05:00:00,230.0,234.0,230.0,232.0,96507590.38929923
2021-08-06T09:00:00,233.0,233.0,230.0,231.0,88042736.96595597
2021-08-06T13:00:00,230.0,234.0,230.0,231.0,70333691.7267721
2021-08-06T17:00:00,231.0,233.0,231.0,231.0,33098531.40259502
2021-08-06T21:00:00,231.0,237.0,231.0,237.0,112535038.78053243
2021-08-07T01:00:00,237.0,243.0,235.0,240.0,166505324.21945965
2021-08-07T05:00:00,240.0,241.0,235.0,236.0,118332657.25067973
2021-08-07T09:00:00,237.0,248.0,235.0,248.0,345414567.87541133
2021-08-07T13:00:00,247.0,250.0,243.0,245.0,304322858.84715813
2021-08-07T17:00:00,245.0,268.0,244.0,260.0,895696333.2449048
2021-08-07T21:00:00,260.0,283.0,253.0,274.0,1510051237.3667688
2021-08-08T01:00:00,275.0,287.0,267.0,282.0,795590676.0915252
2021-08-08T05:00:00,282.0,303.0,276.0,301.0,724692926.5764755
2021-08-08T09:00:00,301.0,325.0,289.0,303.0,2742441390.5125074
2021-08-08T13:00:00,303.0,313.0,295.0,301.0,1090413881.9734192
2021-08-08T17:00:00,301.0,308.0,294.0,297.0,637134613.0349288
2021-08-08T21:00:00,296.0,305.0,286.0,289.0,764033430.1626087
2021-08-09T01:00:00,288.0,291.0,276.0,278.0,514425880.77417415
2021-08-09T05:00:00,278.0,286.0,277.0,280.0,377722246.15459555
2021-08-09T09:00:00,280.0,282.0,270.0,280.0,681448242.0051811
2021-08-09T13:00:00,280.0,284.0,273.0,284.0,429320473.4770362
2021-08-09T17:00:00,284.0,301.0,280.0,298.0,1178582232.686307
2021-08-09T21:00:00,298.0,299.0,288.0,292.0,651394691.2347841
2021-08-10T01:00:00,293.0,303.0,288.0,295.0,313034581.64619
2021-08-10T05:00:00,295.0,298.0,285.0,292.0,371001084.7335167
2021-08-10T09:00:00,292.0,302.0,289.0,290.0,576507493.0081161
2021-08-10T13:00:00,290.0,298.0,288.0,298.0,217420745.54925442
2021-08-10T17:00:00,297.0,300.0,286.0,289.0,548460200.6701584
2021-08-10T21:00:00,289.0,296.0,287.0,289.0,506783957.55239916
2021-08-11T01:00:00,289.0,292.0,285.0,290.0,132292554.18622601
2021-08-11T05:00:00,290.0,300.0,290.0,295.0,287360346.5079116
2021-08-11T09:00:00,295.0,304.0,294.0,303.0,464691799.65944314
2021-08-11T13:00:00,302.0,314.0,300.0,307.0,731347823.8096598
2021-08-11T17:00:00,307.0,311.0,303.0,306.0,291124709.94808173
2021-08-11T21:00:00,306.0,323.0,303.0,315.0,675527725.8755016
2021-08-12T01:00:00,316.0,324.0,314.0,318.0,204492299.8158956
2021-08-12T05:00:00,318.0,321.0,302.0,306.0,451904063.0057111
2021-08-12T09:00:00,306.0,340.0,304.0,331.0,1112623889.3024263
2021-08-12T13:00:00,331.0,332.0,310.0,319.0,1109190941.0362628
2021-08-12T17:00:00,320.0,320.0,309.0,310.0,455104255.65085423
2021-08-12T21:00:00,311.0,314.0,300.0,304.0,547114034.1541654
2021-08-13T01:00:00,304.0,311.0,298.0,309.0,223712911.91785768
2021-08-13T05:00:00,308.0,312.0,300.0,310.0,228798972.65900072
2021-08-13T09:00:00,310.0,321.0,307.0,316.0,493164316.68968374
2021-08-13T13:00:00,316.0,323.0,313.0,321.0,336725828.1770404
2021-08-13T17:00:00,320.0,327.0,317.0,317.0,481922208.7027198
2021-08-13T21:00:00,317.0,325.0,313.0,318.0,285720698.9873223
2021-08-14T01:00:00,318.0,320.0,315.0,319.0,77072920.2764613
2021-08-14T05:00:00,318.0,332.0,317.0,331.0,334667612.23212606
2021-08-14T09:00:00,331.0,347.0,329.0,335.0,1003328534.139864
2021-08-14T13:00:00,335.0,346.0,334.0,343.0,424981213.41315806
2021-08-14T17:00:00,343.0,345.0,321.0,330.0,1124683983.0370631
2021-08-14T21:00:00,330.0,343.0,325.0,338.0,600152381.8503546
2021-08-15T01:00:00,339.0,343.0,331.0,340.0,191762637.58794373
2021-08-15T05:00:00,340.0,346.0,331.0,343.0,246273497.8114749
2021-08-15T09:00:00,343.0,365.0,335.0,351.0,1317702660.9212263
2021-08-15T13:00:00,352.0,356.0,335.0,341.0,532757140.3415712
2021-08-15T17:00:00,342.0,354.0,339.0,349.0,443456030.91018003
2021-08-15T21:00:00,349.0,361.0,343.0,361.0,472047861.8052689
2021-08-16T01:00:00,361.0,374.0,352.0,373.0,600678240.8536749
2021-08-16T05:00:00,373.0,406.0,367.0,397.0,1390443244.1320136
2021-08-16T09:00:00,397.0,402.0,385.0,387.0,1394184768.108841
2021-08-16T13:00:00,388.0,395.0,386.0,390.0,304776822.5447054
2021-08-16T17:00:00,390.0,409.0,387.0,405.0,898996863.6972619
2021-08-16T21:00:00,404.0,406.0,379.0,389.0,1030836840.8655477
2021-08-17T01:00:00,389.0,395.0,380.0,380.0,150767799.36140236
2021-08-17T05:00:00,380.0,385.0,370.0,376.0,467100122.92366105
2021-08-17T09:00:00,376.0,389.0,363.0,385.0,860427638.251545
2021-08-17T13:00:00,384.0,398.0,375.0,382.0,928453314.1285193
2021-08-17T17:00:00,383.0,393.0,380.0,386.0,596090233.8556643
2021-08-17T21:00:00,386.0,388.0,372.0,374.0,471188239.3152446
2021-08-18T01:00:00,373.0,380.0,368.0,370.0,221742321.60290366
2021-08-18T05:00:00,370.0,371.0,351.0,353.0,723224675.7438171
2021-08-18T09:00:00,353.0,361.0,333.0,351.0,1479518571.4716754
2021-08-18T13:00:00,350.0,358.0,346.0,348.0,496685992.2730524
2021-08-18T17:00:00,349.0,355.0,340.0,340.0,485945506.6741173
2021-08-18T21:00:00,341.0,374.0,338.0,372.0,774631427.8875574
2021-08-19T01:00:00,371.0,378.0,354.0,356.0,1037792547.5305272
2021-08-19T05:00:00,356.0,366.0,348.0,357.0,519223946.53710264
2021-08-19T09:00:00,357.0,367.0,351.0,352.0,601331225.4091325
2021-08-19T13:00:00,353.0,358.0,348.0,356.0,252226852.97664768
2021-08-19T17:00:00,356.0,359.0,351.0,352.0,243174992.2531149
2021-08-19T21:00:00,352.0,363.0,351.0,362.0,280914116.7635077
2021-08-20T01:00:00,362.0,368.0,355.0,365.0,214578109.39788768
2021-08-20T05:00:00,364.0,375.0,364.0,372.0,354217963.67342055
2021-08-20T09:00:00,373.0,385.0,368.0,370.0,612925137.0694293
2021-08-20T13:00:00,370.0,382.0,369.0,373.0,269464616.86620504
2021-08-20T17:00:00,373.0,379.0,373.0,374.0,211654092.32864898
2021-08-20T21:00:00,374.0,390.0,373.0,387.0,467537631.15457517
2021-08-21T01:00:00,387.0,388.0,376.0,384.0,151851900.1397055
2021-08-21T05:00:00,384.0,386.0,379.0,382.0,146318996.83136863
2021-08-21T09:00:00,382.0,383.0,374.0,380.0,358892261.7911955
2021-08-21T13:00:00,380.0,383.0,376.0,382.0,156213156.832066
2021-08-21T17:00:00,381.0,387.0,371.0,376.0,429697548.0619743
2021-08-21T21:00:00,375.0,384.0,374.0,377.0,237559967.98389515
2021-08-22T01:00:00,378.0,381.0,373.0,374.0,111502459.79101312
2021-08-22T05:00:00,375.0,378.0,373.0,374.0,72547141.22794081
2021-08-22T09:00:00,374.0,377.0,368.0,370.0,225428722.8649595
2021-08-22T13:00:00,371.0,376.0,369.0,375.0,130476215.89827286
2021-08-22T17:00:00,374.0,377.0,371.0,372.0,179645089.92301354
2021-08-22T21:00:00,372.0,374.0,361.0,366.0,313808420.7874809
2021-08-23T01:00:00,365.0,368.0,361.0,366.0,71036244.78672671
2021-08-23T05:00:00,366.0,371.0,362.0,369.0,91432832.46385355
2021-08-23T09:00:00,368.0,375.0,366.0,373.0,324806629.3021565
2021-08-23T13:00:00,373.0,378.0,370.0,372.0,228024019.69093925
2021-08-23T17:00:00,373.0,382.0,372.0,375.0,347485397.84369624
2021-08-23T21:00:00,376.0,379.0,367.0,370.0,294360370.96877736
2021-08-24T01:00:00,370.0,372.0,367.0,369.0,54506890.37603357
2021-08-24T05:00:00,368.0,374.0,367.0,369.0,92527942.08402528
2021-08-24T09:00:00,369.0,371.0,362.0,366.0,263332330.43774682
2021-08-24T13:00:00,365.0,368.0,363.0,366.0,100396321.57498243
2021-08-24T17:00:00,366.0,367.0,360.0,363.0,117744410.41251913
2021-08-24T21:00:00,363.0,364.0,345.0,346.0,512801065.194641
2021-08-25T01:00:00,346.0,349.0,337.0,348.0,342199608.12501895
2021-08-25T05:00:00,348.0,352.0,338.0,340.0,156528773.82836622
2021-08-25T09:00:00,340.0,346.0,338.0,340.0,210367174.84770095
2021-08-25T13:00:00,341.0,348.0,340.0,343.0,156326399.90130052
2021-08-25T17:00:00,343.0,344.0,327.0,334.0,400520733.34064776
2021-08-25T21:00:00,335.0,342.0,329.0,341.0,258498602.30045328
2021-08-26T01:00:00,341.0,343.0,338.0,338.0,67332262.90043204
2021-08-26T05:00:00,338.0,344.0,336.0,341.0,103514857.1472537
2021-08-26T09:00:00,342.0,345.0,329.0,330.0,250496544.03088805
2021-08-26T13:00:00,331.0,334.0,319.0,324.0,430563781.8306521
2021-08-26T17:00:00,324.0,326.0,321.0,322.0,137506961.82089943
2021-08-26T21:00:00,322.0,327.0,316.0,319.0,261230405.25358814
2021-08-27T01:00:00,319.0,322.0,314.0,319.0,136441254.425645
2021-08-27T05:00:00,318.0,324.0,317.0,319.0,87065810.48046207
2021-08-27T09:00:00,318.0,324.0,313.0,316.0,294078199.36183566
2021-08-27T13:00:00,316.0,323.0,314.0,323.0,143727281.18433425
2021-08-27T17:00:00,322.0,331.0,319.0,326.0,283809934.1776605
2021-08-27T21:00:00,325.0,339.0,321.0,335.0,454955982.7738601
2021-08-28T01:00:00,335.0,337.0,332.0,335.0,76345615.1624193
2021-08-28T05:00:00,334.0,345.0,332.0,345.0,163803654.92080104
2021-08-28T09:00:00,345.0,353.0,341.0,342.0,328711796.50298023
2021-08-28T13:00:00,342.0,345.0,338.0,340.0,111573797.77757196
2021-08-28T17:00:00,339.0,342.0,336.0,336.0,98913569.30571282
2021-08-28T21:00:00,337.0,340.0,333.0,336.0,158738464.42813712
2021-08-29T01:00:00,335.0,338.0,333.0,334.0,56273865.23353745
2021-08-29T05:00:00,333.0,337.0,333.0,337.0,62648907.38638543
2021-08-29T09:00:00,336.0,342.0,328.0,330.0,280470832.20604885
2021-08-29T13:00:00,329.0,333.0,328.0,332.0,99722004.02654003
2021-08-29T17:00:00,332.0,334.0,328.0,329.0,92215322.5384745
2021-08-29T21:00:00,329.0,331.0,326.0,329.0,106413116.22150008
2021-08-30T01:00:00,329.0,332.0,327.0,330.0,32595968.1650663
2021-08-30T05:00:00,330.0,334.0,329.0,331.0,71086272.8515533
2021-08-30T09:00:00,330.0,340.0,326.0,330.0,317247599.53808916
2021-08-30T13:00:00,330.0,332.0,329.0,330.0,88322755.49563152
2021-08-30T17:00:00,330.0,332.0,327.0,327.0,93814344.07292803
2021-08-30T21:00:00,328.0,329.0,322.0,326.0,141157732.06705478
2021-08-31T01:00:00,326.0,330.0,325.0,328.0,26933839.58043982
2021-08-31T05:00:00,328.0,330.0,321.0,323.0,103882030.80807541
2021-08-31T09:00:00,322.0,325.0,320.0,323.0,137030545.13401178
2021-08-31T13:00:00,323.0,326.0,319.0,324.0,98235020.8017697
2021-08-31T17:00:00,324.0,329.0,322.0,328.0,103814505.31003287
2021-08-31T21:00:00,327.0,329.0,321.0,326.0,145242131.4038769
2021-09-01T01:00:00,326.0,336.0,323.0,327.0,251316431.98316765
2021-09-01T05:00:00,327.0,330.0,321.0,326.0,82329709.47266725
2021-09-01T09:00:00,326.0,327.0,321.0,322.0,99152878.94102414
2021-09-01T13:00:00,322.0,329.0,322.0,325.0,131849205.06504671
2021-09-01T17:00:00,325.0,330.0,325.0,329.0,91928100.71881317
2021-09-01T21:00:00,330.0,332.0,327.0,328.0,104451208.09114817
2021-09-02T01:00:00,329.0,338.0,327.0,333.0,143109851.61737472
2021-09-02T05:00:00,333.0,341.0,333.0,340.0,113752077.67570978
2021-09-02T09:00:00,339.0,357.0,337.0,348.0,595957576.7557725
2021-09-02T13:00:00,348.0,352.0,346.0,348.0,164615055.42876044
2021-09-02T17:00:00,348.0,356.0,347.0,354.0,189899296.74600008
2021-09-02T21:00:00,355.0,357.0,342.0,345.0,246113926.14282772
2021-09-03T01:00:00,344.0,348.0,343.0,346.0,60359038.28345644
2021-09-03T05:00:00,347.0,349.0,343.0,343.0,60271397.8835031
2021-09-03T09:00:00,343.0,346.0,336.0,344.0,228236960.66700715
2021-09-03T13:00:00,344.0,347.0,340.0,340.0,148192338.05616277
2021-09-03T17:00:00,341.0,349.0,340.0,345.0,183865557.30523816
2021-09-03T21:00:00,346.0,353.0,344.0,348.0,241701772.661114
2021-09-04T01:00:00,348.0,350.0,343.0,345.0,95031718.15703145
2021-09-04T05:00:00,345.0,346.0,340.0,343.0,138075116.4988727
2021-09-04T09:00:00,343.0,346.0,338.0,341.0,241764587.01985332
2021-09-04T13:00:00,342.0,346.0,341.0,343.0,103617798.2903647
2021-09-04T17:00:00,343.0,348.0,340.0,342.0,175831813.96207172
2021-09-04T21:00:00,343.0,358.0,342.0,351.0,425359913.2081712
2021-09-05T01:00:00,351.0,352.0,344.0,346.0,100989549.77346301
2021-09-05T05:00:00,346.0,351.0,344.0,346.0,77190494.71829543
2021-09-05T09:00:00,346.0,352.0,343.0,344.0,241284844.8982342
2021-09-05T13:00:00,343.0,346.0,342.0,344.0,83789092.41136047
2021-09-05T17:00:00,344.0,350.0,344.0,347.0,121184497.35443613
2021-09-05T21:00:00,346.0,356.0,346.0,348.0,346282265.9087393
2021-09-06T01:00:00,348.0,359.0,347.0,354.0,126642395.86252905
2021-09-06T05:00:00,354.0,361.0,353.0,359.0,154219997.9472157
2021-09-06T09:00:00,359.0,363.0,355.0,357.0,212930155.11441308
2021-09-06T13:00:00,357.0,360.0,356.0,358.0,79549890.16908894
2021-09-06T17:00:00,358.0,369.0,353.0,355.0,464030878.9904908
2021-09-06T21:00:00,354.0,357.0,348.0,356.0,259183361.5653081
2021-09-07T01:00:00,355.0,357.0,352.0,354.0,60112263.6058274
2021-09-07T05:00:00,354.0,361.0,353.0,358.0,123179898.82223092
2021-09-07T09:00:00,357.0,359.0,352.0,353.0,183373709.31943503
2021-09-07T13:00:00,353.0,355.0,344.0,348.0,175569617.28780243
2021-09-07T17:00:00,348.0,348.0,331.0,335.0,445128033.2489656
2021-09-07T21:00:00,335.0,338.0,290.0,308.0,939065961.9436913
2021-09-08T01:00:00,307.0,317.0,296.0,300.0,444115783.8158605
2021-09-08T05:00:00,301.0,310.0,298.0,308.0,206950810.98426917
2021-09-08T09:00:00,308.0,318.0,303.0,304.0,305379804.08994347
2021-09-08T13:00:00,303.0,308.0,286.0,288.0,411409691.7813356
2021-09-08T17:00:00,287.0,300.0,281.0,297.0,382099364.0945249
2021-09-08T21:00:00,297.0,305.0,292.0,300.0,248668593.65273842
2021-09-09T01:00:00,301.0,313.0,297.0,307.0,128537501.6267609
2021-09-09T05:00:00,307.0,313.0,302.0,310.0,118786015.6617473
2021-09-09T09:00:00,309.0,313.0,300.0,303.0,173716318.79022047
2021-09-09T13:00:00,303.0,308.0,302.0,306.0,96286824.23805924
2021-09-09T17:00:00,306.0,310.0,302.0,304.0,169112709.12839204
2021-09-09T21:00:00,304.0,308.0,300.0,305.0,180317125.66651297
2021-09-10T01:00:00,306.0,309.0,302.0,304.0,80025349.21752873
2021-09-10T05:00:00,305.0,307.0,303.0,305.0,49780107.04370806
2021-09-10T09:00:00,304.0,315.0,303.0,309.0,277005381.18569726
2021-09-10T13:00:00,308.0,310.0,302.0,303.0,115687357.35020132
2021-09-10T17:00:00,303.0,305.0,293.0,301.0,184294194.29553208
2021-09-10T21:00:00,300.0,302.0,290.0,297.0,137857973.1992807
2021-09-11T01:00:00,297.0,299.0,293.0,296.0,28882174.04113684
2021-09-11T05:00:00,296.0,298.0,291.0,295.0,49273350.48886206
2021-09-11T09:00:00,295.0,298.0,291.0,293.0,80002804.6753959
2021-09-11T13:00:00,292.0,296.0,289.0,291.0,108227067.13673791
2021-09-11T17:00:00,292.0,298.0,290.0,296.0,114769260.06551711
2021-09-11T21:00:00,297.0,301.0,293.0,296.0,108236753.68727024
2021-09-12T01:00:00,296.0,298.0,294.0,294.0,33036799.65376718
2021-09-12T05:00:00,294.0,296.0,291.0,293.0,61496307.17575883
2021-09-12T09:00:00,293.0,294.0,289.0,292.0,89351588.63611972
2021-09-12T13:00:00,292.0,293.0,290.0,292.0,36823436.04556229
2021-09-12T17:00:00,292.0,298.0,292.0,296.0,104345559.61515854
2021-09-12T21:00:00,296.0,298.0,294.0,295.0,83594758.33773552
2021-09-13T01:00:00,295.0,296.0,293.0,293.0,20481835.65159936
2021-09-13T05:00:00,293.0,305.0,290.0,300.0,186338840.09290132
2021-09-13T09:00:00,300.0,302.0,292.0,292.0,125395696.63828202
2021-09-13T13:00:00,291.0,294.0,287.0,288.0,96599496.6328348
2021-09-13T17:00:00,289.0,290.0,283.0,288.0,135066673.48968133
2021-09-13T21:00:00,288.0,298.0,281.0,285.0,235713085.1813661
2021-09-14T01:00:00,285.0,287.0,284.0,285.0,19440150.90623359
2021-09-14T05:00:00,286.0,290.0,284.0,284.0,40576737.97912784
2021-09-14T09:00:00,285.0,288.0,283.0,285.0,73532653.96080308
2021-09-14T13:00:00,285.0,288.0,284.0,286.0,60740472.38929569
2021-09-14T17:00:00,286.0,288.0,285.0,286.0,47985357.93694673
2021-09-14T21:00:00,285.0,290.0,284.0,290.0,97020874.15710734
2021-09-15T01:00:00,289.0,291.0,286.0,288.0,25769274.91210446
2021-09-15T05:00:00,288.0,291.0,287.0,290.0,40019237.71578241
2021-09-15T09:00:00,289.0,290.0,287.0,288.0,71178268.0671689
2021-09-15T13:00:00,288.0,289.0,287.0,289.0,30760341.38985463
2021-09-15T17:00:00,289.0,291.0,288.0,288.0,50224403.34659902
2021-09-15T21:00:00,288.0,294.0,288.0,292.0,65395753.36856695
2021-09-16T01:00:00,293.0,294.0,291.0,293.0,25559313.18274381
2021-09-16T05:00:00,292.0,295.0,291.0,293.0,41218137.65914132
2021-09-16T09:00:00,293.0,294.0,287.0,288.0,67808513.45519032
2021-09-16T13:00:00,288.0,293.0,288.0,292.0,38528299.93300784
2021-09-16T17:00:00,291.0,292.0,288.0,290.0,37151100.72980176
2021-09-16T21:00:00,289.0,292.0,285.0,288.0,69569334.17112817
2021-09-17T01:00:00,288.0,290.0,287.0,288.0,29094440.93150006
2021-09-17T05:00:00,287.0,292.0,284.0,290.0,51717056.57507304
2021-09-17T09:00:00,290.0,300.0,286.0,300.0,109006601.03664105
2021-09-17T13:00:00,300.0,311.0,299.0,301.0,585426667.4622748
2021-09-17T17:00:00,301.0,304.0,291.0,293.0,156813305.69002366
2021-09-17T21:00:00,292.0,297.0,289.0,294.0,91511502.78834854
2021-09-18T01:00:00,294.0,296.0,291.0,295.0,34834155.02038057
2021-09-18T05:00:00,294.0,295.0,291.0,292.0,41843441.70287394
2021-09-18T09:00:00,292.0,296.0,291.0,295.0,62207676.6079974
2021-09-18T13:00:00,295.0,298.0,294.0,295.0,51908539.87132511
2021-09-18T17:00:00,295.0,298.0,293.0,293.0,50486835.45260379
2021-09-18T21:00:00,294.0,295.0,292.0,293.0,48097554.02429039
2021-09-19T01:00:00,294.0,294.0,292.0,292.0,13233529.34138029
2021-09-19T05:00:00,292.0,294.0,291.0,292.0,21288143.88931824
2021-09-19T09:00:00,292.0,294.0,290.0,291.0,38364607.1473628
2021-09-19T13:00:00,291.0,292.0,290.0,292.0,18415436.82641216
2021-09-19T17:00:00,292.0,292.0,287.0,287.0,39961242.73155021
2021-09-19T21:00:00,288.0,290.0,286.0,289.0,36057770.6228601
2021-09-20T01:00:00,290.0,291.0,288.0,288.0,10765881.26994771
2021-09-20T05:00:00,288.0,290.0,285.0,286.0,27794549.09973323
2021-09-20T09:00:00,287.0,287.0,271.0,276.0,199748505.42695183
2021-09-20T13:00:00,275.0,278.0,268.0,271.0,96754036.39859681
2021-09-20T17:00:00,271.0,273.0,256.0,260.0,173058103.05629876
2021-09-20T21:00:00,261.0,269.0,251.0,268.0,243572939.42752516
2021-09-21T01:00:00,269.0,269.0,259.0,263.0,37101813.27070287
2021-09-21T05:00:00,263.0,269.0,258.0,261.0,46343225.42220787
2021-09-21T09:00:00,261.0,268.0,250.0,261.0,214486314.07789487
2021-09-21T13:00:00,262.0,263.0,255.0,260.0,77644023.5689318
2021-09-21T17:00:00,260.0,262.0,256.0,260.0,67331297.3080132
2021-09-21T21:00:00,260.0,267.0,256.0,260.0,110069851.8293366
2021-09-22T01:00:00,260.0,261.0,254.0,258.0,41372416.65023577
2021-09-22T05:00:00,259.0,260.0,247.0,250.0,104252391.59445216
2021-09-22T09:00:00,250.0,259.0,246.0,255.0,192334710.20139697
2021-09-22T13:00:00,255.0,266.0,253.0,262.0,141431662.957463
2021-09-22T17:00:00,262.0,263.0,254.0,255.0,78299066.64318465
2021-09-22T21:00:00,255.0,265.0,254.0,264.0,123428850.68094566
2021-09-23T01:00:00,264.0,278.0,263.0,272.0,196762981.7359218
2021-09-23T05:00:00,272.0,283.0,271.0,277.0,136949922.82953194
2021-09-23T09:00:00,277.0,280.0,272.0,278.0,119424344.06881128
2021-09-23T13:00:00,278.0,279.0,271.0,274.0,77667189.58547004
2021-09-23T17:00:00,273.0,277.0,264.0,266.0,96962182.24757247
2021-09-23T21:00:00,265.0,273.0,264.0,269.0,63811755.73311719
2021-09-24T01:00:00,268.0,273.0,267.0,270.0,26711241.35128464
2021-09-24T05:00:00,270.0,274.0,268.0,272.0,39250346.27643564
2021-09-24T09:00:00,272.0,277.0,270.0,271.0,105491634.494858
2021-09-24T13:00:00,270.0,271.0,263.0,268.0,75495760.10881028
2021-09-24T17:00:00,268.0,271.0,247.0,254.0,298096347.35170823
2021-09-24T21:00:00,253.0,259.0,250.0,256.0,94246901.91790459
2021-09-25T01:00:00,255.0,257.0,253.0,255.0,18912366.60255784
2021-09-25T05:00:00,255.0,259.0,253.0,255.0,41542868.95364867
2021-09-25T09:00:00,255.0,259.0,251.0,258.0,68541664.67854416
2021-09-25T13:00:00,257.0,259.0,253.0,254.0,34526387.49059275
2021-09-25T17:00:00,254.0,257.0,251.0,253.0,45350331.43399374
2021-09-25T21:00:00,253.0,256.0,252.0,254.0,38250851.65285267
2021-09-26T01:00:00,254.0,259.0,252.0,257.0,33463025.67435273
2021-09-26T05:00:00,256.0,257.0,254.0,256.0,18932752.83362876
2021-09-26T09:00:00,256.0,257.0,250.0,252.0,57669614.035701
2021-09-26T13:00:00,251.0,252.0,245.0,246.0,57008967.07046326
2021-09-26T17:00:00,246.0,254.0,243.0,250.0,105297436.92300966
2021-09-26T21:00:00,250.0,253.0,250.0,252.0,34862837.35298922
2021-09-27T01:00:00,252.0,254.0,251.0,253.0,17651292.1467263
2021-09-27T05:00:00,253.0,255.0,249.0,250.0,32866271.89997232
2021-09-27T09:00:00,250.0,254.0,248.0,250.0,54435658.98727611
2021-09-27T13:00:00,250.0,252.0,249.0,249.0,32090937.74736405
2021-09-27T17:00:00,249.0,251.0,248.0,249.0,31022780.60790204
2021-09-27T21:00:00,249.0,251.0,246.0,248.0,43643880.2136693
2021-09-28T01:00:00,248.0,249.0,245.0,246.0,10650548.9996707
2021-09-28T05:00:00,246.0,249.0,245.0,246.0,27739590.20767544
2021-09-28T09:00:00,246.0,247.0,243.0,245.0,45234211.33529426
2021-09-28T13:00:00,245.0,246.0,241.0,243.0,59554214.61283089
2021-09-28T17:00:00,244.0,248.0,243.0,246.0,60453372.81598763
2021-09-28T21:00:00,247.0,248.0,243.0,243.0,50126385.32859995
2021-09-29T01:00:00,243.0,246.0,242.0,244.0,24360557.73616477
2021-09-29T05:00:00,244.0,246.0,240.0,240.0,38711079.32969487
2021-09-29T09:00:00,241.0,243.0,237.0,242.0,76955229.72772688
2021-09-29T13:00:00,243.0,245.0,242.0,244.0,37517608.88002783
2021-09-29T17:00:00,244.0,247.0,242.0,246.0,36688133.20581165
2021-09-29T21:00:00,245.0,250.0,243.0,243.0,95147381.0849352
2021-09-30T01:00:00,243.0,245.0,241.0,241.0,17505757.7365391
2021-09-30T05:00:00,241.0,243.0,239.0,242.0,29515079.68681385
2021-09-30T09:00:00,242.0,248.0,241.0,247.0,77719481.05021992
2021-09-30T13:00:00,247.0,249.0,244.0,244.0,62210951.40190995
2021-09-30T17:00:00,244.0,246.0,243.0,245.0,38794052.91750284
2021-09-30T21:00:00,246.0,249.0,245.0,247.0,86827029.31852306
2021-10-01T01:00:00,246.0,251.0,246.0,248.0,25257962.06629564
2021-10-01T05:00:00,248.0,250.0,247.0,249.0,38376656.39046284
2021-10-01T09:00:00,249.0,252.0,247.0,247.0,74745544.65130141
2021-10-01T13:00:00,248.0,253.0,247.0,253.0,51350410.2356154
2021-10-01T17:00:00,253.0,266.0,251.0,262.0,258503346.8212431
2021-10-01T21:00:00,262.0,264.0,257.0,260.0,176343398.5092869
2021-10-02T01:00:00,260.0,265.0,259.0,262.0,44299109.72683322
2021-10-02T05:00:00,262.0,272.0,262.0,270.0,101657342.05626933
2021-10-02T09:00:00,269.0,273.0,263.0,263.0,154051533.11254883
2021-10-02T13:00:00,263.0,267.0,263.0,266.0,34645901.3644385
2021-10-02T17:00:00,267.0,267.0,263.0,265.0,48595599.32021543
2021-10-02T21:00:00,265.0,276.0,265.0,271.0,161240044.48475656
2021-10-03T01:00:00,271.0,274.0,269.0,271.0,52548139.38535524
2021-10-03T05:00:00,271.0,273.0,266.0,268.0,63908054.52454297
2021-10-03T09:00:00,268.0,269.0,262.0,268.0,89695242.22651534
2021-10-03T13:00:00,268.0,269.0,266.0,267.0,37948863.80428126
2021-10-03T17:00:00,266.0,269.0,265.0,268.0,49089788.3218182
2021-10-03T21:00:00,268.0,274.0,266.0,267.0,121347735.33973166
2021-10-04T01:00:00,266.0,274.0,266.0,269.0,61841164.88881495
2021-10-04T05:00:00,269.0,271.0,266.0,270.0,47386714.43335487
2021-10-04T09:00:00,270.0,276.0,264.0,264.0,167922852.2776524
2021-10-04T13:00:00,264.0,265.0,259.0,263.0,77743902.73208204
2021-10-04T17:00:00,262.0,264.0,260.0,262.0,45059974.11323451
2021-10-04T21:00:00,262.0,291.0,261.0,269.0,792396631.8915117
2021-10-05T01:00:00,270.0,281.0,269.0,279.0,168812890.51102838
2021-10-05T05:00:00,279.0,303.0,277.0,295.0,552694494.3767086
2021-10-05T09:00:00,294.0,304.0,288.0,293.0,414044854.06372076
2021-10-05T13:00:00,293.0,294.0,285.0,286.0,108478416.00477137
2021-10-05T17:00:00,287.0,291.0,284.0,287.0,153834627.4870913
2021-10-05T21:00:00,287.0,320.0,283.0,312.0,842730216.8025104
2021-10-06T01:00:00,313.0,318.0,303.0,308.0,258429385.2936407
2021-10-06T05:00:00,308.0,311.0,301.0,302.0,96507290.7459495
2021-10-06T09:00:00,301.0,310.0,294.0,306.0,182791207.71865878
2021-10-06T13:00:00,306.0,326.0,303.0,311.0,650472677.4858556
2021-10-06T17:00:00,311.0,313.0,293.0,302.0,399021441.88610846
2021-10-06T21:00:00,301.0,317.0,300.0,311.0,321791527.54293734
2021-10-07T01:00:00,311.0,312.0,302.0,304.0,71133426.35530116
2021-10-07T05:00:00,304.0,310.0,301.0,307.0,99470274.93811482
2021-10-07T09:00:00,307.0,308.0,292.0,293.0,239272469.2888227
2021-10-07T13:00:00,294.0,301.0,293.0,301.0,87483459.3557848
2021-10-07T17:00:00,300.0,306.0,295.0,304.0,126329778.82549807
2021-10-07T21:00:00,304.0,310.0,295.0,297.0,199885555.28099254
2021-10-08T01:00:00,298.0,299.0,295.0,296.0,48332598.56838103
2021-10-08T05:00:00,295.0,300.0,295.0,295.0,55036054.48344904
2021-10-08T09:00:00,295.0,301.0,292.0,296.0,126633855.41469482
2021-10-08T13:00:00,296.0,301.0,294.0,299.0,80855513.89451621
2021-10-08T17:00:00,299.0,312.0,298.0,304.0,238652986.07362232
2021-10-08T21:00:00,303.0,304.0,297.0,299.0,133958872.73795009
2021-10-09T01:00:00,299.0,306.0,298.0,303.0,37710586.33692497
2021-10-09T05:00:00,303.0,304.0,297.0,298.0,30395448.19779191
2021-10-09T09:00:00,297.0,302.0,296.0,301.0,88599167.27398822
2021-10-09T13:00:00,301.0,302.0,299.0,301.0,37757485.70958352
2021-10-09T17:00:00,301.0,308.0,299.0,302.0,152445230.67949176
2021-10-09T21:00:00,301.0,309.0,301.0,303.0,126484622.26284175
2021-10-10T01:00:00,303.0,306.0,300.0,301.0,61822356.62070275
2021-10-10T05:00:00,301.0,304.0,300.0,301.0,34314769.17468047
2021-10-10T09:00:00,301.0,302.0,296.0,300.0,98255173.7552705
2021-10-10T13:00:00,299.0,303.0,298.0,302.0,71758362.48125531
2021-10-10T17:00:00,301.0,303.0,298.0,299.0,58421507.79491152
2021-10-10T21:00:00,299.0,300.0,297.0,298.0,40729745.81798322
2021-10-11T01:00:00,298.0,299.0,295.0,297.0,31018708.62518764
2021-10-11T05:00:00,297.0,297.0,282.0,284.0,136898210.28509593
2021-10-11T09:00:00,285.0,292.0,282.0,292.0,87983405.71312965
2021-10-11T13:00:00,291.0,293.0,288.0,291.0,47568858.35173084
2021-10-11T17:00:00,291.0,293.0,285.0,287.0,60977446.89941258
2021-10-11T21:00:00,287.0,292.0,286.0,288.0,66334772.59753718
2021-10-12T01:00:00,288.0,289.0,283.0,283.0,29620471.19880844
2021-10-12T05:00:00,283.0,287.0,282.0,286.0,35217566.76105791
2021-10-12T09:00:00,286.0,286.0,273.0,276.0,132087895.76846625
2021-10-12T13:00:00,276.0,281.0,275.0,279.0,46116668.16457607
2021-10-12T17:00:00,279.0,282.0,271.0,275.0,70441852.11537863
2021-10-12T21:00:00,275.0,278.0,270.0,277.0,54359550.1121935
2021-10-13T01:00:00,277.0,278.0,274.0,275.0,21673462.2585241
2021-10-13T05:00:00,276.0,282.0,274.0,279.0,35664981.64441658
2021-10-13T09:00:00,279.0,284.0,277.0,282.0,56510343.87789096
2021-10-13T13:00:00,282.0,283.0,272.0,273.0,78934923.44048673
2021-10-13T17:00:00,273.0,277.0,271.0,275.0,64157771.08810707
2021-10-13T21:00:00,275.0,280.0,273.0,278.0,49988873.81237109
2021-10-14T01:00:00,278.0,284.0,277.0,281.0,27770732.84105539
2021-10-14T05:00:00,280.0,286.0,280.0,283.0,37852551.37411089
2021-10-14T09:00:00,283.0,292.0,282.0,288.0,103322731.09842503
2021-10-14T13:00:00,288.0,289.0,285.0,285.0,37703494.4445722
2021-10-14T17:00:00,285.0,290.0,285.0,288.0,37487788.47229068
2021-10-14T21:00:00,288.0,290.0,283.0,285.0,56478309.9404068
2021-10-15T01:00:00,285.0,287.0,284.0,285.0,15411755.08587521
2021-10-15T05:00:00,285.0,286.0,283.0,284.0,23987106.66292178
2021-10-15T09:00:00,283.0,286.0,278.0,284.0,79336650.57956158
2021-10-15T13:00:00,284.0,286.0,281.0,281.0,122497244.90305239
2021-10-15T17:00:00,281.0,282.0,274.0,282.0,196699687.23993525
2021-10-15T21:00:00,282.0,287.0,280.0,284.0,64224864.97090463
2021-10-16T01:00:00,285.0,297.0,283.0,292.0,68619580.66112857
2021-10-16T05:00:00,292.0,294.0,286.0,287.0,59799868.23385166
2021-10-16T09:00:00,287.0,301.0,286.0,289.0,209138822.190057
2021-10-16T13:00:00,289.0,294.0,288.0,290.0,42999659.66050515
2021-10-16T17:00:00,290.0,298.0,290.0,294.0,65256611.57495707
2021-10-16T21:00:00,294.0,299.0,288.0,294.0,112809017.33269627
2021-10-17T01:00:00,294.0,296.0,290.0,290.0,15721779.10264681
2021-10-17T05:00:00,291.0,293.0,289.0,291.0,16343042.08798065
2021-10-17T09:00:00,291.0,292.0,289.0,291.0,29541801.17419548
2021-10-17T13:00:00,291.0,293.0,289.0,289.0,30017040.53266155
2021-10-17T17:00:00,289.0,296.0,289.0,294.0,39864674.60062292
2021-10-17T21:00:00,294.0,295.0,290.0,291.0,41426006.84355882
2021-10-18T01:00:00,291.0,293.0,289.0,289.0,14424002.67640029
2021-10-18T05:00:00,291.0,299.0,284.0,293.0,83710804.033774
2021-10-18T09:00:00,292.0,298.0,291.0,293.0,62295636.73970255
2021-10-18T13:00:00,292.0,301.0,292.0,296.0,86512072.15012732
2021-10-18T17:00:00,296.0,334.0,296.0,318.0,1508714211.531539
2021-10-18T21:00:00,317.0,320.0,308.0,315.0,311231320.34270203
2021-10-19T01:00:00,314.0,320.0,310.0,311.0,71203831.18419708
2021-10-19T05:00:00,311.0,314.0,303.0,306.0,134840869.11654857
2021-10-19T09:00:00,306.0,313.0,300.0,312.0,161383475.03930148
2021-10-19T13:00:00,312.0,313.0,302.0,305.0,103050665.25962421
2021-10-19T17:00:00,305.0,306.0,301.0,303.0,52265670.84542046
2021-10-19T21:00:00,303.0,304.0,297.0,298.0,56263008.12438296
2021-10-20T01:00:00,298.0,300.0,295.0,297.0,22172451.84167903
2021-10-20T05:00:00,297.0,302.0,296.0,300.0,31716290.23730257
2021-10-20T09:00:00,301.0,302.0,297.0,299.0,56765708.35249455
2021-10-20T13:00:00,299.0,302.0,297.0,301.0,44842287.93145093
2021-10-20T17:00:00,301.0,302.0,298.0,300.0,45912839.77438057
2021-10-20T21:00:00,299.0,315.0,299.0,308.0,192121891.63076773
2021-10-21T01:00:00,307.0,316.0,306.0,312.0,57370167.03247507
2021-10-21T05:00:00,312.0,315.0,306.0,308.0,64279248.56113437
2021-10-21T09:00:00,308.0,314.0,306.0,308.0,92323062.41619125
2021-10-21T13:00:00,308.0,309.0,306.0,308.0,33351454.74400853
2021-10-21T17:00:00,308.0,312.0,304.0,305.0,116439057.09692438
2021-10-21T21:00:00,305.0,309.0,297.0,300.0,136077213.91338262
2021-10-22T01:00:00,301.0,302.0,299.0,300.0,14576092.24308962
2021-10-22T05:00:00,301.0,303.0,297.0,298.0,36978821.88784262
2021-10-22T09:00:00,298.0,303.0,297.0,300.0,43910832.23164437
2021-10-22T13:00:00,300.0,302.0,298.0,301.0,46373427.56560045
2021-10-22T17:00:00,301.0,302.0,299.0,300.0,27972193.63293717
2021-10-22T21:00:00,300.0,301.0,290.0,294.0,127551023.83898655
2021-10-23T01:00:00,293.0,309.0,291.0,305.0,98499704.29929478
2021-10-23T05:00:00,305.0,310.0,299.0,300.0,67451438.28837141
2021-10-23T09:00:00,300.0,303.0,296.0,301.0,47950791.97883394
2021-10-23T13:00:00,302.0,306.0,299.0,303.0,32608923.84449244
2021-10-23T17:00:00,303.0,304.0,297.0,301.0,41858984.38975697
2021-10-23T21:00:00,301.0,302.0,299.0,301.0,20323367.34926774
2021-10-24T01:00:00,301.0,309.0,300.0,303.0,55252147.85201203
2021-10-24T05:00:00,303.0,307.0,303.0,306.0,18449741.78423628
2021-10-24T09:00:00,306.0,308.0,303.0,305.0,41531443.63756021
2021-10-24T13:00:00,305.0,307.0,304.0,305.0,29029532.56641665
2021-10-24T17:00:00,306.0,330.0,302.0,323.0,455002923.6501441
2021-10-24T21:00:00,322.0,327.0,312.0,313.0,552822015.9208443
2021-10-25T01:00:00,312.0,329.0,310.0,323.0,200026971.22796845
2021-10-25T05:00:00,322.0,344.0,319.0,337.0,490361762.0292902
2021-10-25T09:00:00,336.0,344.0,326.0,326.0,488336413.56126326
2021-10-25T13:00:00,327.0,332.0,325.0,326.0,94807948.86907192
2021-10-25T17:00:00,326.0,327.0,318.0,319.0,143416711.93922144
2021-10-25T21:00:00,319.0,326.0,319.0,322.0,96691462.14698382
2021-10-26T01:00:00,322.0,324.0,317.0,319.0,52031642.00149074
2021-10-26T05:00:00,319.0,325.0,319.0,320.0,53269870.15685106
2021-10-26T09:00:00,321.0,324.0,317.0,319.0,118270876.686741
2021-10-26T13:00:00,319.0,320.0,317.0,319.0,38577161.48675092
2021-10-26T17:00:00,320.0,330.0,319.0,327.0,216906980.17955825
2021-10-26T21:00:00,327.0,329.0,320.0,321.0,105795492.9613639
2021-10-27T01:00:00,321.0,323.0,319.0,320.0,30557663.10463354
2021-10-27T05:00:00,320.0,322.0,308.0,311.0,149966228.35566753
2021-10-27T09:00:00,311.0,314.0,309.0,313.0,59802584.02395505
2021-10-27T13:00:00,314.0,319.0,301.0,301.0,238391166.72325787
2021-10-27T17:00:00,302.0,302.0,278.0,293.0,428862622.25168794
2021-10-27T21:00:00,293.0,315.0,289.0,299.0,400231288.6265624
2021-10-28T01:00:00,299.0,309.0,291.0,298.0,109982450.98134483
2021-10-28T05:00:00,297.0,302.0,291.0,293.0,99893025.92133723
2021-10-28T09:00:00,292.0,296.0,285.0,291.0,131398079.52821557
2021-10-28T13:00:00,291.0,396.0,289.0,393.0,3986162251.109402
2021-10-28T17:00:00,393.0,399.0,350.0,359.0,2007416390.0593631
2021-10-28T21:00:00,359.0,389.0,355.0,382.0,1393516012.5357554
2021-10-29T01:00:00,382.0,405.0,359.0,372.0,1588019230.7404947
2021-10-29T05:00:00,372.0,373.0,352.0,362.0,397796333.56028104
2021-10-29T09:00:00,362.0,371.0,352.0,354.0,634701392.2613335
2021-10-29T13:00:00,355.0,358.0,346.0,351.0,281246742.1545181
2021-10-29T17:00:00,351.0,361.0,340.0,342.0,304278368.52175695
2021-10-29T21:00:00,342.0,350.0,338.0,346.0,254906874.86971828
2021-10-30T01:00:00,346.0,354.0,342.0,348.0,90733239.20030051
2021-10-30T05:00:00,348.0,356.0,343.0,346.0,99029696.91785455
2021-10-30T09:00:00,346.0,351.0,339.0,342.0,204629775.14216003
2021-10-30T13:00:00,342.0,353.0,342.0,346.0,116433260.33525243
2021-10-30T17:00:00,346.0,348.0,339.0,341.0,133659029.21638112
2021-10-30T21:00:00,341.0,342.0,325.0,329.0,355236055.19300395
2021-10-31T01:00:00,329.0,331.0,323.0,326.0,115638302.42544106
2021-10-31T05:00:00,327.0,328.0,312.0,319.0,250537969.94162264
2021-10-31T09:00:00,319.0,325.0,308.0,316.0,347195542.3613579
2021-10-31T13:00:00,316.0,325.0,315.0,321.0,130296887.5991869
2021-10-31T17:00:00,321.0,321.0,309.0,311.0,96788014.87934694
2021-10-31T21:00:00,311.0,314.0,303.0,309.0,153888042.90808144
2021-11-01T01:00:00,308.0,334.0,306.0,319.0,227950048.99801368
2021-11-01T05:00:00,319.0,336.0,319.0,330.0,160925687.61114672
2021-11-01T09:00:00,330.0,337.0,315.0,317.0,161216281.894655
2021-11-01T13:00:00,317.0,324.0,315.0,323.0,82893622.87640402
2021-11-01T17:00:00,323.0,332.0,320.0,324.0,110884838.40812851
2021-11-01T21:00:00,324.0,327.0,319.0,320.0,75293668.03543723
2021-11-02T01:00:00,319.0,327.0,319.0,322.0,35947340.28776761
2021-11-02T05:00:00,322.0,325.0,319.0,323.0,32784804.88499191
2021-11-02T09:00:00,324.0,325.0,317.0,320.0,89271620.336963
2021-11-02T13:00:00,321.0,332.0,319.0,324.0,97772457.42176297
2021-11-02T17:00:00,325.0,326.0,320.0,321.0,98568964.9149899
2021-11-02T21:00:00,320.0,323.0,320.0,321.0,76669147.80724947
2021-11-03T01:00:00,321.0,326.0,319.0,324.0,50744276.55443009
2021-11-03T05:00:00,324.0,328.0,320.0,321.0,57310347.43341652
2021-11-03T09:00:00,321.0,323.0,318.0,320.0,80954811.35166472
2021-11-03T13:00:00,320.0,323.0,317.0,320.0,118317848.97520259
2021-11-03T17:00:00,320.0,325.0,319.0,320.0,82663656.08824836
2021-11-03T21:00:00,321.0,321.0,310.0,313.0,156165278.32637188
2021-11-04T01:00:00,314.0,321.0,313.0,320.0,51503607.49919474
2021-11-04T05:00:00,320.0,321.0,318.0,319.0,60632947.32782493
2021-11-04T09:00:00,319.0,322.0,316.0,319.0,113330902.5106943
2021-11-04T13:00:00,319.0,320.0,315.0,315.0,51063539.45724827
2021-11-04T17:00:00,316.0,318.0,314.0,315.0,67054408.90343864
2021-11-04T21:00:00,316.0,317.0,310.0,310.0,122958107.27123761
2021-11-05T01:00:00,310.0,318.0,309.0,315.0,46332246.02609292
2021-11-05T05:00:00,315.0,318.0,314.0,316.0,36039738.12736886
2021-11-05T09:00:00,317.0,317.0,311.0,314.0,56399067.53123362
2021-11-05T13:00:00,315.0,316.0,313.0,315.0,31510458.68447282
2021-11-05T17:00:00,314.0,324.0,314.0,316.0,166089157.7024335
2021-11-05T21:00:00,315.0,319.0,313.0,317.0,75173051.09760647
2021-11-06T01:00:00,316.0,319.0,314.0,316.0,20305085.29248015
2021-11-06T05:00:00,317.0,318.0,314.0,318.0,20051339.65723709
2021-11-06T09:00:00,317.0,324.0,316.0,319.0,83951034.51360285
2021-11-06T13:00:00,319.0,321.0,317.0,318.0,33184443.03386603
2021-11-06T17:00:00,318.0,319.0,311.0,313.0,64113902.14080079
2021-11-06T21:00:00,314.0,315.0,312.0,314.0,25443232.36565836
2021-11-07T01:00:00,314.0,320.0,313.0,317.0,16379887.34709349
2021-11-07T05:00:00,318.0,320.0,316.0,317.0,25612171.83178764
2021-11-07T09:00:00,317.0,320.0,315.0,318.0,36657077.67029467
2021-11-07T13:00:00,319.0,319.0,315.0,317.0,31439816.20616782
2021-11-07T17:00:00,317.0,324.0,316.0,319.0,70326129.82055391
2021-11-07T21:00:00,319.0,323.0,318.0,321.0,51849571.87259434
2021-11-08T01:00:00,321.0,327.0,320.0,322.0,42320075.54714251
2021-11-08T05:00:00,321.0,324.0,320.0,322.0,25604844.27914953
2021-11-08T09:00:00,322.0,332.0,320.0,327.0,143678021.29499954
2021-11-08T13:00:00,326.0,334.0,326.0,332.0,130679979.82011461
2021-11-08T17:00:00,332.0,360.0,330.0,343.0,875596571.6766454
2021-11-08T21:00:00,342.0,345.0,335.0,339.0,192550497.29680827
2021-11-09T01:00:00,339.0,343.0,335.0,340.0,80541409.62859951
2021-11-09T05:00:00,340.0,341.0,335.0,341.0,67156595.5177174
2021-11-09T09:00:00,341.0,350.0,337.0,343.0,201176943.51168886
2021-11-09T13:00:00,342.0,349.0,335.0,336.0,158295107.7865978
2021-11-09T17:00:00,336.0,339.0,329.0,332.0,170865951.01820615
2021-11-09T21:00:00,332.0,335.0,325.0,329.0,168140333.93031064
2021-11-10T01:00:00,329.0,332.0,328.0,332.0,26083934.72195887
2021-11-10T05:00:00,332.0,332.0,329.0,329.0,37328618.44674215
2021-11-10T09:00:00,329.0,332.0,323.0,324.0,105474611.25597994
2021-11-10T13:00:00,324.0,329.0,321.0,327.0,77029342.74007078
2021-11-10T17:00:00,328.0,331.0,326.0,328.0,45549157.31607645
2021-11-10T21:00:00,327.0,332.0,325.0,327.0,140998268.75726974
2021-11-11T01:00:00,326.0,328.0,320.0,320.0,81627840.76103216
2021-11-11T05:00:00,321.0,321.0,305.0,314.0,276005653.34444535
2021-11-11T09:00:00,314.0,319.0,311.0,318.0,95269385.38726293
2021-11-11T13:00:00,319.0,322.0,316.0,318.0,60991928.80646032
2021-11-11T17:00:00,319.0,319.0,315.0,316.0,44584633.75905133
2021-11-11T21:00:00,317.0,329.0,313.0,322.0,119053652.64783382
2021-11-12T01:00:00,323.0,324.0,316.0,319.0,22814576.34315531
2021-11-12T05:00:00,319.0,321.0,316.0,317.0,26386915.57813603
2021-11-12T09:00:00,317.0,325.0,315.0,320.0,81203847.35111308
2021-11-12T13:00:00,320.0,321.0,315.0,316.0,42462663.20824218
2021-11-12T17:00:00,316.0,318.0,310.0,311.0,104409483.33142582
2021-11-12T21:00:00,311.0,314.0,309.0,311.0,77558831.89218365
2021-11-13T01:00:00,311.0,313.0,307.0,312.0,30931365.39073379
2021-11-13T05:00:00,312.0,318.0,311.0,317.0,31997268.02689147
2021-11-13T09:00:00,316.0,318.0,311.0,312.0,45008118.75840176
2021-11-13T13:00:00,312.0,314.0,309.0,314.0,44662831.29443198
2021-11-13T17:00:00,314.0,317.0,311.0,313.0,47176989.85076753
2021-11-13T21:00:00,314.0,317.0,312.0,315.0,40595440.64661457
2021-11-14T01:00:00,314.0,316.0,313.0,315.0,16094348.13817207
2021-11-14T05:00:00,314.0,317.0,314.0,315.0,20371938.52916637
2021-11-14T09:00:00,316.0,319.0,315.0,316.0,36506933.23953812
2021-11-14T13:00:00,316.0,318.0,316.0,318.0,20574137.48825101
2021-11-14T17:00:00,317.0,329.0,317.0,319.0,165530108.2024008
2021-11-14T21:00:00,319.0,322.0,317.0,317.0,42585701.83005734
2021-11-15T01:00:00,317.0,320.0,317.0,319.0,10090106.39917211
2021-11-15T05:00:00,319.0,320.0,317.0,319.0,20351582.64251433
2021-11-15T09:00:00,319.0,322.0,316.0,317.0,61505539.66478812
2021-11-15T13:00:00,316.0,321.0,316.0,317.0,65678360.5767885
2021-11-15T17:00:00,317.0,319.0,315.0,316.0,61462087.36252442
2021-11-15T21:00:00,317.0,319.0,313.0,314.0,80035094.13296174
2021-11-16T01:00:00,313.0,316.0,313.0,315.0,22291493.95148716
2021-11-16T05:00:00,316.0,316.0,313.0,314.0,37859977.35996214
2021-11-16T09:00:00,314.0,314.0,301.0,304.0,205161367.98542035
2021-11-16T13:00:00,304.0,306.0,301.0,302.0,76078530.42403613
2021-11-16T17:00:00,302.0,304.0,290.0,297.0,254075495.65197027
2021-11-16T21:00:00,298.0,303.0,293.0,297.0,101533794.91171712
2021-11-17T01:00:00,298.0,299.0,294.0,295.0,34636565.6759346
2021-11-17T05:00:00,295.0,297.0,291.0,293.0,66738083.77061176
2021-11-17T09:00:00,292.0,296.0,283.0,286.0,174407401.2745876
2021-11-17T13:00:00,287.0,293.0,285.0,291.0,76826050.40022644
2021-11-17T17:00:00,292.0,295.0,286.0,294.0,77245740.54782356
2021-11-17T21:00:00,295.0,295.0,289.0,291.0,73590860.90595524
2021-11-18T01:00:00,291.0,294.0,290.0,291.0,26159165.35719862
2021-11-18T05:00:00,291.0,293.0,289.0,291.0,48229156.5088411
2021-11-18T09:00:00,291.0,296.0,290.0,290.0,116717123.85282908
2021-11-18T13:00:00,290.0,292.0,284.0,288.0,156555327.80223924
2021-11-18T17:00:00,287.0,289.0,283.0,284.0,87161780.33178964
2021-11-18T21:00:00,284.0,287.0,280.0,281.0,99028409.67946711
2021-11-19T01:00:00,282.0,285.0,275.0,284.0,58580606.91746315
2021-11-19T05:00:00,284.0,284.0,272.0,276.0,81207563.78953741
2021-11-19T09:00:00,276.0,280.0,269.0,273.0,117017919.21771705
2021-11-19T13:00:00,273.0,282.0,272.0,277.0,69813698.41104668
2021-11-19T17:00:00,277.0,285.0,276.0,281.0,51896837.85792629
2021-11-19T21:00:00,281.0,294.0,281.0,293.0,99079450.59570853
2021-11-20T01:00:00,292.0,294.0,286.0,289.0,22326492.17405985
2021-11-20T05:00:00,290.0,290.0,286.0,288.0,20966177.2104313
2021-11-20T09:00:00,288.0,294.0,287.0,288.0,53647363.40060065
2021-11-20T13:00:00,288.0,292.0,288.0,289.0,23871254.13774773
2021-11-20T17:00:00,289.0,290.0,287.0,289.0,28962156.32819315
2021-11-20T21:00:00,288.0,290.0,281.0,282.0,61192587.85481467
2021-11-21T01:00:00,282.0,287.0,281.0,286.0,19074359.34421274
2021-11-21T05:00:00,286.0,291.0,285.0,287.0,26656835.52807841
2021-11-21T09:00:00,288.0,289.0,284.0,284.0,48552762.02845174
2021-11-21T13:00:00,284.0,286.0,283.0,285.0,20749797.44054234
2021-11-21T17:00:00,285.0,286.0,283.0,284.0,38454300.90057592
2021-11-21T21:00:00,284.0,286.0,283.0,285.0,48654747.61964379
2021-11-22T01:00:00,286.0,287.0,282.0,282.0,26291017.16764681
2021-11-22T05:00:00,283.0,285.0,282.0,283.0,28546920.81214802
2021-11-22T09:00:00,282.0,283.0,276.0,277.0,78897040.85210517
2021-11-22T13:00:00,278.0,279.0,276.0,277.0,35428175.75982459
2021-11-22T17:00:00,277.0,280.0,276.0,278.0,27626796.57700527
2021-11-22T21:00:00,278.0,282.0,276.0,278.0,59938591.20409808
2021-11-23T01:00:00,279.0,279.0,274.0,274.0,40465703.20654771
2021-11-23T05:00:00,275.0,278.0,274.0,276.0,23971645.41250393
2021-11-23T09:00:00,276.0,278.0,273.0,276.0,66425266.51938645
2021-11-23T13:00:00,276.0,277.0,272.0,273.0,44181678.27378232
2021-11-23T17:00:00,274.0,295.0,270.0,279.0,365422459.6746536
2021-11-23T21:00:00,278.0,293.0,278.0,287.0,133789887.62328257
2021-11-24T01:00:00,287.0,290.0,281.0,283.0,28177683.85241176
2021-11-24T05:00:00,283.0,284.0,281.0,282.0,32723757.39967738
2021-11-24T09:00:00,282.0,289.0,277.0,278.0,110731942.74511892
2021-11-24T13:00:00,278.0,281.0,274.0,275.0,57352294.17958196
2021-11-24T17:00:00,276.0,278.0,272.0,275.0,71876108.1956125
2021-11-24T21:00:00,275.0,275.0,268.0,272.0,124410113.1136887
2021-11-25T01:00:00,272.0,273.0,269.0,272.0,40475146.0707152
2021-11-25T05:00:00,272.0,275.0,271.0,273.0,36751656.37295205
2021-11-25T09:00:00,273.0,277.0,269.0,275.0,111534576.65927558
2021-11-25T13:00:00,276.0,276.0,270.0,271.0,75124642.96644583
2021-11-25T17:00:00,272.0,279.0,270.0,276.0,166637250.1709408
2021-11-25T21:00:00,276.0,281.0,275.0,276.0,121413983.9452587
2021-11-26T01:00:00,276.0,286.0,276.0,278.0,53969615.34765043
2021-11-26T05:00:00,278.0,281.0,275.0,275.0,36822588.31765209
2021-11-26T09:00:00,275.0,277.0,272.0,273.0,86875332.48251016
2021-11-26T13:00:00,273.0,274.0,269.0,272.0,69386157.20996267
2021-11-26T17:00:00,272.0,272.0,248.0,256.0,298398572.05297375
2021-11-26T21:00:00,256.0,265.0,255.0,262.0,66080424.19616043
2021-11-27T01:00:00,262.0,264.0,260.0,262.0,14605614.12426936
2021-11-27T05:00:00,262.0,264.0,255.0,258.0,30545268.98985611
2021-11-27T09:00:00,258.0,264.0,255.0,261.0,53635867.5013337
2021-11-27T13:00:00,261.0,267.0,261.0,261.0,36250547.41820468
2021-11-27T17:00:00,262.0,265.0,261.0,263.0,31744984.14977762
2021-11-27T21:00:00,263.0,264.0,261.0,263.0,18314335.89313813
2021-11-28T01:00:00,263.0,265.0,262.0,263.0,11253014.03775812
2021-11-28T05:00:00,263.0,264.0,260.0,262.0,14814442.47331057
2021-11-28T09:00:00,262.0,263.0,253.0,254.0,67850187.96538956
2021-11-28T13:00:00,255.0,258.0,252.0,258.0,44956594.16780047
2021-11-28T17:00:00,258.0,260.0,254.0,258.0,29856343.730753
2021-11-28T21:00:00,257.0,258.0,254.0,255.0,30813660.97561729
2021-11-29T01:00:00,256.0,256.0,250.0,255.0,25203962.99465496
2021-11-29T05:00:00,255.0,263.0,254.0,263.0,37713881.47653195
2021-11-29T09:00:00,263.0,263.0,258.0,260.0,51927491.24958257
2021-11-29T13:00:00,259.0,262.0,257.0,261.0,43096934.39822892
2021-11-29T17:00:00,260.0,261.0,256.0,256.0,41699220.4917075
2021-11-29T21:00:00,256.0,282.0,255.0,270.0,545111722.5325309
2021-11-30T01:00:00,269.0,272.0,266.0,270.0,36149255.05519272
2021-11-30T05:00:00,270.0,273.0,268.0,268.0,47188364.99157606
2021-11-30T09:00:00,268.0,280.0,267.0,276.0,190952500.85328943
2021-11-30T13:00:00,276.0,283.0,266.0,271.0,212725189.447445
2021-11-30T17:00:00,270.0,279.0,270.0,277.0,108812873.70475814
2021-11-30T21:00:00,277.0,280.0,271.0,271.0,145236639.15405175
2021-12-01T01:00:00,271.0,273.0,267.0,269.0,64487254.32638635
2021-12-01T05:00:00,269.0,270.0,267.0,267.0,33143608.25363923
2021-12-01T09:00:00,267.0,271.0,266.0,267.0,100820334.00590204
2021-12-01T13:00:00,268.0,268.0,265.0,267.0,47415946.5499182
2021-12-01T17:00:00,267.0,268.0,263.0,264.0,53841350.72809094
2021-12-01T21:00:00,264.0,268.0,264.0,267.0,56313899.34493957
2021-12-02T01:00:00,266.0,267.0,262.0,263.0,34870800.85997277
2021-12-02T05:00:00,263.0,263.0,258.0,260.0,60704869.91664626
2021-12-02T09:00:00,259.0,261.0,253.0,256.0,79270246.03035823
2021-12-02T13:00:00,256.0,258.0,255.0,257.0,33885948.83302479
2021-12-02T17:00:00,257.0,277.0,256.0,267.0,404262988.1368477
2021-12-02T21:00:00,267.0,270.0,261.0,262.0,91956724.54086629
2021-12-03T01:00:00,262.0,263.0,259.0,259.0,35917022.39787284
2021-12-03T05:00:00,260.0,264.0,259.0,261.0,29734785.36162195
2021-12-03T09:00:00,260.0,263.0,257.0,258.0,53119035.28412466
2021-12-03T13:00:00,258.0,262.0,258.0,261.0,24644879.30527872
2021-12-03T17:00:00,260.0,262.0,259.0,260.0,40933309.77994208
2021-12-03T21:00:00,261.0,263.0,256.0,257.0,49967027.45380159
2021-12-04T01:00:00,257.0,258.0,252.0,254.0,57101588.35663215
2021-12-04T05:00:00,254.0,255.0,250.0,254.0,73346292.89677654
2021-12-04T09:00:00,253.0,254.0,240.0,241.0,155160016.30456722
2021-12-04T13:00:00,241.0,245.0,191.0,211.0,633723298.850405
2021-12-04T17:00:00,212.0,216.0,202.0,204.0,245485380.51438195
2021-12-04T21:00:00,205.0,226.0,204.0,223.0,251930109.8154177
2021-12-05T01:00:00,223.0,229.0,217.0,227.0,58259531.00910958
2021-12-05T05:00:00,227.0,231.0,220.0,227.0,62932555.90536145
2021-12-05T09:00:00,226.0,232.0,218.0,227.0,164482364.44457486
2021-12-05T13:00:00,227.0,229.0,222.0,222.0,61535833.99581798
2021-12-05T17:00:00,222.0,225.0,217.0,219.0,62208324.57343244
2021-12-05T21:00:00,219.0,222.0,204.0,208.0,167784282.0261579
2021-12-06T01:00:00,208.0,216.0,207.0,213.0,51897680.52081103
2021-12-06T05:00:00,213.0,217.0,210.0,215.0,36161631.52695319
2021-12-06T09:00:00,215.0,216.0,206.0,213.0,100786097.03997461
2021-12-06T13:00:00,213.0,215.0,201.0,206.0,118256680.55645993
2021-12-06T17:00:00,207.0,211.0,200.0,207.0,153047972.95039925
2021-12-06T21:00:00,206.0,222.0,205.0,215.0,193068274.65602803
2021-12-07T01:00:00,215.0,220.0,212.0,216.0,91357164.87663488
2021-12-07T05:00:00,215.0,224.0,215.0,221.0,68146036.88929693
2021-12-07T09:00:00,220.0,231.0,218.0,221.0,134378345.8436082
2021-12-07T13:00:00,221.0,224.0,219.0,220.0,46945996.39759541
2021-12-07T17:00:00,221.0,227.0,220.0,225.0,85157992.21278784
2021-12-07T21:00:00,225.0,229.0,219.0,224.0,98451108.11391407
2021-12-08T01:00:00,225.0,225.0,222.0,223.0,17849351.15189106
2021-12-08T05:00:00,223.0,224.0,219.0,221.0,27700849.40249157
2021-12-08T09:00:00,221.0,225.0,218.0,220.0,76862020.15023442
2021-12-08T13:00:00,220.0,227.0,220.0,224.0,86003624.9683044
2021-12-08T17:00:00,224.0,228.0,214.0,217.0,169747866.51242012
2021-12-08T21:00:00,216.0,226.0,213.0,222.0,142138572.19073096
2021-12-09T01:00:00,222.0,225.0,219.0,221.0,48785442.49745615
2021-12-09T05:00:00,221.0,223.0,221.0,221.0,26239183.2882543
2021-12-09T09:00:00,222.0,226.0,217.0,218.0,110661937.04796393
2021-12-09T13:00:00,217.0,220.0,215.0,220.0,54132504.31511837
2021-12-09T17:00:00,220.0,225.0,216.0,221.0,152967765.7613043
2021-12-09T21:00:00,220.0,222.0,212.0,216.0,107504745.19141665
2021-12-10T01:00:00,216.0,226.0,212.0,216.0,88073055.0162003
2021-12-10T05:00:00,216.0,217.0,211.0,212.0,42229034.18485479
2021-12-10T09:00:00,212.0,216.0,210.0,212.0,69531824.6515518
2021-12-10T13:00:00,212.0,214.0,205.0,206.0,71201380.58633304
2021-12-10T17:00:00,206.0,213.0,205.0,213.0,57202465.9282627
2021-12-10T21:00:00,213.0,217.0,208.0,209.0,99115990.6939416
2021-12-11T01:00:00,209.0,213.0,207.0,211.0,30563643.81316799
2021-12-11T05:00:00,211.0,212.0,207.0,208.0,39421540.66712389
2021-12-11T09:00:00,208.0,210.0,205.0,207.0,54259649.82735628
2021-12-11T13:00:00,208.0,210.0,206.0,209.0,67001537.73981826
2021-12-11T17:00:00,208.0,211.0,208.0,210.0,28108561.74800139
2021-12-11T21:00:00,209.0,211.0,209.0,210.0,24929213.2932473
2021-12-12T01:00:00,210.0,212.0,208.0,209.0,19829230.96825305
2021-12-12T05:00:00,208.0,211.0,208.0,210.0,15847848.01074843
2021-12-12T09:00:00,210.0,212.0,208.0,210.0,40640076.11798808
2021-12-12T13:00:00,209.0,210.0,208.0,210.0,18296121.56572265
2021-12-12T17:00:00,209.0,210.0,207.0,208.0,21796616.967197
2021-12-12T21:00:00,209.0,210.0,208.0,208.0,28640019.16796181
2021-12-13T01:00:00,208.0,215.0,208.0,212.0,49165158.57259566
2021-12-13T05:00:00,211.0,215.0,210.0,211.0,17500965.99698624
2021-12-13T09:00:00,210.0,212.0,203.0,205.0,74333871.61595285
2021-12-13T13:00:00,205.0,207.0,203.0,203.0,40698022.17359387
2021-12-13T17:00:00,203.0,206.0,202.0,205.0,41161654.74026231
2021-12-13T21:00:00,204.0,207.0,196.0,199.0,142093382.58394495
2021-12-14T01:00:00,199.0,204.0,193.0,195.0,101518820.98038791
2021-12-14T05:00:00,195.0,200.0,194.0,198.0,44950761.14136451
2021-12-14T09:00:00,198.0,200.0,194.0,197.0,92507272.48536277
2021-12-14T13:00:00,197.0,200.0,192.0,198.0,106145637.0798371
2021-12-14T17:00:00,198.0,271.0,196.0,262.0,2501960383.2752943
2021-12-14T21:00:00,261.0,266.0,232.0,234.0,1992600992.3893464
2021-12-15T01:00:00,235.0,240.0,222.0,224.0,409529757.1506428
2021-12-15T05:00:00,223.0,239.0,223.0,238.0,337965591.13768
2021-12-15T09:00:00,238.0,239.0,222.0,228.0,532704838.0778868
2021-12-15T13:00:00,227.0,229.0,219.0,223.0,285656498.0175359
2021-12-15T17:00:00,223.0,227.0,220.0,221.0,152005727.3750045
2021-12-15T21:00:00,221.0,223.0,213.0,213.0,254897985.0208422
2021-12-16T01:00:00,213.0,231.0,213.0,228.0,215816027.8679928
2021-12-16T05:00:00,228.0,233.0,224.0,227.0,255861395.78301865
2021-12-16T09:00:00,226.0,230.0,223.0,225.0,173067838.56854835
2021-12-16T13:00:00,225.0,226.0,222.0,224.0,73363882.21867035
2021-12-16T17:00:00,224.0,233.0,223.0,228.0,162003431.78189608
2021-12-16T21:00:00,227.0,228.0,222.0,224.0,94273253.95800608
2021-12-17T01:00:00,224.0,225.0,219.0,220.0,52909257.18002988
2021-12-17T05:00:00,220.0,221.0,216.0,218.0,62387122.23141908
2021-12-17T09:00:00,217.0,220.0,216.0,218.0,65694831.96590642
2021-12-17T13:00:00,218.0,220.0,213.0,214.0,92432318.1548985
2021-12-17T17:00:00,214.0,217.0,212.0,212.0,55043933.52416749
2021-12-17T21:00:00,212.0,214.0,203.0,211.0,171222595.06023845
2021-12-18T01:00:00,211.0,216.0,209.0,213.0,58899448.88607882
2021-12-18T05:00:00,213.0,214.0,210.0,212.0,26777987.09458277
2021-12-18T09:00:00,212.0,213.0,208.0,212.0,61068019.87717355
2021-12-18T13:00:00,212.0,217.0,211.0,213.0,53394945.42398049
2021-12-18T17:00:00,213.0,219.0,212.0,215.0,70746196.45129082
2021-12-18T21:00:00,214.0,216.0,212.0,215.0,33005450.73290877
2021-12-19T01:00:00,214.0,216.0,213.0,214.0,10803555.82002226
2021-12-19T05:00:00,214.0,215.0,213.0,215.0,7328772.24007484
2021-12-19T09:00:00,214.0,217.0,212.0,215.0,41415927.39189751
2021-12-19T13:00:00,214.0,217.0,214.0,216.0,37808943.99323634
2021-12-19T17:00:00,216.0,216.0,213.0,213.0,27057713.2207104
2021-12-19T21:00:00,213.0,216.0,212.0,214.0,42249852.91651544
2021-12-20T01:00:00,214.0,214.0,212.0,212.0,10419246.53167381
2021-12-20T05:00:00,213.0,213.0,211.0,211.0,17106258.71571806
2021-12-20T09:00:00,212.0,213.0,209.0,211.0,69085021.34000596
2021-12-20T13:00:00,211.0,212.0,205.0,207.0,77967636.54436272
2021-12-20T17:00:00,207.0,208.0,201.0,205.0,89389395.82331078
2021-12-20T21:00:00,205.0,205.0,201.0,203.0,60071653.68855857
2021-12-21T01:00:00,203.0,208.0,202.0,207.0,36232636.07005387
2021-12-21T05:00:00,206.0,210.0,205.0,207.0,31226934.14200455
2021-12-21T09:00:00,207.0,210.0,204.0,209.0,39173301.9447533
2021-12-21T13:00:00,209.0,211.0,208.0,210.0,55976641.94656675
2021-12-21T17:00:00,209.0,211.0,208.0,210.0,38241849.16056768
2021-12-21T21:00:00,209.0,212.0,207.0,208.0,53958999.84045778
2021-12-22T01:00:00,208.0,210.0,208.0,209.0,11171556.54169927
2021-12-22T05:00:00,209.0,212.0,208.0,210.0,37186563.10363658
2021-12-22T09:00:00,210.0,212.0,208.0,211.0,67433253.03740428
2021-12-22T13:00:00,210.0,213.0,210.0,212.0,40271634.29606899
2021-12-22T17:00:00,211.0,213.0,210.0,212.0,40925136.98489545
2021-12-22T21:00:00,211.0,220.0,210.0,216.0,209693828.14292696
2021-12-23T01:00:00,216.0,219.0,213.0,214.0,42293655.21151548
2021-12-23T05:00:00,214.0,217.0,212.0,213.0,42690510.01593516
2021-12-23T09:00:00,212.0,215.0,211.0,214.0,64025188.77371871
2021-12-23T13:00:00,214.0,222.0,213.0,214.0,132099423.77766225
2021-12-23T17:00:00,214.0,219.0,214.0,215.0,74995761.31549051
2021-12-23T21:00:00,215.0,220.0,215.0,217.0,72540595.1822446
2021-12-24T01:00:00,217.0,224.0,215.0,222.0,95913336.79797427
2021-12-24T05:00:00,221.0,224.0,219.0,223.0,77751072.7812698
2021-12-24T09:00:00,223.0,225.0,220.0,222.0,113228931.99782158
2021-12-24T13:00:00,222.0,223.0,219.0,221.0,57596206.86887526
2021-12-24T17:00:00,221.0,226.0,221.0,224.0,85855549.26800384
2021-12-24T21:00:00,224.0,232.0,223.0,228.0,237664491.43739423
2021-12-25T01:00:00,228.0,238.0,228.0,231.0,102889040.39354175
2021-12-25T05:00:00,232.0,235.0,225.0,227.0,88663087.80860047
2021-12-25T09:00:00,228.0,232.0,226.0,228.0,71541783.88114442
2021-12-25T13:00:00,228.0,238.0,228.0,232.0,125067780.39365683
2021-12-25T17:00:00,232.0,233.0,228.0,229.0,74232191.34845369
2021-12-25T21:00:00,229.0,233.0,229.0,231.0,72204631.44637492
2021-12-26T01:00:00,232.0,232.0,227.0,231.0,28372958.8883287
2021-12-26T05:00:00,231.0,236.0,229.0,231.0,48260627.42373265
2021-12-26T09:00:00,231.0,233.0,226.0,227.0,89383113.85781574
2021-12-26T13:00:00,226.0,228.0,226.0,228.0,38277934.24454445
2021-12-26T17:00:00,228.0,230.0,227.0,227.0,35911979.9654045
2021-12-26T21:00:00,227.0,230.0,227.0,229.0,26585422.59599868
2021-12-27T01:00:00,229.0,232.0,228.0,231.0,20249477.53327342
2021-12-27T05:00:00,231.0,233.0,229.0,230.0,32325383.90104675
2021-12-27T09:00:00,229.0,231.0,227.0,230.0,49312092.42774633
2021-12-27T13:00:00,231.0,231.0,228.0,228.0,29055204.05274804
2021-12-27T17:00:00,228.0,231.0,227.0,231.0,49979464.19961449
2021-12-27T21:00:00,231.0,232.0,229.0,231.0,71799845.72363402
2021-12-28T01:00:00,230.0,232.0,229.0,230.0,29782410.44954759
2021-12-28T05:00:00,230.0,231.0,227.0,227.0,43110360.9983541
2021-12-28T09:00:00,227.0,228.0,218.0,221.0,154829983.74702305
2021-12-28T13:00:00,221.0,221.0,216.0,221.0,64642862.77210925
2021-12-28T17:00:00,220.0,223.0,218.0,221.0,31468929.09036939
2021-12-28T21:00:00,221.0,223.0,216.0,219.0,46467914.18211985
2021-12-29T01:00:00,219.0,219.0,213.0,215.0,61935742.6852716
2021-12-29T05:00:00,215.0,217.0,211.0,214.0,39915036.55046866
2021-12-29T09:00:00,214.0,216.0,212.0,215.0,41220902.23110472
2021-12-29T13:00:00,215.0,216.0,211.0,212.0,53408043.84122383
2021-12-29T17:00:00,212.0,216.0,209.0,211.0,74987304.53888482
2021-12-29T21:00:00,211.0,212.0,205.0,211.0,106165889.46811222
2021-12-30T01:00:00,211.0,212.0,208.0,210.0,20976798.33229574
2021-12-30T05:00:00,209.0,211.0,204.0,206.0,34253656.72893595
2021-12-30T09:00:00,207.0,208.0,203.0,205.0,58725357.49553937
2021-12-30T13:00:00,205.0,212.0,205.0,211.0,51498660.79499859
2021-12-30T17:00:00,211.0,214.0,209.0,213.0,49347784.09179394
2021-12-30T21:00:00,213.0,214.0,209.0,210.0,38152147.03636322
2021-12-31T01:00:00,210.0,212.0,209.0,210.0,11294935.1449434
2021-12-31T05:00:00,210.0,211.0,207.0,208.0,24865802.71923286
2021-12-31T09:00:00,207.0,211.0,207.0,209.0,39704815.7477741
2021-12-31T13:00:00,208.0,210.0,207.0,209.0,39657466.77718576
2021-12-31T17:00:00,208.0,213.0,207.0,211.0,81168267.22487943
2021-12-31T21:00:00,211.0,213.0,209.0,212.0,26111060.29926808
2022-01-01T01:00:00,211.0,212.0,209.0,209.0,14151330.5376088
2022-01-01T05:00:00,209.0,210.0,205.0,209.0,39754327.10963804
2022-01-01T09:00:00,208.0,211.0,208.0,210.0,35660321.00421706
2022-01-01T13:00:00,210.0,211.0,208.0,210.0,24392816.77260867
2022-01-01T17:00:00,210.0,211.0,208.0,209.0,19130305.04287559
2022-01-01T21:00:00,209.0,211.0,208.0,210.0,23921751.058234
2022-01-02T01:00:00,210.0,212.0,209.0,210.0,15745682.61808571
2022-01-02T05:00:00,210.0,211.0,209.0,211.0,12539815.52460935
2022-01-02T09:00:00,211.0,212.0,209.0,211.0,29611041.23497769
2022-01-02T13:00:00,211.0,211.0,209.0,209.0,23394136.12666752
2022-01-02T17:00:00,209.0,212.0,208.0,212.0,64905728.80336354
2022-01-02T21:00:00,211.0,214.0,209.0,213.0,103808973.34261616
2022-01-03T01:00:00,213.0,214.0,211.0,211.0,28989238.247178
2022-01-03T05:00:00,211.0,213.0,211.0,212.0,19554706.56425205
2022-01-03T09:00:00,211.0,212.0,209.0,209.0,63805085.38152538
2022-01-03T13:00:00,210.0,210.0,208.0,209.0,41279629.41152824
2022-01-03T17:00:00,209.0,211.0,209.0,210.0,31876953.19000233
2022-01-03T21:00:00,211.0,211.0,208.0,209.0,48195028.85377797
2022-01-04T01:00:00,208.0,209.0,206.0,207.0,34215563.02889067
2022-01-04T05:00:00,207.0,208.0,205.0,207.0,27964376.01051177
2022-01-04T09:00:00,208.0,208.0,205.0,207.0,53727816.58019234
2022-01-04T13:00:00,207.0,210.0,206.0,209.0,30333381.70809492
2022-01-04T17:00:00,209.0,210.0,207.0,210.0,30679095.63803721
2022-01-04T21:00:00,209.0,210.0,207.0,208.0,63774601.67804445
2022-01-05T01:00:00,209.0,209.0,205.0,206.0,29725336.26177622
2022-01-05T05:00:00,205.0,207.0,205.0,206.0,16345361.99655464
2022-01-05T09:00:00,206.0,208.0,205.0,207.0,39348160.90934398
2022-01-05T13:00:00,207.0,207.0,206.0,207.0,15701577.33652651
2022-01-05T17:00:00,206.0,208.0,206.0,207.0,31951747.72224329
2022-01-05T21:00:00,207.0,208.0,205.0,207.0,39774542.493929
2022-01-06T01:00:00,207.0,207.0,200.0,200.0,68399552.21645354
2022-01-06T05:00:00,200.0,201.0,190.0,197.0,238892785.1446418
2022-01-06T09:00:00,197.0,199.0,191.0,191.0,112560304.4013608
2022-01-06T13:00:00,191.0,195.0,190.0,194.0,83357826.0032901
2022-01-06T17:00:00,194.0,195.0,191.0,193.0,44455067.86603448
2022-01-06T21:00:00,194.0,197.0,192.0,196.0,67582043.1895312
2022-01-07T01:00:00,196.0,199.0,194.0,198.0,20901743.58473952
2022-01-07T05:00:00,199.0,199.0,196.0,198.0,20130330.73972389
2022-01-07T09:00:00,197.0,198.0,190.0,191.0,80300532.74252522
2022-01-07T13:00:00,191.0,192.0,185.0,191.0,144281726.42101476
2022-01-07T17:00:00,191.0,195.0,190.0,194.0,63299571.66680541
2022-01-07T21:00:00,193.0,195.0,187.0,190.0,101653839.68379407
2022-01-08T01:00:00,190.0,194.0,188.0,190.0,37855115.10394718
2022-01-08T05:00:00,190.0,192.0,189.0,192.0,21189976.25369668
2022-01-08T09:00:00,192.0,195.0,191.0,192.0,33222013.89065425
2022-01-08T13:00:00,192.0,194.0,192.0,194.0,19301640.24007429
2022-01-08T17:00:00,193.0,195.0,192.0,193.0,22460770.40699144
2022-01-08T21:00:00,193.0,194.0,189.0,190.0,34589969.63015596
2022-01-09T01:00:00,189.0,191.0,184.0,186.0,64224351.97916019
2022-01-09T05:00:00,186.0,193.0,184.0,189.0,37002754.40823904
2022-01-09T09:00:00,189.0,191.0,188.0,188.0,39856697.83110939
2022-01-09T13:00:00,188.0,190.0,188.0,188.0,22166974.02935257
2022-01-09T17:00:00,189.0,190.0,185.0,188.0,41900094.53503436
2022-01-09T21:00:00,187.0,188.0,184.0,186.0,46803169.58520594
2022-01-10T01:00:00,186.0,190.0,185.0,190.0,23974148.1707667
2022-01-10T05:00:00,190.0,190.0,186.0,187.0,25882477.02143109
2022-01-10T09:00:00,187.0,188.0,185.0,187.0,41891140.99376994
2022-01-10T13:00:00,186.0,188.0,185.0,187.0,33871206.9607585
2022-01-10T17:00:00,187.0,187.0,182.0,183.0,48202614.90491027
2022-01-10T21:00:00,182.0,183.0,169.0,175.0,290445257.67276096
2022-01-11T01:00:00,175.0,179.0,173.0,174.0,72297077.53903052
2022-01-11T05:00:00,175.0,177.0,174.0,176.0,26748935.74575479
2022-01-11T09:00:00,176.0,179.0,174.0,178.0,84388289.16795859
2022-01-11T13:00:00,178.0,178.0,174.0,175.0,52118136.58243267
2022-01-11T17:00:00,175.0,204.0,173.0,195.0,645524354.046921
2022-01-11T21:00:00,196.0,197.0,180.0,184.0,606201383.1138971
2022-01-12T01:00:00,183.0,188.0,181.0,185.0,140412109.82217744
2022-01-12T05:00:00,185.0,189.0,184.0,189.0,77254730.86966512
2022-01-12T09:00:00,189.0,191.0,185.0,187.0,116922825.65730909
2022-01-12T13:00:00,186.0,188.0,185.0,186.0,33847009.33040901
2022-01-12T17:00:00,185.0,193.0,185.0,190.0,84056877.12587021
2022-01-12T21:00:00,190.0,198.0,189.0,195.0,177101038.51937756
2022-01-13T01:00:00,195.0,197.0,194.0,194.0,20273353.0798881
2022-01-13T05:00:00,194.0,199.0,193.0,197.0,41748284.1754513
2022-01-13T09:00:00,197.0,204.0,196.0,204.0,207893203.21165344
2022-01-13T13:00:00,204.0,213.0,202.0,206.0,357369010.63729316
2022-01-13T17:00:00,206.0,216.0,205.0,208.0,204252695.2880039
2022-01-13T21:00:00,208.0,211.0,200.0,203.0,170858306.54407784
2022-01-14T01:00:00,202.0,204.0,198.0,199.0,90818940.24042434
2022-01-14T05:00:00,199.0,215.0,199.0,208.0,218466118.90706176
2022-01-14T09:00:00,208.0,221.0,207.0,214.0,436438772.3920708
2022-01-14T13:00:00,213.0,255.0,212.0,239.0,2085506514.8282452
2022-01-14T17:00:00,238.0,245.0,227.0,231.0,767873970.214257
2022-01-14T21:00:00,230.0,240.0,227.0,236.0,392039528.0905274
2022-01-15T01:00:00,235.0,237.0,225.0,228.0,163005985.94763774
2022-01-15T05:00:00,228.0,233.0,221.0,223.0,171393985.91865528
2022-01-15T09:00:00,223.0,233.0,220.0,232.0,352674920.64028794
2022-01-15T13:00:00,232.0,237.0,229.0,232.0,314838619.27112114
2022-01-15T17:00:00,232.0,234.0,228.0,231.0,141987024.67013815
2022-01-15T21:00:00,231.0,232.0,226.0,231.0,144225403.688559
2022-01-16T01:00:00,231.0,231.0,225.0,227.0,55391506.52541059
2022-01-16T05:00:00,227.0,228.0,222.0,224.0,61392122.00602118
2022-01-16T09:00:00,224.0,225.0,217.0,219.0,197212219.51375145
2022-01-16T13:00:00,218.0,222.0,217.0,220.0,61242851.15960014
2022-01-16T17:00:00,220.0,224.0,216.0,217.0,106197633.6932504
2022-01-16T21:00:00,217.0,219.0,214.0,215.0,159483785.64620847
2022-01-17T01:00:00,216.0,217.0,213.0,214.0,49859641.38086527
2022-01-17T05:00:00,214.0,217.0,212.0,213.0,65671569.85888718
2022-01-17T09:00:00,214.0,216.0,207.0,208.0,153647878.37863687
2022-01-17T13:00:00,207.0,209.0,205.0,208.0,95967021.67578588
2022-01-17T17:00:00,208.0,209.0,205.0,205.0,80911799.12558515
2022-01-17T21:00:00,205.0,208.0,204.0,204.0,66971262.84226386
2022-01-18T01:00:00,205.0,207.0,203.0,206.0,56895536.7239851
2022-01-18T05:00:00,206.0,212.0,202.0,208.0,103896028.61308649
2022-01-18T09:00:00,207.0,212.0,203.0,204.0,116073248.05697352
2022-01-18T13:00:00,204.0,209.0,202.0,206.0,84986475.3925024
2022-01-18T17:00:00,206.0,207.0,199.0,201.0,158911893.6202831
2022-01-18T21:00:00,201.0,202.0,196.0,199.0,130700279.71937603
2022-01-19T01:00:00,199.0,199.0,196.0,199.0,32908861.29183825
2022-01-19T05:00:00,199.0,202.0,197.0,200.0,43009964.47818424
2022-01-19T09:00:00,201.0,205.0,198.0,200.0,183668307.8074845
2022-01-19T13:00:00,201.0,202.0,192.0,194.0,179939389.0241848
2022-01-19T17:00:00,194.0,200.0,192.0,200.0,142334357.71988294
2022-01-19T21:00:00,200.0,202.0,197.0,199.0,104782568.51471321
2022-01-20T01:00:00,198.0,200.0,197.0,198.0,27625933.64821018
2022-01-20T05:00:00,197.0,198.0,195.0,196.0,46346076.62581697
2022-01-20T09:00:00,196.0,201.0,195.0,200.0,74635803.02209736
2022-01-20T13:00:00,199.0,200.0,197.0,200.0,31019544.52868848
2022-01-20T17:00:00,199.0,200.0,197.0,199.0,42351083.04067944
2022-01-20T21:00:00,199.0,205.0,198.0,203.0,112231635.72895841
2022-01-21T01:00:00,201.0,203.0,199.0,200.0,42908999.59080307
2022-01-21T05:00:00,199.0,200.0,188.0,189.0,192316214.7332124
2022-01-21T09:00:00,189.0,193.0,182.0,184.0,253490913.11669794
2022-01-21T13:00:00,183.0,188.0,183.0,188.0,65267208.31018473
2022-01-21T17:00:00,188.0,190.0,186.0,189.0,75998051.58737819
2022-01-21T21:00:00,189.0,189.0,183.0,187.0,143462899.57270917
2022-01-22T01:00:00,187.0,188.0,183.0,185.0,37443692.61719806
2022-01-22T05:00:00,185.0,186.0,175.0,176.0,243509552.8805868
2022-01-22T09:00:00,177.0,180.0,175.0,177.0,173107994.53849715
2022-01-22T13:00:00,177.0,177.0,160.0,163.0,372561702.2263298
2022-01-22T17:00:00,163.0,166.0,154.0,159.0,519852300.7314405
2022-01-22T21:00:00,159.0,168.0,157.0,159.0,299310639.40568864
2022-01-23T01:00:00,158.0,162.0,156.0,159.0,177807118.33381248
2022-01-23T05:00:00,159.0,166.0,158.0,165.0,64498601.00265552
2022-01-23T09:00:00,164.0,176.0,163.0,169.0,199484036.58178484
2022-01-23T13:00:00,168.0,174.0,167.0,172.0,88275443.17139709
2022-01-23T17:00:00,172.0,175.0,169.0,170.0,80891665.33361748
2022-01-23T21:00:00,170.0,177.0,165.0,168.0,161757321.30861092
2022-01-24T01:00:00,167.0,173.0,166.0,168.0,66567341.09800266
2022-01-24T05:00:00,167.0,176.0,167.0,174.0,70563592.82612067
2022-01-24T09:00:00,174.0,174.0,169.0,171.0,91681146.6383163
2022-01-24T13:00:00,171.0,171.0,165.0,165.0,54546535.51204015
2022-01-24T17:00:00,165.0,168.0,157.0,160.0,267318381.52002332
2022-01-24T21:00:00,160.0,164.0,156.0,162.0,314943856.6852607
2022-01-25T01:00:00,162.0,166.0,158.0,165.0,115815801.43169229
2022-01-25T05:00:00,164.0,170.0,163.0,168.0,98165846.17630741
2022-01-25T09:00:00,168.0,172.0,164.0,166.0,174951827.323838
2022-01-25T13:00:00,166.0,167.0,161.0,164.0,69648743.40676259
2022-01-25T17:00:00,164.0,169.0,163.0,166.0,94569665.22956142
2022-01-25T21:00:00,165.0,185.0,164.0,169.0,535356897.290026
2022-01-26T01:00:00,169.0,180.0,169.0,175.0,91562902.58960906
2022-01-26T05:00:00,175.0,176.0,170.0,173.0,68776851.8502221
2022-01-26T09:00:00,173.0,179.0,172.0,177.0,136472579.11767536
2022-01-26T13:00:00,177.0,180.0,173.0,175.0,107207752.5724611
2022-01-26T17:00:00,175.0,184.0,175.0,184.0,175179324.59457874
2022-01-26T21:00:00,183.0,187.0,180.0,182.0,183508754.24983764
2022-01-27T01:00:00,181.0,187.0,177.0,182.0,154570864.92940217
2022-01-27T05:00:00,181.0,182.0,173.0,176.0,127089898.24298643
2022-01-27T09:00:00,175.0,178.0,171.0,172.0,137571850.02484736
2022-01-27T13:00:00,172.0,175.0,171.0,174.0,72791812.90514548
2022-01-27T17:00:00,173.0,177.0,172.0,175.0,98479791.48581584
2022-01-27T21:00:00,176.0,179.0,174.0,175.0,132250047.40306316
2022-01-28T01:00:00,176.0,176.0,172.0,173.0,44530004.92448634
2022-01-28T05:00:00,173.0,174.0,169.0,174.0,79319694.44875918
2022-01-28T09:00:00,174.0,176.0,172.0,174.0,76370168.03547229
2022-01-28T13:00:00,174.0,176.0,172.0,173.0,69239395.99228463
2022-01-28T17:00:00,173.0,175.0,172.0,174.0,70468141.28519525
2022-01-28T21:00:00,173.0,174.0,172.0,173.0,60229913.79140031
2022-01-29T01:00:00,173.0,175.0,172.0,174.0,34222202.06604447
2022-01-29T05:00:00,174.0,176.0,173.0,175.0,58662045.92195357
2022-01-29T09:00:00,175.0,177.0,174.0,176.0,88151381.97663401
2022-01-29T13:00:00,176.0,178.0,175.0,177.0,48999431.62106862
2022-01-29T17:00:00,178.0,178.0,175.0,177.0,59227053.09817814
2022-01-29T21:00:00,176.0,178.0,174.0,176.0,72886089.52625461
2022-01-30T01:00:00,175.0,177.0,175.0,176.0,18863112.11523832
2022-01-30T05:00:00,176.0,178.0,176.0,176.0,25286641.19983621
2022-01-30T09:00:00,176.0,177.0,174.0,176.0,67906103.24042092
2022-01-30T13:00:00,176.0,178.0,175.0,177.0,27056734.4169983
2022-01-30T17:00:00,177.0,178.0,176.0,177.0,35173234.47452968
2022-01-30T21:00:00,177.0,178.0,174.0,176.0,59750588.37980727
2022-01-31T01:00:00,175.0,176.0,172.0,173.0,24180762.01188145
2022-01-31T05:00:00,173.0,175.0,172.0,174.0,22692338.43994398
2022-01-31T09:00:00,173.0,174.0,170.0,172.0,79544744.84778689
2022-01-31T13:00:00,172.0,172.0,169.0,171.0,19807232.37393273
2022-01-31T17:00:00,170.0,172.0,170.0,172.0,18129476.16692178
2022-01-31T21:00:00,172.0,174.0,170.0,172.0,33742938.92749286
2022-02-01T01:00:00,173.0,176.0,172.0,175.0,33139203.7396844
2022-02-01T05:00:00,175.0,175.0,173.0,175.0,21650725.5629868
2022-02-01T09:00:00,174.0,177.0,173.0,176.0,45102217.28885945
2022-02-01T13:00:00,177.0,177.0,174.0,175.0,26253719.95150995
2022-02-01T17:00:00,175.0,178.0,174.0,175.0,70390408.03044902
2022-02-01T21:00:00,175.0,177.0,174.0,175.0,55172879.46266847
2022-02-02T01:00:00,175.0,177.0,175.0,175.0,24562520.57333013
2022-02-02T05:00:00,175.0,177.0,175.0,176.0,19641354.82876575
2022-02-02T09:00:00,175.0,177.0,175.0,177.0,34994714.80781871
2022-02-02T13:00:00,177.0,177.0,175.0,175.0,35767209.88437826
2022-02-02T17:00:00,176.0,181.0,175.0,178.0,121918892.66791297
2022-02-02T21:00:00,178.0,179.0,172.0,173.0,122386341.958966
2022-02-03T01:00:00,173.0,174.0,171.0,173.0,28760991.59889992
2022-02-03T05:00:00,174.0,174.0,168.0,169.0,62097083.42541616
2022-02-03T09:00:00,169.0,173.0,168.0,170.0,85187961.52649288
2022-02-03T13:00:00,171.0,172.0,170.0,171.0,34761534.93246835
2022-02-03T17:00:00,171.0,171.0,166.0,169.0,88700362.74182834
2022-02-03T21:00:00,168.0,170.0,167.0,169.0,48802900.92708128
2022-02-04T01:00:00,170.0,170.0,167.0,168.0,20526575.1537926
2022-02-04T05:00:00,168.0,170.0,167.0,169.0,25838260.28268698
2022-02-04T09:00:00,170.0,170.0,168.0,170.0,38442053.85948294
2022-02-04T13:00:00,170.0,173.0,169.0,172.0,59503009.11334485
2022-02-04T17:00:00,171.0,173.0,171.0,172.0,41562998.624108
2022-02-04T21:00:00,172.0,175.0,169.0,173.0,119011935.60805438
2022-02-05T01:00:00,174.0,176.0,173.0,175.0,62815438.94966131
2022-02-05T05:00:00,175.0,181.0,175.0,180.0,77952440.94681309
2022-02-05T09:00:00,180.0,185.0,178.0,180.0,187576719.16216213
2022-02-05T13:00:00,180.0,184.0,180.0,181.0,89124003.63648812
2022-02-05T17:00:00,181.0,184.0,180.0,183.0,85350429.57785466
2022-02-05T21:00:00,183.0,185.0,181.0,183.0,86301209.5533111
2022-02-06T01:00:00,183.0,184.0,178.0,180.0,82180735.42026311
2022-02-06T05:00:00,180.0,182.0,180.0,180.0,30187685.17352492
2022-02-06T09:00:00,180.0,184.0,180.0,183.0,80155116.32183658
2022-02-06T13:00:00,183.0,183.0,180.0,181.0,60994923.96222787
2022-02-06T17:00:00,182.0,182.0,180.0,181.0,40167321.11801776
2022-02-06T21:00:00,180.0,183.0,176.0,179.0,133097432.22852443
2022-02-07T01:00:00,180.0,187.0,178.0,184.0,64664916.65907125
2022-02-07T05:00:00,184.0,190.0,182.0,187.0,135142742.3083354
2022-02-07T09:00:00,187.0,197.0,185.0,195.0,374330779.063194
2022-02-07T13:00:00,194.0,196.0,190.0,191.0,126113556.96406356
2022-02-07T17:00:00,191.0,194.0,189.0,192.0,181724898.07211724
2022-02-07T21:00:00,192.0,198.0,191.0,196.0,229088332.89735788
2022-02-08T01:00:00,196.0,206.0,195.0,204.0,276679453.41183686
2022-02-08T05:00:00,203.0,210.0,201.0,202.0,161915865.25905615
2022-02-08T09:00:00,202.0,206.0,197.0,201.0,277597744.438799
2022-02-08T13:00:00,201.0,206.0,198.0,200.0,271268706.6947687
2022-02-08T17:00:00,200.0,204.0,188.0,195.0,272794819.6327407
2022-02-08T21:00:00,196.0,196.0,188.0,190.0,140355818.0075991
2022-02-09T01:00:00,190.0,191.0,188.0,190.0,38015538.04802357
2022-02-09T05:00:00,190.0,195.0,189.0,194.0,69869989.46796735
2022-02-09T09:00:00,194.0,195.0,187.0,190.0,108005563.0974002
2022-02-09T13:00:00,190.0,193.0,188.0,190.0,48050551.35951022
2022-02-09T17:00:00,191.0,193.0,189.0,192.0,53100683.03799209
2022-02-09T21:00:00,192.0,196.0,190.0,193.0,102213221.25364274
2022-02-10T01:00:00,192.0,194.0,191.0,193.0,33237814.76381795
2022-02-10T05:00:00,192.0,194.0,192.0,192.0,23491659.17554086
2022-02-10T09:00:00,193.0,195.0,190.0,190.0,81599560.95719954
2022-02-10T13:00:00,190.0,192.0,189.0,191.0,34620590.68713701
2022-02-10T17:00:00,191.0,194.0,190.0,192.0,71098453.7487539
2022-02-10T21:00:00,192.0,193.0,183.0,190.0,231687364.56317222
2022-02-11T01:00:00,189.0,192.0,187.0,187.0,39182475.46532385
2022-02-11T05:00:00,188.0,188.0,185.0,185.0,34067339.16602979
2022-02-11T09:00:00,185.0,186.0,182.0,186.0,92543912.97108379
2022-02-11T13:00:00,186.0,186.0,183.0,186.0,41018357.94405456
2022-02-11T17:00:00,185.0,187.0,184.0,185.0,44729501.69785242
2022-02-11T21:00:00,186.0,188.0,185.0,186.0,43849839.21262453
2022-02-12T01:00:00,186.0,186.0,180.0,180.0,49577109.24062366
2022-02-12T05:00:00,181.0,182.0,174.0,178.0,111861865.28259632
2022-02-12T09:00:00,178.0,180.0,175.0,177.0,80900820.7020949
2022-02-12T13:00:00,178.0,178.0,171.0,175.0,78754002.04038613
2022-02-12T17:00:00,175.0,176.0,172.0,175.0,48328285.00101089
2022-02-12T21:00:00,175.0,176.0,172.0,176.0,48879930.63837716
2022-02-13T01:00:00,175.0,179.0,174.0,177.0,63477399.22113265
2022-02-13T05:00:00,177.0,177.0,173.0,176.0,32988513.37184985
2022-02-13T09:00:00,176.0,178.0,175.0,177.0,22936170.304862
2022-02-13T13:00:00,177.0,178.0,176.0,177.0,19346702.92851185
2022-02-13T17:00:00,177.0,190.0,177.0,186.0,273578283.5718015
2022-02-13T21:00:00,185.0,193.0,184.0,188.0,365853663.69704276
2022-02-14T01:00:00,187.0,191.0,185.0,191.0,92570368.02317853
2022-02-14T05:00:00,190.0,191.0,181.0,182.0,175294476.49821126
2022-02-14T09:00:00,181.0,184.0,175.0,178.0,222547515.069026
2022-02-14T13:00:00,177.0,178.0,175.0,177.0,78211153.6207734
2022-02-14T17:00:00,178.0,179.0,175.0,177.0,63754406.9215854
2022-02-14T21:00:00,177.0,180.0,175.0,178.0,121057518.01694465
2022-02-15T01:00:00,178.0,180.0,175.0,176.0,34868588.08266319
2022-02-15T05:00:00,177.0,179.0,175.0,177.0,23216013.06236207
2022-02-15T09:00:00,177.0,181.0,176.0,179.0,85072868.8489122
2022-02-15T13:00:00,180.0,181.0,178.0,180.0,57085229.36168809
2022-02-15T17:00:00,181.0,184.0,180.0,182.0,104790287.20343164
2022-02-15T21:00:00,181.0,182.0,180.0,181.0,47815858.05207746
2022-02-16T01:00:00,180.0,183.0,180.0,181.0,35658818.4020683
2022-02-16T05:00:00,180.0,185.0,180.0,183.0,73858927.44281662
2022-02-16T09:00:00,184.0,184.0,181.0,181.0,68988764.1569155
2022-02-16T13:00:00,181.0,182.0,179.0,182.0,62399813.75169256
2022-02-16T17:00:00,182.0,183.0,180.0,182.0,27017132.05288421
2022-02-16T21:00:00,181.0,182.0,178.0,180.0,84537332.44950414
2022-02-17T01:00:00,179.0,182.0,178.0,182.0,22367557.31402686
2022-02-17T05:00:00,182.0,182.0,180.0,180.0,30882894.67347342
2022-02-17T09:00:00,181.0,182.0,179.0,179.0,52782640.7797946
2022-02-17T13:00:00,179.0,182.0,176.0,180.0,116682522.57811277
2022-02-17T17:00:00,180.0,181.0,177.0,179.0,56936011.04920936
2022-02-17T21:00:00,179.0,180.0,175.0,176.0,103919828.55390428
2022-02-18T01:00:00,176.0,177.0,171.0,173.0,66971447.98267737
2022-02-18T05:00:00,173.0,173.0,168.0,168.0,92597749.20793422
2022-02-18T09:00:00,169.0,173.0,168.0,173.0,76884603.46009904
2022-02-18T13:00:00,173.0,173.0,170.0,173.0,38215694.19004705
2022-02-18T17:00:00,173.0,173.0,169.0,170.0,41647593.56707669
2022-02-18T21:00:00,169.0,172.0,167.0,169.0,104674397.62319411
2022-02-19T01:00:00,169.0,171.0,167.0,171.0,39047622.57668021
2022-02-19T05:00:00,171.0,171.0,168.0,170.0,18823369.47206009
2022-02-19T09:00:00,170.0,176.0,169.0,173.0,119850859.67170198
2022-02-19T13:00:00,172.0,179.0,171.0,175.0,113352737.73096178
2022-02-19T17:00:00,175.0,175.0,170.0,171.0,108726781.8879453
2022-02-19T21:00:00,171.0,174.0,170.0,173.0,82106121.81728947
2022-02-20T01:00:00,172.0,174.0,171.0,172.0,26330703.65265034
2022-02-20T05:00:00,171.0,173.0,170.0,172.0,22765811.10709899
2022-02-20T09:00:00,172.0,173.0,169.0,170.0,41425088.8378001
2022-02-20T13:00:00,170.0,171.0,166.0,168.0,79594494.83757025
2022-02-20T17:00:00,168.0,169.0,166.0,168.0,44919009.25500162
2022-02-20T21:00:00,167.0,169.0,166.0,167.0,45187949.41136131
2022-02-21T01:00:00,168.0,169.0,167.0,169.0,13434377.80285538
2022-02-21T05:00:00,169.0,170.0,167.0,167.0,26722795.61383376
2022-02-21T09:00:00,168.0,171.0,167.0,170.0,57762184.77274218
2022-02-21T13:00:00,170.0,171.0,169.0,171.0,30681242.04590793
2022-02-21T17:00:00,171.0,172.0,164.0,166.0,88306444.94885486
2022-02-21T21:00:00,166.0,170.0,164.0,167.0,101849256.51254334
2022-02-22T01:00:00,167.0,169.0,164.0,167.0,37823117.27094344
2022-02-22T05:00:00,167.0,167.0,156.0,158.0,128504526.18257485
2022-02-22T09:00:00,158.0,160.0,152.0,155.0,138016635.13324195
2022-02-22T13:00:00,155.0,157.0,153.0,155.0,97767283.91822961
2022-02-22T17:00:00,155.0,160.0,155.0,158.0,64309274.38277003
2022-02-22T21:00:00,158.0,160.0,157.0,158.0,60034798.40624515
2022-02-23T01:00:00,159.0,159.0,156.0,158.0,21750083.95171261
2022-02-23T05:00:00,158.0,161.0,157.0,160.0,43863717.0949056
2022-02-23T09:00:00,160.0,161.0,158.0,159.0,52772224.10769402
2022-02-23T13:00:00,158.0,162.0,158.0,161.0,42354037.4787758
2022-02-23T17:00:00,161.0,164.0,161.0,162.0,76141491.7131652
2022-02-23T21:00:00,162.0,165.0,160.0,160.0,72914850.98086691
2022-02-24T01:00:00,160.0,163.0,158.0,159.0,38178094.32534616
2022-02-24T05:00:00,158.0,159.0,155.0,156.0,61844699.10673364
2022-02-24T09:00:00,156.0,157.0,143.0,144.0,248809784.70689538
2022-02-24T13:00:00,144.0,146.0,136.0,140.0,482719484.56331503
2022-02-24T17:00:00,140.0,142.0,135.0,139.0,246432621.93243065
2022-02-24T21:00:00,139.0,146.0,137.0,145.0,284921701.1281362
2022-02-25T01:00:00,145.0,151.0,143.0,151.0,162758607.0922941
2022-02-25T05:00:00,150.0,154.0,147.0,151.0,221086766.0500317
2022-02-25T09:00:00,151.0,153.0,148.0,151.0,145572400.2828217
2022-02-25T13:00:00,150.0,151.0,147.0,149.0,76960707.99485636
2022-02-25T17:00:00,149.0,153.0,147.0,152.0,92104845.85257353
2022-02-25T21:00:00,153.0,157.0,151.0,154.0,217120485.39608324
2022-02-26T01:00:00,153.0,156.0,150.0,152.0,81677068.82138853
2022-02-26T05:00:00,151.0,156.0,151.0,155.0,98154538.17384861
2022-02-26T09:00:00,155.0,159.0,154.0,156.0,185546680.5493244
2022-02-26T13:00:00,156.0,158.0,153.0,156.0,82293231.03955923
2022-02-26T17:00:00,156.0,157.0,153.0,156.0,55429866.14320515
2022-02-26T21:00:00,155.0,156.0,154.0,156.0,44097926.47343339
2022-02-27T01:00:00,155.0,156.0,154.0,156.0,25401026.00297715
2022-02-27T05:00:00,155.0,157.0,155.0,156.0,39776791.77948071
2022-02-27T09:00:00,156.0,157.0,152.0,154.0,93054487.35720628
2022-02-27T13:00:00,154.0,155.0,152.0,154.0,41235368.90867824
2022-02-27T17:00:00,154.0,156.0,153.0,156.0,42858254.60551404
2022-02-27T21:00:00,156.0,157.0,151.0,156.0,132876191.33284158
2022-02-28T01:00:00,156.0,156.0,150.0,150.0,48363874.34459787
2022-02-28T05:00:00,151.0,153.0,150.0,152.0,53525548.35012039
2022-02-28T09:00:00,151.0,154.0,150.0,151.0,69591678.92847314
2022-02-28T13:00:00,151.0,153.0,150.0,153.0,50174952.82310251
2022-02-28T17:00:00,152.0,154.0,151.0,152.0,65546663.98688882
2022-02-28T21:00:00,152.0,158.0,151.0,156.0,162398063.64037353
2022-03-01T01:00:00,156.0,157.0,154.0,156.0,90090949.40693672
2022-03-01T05:00:00,155.0,162.0,155.0,162.0,160817561.40693334
2022-03-01T09:00:00,162.0,163.0,158.0,161.0,176450933.3291114
2022-03-01T13:00:00,160.0,162.0,159.0,161.0,45108146.28054441
2022-03-01T17:00:00,160.0,163.0,158.0,161.0,124033026.51930878
2022-03-01T21:00:00,160.0,168.0,160.0,162.0,304495807.3676797
2022-03-02T01:00:00,162.0,163.0,160.0,161.0,41718973.53165007
2022-03-02T05:00:00,161.0,163.0,161.0,162.0,31852450.85120454
2022-03-02T09:00:00,162.0,164.0,160.0,163.0,101066369.42280886
2022-03-02T13:00:00,162.0,164.0,160.0,161.0,85866443.86129127
2022-03-02T17:00:00,161.0,167.0,160.0,163.0,152712041.22563002
2022-03-02T21:00:00,162.0,165.0,159.0,162.0,172035742.94669077
2022-03-03T01:00:00,162.0,163.0,160.0,161.0,21452401.32230173
2022-03-03T05:00:00,161.0,163.0,161.0,162.0,19883319.50676818
2022-03-03T09:00:00,162.0,163.0,160.0,161.0,62627404.76385275
2022-03-03T13:00:00,161.0,162.0,159.0,161.0,61104803.73213143
2022-03-03T17:00:00,162.0,162.0,160.0,162.0,24351061.2975737
2022-03-03T21:00:00,162.0,163.0,158.0,158.0,85489444.77960955
2022-03-04T01:00:00,158.0,159.0,156.0,158.0,41475473.27126538
2022-03-04T05:00:00,158.0,160.0,157.0,159.0,24125427.58520542
2022-03-04T09:00:00,159.0,159.0,153.0,155.0,117120597.84769319
2022-03-04T13:00:00,155.0,157.0,154.0,156.0,44297267.75122765
2022-03-04T17:00:00,156.0,158.0,154.0,157.0,69243033.62347867
2022-03-04T21:00:00,157.0,158.0,154.0,155.0,65255274.82773322
2022-03-05T01:00:00,155.0,157.0,152.0,152.0,41488585.86384056
2022-03-05T05:00:00,152.0,154.0,150.0,152.0,71643605.26733483
2022-03-05T09:00:00,152.0,153.0,150.0,153.0,48343023.36925072
2022-03-05T13:00:00,153.0,153.0,151.0,153.0,15122863.78426248
2022-03-05T17:00:00,153.0,154.0,152.0,153.0,26053660.71630234
2022-03-05T21:00:00,153.0,154.0,152.0,154.0,37860285.12946598
2022-03-06T01:00:00,153.0,155.0,153.0,154.0,20097358.60056197
2022-03-06T05:00:00,154.0,155.0,153.0,155.0,11775767.297049
2022-03-06T09:00:00,155.0,155.0,153.0,153.0,23226632.30649408
2022-03-06T13:00:00,153.0,155.0,151.0,153.0,28890176.09794943
2022-03-06T17:00:00,153.0,154.0,150.0,151.0,32835296.05326352
2022-03-06T21:00:00,152.0,153.0,151.0,152.0,33821408.62419804
2022-03-07T01:00:00,152.0,153.0,150.0,151.0,21779303.00814519
2022-03-07T05:00:00,151.0,152.0,150.0,150.0,23907542.18071911
2022-03-07T09:00:00,150.0,151.0,147.0,149.0,65430587.32086222
2022-03-07T13:00:00,149.0,150.0,147.0,149.0,35666038.29721756
2022-03-07T17:00:00,148.0,151.0,148.0,151.0,21871736.20329026
2022-03-07T21:00:00,151.0,153.0,150.0,150.0,45800676.56983693
2022-03-08T01:00:00,150.0,152.0,146.0,147.0,25393828.16326581
2022-03-08T05:00:00,147.0,151.0,146.0,149.0,26601865.22235705
2022-03-08T09:00:00,149.0,150.0,147.0,149.0,27165962.23176104
2022-03-08T13:00:00,150.0,150.0,148.0,150.0,28204752.03267015
2022-03-08T17:00:00,149.0,151.0,149.0,150.0,30368317.85079094
2022-03-08T21:00:00,150.0,151.0,148.0,149.0,44788002.73047728
2022-03-09T01:00:00,149.0,150.0,147.0,150.0,15009459.90123638
2022-03-09T05:00:00,149.0,150.0,148.0,150.0,7976836.61538522
2022-03-09T09:00:00,149.0,154.0,148.0,154.0,52719457.97083602
2022-03-09T13:00:00,153.0,154.0,152.0,154.0,50364087.74175943
2022-03-09T17:00:00,153.0,154.0,153.0,153.0,17935926.78646418
2022-03-09T21:00:00,153.0,154.0,152.0,154.0,36202813.54442139
2022-03-10T01:00:00,153.0,155.0,152.0,153.0,22510596.9994435
2022-03-10T05:00:00,152.0,154.0,152.0,153.0,13465038.9577501
2022-03-10T09:00:00,153.0,154.0,149.0,150.0,63935021.58256844
2022-03-10T13:00:00,151.0,151.0,148.0,149.0,31031405.69516534
2022-03-10T17:00:00,150.0,150.0,148.0,148.0,20627298.70126304
2022-03-10T21:00:00,148.0,151.0,148.0,149.0,32984161.04143395
2022-03-11T01:00:00,150.0,150.0,148.0,150.0,11352718.35121663
2022-03-11T05:00:00,150.0,151.0,149.0,149.0,17946814.64706982
2022-03-11T09:00:00,149.0,150.0,148.0,149.0,20494390.43941389
2022-03-11T13:00:00,149.0,150.0,148.0,149.0,16479045.57960762
2022-03-11T17:00:00,149.0,151.0,149.0,151.0,16906967.67239929
2022-03-11T21:00:00,151.0,151.0,148.0,149.0,23070373.64471742
2022-03-12T01:00:00,149.0,149.0,148.0,148.0,4418461.87326287
2022-03-12T05:00:00,148.0,150.0,148.0,149.0,21534163.97247282
2022-03-12T09:00:00,150.0,151.0,149.0,150.0,29082321.51137396
2022-03-12T13:00:00,149.0,150.0,149.0,150.0,8953871.98572254
2022-03-12T17:00:00,150.0,150.0,149.0,150.0,9831278.23491853
2022-03-12T21:00:00,150.0,150.0,148.0,149.0,15001567.38378787
2022-03-13T01:00:00,149.0,150.0,148.0,149.0,12205894.24483705
2022-03-13T05:00:00,149.0,150.0,148.0,148.0,5169456.02447362
2022-03-13T09:00:00,149.0,150.0,148.0,150.0,10825984.76066806
2022-03-13T13:00:00,150.0,150.0,148.0,149.0,12392510.08599751
2022-03-13T17:00:00,149.0,149.0,148.0,149.0,8766347.35472418
2022-03-13T21:00:00,148.0,149.0,146.0,148.0,30085867.85304744
2022-03-14T01:00:00,148.0,148.0,147.0,148.0,4086964.33573786
2022-03-14T05:00:00,147.0,148.0,145.0,146.0,30044664.40786732
2022-03-14T09:00:00,145.0,146.0,143.0,144.0,40145499.73798914
2022-03-14T13:00:00,145.0,152.0,144.0,146.0,148823107.11870766
2022-03-14T17:00:00,146.0,148.0,146.0,146.0,35075106.23939673
2022-03-14T21:00:00,147.0,147.0,145.0,146.0,29772241.60160742
2022-03-15T01:00:00,146.0,147.0,145.0,146.0,9314585.0787937
2022-03-15T05:00:00,146.0,147.0,145.0,146.0,12834799.97914127
2022-03-15T09:00:00,146.0,147.0,145.0,145.0,25316357.23651007
2022-03-15T13:00:00,145.0,146.0,142.0,143.0,33143432.60375338
2022-03-15T17:00:00,144.0,145.0,143.0,144.0,17937609.63672844
2022-03-15T21:00:00,144.0,145.0,143.0,144.0,16319520.22663195
2022-03-16T01:00:00,144.0,146.0,143.0,146.0,11378270.92812815
2022-03-16T05:00:00,146.0,146.0,144.0,145.0,9991791.64512797
2022-03-16T09:00:00,145.0,148.0,144.0,145.0,42168088.58236992
2022-03-16T13:00:00,145.0,146.0,144.0,145.0,15641818.94445921
2022-03-16T17:00:00,145.0,146.0,145.0,146.0,11556859.49534224
2022-03-16T21:00:00,145.0,147.0,145.0,146.0,22364146.02338349
2022-03-17T01:00:00,145.0,148.0,145.0,147.0,23099558.11059637
2022-03-17T05:00:00,146.0,149.0,146.0,149.0,20501228.02119947
2022-03-17T09:00:00,148.0,149.0,147.0,147.0,32437222.9172733
2022-03-17T13:00:00,147.0,149.0,146.0,146.0,27500735.86750859
2022-03-17T17:00:00,146.0,147.0,146.0,147.0,11226375.29461006
2022-03-17T21:00:00,146.0,148.0,146.0,147.0,14477165.00667089
2022-03-18T01:00:00,147.0,148.0,146.0,147.0,9365919.9732665
2022-03-18T05:00:00,147.0,148.0,147.0,148.0,12071073.02231085
2022-03-18T09:00:00,147.0,148.0,146.0,146.0,14868636.75497216
2022-03-18T13:00:00,146.0,147.0,146.0,146.0,8130130.97347095
2022-03-18T17:00:00,146.0,147.0,145.0,146.0,12840446.85809208
2022-03-18T21:00:00,146.0,147.0,145.0,147.0,15126333.02252448
2022-03-19T01:00:00,146.0,148.0,146.0,148.0,20386087.89521448
2022-03-19T05:00:00,147.0,149.0,147.0,148.0,19378048.94276356
2022-03-19T09:00:00,148.0,149.0,147.0,148.0,28537874.59183801
2022-03-19T13:00:00,147.0,149.0,147.0,149.0,13749811.53376619
2022-03-19T17:00:00,149.0,150.0,148.0,150.0,22508567.53485027
2022-03-19T21:00:00,149.0,152.0,149.0,150.0,54187650.5789548
2022-03-20T01:00:00,150.0,152.0,150.0,152.0,15332832.85140375
2022-03-20T05:00:00,151.0,152.0,150.0,151.0,15180996.21977289
2022-03-20T09:00:00,151.0,152.0,149.0,151.0,44610924.09928468
2022-03-20T13:00:00,150.0,152.0,150.0,151.0,22394882.0313851
2022-03-20T17:00:00,151.0,152.0,150.0,150.0,21329367.50898187
2022-03-20T21:00:00,151.0,151.0,149.0,150.0,22359893.60641703
2022-03-21T01:00:00,149.0,150.0,148.0,150.0,14674103.45246124
2022-03-21T05:00:00,150.0,151.0,149.0,150.0,12216773.0984456
2022-03-21T09:00:00,150.0,151.0,148.0,149.0,26384234.11142899
2022-03-21T13:00:00,149.0,150.0,149.0,150.0,17749641.37065045
2022-03-21T17:00:00,150.0,151.0,149.0,151.0,21245627.97636439
2022-03-21T21:00:00,151.0,151.0,149.0,150.0,20709598.79415912
2022-03-22T01:00:00,150.0,152.0,149.0,151.0,16605377.60520756
2022-03-22T05:00:00,151.0,152.0,150.0,152.0,17599756.40572629
2022-03-22T09:00:00,151.0,154.0,150.0,153.0,35224378.16606197
2022-03-22T13:00:00,153.0,155.0,152.0,154.0,48346128.80850827
2022-03-22T17:00:00,154.0,156.0,154.0,155.0,38606998.42116205
2022-03-22T21:00:00,156.0,160.0,154.0,157.0,144094346.34901926
2022-03-23T01:00:00,156.0,157.0,156.0,156.0,8643665.3166395
2022-03-23T05:00:00,156.0,157.0,156.0,156.0,21153663.86364408
2022-03-23T09:00:00,156.0,157.0,154.0,155.0,54285315.92745358
2022-03-23T13:00:00,155.0,156.0,154.0,155.0,21106974.49345785
2022-03-23T17:00:00,155.0,156.0,154.0,154.0,21458346.99512438
2022-03-23T21:00:00,155.0,160.0,154.0,158.0,75037746.1045559
2022-03-24T01:00:00,158.0,162.0,157.0,159.0,63043096.07153542
2022-03-24T05:00:00,159.0,160.0,158.0,160.0,26644867.10264294
2022-03-24T09:00:00,159.0,168.0,158.0,166.0,261521514.30276147
2022-03-24T13:00:00,166.0,166.0,163.0,164.0,75581287.14086264
2022-03-24T17:00:00,165.0,171.0,164.0,168.0,236758521.44614825
2022-03-24T21:00:00,168.0,169.0,162.0,166.0,161746548.5628873
2022-03-25T01:00:00,165.0,167.0,163.0,165.0,51098685.10497366
2022-03-25T05:00:00,164.0,166.0,164.0,165.0,33174576.57916103
2022-03-25T09:00:00,165.0,166.0,162.0,164.0,83187590.76288535
2022-03-25T13:00:00,164.0,165.0,163.0,164.0,32832913.30134746
2022-03-25T17:00:00,163.0,164.0,161.0,164.0,61268289.92295875
2022-03-25T21:00:00,164.0,165.0,160.0,161.0,78324830.51769793
2022-03-26T01:00:00,161.0,162.0,157.0,160.0,73098072.51384164
2022-03-26T05:00:00,160.0,161.0,159.0,159.0,24327710.63064809
2022-03-26T09:00:00,160.0,161.0,157.0,160.0,61830336.84305142
2022-03-26T13:00:00,160.0,162.0,159.0,162.0,39504765.86347981
2022-03-26T17:00:00,162.0,164.0,161.0,162.0,41678514.29308124
2022-03-26T21:00:00,161.0,162.0,160.0,161.0,38872771.97595673
2022-03-27T01:00:00,161.0,167.0,160.0,165.0,78571430.12423743
2022-03-27T05:00:00,164.0,165.0,162.0,164.0,31338417.68300868
2022-03-27T09:00:00,164.0,172.0,163.0,170.0,283358513.7046858
2022-03-27T13:00:00,170.0,172.0,168.0,169.0,129329255.24112424
2022-03-27T17:00:00,169.0,172.0,168.0,169.0,94028570.23491722
2022-03-27T21:00:00,169.0,169.0,165.0,169.0,109890782.36326565
2022-03-28T01:00:00,168.0,175.0,167.0,170.0,157728075.77096182
2022-03-28T05:00:00,169.0,174.0,168.0,172.0,124111411.10409203
2022-03-28T09:00:00,172.0,179.0,171.0,177.0,152173736.16764435
2022-03-28T13:00:00,177.0,180.0,176.0,179.0,104709262.61434282
2022-03-28T17:00:00,178.0,181.0,177.0,178.0,100261957.8801669
2022-03-28T21:00:00,178.0,184.0,177.0,179.0,189066131.20676062
2022-03-29T01:00:00,179.0,182.0,178.0,181.0,29062746.40335878
2022-03-29T05:00:00,180.0,181.0,171.0,172.0,135780222.20909792
2022-03-29T09:00:00,172.0,177.0,172.0,174.0,86262308.36197847
2022-03-29T13:00:00,174.0,177.0,174.0,176.0,38963800.46295999
2022-03-29T17:00:00,175.0,177.0,175.0,177.0,52589121.31214235
2022-03-29T21:00:00,177.0,178.0,173.0,174.0,101185181.9835604
2022-03-30T01:00:00,173.0,176.0,170.0,175.0,89587728.14138371
2022-03-30T05:00:00,176.0,176.0,170.0,173.0,62171835.25751694
2022-03-30T09:00:00,173.0,174.0,167.0,171.0,92417912.98846114
2022-03-30T13:00:00,170.0,176.0,169.0,173.0,105697075.86200574
2022-03-30T17:00:00,173.0,175.0,172.0,173.0,69364619.9195731
2022-03-30T21:00:00,173.0,174.0,170.0,172.0,62834245.9483141
2022-03-31T01:00:00,172.0,173.0,171.0,172.0,29100845.54192969
2022-03-31T05:00:00,172.0,173.0,171.0,173.0,27063907.3313223
2022-03-31T09:00:00,173.0,176.0,171.0,174.0,92393391.81686519
2022-03-31T13:00:00,174.0,179.0,173.0,177.0,90250796.71254244
2022-03-31T17:00:00,178.0,179.0,174.0,175.0,75692191.7945481
2022-03-31T21:00:00,175.0,177.0,170.0,171.0,112580654.23136266
2022-04-01T01:00:00,172.0,172.0,169.0,171.0,38887087.04156649
2022-04-01T05:00:00,170.0,172.0,170.0,171.0,34549694.67624601
2022-04-01T09:00:00,171.0,172.0,165.0,166.0,125394925.05906384
2022-04-01T13:00:00,166.0,168.0,165.0,168.0,65906914.0712214
2022-04-01T17:00:00,168.0,168.0,166.0,167.0,34535878.31051446
2022-04-01T21:00:00,167.0,171.0,166.0,170.0,59002476.00652695
2022-04-02T01:00:00,170.0,172.0,169.0,171.0,31361651.02613884
2022-04-02T05:00:00,171.0,173.0,170.0,171.0,41248022.34572725
2022-04-02T09:00:00,172.0,175.0,170.0,173.0,99221282.75261366
2022-04-02T13:00:00,173.0,175.0,173.0,175.0,43829781.14583418
2022-04-02T17:00:00,174.0,175.0,173.0,175.0,33627775.83073146
2022-04-02T21:00:00,174.0,175.0,170.0,172.0,95254826.79678294
2022-04-03T01:00:00,172.0,173.0,170.0,171.0,42038302.3323422
2022-04-03T05:00:00,171.0,173.0,171.0,171.0,31890306.74897613
2022-04-03T09:00:00,171.0,172.0,168.0,170.0,100594914.10623942
2022-04-03T13:00:00,170.0,174.0,170.0,172.0,46145644.41027472
2022-04-03T17:00:00,173.0,173.0,171.0,173.0,35347202.41853121
2022-04-03T21:00:00,173.0,183.0,171.0,178.0,347053888.3093085
2022-04-04T01:00:00,177.0,179.0,177.0,177.0,45171997.55560413
2022-04-04T05:00:00,177.0,181.0,177.0,179.0,79676658.81054592
2022-04-04T09:00:00,178.0,182.0,175.0,178.0,234547035.78901386
2022-04-04T13:00:00,177.0,179.0,176.0,177.0,58209337.3341396
2022-04-04T17:00:00,176.0,195.0,173.0,191.0,920870212.9373233
2022-04-04T21:00:00,191.0,191.0,174.0,176.0,573682799.5272386
2022-04-05T01:00:00,175.0,178.0,174.0,178.0,87073916.347301
2022-04-05T05:00:00,178.0,184.0,177.0,181.0,122126667.11511806
2022-04-05T09:00:00,182.0,188.0,179.0,184.0,323663280.6663066
2022-04-05T13:00:00,183.0,191.0,183.0,187.0,266614176.83999962
2022-04-05T17:00:00,187.0,192.0,184.0,186.0,268134111.38164765
2022-04-05T21:00:00,186.0,201.0,185.0,198.0,1208306692.6729763
2022-04-06T01:00:00,198.0,219.0,196.0,205.0,1171343404.1398342
2022-04-06T05:00:00,204.0,215.0,201.0,212.0,620860759.9732249
2022-04-06T09:00:00,213.0,216.0,195.0,196.0,1147149311.1179075
2022-04-06T13:00:00,196.0,205.0,194.0,198.0,359471972.40362155
2022-04-06T17:00:00,198.0,200.0,187.0,190.0,449076684.4112469
2022-04-06T21:00:00,189.0,191.0,182.0,185.0,444473678.0748542
2022-04-07T01:00:00,185.0,186.0,180.0,182.0,191028815.59180608
2022-04-07T05:00:00,182.0,184.0,177.0,178.0,238580822.41038823
2022-04-07T09:00:00,179.0,181.0,172.0,176.0,465678407.7389838
2022-04-07T13:00:00,176.0,181.0,176.0,179.0,198436762.80803332
2022-04-07T17:00:00,179.0,183.0,179.0,182.0,195943226.12453842
2022-04-07T21:00:00,182.0,183.0,174.0,177.0,268147644.8001014
2022-04-08T01:00:00,176.0,180.0,175.0,179.0,54997233.95897653
2022-04-08T05:00:00,179.0,183.0,177.0,181.0,116086126.77890557
2022-04-08T09:00:00,181.0,188.0,179.0,187.0,442937119.03698283
2022-04-08T13:00:00,186.0,191.0,185.0,188.0,367474048.35664785
2022-04-08T17:00:00,188.0,190.0,180.0,180.0,218273266.19114318
2022-04-08T21:00:00,180.0,186.0,179.0,185.0,235846368.43213248
2022-04-09T01:00:00,185.0,185.0,180.0,183.0,79317554.84166038
2022-04-09T05:00:00,182.0,183.0,177.0,178.0,88055660.05570157
2022-04-09T09:00:00,179.0,181.0,176.0,179.0,132679762.43494727
2022-04-09T13:00:00,178.0,180.0,177.0,180.0,44142343.61341235
2022-04-09T17:00:00,180.0,180.0,177.0,178.0,75142692.49998794
2022-04-09T21:00:00,178.0,180.0,177.0,179.0,52770305.74924521
2022-04-10T01:00:00,178.0,180.0,177.0,179.0,17110538.79507861
2022-04-10T05:00:00,179.0,180.0,178.0,180.0,14915987.75060287
2022-04-10T09:00:00,180.0,189.0,178.0,187.0,279444611.60349464
2022-04-10T13:00:00,187.0,188.0,183.0,185.0,84001167.62580068
2022-04-10T17:00:00,185.0,188.0,184.0,186.0,94560843.9935919
2022-04-10T21:00:00,186.0,197.0,185.0,192.0,536034329.0935841
2022-04-11T01:00:00,192.0,196.0,189.0,194.0,103748112.59996904
2022-04-11T05:00:00,194.0,195.0,185.0,186.0,188551817.81541106
2022-04-11T09:00:00,187.0,189.0,181.0,183.0,348769806.534843
2022-04-11T13:00:00,183.0,185.0,181.0,184.0,98947010.33537361
2022-04-11T17:00:00,183.0,186.0,176.0,178.0,288390071.49114704
2022-04-11T21:00:00,177.0,179.0,176.0,177.0,117414805.38037631
2022-04-12T01:00:00,177.0,179.0,175.0,176.0,55421912.92446501
2022-04-12T05:00:00,176.0,177.0,169.0,170.0,176240352.2666361
2022-04-12T09:00:00,170.0,173.0,168.0,171.0,221944213.77998012
2022-04-12T13:00:00,171.0,176.0,170.0,175.0,108105686.93641105
2022-04-12T17:00:00,174.0,179.0,173.0,179.0,140086697.53444788
2022-04-12T21:00:00,178.0,182.0,174.0,176.0,293542428.5118272
2022-04-13T01:00:00,175.0,177.0,171.0,171.0,64241426.90467035
2022-04-13T05:00:00,171.0,176.0,171.0,174.0,74685218.67992975
2022-04-13T09:00:00,175.0,181.0,173.0,177.0,214134310.0058043
2022-04-13T13:00:00,178.0,178.0,176.0,177.0,91987082.90890905
2022-04-13T17:00:00,176.0,178.0,174.0,175.0,82411769.33962922
2022-04-13T21:00:00,174.0,178.0,172.0,176.0,148615669.5219971
2022-04-14T01:00:00,177.0,177.0,175.0,175.0,37040118.04863877
2022-04-14T05:00:00,175.0,177.0,174.0,176.0,48998616.98799825
2022-04-14T09:00:00,176.0,178.0,175.0,177.0,94280268.34756199
2022-04-14T13:00:00,176.0,177.0,173.0,175.0,137655097.72035205
2022-04-14T17:00:00,174.0,185.0,172.0,181.0,456225147.5748075
2022-04-14T21:00:00,181.0,183.0,175.0,176.0,234616257.951199
2022-04-15T01:00:00,175.0,182.0,175.0,177.0,131320017.65852635
2022-04-15T05:00:00,177.0,182.0,176.0,181.0,93802746.58071923
2022-04-15T09:00:00,181.0,182.0,178.0,180.0,119274808.4813403
2022-04-15T13:00:00,180.0,185.0,179.0,183.0,174105883.02617964
2022-04-15T17:00:00,183.0,188.0,181.0,185.0,160129019.71984947
2022-04-15T21:00:00,184.0,186.0,182.0,184.0,113433482.35758896
2022-04-16T01:00:00,184.0,184.0,182.0,183.0,33513712.32483315
2022-04-16T05:00:00,182.0,184.0,181.0,184.0,41651543.40529765
2022-04-16T09:00:00,183.0,186.0,182.0,184.0,75573447.13764171
2022-04-16T13:00:00,184.0,185.0,181.0,181.0,47981042.92055298
2022-04-16T17:00:00,182.0,183.0,180.0,181.0,45142925.05718533
2022-04-16T21:00:00,181.0,182.0,177.0,179.0,80158659.01646873
2022-04-17T01:00:00,179.0,179.0,177.0,179.0,15272191.65390909
2022-04-17T05:00:00,179.0,181.0,178.0,180.0,23505360.02653933
2022-04-17T09:00:00,180.0,180.0,178.0,180.0,51198287.9365334
2022-04-17T13:00:00,179.0,181.0,178.0,180.0,26781708.32777582
2022-04-17T17:00:00,180.0,181.0,179.0,179.0,23132886.43513833
2022-04-17T21:00:00,179.0,181.0,179.0,181.0,36259080.52143297
2022-04-18T01:00:00,180.0,181.0,177.0,178.0,47350774.27961345
2022-04-18T05:00:00,178.0,182.0,174.0,175.0,95124375.2178211
2022-04-18T09:00:00,176.0,177.0,175.0,176.0,71723897.72296228
2022-04-18T13:00:00,176.0,176.0,168.0,169.0,217749018.5846327
2022-04-18T17:00:00,169.0,171.0,168.0,170.0,53255701.25396663
2022-04-18T21:00:00,170.0,173.0,169.0,171.0,69771022.29385097
2022-04-19T01:00:00,171.0,175.0,169.0,173.0,61071905.44097876
2022-04-19T05:00:00,174.0,176.0,173.0,175.0,46130496.51720734
2022-04-19T09:00:00,175.0,177.0,173.0,174.0,62312147.70606363
2022-04-19T13:00:00,174.0,176.0,173.0,175.0,39095718.01789593
2022-04-19T17:00:00,174.0,176.0,174.0,175.0,45027855.67508969
2022-04-19T21:00:00,174.0,180.0,174.0,177.0,121317962.36047703
2022-04-20T01:00:00,178.0,180.0,176.0,177.0,51610197.93347707
2022-04-20T05:00:00,176.0,178.0,176.0,177.0,34899604.11937846
2022-04-20T09:00:00,178.0,179.0,175.0,178.0,100995394.09233727
2022-04-20T13:00:00,177.0,184.0,177.0,180.0,411659470.6840253
2022-04-20T17:00:00,179.0,183.0,179.0,182.0,123818618.88820298
2022-04-20T21:00:00,181.0,182.0,175.0,176.0,200178079.4698866
2022-04-21T01:00:00,176.0,177.0,174.0,176.0,62065118.80360288
2022-04-21T05:00:00,176.0,178.0,174.0,175.0,73005253.5093714
2022-04-21T09:00:00,175.0,177.0,174.0,174.0,85983023.64511018
2022-04-21T13:00:00,175.0,176.0,173.0,176.0,79034142.10444175
2022-04-21T17:00:00,176.0,176.0,173.0,174.0,104780742.3342542
2022-04-21T21:00:00,174.0,177.0,173.0,174.0,93893872.98918884
2022-04-22T01:00:00,174.0,175.0,172.0,172.0,53317517.07117872
2022-04-22T05:00:00,172.0,173.0,170.0,172.0,104408340.93305863
2022-04-22T09:00:00,172.0,172.0,170.0,171.0,75137253.7771018
2022-04-22T13:00:00,171.0,172.0,170.0,172.0,44064479.74541841
2022-04-22T17:00:00,172.0,172.0,169.0,172.0,43155957.37719062
2022-04-22T21:00:00,172.0,172.0,169.0,171.0,39772660.10270853
2022-04-23T01:00:00,171.0,172.0,169.0,171.0,16872437.00572523
2022-04-23T05:00:00,170.0,172.0,170.0,171.0,30328876.71702216
2022-04-23T09:00:00,171.0,172.0,168.0,169.0,63012611.41815774
2022-04-23T13:00:00,169.0,170.0,168.0,170.0,21921248.37981491
2022-04-23T17:00:00,170.0,171.0,169.0,169.0,21135914.62182127
2022-04-23T21:00:00,170.0,171.0,169.0,170.0,16973670.21468939
2022-04-24T01:00:00,170.0,171.0,170.0,170.0,7686863.95557184
2022-04-24T05:00:00,170.0,171.0,168.0,169.0,21716097.43363535
2022-04-24T09:00:00,169.0,170.0,168.0,170.0,24965917.76064973
2022-04-24T13:00:00,169.0,170.0,168.0,169.0,14896670.60804557
2022-04-24T17:00:00,169.0,170.0,167.0,167.0,33978910.35093123
2022-04-24T21:00:00,167.0,169.0,165.0,167.0,72062892.72541712
2022-04-25T01:00:00,167.0,168.0,165.0,166.0,36072875.19517253
2022-04-25T05:00:00,166.0,167.0,166.0,166.0,16040316.20484852
2022-04-25T09:00:00,167.0,167.0,160.0,162.0,120728962.77303228
2022-04-25T13:00:00,163.0,163.0,156.0,157.0,100688211.06007232
2022-04-25T17:00:00,156.0,177.0,156.0,176.0,526866868.97948235
2022-04-25T21:00:00,176.0,179.0,173.0,175.0,676023001.5606573
2022-04-26T01:00:00,176.0,213.0,175.0,204.0,1283543500.998901
2022-04-26T05:00:00,204.0,210.0,192.0,198.0,1009323837.5279684
2022-04-26T09:00:00,198.0,200.0,187.0,193.0,692593584.6935478
2022-04-26T13:00:00,192.0,204.0,192.0,203.0,976973365.3860015
2022-04-26T17:00:00,203.0,209.0,198.0,200.0,863455203.455673
2022-04-26T21:00:00,200.0,203.0,185.0,186.0,827520836.8180156
2022-04-27T01:00:00,186.0,189.0,176.0,179.0,524597538.9993699
2022-04-27T05:00:00,179.0,182.0,174.0,177.0,286417835.8902842
2022-04-27T09:00:00,177.0,181.0,172.0,179.0,283212047.1375438
2022-04-27T13:00:00,179.0,184.0,177.0,183.0,137583786.0527861
2022-04-27T17:00:00,184.0,185.0,175.0,178.0,285409127.2976527
2022-04-27T21:00:00,177.0,182.0,174.0,177.0,300995056.51909643
2022-04-28T01:00:00,178.0,181.0,176.0,177.0,74993912.8460552
2022-04-28T05:00:00,177.0,179.0,176.0,178.0,70464522.09052889
2022-04-28T09:00:00,178.0,183.0,178.0,179.0,242203720.9670125
2022-04-28T13:00:00,178.0,179.0,177.0,177.0,75815479.21412708
2022-04-28T17:00:00,178.0,180.0,176.0,179.0,81030864.302779
2022-04-28T21:00:00,179.0,179.0,173.0,176.0,173435318.40478316
2022-04-29T01:00:00,176.0,178.0,175.0,176.0,35508249.74493016
2022-04-29T05:00:00,176.0,177.0,173.0,175.0,59334371.70669542
2022-04-29T09:00:00,176.0,182.0,173.0,180.0,193092174.05989116
2022-04-29T13:00:00,180.0,185.0,178.0,179.0,462225666.0285962
2022-04-29T17:00:00,178.0,179.0,174.0,177.0,172427549.87295955
2022-04-29T21:00:00,178.0,181.0,176.0,178.0,155601354.00769347
2022-04-30T01:00:00,177.0,178.0,173.0,175.0,97459752.61602393
2022-04-30T05:00:00,175.0,176.0,173.0,175.0,62057058.64290303
2022-04-30T09:00:00,174.0,176.0,173.0,176.0,58455275.72674147
2022-04-30T13:00:00,175.0,176.0,174.0,175.0,53821620.36386711
2022-04-30T17:00:00,175.0,175.0,173.0,174.0,39096742.223595
2022-04-30T21:00:00,173.0,175.0,170.0,172.0,118117870.07016738
2022-05-01T01:00:00,171.0,173.0,170.0,171.0,24776822.25585813
2022-05-01T05:00:00,171.0,172.0,165.0,167.0,132760782.55167542
2022-05-01T09:00:00,166.0,171.0,163.0,169.0,152985668.52164468
2022-05-01T13:00:00,170.0,176.0,167.0,171.0,252157786.25839108
2022-05-01T17:00:00,171.0,171.0,168.0,170.0,59140489.57854828
2022-05-01T21:00:00,170.0,172.0,168.0,171.0,143498064.5490172
2022-05-02T01:00:00,172.0,173.0,167.0,168.0,46219340.0267347
2022-05-02T05:00:00,168.0,172.0,167.0,170.0,35002866.00493938
2022-05-02T09:00:00,170.0,172.0,168.0,169.0,53581458.08709577
2022-05-02T13:00:00,169.0,172.0,169.0,169.0,69354069.28412955
2022-05-02T17:00:00,169.0,170.0,166.0,167.0,97723702.76219879
2022-05-02T21:00:00,166.0,170.0,166.0,168.0,75269284.61084208
2022-05-03T01:00:00,168.0,169.0,165.0,168.0,49073116.72660037
2022-05-03T05:00:00,168.0,170.0,167.0,169.0,24436103.84268761
2022-05-03T09:00:00,168.0,169.0,167.0,168.0,47023259.44705619
2022-05-03T13:00:00,168.0,170.0,167.0,168.0,87963319.12790798
2022-05-03T17:00:00,168.0,169.0,167.0,169.0,39864421.0558177
2022-05-03T21:00:00,169.0,169.0,166.0,168.0,59600698.84150839
2022-05-04T01:00:00,167.0,168.0,164.0,165.0,53359810.3373634
2022-05-04T05:00:00,166.0,168.0,164.0,167.0,62959480.38319025
2022-05-04T09:00:00,167.0,169.0,166.0,167.0,97824485.4152975
2022-05-04T13:00:00,166.0,168.0,165.0,168.0,56448756.2610315
2022-05-04T17:00:00,168.0,171.0,167.0,169.0,78811510.09893326
2022-05-04T21:00:00,169.0,170.0,167.0,168.0,65820445.88177612
2022-05-05T01:00:00,168.0,172.0,166.0,172.0,123323991.30787723
2022-05-05T05:00:00,172.0,174.0,171.0,173.0,99755106.74837472
2022-05-05T09:00:00,173.0,178.0,172.0,174.0,228874816.08600196
2022-05-05T13:00:00,175.0,175.0,171.0,172.0,106125397.0649261
2022-05-05T17:00:00,171.0,173.0,171.0,173.0,46458238.87605245
2022-05-05T21:00:00,172.0,176.0,164.0,166.0,305861585.881368
2022-05-06T01:00:00,166.0,169.0,164.0,169.0,78317349.32083198
2022-05-06T05:00:00,168.0,170.0,166.0,167.0,61946253.19180543
2022-05-06T09:00:00,167.0,168.0,164.0,166.0,74351723.34408724
2022-05-06T13:00:00,166.0,167.0,163.0,165.0,60453194.43413495
2022-05-06T17:00:00,165.0,167.0,163.0,164.0,78510982.47062065
2022-05-06T21:00:00,164.0,166.0,161.0,165.0,111574972.42715839
2022-05-07T01:00:00,165.0,166.0,163.0,164.0,31053997.44331689
2022-05-07T05:00:00,164.0,169.0,164.0,167.0,57389702.31045827
2022-05-07T09:00:00,167.0,169.0,165.0,166.0,78403757.6677294
2022-05-07T13:00:00,167.0,167.0,165.0,166.0,43702262.77067611
2022-05-07T17:00:00,166.0,168.0,165.0,166.0,28571095.60092628
2022-05-07T21:00:00,166.0,172.0,166.0,172.0,70514143.36446828
2022-05-08T01:00:00,171.0,172.0,167.0,168.0,41936626.15380525
2022-05-08T05:00:00,167.0,169.0,165.0,167.0,70837613.28225891
2022-05-08T09:00:00,168.0,168.0,163.0,165.0,83439208.80043703
2022-05-08T13:00:00,166.0,166.0,163.0,165.0,45682116.80912924
2022-05-08T17:00:00,165.0,166.0,164.0,166.0,27103417.00480344
2022-05-08T21:00:00,166.0,167.0,164.0,164.0,42724100.17471907
2022-05-09T01:00:00,164.0,166.0,162.0,165.0,48224546.21339593
2022-05-09T05:00:00,165.0,166.0,163.0,164.0,39241488.36575075
2022-05-09T09:00:00,163.0,165.0,160.0,160.0,88711683.89211522
2022-05-09T13:00:00,160.0,162.0,158.0,159.0,56984133.46007208
2022-05-09T17:00:00,159.0,161.0,152.0,155.0,162688790.45576447
2022-05-09T21:00:00,155.0,157.0,151.0,152.0,106471612.0592694
2022-05-10T01:00:00,152.0,154.0,144.0,146.0,216167083.82568857
2022-05-10T05:00:00,145.0,148.0,140.0,140.0,161180617.0762156
2022-05-10T09:00:00,140.0,146.0,134.0,144.0,275639719.00483894
2022-05-10T13:00:00,143.0,154.0,143.0,149.0,166359480.84986615
2022-05-10T17:00:00,149.0,155.0,148.0,153.0,110685867.68442199
2022-05-10T21:00:00,152.0,155.0,145.0,148.0,187242432.50315508
2022-05-11T01:00:00,148.0,150.0,145.0,147.0,51278610.57698023
2022-05-11T05:00:00,146.0,147.0,140.0,144.0,113623622.03019986
2022-05-11T09:00:00,143.0,147.0,142.0,145.0,120096077.0296169
2022-05-11T13:00:00,144.0,147.0,138.0,141.0,164044275.74164587
2022-05-11T17:00:00,140.0,147.0,133.0,135.0,337009376.46302646
2022-05-11T21:00:00,135.0,138.0,117.0,125.0,923403009.2810533
2022-05-12T01:00:00,124.0,125.0,116.0,117.0,260753995.72262585
2022-05-12T05:00:00,118.0,119.0,111.0,118.0,280747470.23035884
2022-05-12T09:00:00,119.0,122.0,107.0,108.0,426140899.34106886
2022-05-12T13:00:00,109.0,109.0,98.4,107.0,917804421.7517657
2022-05-12T17:00:00,106.0,110.0,103.0,106.0,352990944.73715997
2022-05-12T21:00:00,106.0,114.0,103.0,110.0,482745841.6841486
2022-05-13T01:00:00,111.0,118.0,109.0,111.0,340128932.5594564
2022-05-13T05:00:00,110.0,119.0,107.0,111.0,232690078.57504603
2022-05-13T09:00:00,111.0,126.0,111.0,123.0,567122086.1013749
2022-05-13T13:00:00,123.0,125.0,118.0,118.0,382639626.73982364
2022-05-13T17:00:00,119.0,126.0,117.0,123.0,397226204.4349425
2022-05-13T21:00:00,123.0,125.0,119.0,120.0,461018079.41813624
2022-05-14T01:00:00,119.0,121.0,117.0,120.0,125499054.02204221
2022-05-14T05:00:00,119.0,122.0,117.0,119.0,119477358.5239042
2022-05-14T09:00:00,118.0,124.0,117.0,121.0,269940024.09810007
2022-05-14T13:00:00,121.0,123.0,119.0,120.0,170748373.54836568
2022-05-14T17:00:00,121.0,122.0,114.0,116.0,228477003.72820523
2022-05-14T21:00:00,117.0,118.0,113.0,114.0,158599899.53579468
2022-05-15T01:00:00,114.0,118.0,113.0,116.0,101554224.2750507
2022-05-15T05:00:00,115.0,120.0,115.0,120.0,77885256.75215232
2022-05-15T09:00:00,119.0,121.0,116.0,117.0,125586369.81612264
2022-05-15T13:00:00,117.0,119.0,115.0,118.0,76803560.85358807
2022-05-15T17:00:00,117.0,120.0,116.0,119.0,97736521.11715369
2022-05-15T21:00:00,119.0,120.0,116.0,117.0,88347301.64227526
2022-05-16T01:00:00,117.0,120.0,116.0,119.0,44046112.75738175
2022-05-16T05:00:00,119.0,122.0,118.0,122.0,98238401.82559437
2022-05-16T09:00:00,121.0,122.0,117.0,118.0,105749290.86954069
2022-05-16T13:00:00,119.0,119.0,115.0,116.0,135319039.60497218
2022-05-16T17:00:00,116.0,117.0,114.0,116.0,62901175.60681767
2022-05-16T21:00:00,116.0,117.0,114.0,115.0,72217008.32103717
2022-05-17T01:00:00,116.0,116.0,114.0,115.0,16604285.20164977
2022-05-17T05:00:00,115.0,117.0,114.0,115.0,42421279.68232937
2022-05-17T09:00:00,116.0,118.0,115.0,118.0,84359530.5735351
2022-05-17T13:00:00,118.0,118.0,115.0,116.0,64185717.51456031
2022-05-17T17:00:00,116.0,118.0,115.0,116.0,88383371.7612828
2022-05-17T21:00:00,115.0,118.0,115.0,116.0,58109025.43082401
2022-05-18T01:00:00,115.0,117.0,113.0,115.0,81645822.37897053
2022-05-18T05:00:00,115.0,117.0,115.0,116.0,35410307.82383015
2022-05-18T09:00:00,117.0,117.0,114.0,114.0,58708392.51604148
2022-05-18T13:00:00,115.0,116.0,114.0,114.0,33921123.38383404
2022-05-18T17:00:00,115.0,116.0,114.0,114.0,37351724.18778045
2022-05-18T21:00:00,114.0,115.0,109.0,109.0,189532322.994224
2022-05-19T01:00:00,110.0,111.0,109.0,110.0,47483937.18553966
2022-05-19T05:00:00,110.0,111.0,107.0,107.0,53476799.8041553
2022-05-19T09:00:00,108.0,110.0,105.0,108.0,150268092.51451537
2022-05-19T13:00:00,109.0,111.0,108.0,110.0,58951583.8687288
2022-05-19T17:00:00,109.0,110.0,106.0,109.0,81284272.14551395
2022-05-19T21:00:00,110.0,112.0,109.0,111.0,117188672.48721604
2022-05-20T01:00:00,111.0,112.0,110.0,110.0,16811164.33412164
2022-05-20T05:00:00,110.0,112.0,110.0,111.0,35977377.33716622
2022-05-20T09:00:00,111.0,113.0,110.0,112.0,59202953.87888485
2022-05-20T13:00:00,111.0,112.0,110.0,110.0,50817093.06410032
2022-05-20T17:00:00,110.0,113.0,110.0,111.0,40270503.48506915
2022-05-20T21:00:00,111.0,112.0,108.0,108.0,94953742.8684596
2022-05-21T01:00:00,109.0,110.0,107.0,109.0,45219539.2673463
2022-05-21T05:00:00,109.0,110.0,108.0,108.0,30349249.23307391
2022-05-21T09:00:00,109.0,110.0,107.0,108.0,47857046.916333
2022-05-21T13:00:00,109.0,110.0,108.0,109.0,25503855.15995232
2022-05-21T17:00:00,109.0,110.0,108.0,108.0,23027046.27870774
2022-05-21T21:00:00,109.0,110.0,108.0,109.0,19458714.39187577
2022-05-22T01:00:00,109.0,110.0,108.0,108.0,9992625.63110176
2022-05-22T05:00:00,108.0,110.0,108.0,109.0,16029146.41902366
2022-05-22T09:00:00,109.0,110.0,108.0,109.0,21908716.64953885
2022-05-22T13:00:00,109.0,110.0,108.0,109.0,34593745.60048527
2022-05-22T17:00:00,109.0,113.0,109.0,111.0,121183226.76132312
2022-05-22T21:00:00,110.0,112.0,109.0,109.0,94809910.86372532
2022-05-23T01:00:00,110.0,111.0,109.0,110.0,20264956.49149056
2022-05-23T05:00:00,110.0,111.0,110.0,110.0,32454458.23495534
2022-05-23T09:00:00,111.0,111.0,109.0,109.0,49604695.04623768
2022-05-23T13:00:00,110.0,113.0,109.0,113.0,106504970.21454877
2022-05-23T17:00:00,112.0,113.0,111.0,112.0,112940208.37064968
2022-05-23T21:00:00,113.0,114.0,110.0,111.0,134463026.74998915
2022-05-24T01:00:00,111.0,113.0,108.0,108.0,75794333.59647194
2022-05-24T05:00:00,109.0,110.0,105.0,106.0,99179716.70423958
2022-05-24T09:00:00,107.0,108.0,106.0,107.0,57635313.37069132
2022-05-24T13:00:00,108.0,108.0,106.0,107.0,49891751.78755715
2022-05-24T17:00:00,108.0,108.0,105.0,106.0,116891601.69797151
2022-05-24T21:00:00,107.0,107.0,102.0,106.0,166339294.46125993
2022-05-25T01:00:00,105.0,106.0,104.0,105.0,44496040.78514415
2022-05-25T05:00:00,105.0,107.0,105.0,106.0,38200333.08455242
2022-05-25T09:00:00,107.0,108.0,105.0,106.0,86617447.63722645
2022-05-25T13:00:00,107.0,107.0,105.0,105.0,37808371.25404367
2022-05-25T17:00:00,106.0,107.0,105.0,105.0,48214737.4008573
2022-05-25T21:00:00,106.0,107.0,105.0,106.0,48296922.05891755
2022-05-26T01:00:00,106.0,107.0,105.0,106.0,23419988.72410023
2022-05-26T05:00:00,107.0,108.0,106.0,107.0,42100368.20985486
2022-05-26T09:00:00,107.0,108.0,106.0,106.0,32722374.37855359
2022-05-26T13:00:00,107.0,107.0,102.0,103.0,191169443.7227842
2022-05-26T17:00:00,103.0,104.0,99.0,100.0,232495229.23899513
2022-05-26T21:00:00,101.0,103.0,97.3,102.0,213755120.60526183
2022-05-27T01:00:00,102.0,104.0,101.0,101.0,44565519.5658437
2022-05-27T05:00:00,101.0,105.0,100.0,101.0,113498388.95155819
2022-05-27T09:00:00,101.0,102.0,98.7,99.8,148900485.78328973
2022-05-27T13:00:00,99.8,101.0,97.3,99.0,115641702.53457536
2022-05-27T17:00:00,99.0,101.0,98.5,99.6,53729548.87984342
2022-05-27T21:00:00,99.6,113.0,99.0,107.0,594534371.8097275
2022-05-28T01:00:00,107.0,109.0,101.0,103.0,326296147.8706453
2022-05-28T05:00:00,102.0,106.0,102.0,105.0,87524641.63469046
2022-05-28T09:00:00,104.0,107.0,104.0,106.0,125110953.47818065
2022-05-28T13:00:00,105.0,106.0,104.0,105.0,64174634.42432223
2022-05-28T17:00:00,104.0,106.0,103.0,104.0,40187592.04114289
2022-05-28T21:00:00,103.0,106.0,103.0,104.0,62289547.88041436
2022-05-29T01:00:00,104.0,106.0,104.0,105.0,16428289.65630501
2022-05-29T05:00:00,105.0,105.0,104.0,105.0,14530694.76134365
2022-05-29T09:00:00,105.0,105.0,102.0,103.0,62852374.7394747
2022-05-29T13:00:00,103.0,104.0,103.0,104.0,13275684.57309635
2022-05-29T17:00:00,104.0,105.0,103.0,105.0,55571702.03031684
2022-05-29T21:00:00,105.0,106.0,104.0,105.0,46001948.3033043
2022-05-30T01:00:00,104.0,105.0,104.0,105.0,4170165.49704102
2022-05-30T05:00:00,105.0,106.0,104.0,106.0,20717621.87143515
2022-05-30T09:00:00,105.0,107.0,104.0,106.0,73586255.6883294
2022-05-30T13:00:00,106.0,109.0,106.0,108.0,76825838.87805304
2022-05-30T17:00:00,107.0,108.0,106.0,107.0,59028357.36054593
2022-05-30T21:00:00,107.0,108.0,106.0,107.0,49258395.23631579
2022-05-31T01:00:00,107.0,108.0,106.0,107.0,25274674.93400244
2022-05-31T05:00:00,106.0,111.0,106.0,109.0,163910072.7817326
2022-05-31T09:00:00,109.0,111.0,108.0,110.0,114288797.49035843
2022-05-31T13:00:00,110.0,111.0,107.0,109.0,142319029.33789754
2022-05-31T17:00:00,108.0,109.0,107.0,108.0,78716500.90909801
2022-05-31T21:00:00,108.0,109.0,105.0,107.0,127961229.74095348
2022-06-01T01:00:00,107.0,109.0,106.0,109.0,58264185.15482836
2022-06-01T05:00:00,108.0,109.0,107.0,108.0,39043376.77908616
2022-06-01T09:00:00,108.0,109.0,107.0,107.0,73213560.69497436
2022-06-01T13:00:00,107.0,109.0,107.0,107.0,63737297.99853848
2022-06-01T17:00:00,108.0,113.0,107.0,109.0,283158660.59779423
2022-06-01T21:00:00,109.0,110.0,106.0,107.0,139754347.6956632
2022-06-02T01:00:00,107.0,107.0,103.0,104.0,68686176.0190157
2022-06-02T05:00:00,103.0,104.0,101.0,103.0,106096823.30662706
2022-06-02T09:00:00,103.0,104.0,102.0,103.0,36135593.17761911
2022-06-02T13:00:00,102.0,104.0,102.0,104.0,24558141.71254129
2022-06-02T17:00:00,104.0,104.0,102.0,104.0,48033490.16044682
2022-06-02T21:00:00,104.0,104.0,102.0,104.0,72427867.05767862
2022-06-03T01:00:00,103.0,105.0,103.0,103.0,24500988.45078751
2022-06-03T05:00:00,104.0,105.0,103.0,104.0,24689259.85417803
2022-06-03T09:00:00,104.0,105.0,103.0,104.0,61857600.99636989
2022-06-03T13:00:00,104.0,105.0,103.0,103.0,11826193.44267241
2022-06-03T17:00:00,104.0,104.0,101.0,102.0,66403006.35572382
2022-06-03T21:00:00,103.0,104.0,101.0,102.0,61760958.70716851
2022-06-04T01:00:00,102.0,103.0,101.0,103.0,6533433.11451207
2022-06-04T05:00:00,103.0,104.0,102.0,102.0,15810549.15429161
2022-06-04T09:00:00,103.0,103.0,101.0,102.0,43963852.64528249
2022-06-04T13:00:00,102.0,106.0,101.0,104.0,135035219.88670352
2022-06-04T17:00:00,105.0,105.0,103.0,104.0,54039667.1451648
2022-06-04T21:00:00,103.0,105.0,103.0,103.0,19317554.50272604
2022-06-05T01:00:00,103.0,104.0,103.0,103.0,2733289.15357889
2022-06-05T05:00:00,103.0,105.0,103.0,104.0,14207316.14875909
2022-06-05T09:00:00,103.0,104.0,102.0,103.0,34460723.39274496
2022-06-05T13:00:00,102.0,104.0,102.0,104.0,28025005.29327564
2022-06-05T17:00:00,104.0,104.0,103.0,104.0,9306561.46178942
2022-06-05T21:00:00,103.0,104.0,103.0,103.0,15723976.45580971
2022-06-06T01:00:00,103.0,105.0,103.0,104.0,12361638.07848914
2022-06-06T05:00:00,103.0,104.0,103.0,104.0,7476013.75241441
2022-06-06T09:00:00,104.0,106.0,103.0,106.0,78042499.41384894
2022-06-06T13:00:00,105.0,106.0,104.0,105.0,42365845.30263106
2022-06-06T17:00:00,105.0,107.0,105.0,105.0,78511415.80291861
2022-06-06T21:00:00,105.0,106.0,104.0,104.0,65226685.63722369
2022-06-07T01:00:00,104.0,105.0,103.0,104.0,31764335.87407363
2022-06-07T05:00:00,104.0,105.0,103.0,105.0,33935691.33262168
2022-06-07T09:00:00,105.0,105.0,99.9,102.0,140532832.77692
2022-06-07T13:00:00,101.0,102.0,100.0,102.0,20438878.45575259
2022-06-07T17:00:00,102.0,102.0,101.0,101.0,14752443.38463168
2022-06-07T21:00:00,101.0,103.0,101.0,103.0,40710996.60350586
2022-06-08T01:00:00,103.0,104.0,101.0,102.0,32495455.10804143
2022-06-08T05:00:00,102.0,104.0,101.0,103.0,99593128.60954854
2022-06-08T09:00:00,102.0,103.0,101.0,102.0,73668686.4053347
2022-06-08T13:00:00,102.0,102.0,101.0,101.0,11117095.30053733
2022-06-08T17:00:00,102.0,102.0,101.0,101.0,11380600.23852942
2022-06-08T21:00:00,101.0,103.0,101.0,102.0,33793018.3816341
2022-06-09T01:00:00,102.0,102.0,101.0,102.0,10649463.78485736
2022-06-09T05:00:00,101.0,102.0,101.0,102.0,5855127.65424408
2022-06-09T09:00:00,102.0,102.0,100.0,101.0,30475961.9603455
2022-06-09T13:00:00,101.0,102.0,101.0,101.0,11485204.88367985
2022-06-09T17:00:00,102.0,103.0,101.0,101.0,40629585.37684578
2022-06-09T21:00:00,102.0,102.0,101.0,102.0,9303748.64807928
2022-06-10T01:00:00,102.0,102.0,101.0,101.0,10878036.72119403
2022-06-10T05:00:00,101.0,102.0,100.0,101.0,26038672.8894821
2022-06-10T09:00:00,100.0,102.0,100.0,101.0,63330469.32825766
2022-06-10T13:00:00,101.0,102.0,100.0,101.0,38449591.71206486
2022-06-10T17:00:00,101.0,102.0,100.0,101.0,16834328.25725272
2022-06-10T21:00:00,101.0,102.0,97.9,99.0,194085617.3250401
2022-06-11T01:00:00,99.0,99.0,96.7,97.7,73397545.87713131
2022-06-11T05:00:00,97.7,98.4,97.2,97.6,32206034.36703353
2022-06-11T09:00:00,97.7,98.5,97.6,98.1,38110530.43048064
2022-06-11T13:00:00,98.1,98.6,97.6,98.2,27630377.47696443
2022-06-11T17:00:00,98.2,98.4,93.4,93.9,164299618.7822753
2022-06-11T21:00:00,93.9,94.5,89.2,90.2,262680605.3406653
2022-06-12T01:00:00,90.2,92.5,89.3,92.0,43249342.10004736
2022-06-12T05:00:00,92.0,92.6,90.5,91.3,28943160.46688649
2022-06-12T09:00:00,91.4,91.7,83.9,85.9,251171707.49223995
2022-06-12T13:00:00,86.0,86.6,83.6,85.6,94699271.84601188
2022-06-12T17:00:00,85.6,86.5,84.7,85.7,54184347.65556917
2022-06-12T21:00:00,85.7,88.4,82.2,87.1,168153791.87848514
2022-06-13T01:00:00,87.1,89.6,85.7,86.0,55076247.92189796
2022-06-13T05:00:00,86.0,86.4,82.7,82.8,51572868.34707982
2022-06-13T09:00:00,82.8,86.5,77.2,78.0,449423181.22133553
2022-06-13T13:00:00,78.0,81.2,72.8,74.7,306874258.3876138
2022-06-13T17:00:00,74.6,75.1,70.2,71.2,355964554.178581
2022-06-13T21:00:00,71.4,72.9,70.1,71.6,291091830.2710587
2022-06-14T01:00:00,71.6,74.1,71.2,72.8,122493602.91224241
2022-06-14T05:00:00,72.9,74.5,69.1,70.6,207525517.35520586
2022-06-14T09:00:00,70.6,72.5,65.1,72.1,411078224.7127706
2022-06-14T13:00:00,72.2,75.7,70.8,74.5,273096861.2909107
2022-06-14T17:00:00,74.5,74.7,71.2,72.2,121566982.50886019
2022-06-14T21:00:00,72.2,74.3,70.7,74.2,164720351.15367
2022-06-15T01:00:00,74.3,74.4,71.2,72.5,75495234.01223162
2022-06-15T05:00:00,72.5,72.6,69.3,72.3,78863075.54859078
2022-06-15T09:00:00,72.4,73.8,69.9,70.0,168019382.0427281
2022-06-15T13:00:00,70.0,70.1,67.3,67.7,271105424.95356125
2022-06-15T17:00:00,67.7,70.4,66.5,70.1,209282258.15824848
2022-06-15T21:00:00,70.1,72.4,68.7,71.2,124865804.10663866
2022-06-16T01:00:00,71.2,78.0,68.2,76.1,194400365.6303945
2022-06-16T05:00:00,76.1,82.5,75.1,81.3,227000695.5704639
2022-06-16T09:00:00,81.4,81.5,77.6,77.9,189697967.8062991
2022-06-16T13:00:00,77.9,79.0,75.2,76.0,132321712.58301736
2022-06-16T17:00:00,75.9,76.4,72.8,73.6,128881225.1875786
2022-06-16T21:00:00,73.6,75.7,72.4,74.8,141458703.2507573
2022-06-17T01:00:00,74.8,77.7,72.9,73.5,88644259.37173398
2022-06-17T05:00:00,73.5,74.6,71.6,72.8,86254437.05613741
2022-06-17T09:00:00,72.8,74.5,71.5,73.0,112226691.33805996
2022-06-17T13:00:00,73.0,75.6,72.9,75.0,72871859.28258193
2022-06-17T17:00:00,75.0,76.0,74.3,75.2,70949309.6358655
2022-06-17T21:00:00,75.2,75.8,73.4,74.5,72981988.70752786
2022-06-18T01:00:00,74.4,74.9,73.9,74.3,18946648.58020838
2022-06-18T05:00:00,74.3,75.8,74.3,75.1,31973481.13943281
2022-06-18T09:00:00,75.0,76.2,74.2,74.5,54202651.28291185
2022-06-18T13:00:00,74.5,75.1,69.6,70.4,116418578.81467548
2022-06-18T17:00:00,70.5,73.0,69.3,71.9,116256616.43579318
2022-06-18T21:00:00,72.0,73.0,69.9,70.0,93901613.10003193
2022-06-19T01:00:00,70.3,70.8,67.9,68.0,118025879.12176211
2022-06-19T05:00:00,68.0,71.4,66.8,69.9,142919499.17706984
2022-06-19T09:00:00,70.0,70.6,67.4,68.3,99222537.4430102
2022-06-19T13:00:00,68.4,77.0,67.6,73.9,810377782.5182004
2022-06-19T17:00:00,73.9,77.6,72.7,75.1,777872597.6277695
2022-06-19T21:00:00,75.2,77.1,73.7,76.6,342991317.7439683
2022-06-20T01:00:00,76.5,79.7,74.1,78.6,174588433.46728334
2022-06-20T05:00:00,78.5,81.0,77.2,78.4,266078800.4243382
2022-06-20T09:00:00,78.4,78.7,75.0,75.8,189688401.92425773
2022-06-20T13:00:00,75.7,77.1,75.0,75.7,79977257.99647766
2022-06-20T17:00:00,75.7,79.7,75.6,78.8,189628667.9326781
2022-06-20T21:00:00,78.7,78.9,76.7,78.0,131121898.01591945
2022-06-21T01:00:00,78.0,78.1,75.9,76.9,46698925.24429623
2022-06-21T05:00:00,76.8,78.4,76.4,77.7,56718081.35147284
2022-06-21T09:00:00,77.7,78.3,76.6,78.1,85881036.56912825
2022-06-21T13:00:00,78.0,80.3,77.6,79.1,125743364.61984703
2022-06-21T17:00:00,79.0,86.8,79.0,82.4,467874540.18050736
2022-06-21T21:00:00,82.3,90.7,82.0,86.9,772564775.2161853
2022-06-22T01:00:00,86.8,88.5,84.6,85.0,115463678.41567601
2022-06-22T05:00:00,84.9,86.5,84.0,85.5,91294124.06940188
2022-06-22T09:00:00,85.5,85.7,81.8,81.8,163036511.2304175
2022-06-22T13:00:00,81.8,84.2,80.2,80.4,110469495.4440654
2022-06-22T17:00:00,80.4,83.0,80.1,82.4,77766452.02969924
2022-06-22T21:00:00,82.3,84.3,80.8,81.8,138614021.89730906
2022-06-23T01:00:00,81.8,82.5,80.2,81.6,33323514.92196629
2022-06-23T05:00:00,81.6,82.1,80.3,81.2,67820093.64487588
2022-06-23T09:00:00,81.2,83.2,81.1,82.1,55032842.27713282
2022-06-23T13:00:00,82.1,84.2,81.6,83.3,88659467.28154701
2022-06-23T17:00:00,83.4,84.2,83.0,83.1,57747163.32053111
2022-06-23T21:00:00,83.2,83.8,81.5,82.0,71462222.1191753
2022-06-24T01:00:00,82.0,82.9,81.1,82.8,36086179.21646297
2022-06-24T05:00:00,82.9,83.5,82.5,83.0,68941295.31797323
2022-06-24T09:00:00,83.0,86.6,83.0,85.1,155842735.55399987
2022-06-24T13:00:00,84.9,85.4,83.4,84.3,66144274.48669987
2022-06-24T17:00:00,84.3,86.5,84.3,85.8,76306451.25604963
2022-06-24T21:00:00,85.9,89.7,85.3,85.9,273965818.31777316
2022-06-25T01:00:00,85.7,87.2,84.8,87.2,32530500.1865814
2022-06-25T05:00:00,87.2,88.4,86.8,86.9,49004029.64531953
2022-06-25T09:00:00,86.9,88.4,86.1,88.0,91887736.17791869
2022-06-25T13:00:00,88.0,88.9,87.0,88.7,63270684.5901978
2022-06-25T17:00:00,88.7,89.9,87.7,87.8,64029504.61999788
2022-06-25T21:00:00,87.8,88.3,85.0,85.2,75709517.59940593
2022-06-26T01:00:00,85.1,88.1,84.9,87.6,28772785.2013979
2022-06-26T05:00:00,87.6,89.3,87.5,88.6,36329650.1280799
2022-06-26T09:00:00,88.6,89.2,87.5,88.4,48264662.13286317
2022-06-26T13:00:00,88.3,92.7,88.1,91.5,111060559.21865427
2022-06-26T17:00:00,91.5,95.4,90.7,94.8,309851768.18457335
2022-06-26T21:00:00,94.7,97.5,93.0,96.8,489683840.54754996
2022-06-27T01:00:00,96.8,98.2,94.1,95.0,156687176.1890044
2022-06-27T05:00:00,95.0,101.0,94.8,95.5,402776949.9966565
2022-06-27T09:00:00,95.5,101.0,95.3,97.4,667752163.5705984
2022-06-27T13:00:00,97.4,102.0,96.8,99.5,435668134.12178445
2022-06-27T17:00:00,99.4,102.0,98.7,99.1,340540626.20063895
2022-06-27T21:00:00,99.0,99.3,93.1,93.5,426630467.54743445
2022-06-28T01:00:00,93.4,94.8,91.8,93.8,104911384.29444674
2022-06-28T05:00:00,94.0,95.4,93.5,94.0,76576269.43404885
2022-06-28T09:00:00,94.1,94.9,89.4,91.2,182094433.17168882
2022-06-28T13:00:00,91.2,93.5,90.7,92.7,82847125.73140626
2022-06-28T17:00:00,92.8,94.8,92.2,93.1,88034688.54171784
2022-06-28T21:00:00,93.1,93.8,89.3,89.4,107504741.51702543
2022-06-29T01:00:00,89.5,90.5,88.1,88.4,50959485.7100671
2022-06-29T05:00:00,88.5,89.0,86.0,86.7,94671504.01298344
2022-06-29T09:00:00,86.7,88.2,86.0,87.1,70636424.89402136
2022-06-29T13:00:00,87.2,87.8,84.4,86.3,94391740.1434013
2022-06-29T17:00:00,86.3,87.9,85.3,86.7,65847033.66812655
2022-06-29T21:00:00,86.9,89.9,86.1,87.9,196302568.96703675
2022-06-30T01:00:00,87.9,92.7,87.0,92.0,142952282.97886348
2022-06-30T05:00:00,92.0,94.1,91.1,91.9,184982844.0492067
2022-06-30T09:00:00,91.8,92.1,88.7,90.0,116243192.70233755
2022-06-30T13:00:00,90.0,90.4,85.2,85.8,118606632.64273271
2022-06-30T17:00:00,85.9,86.0,82.8,83.6,147372881.31270456
2022-06-30T21:00:00,83.6,87.1,82.7,85.7,104663217.3335274
2022-07-01T01:00:00,85.7,87.0,85.2,85.8,17194511.6764757
2022-07-01T05:00:00,85.8,87.0,82.9,86.5,119428266.19312717
2022-07-01T09:00:00,86.6,89.1,85.6,86.8,130980146.93148021
2022-07-01T13:00:00,86.8,87.8,84.3,87.1,73014947.12715317
2022-07-01T17:00:00,87.1,88.0,84.3,85.5,74624117.91053659
2022-07-01T21:00:00,85.4,87.5,85.0,86.1,62103388.17092341
2022-07-02T01:00:00,86.0,88.5,86.0,87.6,31920631.31732459
2022-07-02T05:00:00,87.6,89.0,87.0,88.0,34664563.9376938
2022-07-02T09:00:00,88.0,89.7,86.5,88.0,85660010.4162334
2022-07-02T13:00:00,88.0,89.1,87.4,88.2,38950974.2133602
2022-07-02T17:00:00,88.2,89.4,88.2,88.8,45625386.44363997
2022-07-02T21:00:00,88.8,89.7,88.2,88.5,39372278.34048196
2022-07-03T01:00:00,88.4,88.9,87.7,88.4,10647827.62044018
2022-07-03T05:00:00,88.2,89.0,87.7,88.1,15269864.01418405
2022-07-03T09:00:00,88.0,88.4,86.7,87.6,38637257.72948501
2022-07-03T13:00:00,87.6,88.9,86.8,87.6,76730297.54449724
2022-07-03T17:00:00,87.6,87.8,86.1,87.1,31860960.41266512
2022-07-03T21:00:00,87.0,87.2,86.1,86.6,16001090.38514427
2022-07-04T01:00:00,86.6,88.3,86.6,88.3,11336466.80581282
2022-07-04T05:00:00,88.3,88.7,87.9,88.4,28651523.63355725
2022-07-04T09:00:00,88.3,91.5,87.4,87.9,103796126.11336689
2022-07-04T13:00:00,87.8,88.0,86.8,87.2,26726654.96697109
2022-07-04T17:00:00,87.2,89.4,87.0,89.3,44119460.88190667
2022-07-04T21:00:00,89.2,90.3,88.0,89.2,60638214.68148759
2022-07-05T01:00:00,89.2,89.9,88.6,89.1,18502723.30876933
2022-07-05T05:00:00,89.1,91.2,88.9,90.5,39076991.63777491
2022-07-05T09:00:00,90.5,91.5,89.8,91.1,72530846.10671674
2022-07-05T13:00:00,91.0,91.4,90.1,90.5,43160520.94998845
2022-07-05T17:00:00,90.4,90.5,87.2,87.6,81318627.56121013
2022-07-05T21:00:00,87.6,88.2,86.8,87.9,39182460.76454459
2022-07-06T01:00:00,87.9,90.4,87.8,89.8,30733623.19138115
2022-07-06T05:00:00,89.8,90.9,88.3,88.6,33631968.95174559
2022-07-06T09:00:00,88.5,89.3,87.2,88.5,48986319.33494966
2022-07-06T13:00:00,88.5,89.5,88.4,88.9,39261966.3337871
2022-07-06T17:00:00,88.9,89.4,88.4,88.9,24122927.72834554
2022-07-06T21:00:00,88.8,89.3,87.8,88.2,24582921.89763781
2022-07-07T01:00:00,88.1,91.1,88.0,89.5,65247424.77476822
2022-07-07T05:00:00,89.6,90.6,89.2,89.8,26988721.64014132
2022-07-07T09:00:00,89.7,91.0,89.4,90.2,51107853.09368062
2022-07-07T13:00:00,90.1,90.3,89.0,89.6,30650926.04529627
2022-07-07T17:00:00,89.6,91.5,89.4,90.9,56391419.79663777
2022-07-07T21:00:00,90.8,92.5,90.3,91.4,72673495.80983265
2022-07-08T01:00:00,91.4,92.5,91.3,92.4,25121226.9022074
2022-07-08T05:00:00,92.5,92.5,91.4,91.8,42283271.56820253
2022-07-08T09:00:00,91.7,95.2,91.1,93.9,120729172.1143228
2022-07-08T13:00:00,93.9,94.4,91.6,92.2,85553096.41827765
2022-07-08T17:00:00,92.2,92.6,90.0,90.6,73560626.0443382
2022-07-08T21:00:00,90.6,91.8,89.5,91.4,77299865.29378504
2022-07-09T01:00:00,91.3,91.5,90.6,91.2,34923540.55942716
2022-07-09T05:00:00,91.2,91.8,89.6,90.3,46191819.50334798
2022-07-09T09:00:00,90.3,91.3,90.0,90.5,40580327.45084392
2022-07-09T13:00:00,90.5,91.2,90.2,91.1,20634259.19197267
2022-07-09T17:00:00,91.1,91.2,89.9,90.1,28943987.36191538
2022-07-09T21:00:00,90.1,90.9,89.9,90.7,22506631.76506525
2022-07-10T01:00:00,90.7,91.2,90.4,90.9,16332442.34903266
2022-07-10T05:00:00,90.9,91.1,90.3,90.6,10686979.68098245
2022-07-10T09:00:00,90.6,90.7,88.6,89.1,52234564.24425273
2022-07-10T13:00:00,89.0,89.7,88.4,89.5,24642194.71991674
2022-07-10T17:00:00,89.5,89.5,88.7,89.1,17353666.2232929
2022-07-10T21:00:00,89.2,89.4,87.1,87.8,49347233.83513926
2022-07-11T01:00:00,87.8,88.2,87.2,88.2,10296058.1186264
2022-07-11T05:00:00,88.2,88.8,87.6,88.0,18948307.93913557
2022-07-11T09:00:00,88.2,88.2,86.3,86.7,41706697.64341359
2022-07-11T13:00:00,86.8,86.8,85.2,85.8,31363342.96575016
2022-07-11T17:00:00,85.8,86.0,84.9,85.0,27663269.51403265
2022-07-11T21:00:00,85.0,85.7,83.5,84.5,48000215.67724244
2022-07-12T01:00:00,84.5,85.2,84.1,84.5,10931863.92831217
2022-07-12T05:00:00,84.5,84.6,81.4,82.0,52272668.42015213
2022-07-12T09:00:00,82.0,82.8,81.6,82.2,36284641.46670016
2022-07-12T13:00:00,82.1,83.6,81.2,82.0,36477245.91006045
2022-07-12T17:00:00,82.0,82.3,80.3,81.3,37732644.10484955
2022-07-12T21:00:00,81.4,82.2,81.0,81.6,20800829.25169434
2022-07-13T01:00:00,81.6,82.1,80.0,80.1,15790480.28459979
2022-07-13T05:00:00,80.2,81.0,79.5,79.5,34530738.89500553
2022-07-13T09:00:00,79.6,80.5,78.7,79.9,47014992.01072009
2022-07-13T13:00:00,79.9,81.4,79.8,81.4,31043369.05556261
2022-07-13T17:00:00,81.3,81.6,80.8,81.2,33686603.74177753
2022-07-13T21:00:00,81.2,82.0,76.1,78.6,127789008.38036273
2022-07-14T01:00:00,78.7,80.4,78.0,79.3,34914635.14294764
2022-07-14T05:00:00,79.3,81.7,79.2,81.5,49549953.74425819
2022-07-14T09:00:00,81.4,81.7,80.3,80.9,51930890.01595329
2022-07-14T13:00:00,80.8,80.9,79.6,80.0,51944017.78452346
2022-07-14T17:00:00,80.0,80.1,78.9,79.5,25221755.58749089
2022-07-14T21:00:00,79.5,81.3,79.1,80.8,66163104.56486805
2022-07-15T01:00:00,80.7,82.8,80.4,81.6,104582196.06457308
2022-07-15T05:00:00,81.7,82.6,81.0,82.2,47444120.6590339
2022-07-15T09:00:00,82.2,83.4,81.3,82.3,66034715.17522916
2022-07-15T13:00:00,82.3,83.7,81.8,83.3,55027439.12635992
2022-07-15T17:00:00,83.3,84.8,83.1,83.4,53627460.50397554
2022-07-15T21:00:00,83.4,84.2,83.0,83.3,33253408.62997381
2022-07-16T01:00:00,83.1,84.0,82.3,83.9,14561851.76526661
2022-07-16T05:00:00,83.8,84.3,83.0,83.2,17392614.93811824
2022-07-16T09:00:00,83.2,83.4,82.4,82.8,29188084.57971938
2022-07-16T13:00:00,82.8,82.9,81.7,82.0,24950252.63856327
2022-07-16T17:00:00,82.0,82.6,82.0,82.2,10923077.23969696
2022-07-16T21:00:00,82.3,83.5,82.1,83.4,30022327.99230972
2022-07-17T01:00:00,83.5,85.4,83.4,84.2,74732379.68483303
2022-07-17T05:00:00,84.2,85.0,83.9,84.6,27841407.82249599
2022-07-17T09:00:00,84.6,85.3,83.8,84.7,54402025.11654898
2022-07-17T13:00:00,84.7,86.2,84.5,85.3,76768343.06161986
2022-07-17T17:00:00,85.2,85.4,84.1,84.6,65906244.83609701
2022-07-17T21:00:00,84.6,84.8,83.3,84.2,44678875.93708342
2022-07-18T01:00:00,84.2,85.2,83.7,84.4,20402733.16757461
2022-07-18T05:00:00,84.4,85.0,83.2,83.4,25787418.86227323
2022-07-18T09:00:00,83.5,85.5,83.2,85.3,66180316.48080996
2022-07-18T13:00:00,85.2,87.2,84.9,86.7,109815371.51271147
2022-07-18T17:00:00,86.6,88.5,86.2,86.9,189459923.9090091
2022-07-18T21:00:00,86.9,89.4,85.9,88.7,184277970.05423537
2022-07-19T01:00:00,88.6,90.0,85.8,86.4,103263340.99835157
2022-07-19T05:00:00,86.4,88.9,86.2,88.5,84011783.64650781
2022-07-19T09:00:00,88.5,90.0,86.7,87.2,221077021.0419123
2022-07-19T13:00:00,87.2,87.6,86.1,86.8,74378400.16884135
2022-07-19T17:00:00,86.7,88.1,86.5,87.6,57698270.15578272
2022-07-19T21:00:00,87.6,90.0,87.6,89.5,193340417.12782866
2022-07-20T01:00:00,89.5,91.7,89.4,90.6,107378708.51810332
2022-07-20T05:00:00,90.6,91.7,89.7,90.5,87075550.39992736
2022-07-20T09:00:00,90.5,91.7,89.0,91.3,119837476.34713832
2022-07-20T13:00:00,91.3,101.0,91.2,98.8,785809225.5346407
2022-07-20T17:00:00,98.9,101.0,95.6,96.3,556522597.3117255
2022-07-20T21:00:00,96.3,97.8,95.3,96.9,204844209.56977826
2022-07-21T01:00:00,96.9,97.0,92.6,93.9,120667928.34395792
2022-07-21T05:00:00,93.9,97.0,89.5,92.2,381818275.8099097
2022-07-21T09:00:00,92.2,93.3,88.0,90.0,275545205.31257135
2022-07-21T13:00:00,89.9,91.1,89.0,90.6,77927892.33240053
2022-07-21T17:00:00,90.6,91.6,89.6,90.4,81248829.30315934
2022-07-21T21:00:00,90.4,91.6,89.0,90.3,85251030.42827454
2022-07-22T01:00:00,90.4,92.0,90.3,91.9,42808274.20967265
2022-07-22T05:00:00,91.9,92.5,91.1,92.0,70663475.05776155
2022-07-22T09:00:00,92.1,93.2,91.2,91.7,104228276.00939426
2022-07-22T13:00:00,91.6,92.8,91.0,92.3,76506526.11919461
2022-07-22T17:00:00,92.2,93.9,92.2,93.4,67692994.14767507
2022-07-22T21:00:00,93.4,93.8,90.2,90.5,118801260.46026027
2022-07-23T01:00:00,90.5,91.0,88.6,88.9,60749115.34971046
2022-07-23T05:00:00,88.9,89.9,88.7,89.4,54374273.22217691
2022-07-23T09:00:00,89.4,90.7,88.8,89.9,52360190.13782803
2022-07-23T13:00:00,90.1,91.6,90.0,90.8,52065309.55206033
2022-07-23T17:00:00,90.9,91.3,88.1,88.2,81218195.86171658
2022-07-23T21:00:00,88.2,89.6,87.7,89.5,47980559.5009519
2022-07-24T01:00:00,89.5,89.7,88.0,88.9,16935126.33649827
2022-07-24T05:00:00,88.9,90.4,88.8,89.9,27187694.77934827
2022-07-24T09:00:00,90.1,90.6,89.6,89.8,45619898.87543739
2022-07-24T13:00:00,89.8,91.0,89.6,90.3,40935428.11015367
2022-07-24T17:00:00,90.5,90.6,89.5,90.2,37674336.64527952
2022-07-24T21:00:00,90.2,90.4,89.5,90.3,29659556.8468801
2022-07-25T01:00:00,90.3,90.4,89.5,89.7,13394142.77031011
2022-07-25T05:00:00,89.6,90.5,89.0,89.3,41843486.72384316
2022-07-25T09:00:00,89.4,89.7,85.1,85.8,159888439.10118437
2022-07-25T13:00:00,85.8,86.7,85.3,86.5,39585522.9607554
2022-07-25T17:00:00,86.5,86.8,86.1,86.4,26058745.0043046
2022-07-25T21:00:00,86.4,86.5,85.3,86.1,39576908.00803353
2022-07-26T01:00:00,86.1,86.4,84.7,85.4,23674418.46705178
2022-07-26T05:00:00,85.4,86.4,83.0,83.2,56786603.37067445
2022-07-26T09:00:00,83.1,83.8,81.6,82.7,90835692.98871651
2022-07-26T13:00:00,82.8,83.0,82.0,82.1,28053609.35569993
2022-07-26T17:00:00,82.1,82.7,81.9,82.4,21623073.62533633
2022-07-26T21:00:00,82.4,82.7,80.5,80.6,53208912.34913595
2022-07-27T01:00:00,80.6,81.7,80.5,81.6,9409773.40405149
2022-07-27T05:00:00,81.6,83.7,81.2,83.5,28170162.76421851
2022-07-27T09:00:00,83.5,83.8,82.6,82.7,33251322.17792429
2022-07-27T13:00:00,82.7,84.3,82.6,83.8,32729821.01796794
2022-07-27T17:00:00,83.9,84.2,83.0,83.1,26758869.30721033
2022-07-27T21:00:00,83.0,84.3,82.7,83.9,27402837.26310691
2022-07-28T01:00:00,83.8,87.1,83.3,86.4,85191478.75206874
2022-07-28T05:00:00,86.4,88.4,86.2,88.4,94476603.31723322
2022-07-28T09:00:00,88.4,88.6,86.7,87.8,102712630.3974522
2022-07-28T13:00:00,87.8,88.4,87.1,87.3,42992000.09080808
2022-07-28T17:00:00,87.3,88.3,86.8,88.1,45875795.10668778
2022-07-28T21:00:00,88.1,89.5,86.1,89.2,119434072.72047475
2022-07-29T01:00:00,89.2,91.8,89.1,91.7,108095280.04150313
2022-07-29T05:00:00,91.7,92.5,90.2,90.6,89065136.05751032
2022-07-29T09:00:00,90.5,94.6,89.7,94.1,166055433.2486124
2022-07-29T13:00:00,94.0,94.8,91.3,92.3,180919416.72756574
2022-07-29T17:00:00,92.2,94.0,90.4,91.0,104572083.63750543
2022-07-29T21:00:00,91.0,92.5,89.0,91.3,153440871.1317171
2022-07-30T01:00:00,91.3,91.7,89.5,91.2,40285330.58472323
2022-07-30T05:00:00,91.3,92.8,90.7,90.9,51158759.49106529
2022-07-30T09:00:00,91.1,92.4,90.5,90.9,99812030.66936198
2022-07-30T13:00:00,91.0,92.1,90.1,92.0,43341676.25451695
2022-07-30T17:00:00,91.9,98.4,91.9,94.3,500084233.7563372
2022-07-30T21:00:00,94.3,95.8,93.3,95.2,180689426.84281787
2022-07-31T01:00:00,95.1,96.0,93.1,93.3,67953695.55946311
2022-07-31T05:00:00,93.2,93.6,91.1,92.0,73592333.76844728
2022-07-31T09:00:00,92.0,93.6,91.4,93.5,62357179.84231552
2022-07-31T13:00:00,93.5,94.8,92.7,93.3,71803996.78563324
2022-07-31T17:00:00,93.2,93.5,91.4,93.1,72115439.0353285
2022-07-31T21:00:00,93.1,93.8,92.0,93.0,84907401.17499931
2022-08-01T01:00:00,93.0,94.6,91.5,93.1,70132256.5855033
2022-08-01T05:00:00,93.1,93.3,89.7,90.1,94976036.02403104
2022-08-01T09:00:00,90.1,93.8,89.7,92.4,107461917.0984969
2022-08-01T13:00:00,92.4,93.0,90.8,91.7,54605015.65165635
2022-08-01T17:00:00,91.7,91.7,89.7,90.8,72479931.30399916
2022-08-01T21:00:00,90.8,92.2,89.9,91.3,85154238.73339878
2022-08-02T01:00:00,91.3,92.5,89.2,89.9,73539827.35681158
2022-08-02T05:00:00,90.1,91.3,89.7,90.9,58263404.48027979
2022-08-02T09:00:00,91.0,91.5,87.4,88.2,146130318.25652078
2022-08-02T13:00:00,88.2,89.2,87.5,88.8,44731881.87451755
2022-08-02T17:00:00,88.8,89.4,87.7,89.1,50753640.66025294
2022-08-02T21:00:00,89.1,90.2,88.1,89.7,62318875.73725233
2022-08-03T01:00:00,89.7,90.8,89.2,89.4,32937835.84486377
2022-08-03T05:00:00,89.4,90.3,89.0,89.2,29835515.23075152
2022-08-03T09:00:00,89.2,89.5,87.7,88.9,60906748.80076319
2022-08-03T13:00:00,89.0,90.0,88.9,89.4,36203871.8112045
2022-08-03T17:00:00,89.5,90.6,89.4,90.4,36417213.2613194
2022-08-03T21:00:00,90.3,91.0,89.9,90.7,47795736.97936455
2022-08-04T01:00:00,90.6,90.9,90.3,90.3,17619997.77936064
2022-08-04T05:00:00,90.3,90.5,88.3,89.2,48214531.53779443
2022-08-04T09:00:00,89.2,90.0,88.8,89.5,42930049.72163261
2022-08-04T13:00:00,89.4,90.2,88.8,89.3,60861729.47661593
2022-08-04T17:00:00,89.3,89.6,89.0,89.1,28863492.59752013
2022-08-04T21:00:00,89.1,90.0,88.7,89.8,54428221.57978201
2022-08-05T01:00:00,89.8,89.9,88.4,88.9,37430216.38640974
2022-08-05T05:00:00,89.2,90.6,89.0,90.1,33726523.18393773
2022-08-05T09:00:00,90.1,90.8,89.8,90.7,49684898.29997921
2022-08-05T13:00:00,90.6,92.5,90.0,91.4,103925506.27463923
2022-08-05T17:00:00,91.3,92.6,91.0,92.5,60667083.9907353
2022-08-05T21:00:00,92.4,92.7,90.4,91.2,84614737.43845843
2022-08-06T01:00:00,91.2,92.1,90.9,91.8,19983463.14456511
2022-08-06T05:00:00,91.8,92.6,91.8,92.1,34833772.44451489
2022-08-06T09:00:00,92.1,94.5,91.3,92.7,173979813.81610996
2022-08-06T13:00:00,92.6,93.1,92.3,92.5,35081658.49549701
2022-08-06T17:00:00,92.5,92.9,92.1,92.3,24867638.08882466
2022-08-06T21:00:00,92.4,92.8,92.2,92.3,14749916.71562923
2022-08-07T01:00:00,92.3,92.9,91.4,92.1,30951863.10826485
2022-08-07T05:00:00,92.0,92.3,91.0,91.2,30799124.12436796
2022-08-07T09:00:00,91.3,91.8,89.9,91.0,53260828.4581191
2022-08-07T13:00:00,91.0,91.3,90.8,91.1,17876328.95851475
2022-08-07T17:00:00,91.1,91.5,90.6,91.5,19612034.45723596
2022-08-07T21:00:00,91.5,91.8,91.1,91.2,20917472.78091745
2022-08-08T01:00:00,91.4,92.5,91.1,92.0,19545982.08252715
2022-08-08T05:00:00,91.8,92.4,91.0,91.2,23073413.35318472
2022-08-08T09:00:00,91.3,92.9,91.2,92.4,47980593.07468036
2022-08-08T13:00:00,92.4,93.7,92.2,93.1,81090905.24279957
2022-08-08T17:00:00,93.2,94.0,92.9,93.6,62005855.01972535
2022-08-08T21:00:00,93.6,95.7,92.5,93.0,195031768.9619604
2022-08-09T01:00:00,92.9,93.0,92.0,92.6,32396949.46565028
2022-08-09T05:00:00,92.5,93.4,91.7,92.6,39722277.71766275
2022-08-09T09:00:00,92.5,94.0,92.0,93.8,65451352.74945048
2022-08-09T13:00:00,93.8,98.5,93.4,96.9,429260808.98442364
2022-08-09T17:00:00,96.9,97.2,93.1,93.4,290394120.9161834
2022-08-09T21:00:00,93.4,94.1,91.3,91.7,190309074.67810097
2022-08-10T01:00:00,91.7,92.4,91.5,91.8,29482032.03220518
2022-08-10T05:00:00,91.9,93.3,91.8,92.4,61093005.62427737
2022-08-10T09:00:00,92.4,92.8,90.0,91.0,145034674.0938953
2022-08-10T13:00:00,91.0,91.7,90.3,91.1,51448385.69954699
2022-08-10T17:00:00,91.1,92.3,91.1,91.9,68485198.37696536
2022-08-10T21:00:00,92.0,94.7,91.5,94.1,226876169.59534025
2022-08-11T01:00:00,94.0,94.3,92.7,93.0,50757141.68086089
2022-08-11T05:00:00,92.9,94.4,92.9,94.1,53021452.53430192
2022-08-11T09:00:00,94.0,95.5,93.9,95.1,107468097.45302407
2022-08-11T13:00:00,95.0,95.8,94.1,94.4,76462906.57491378
2022-08-11T17:00:00,94.4,95.6,94.2,95.2,65836709.73110356
2022-08-11T21:00:00,95.1,99.9,94.4,94.8,518734171.6288906
2022-08-12T01:00:00,94.8,95.4,94.1,94.7,39229738.41306519
2022-08-12T05:00:00,94.6,95.1,94.0,94.3,66644774.21609655
2022-08-12T09:00:00,94.2,95.2,93.0,95.1,94316324.14790761
2022-08-12T13:00:00,95.1,95.1,94.3,94.7,41318953.98009238
2022-08-12T17:00:00,94.7,97.3,93.3,94.0,194435512.19135657
2022-08-12T21:00:00,94.0,95.0,93.8,94.5,73363085.08632053
2022-08-13T01:00:00,94.6,95.6,94.4,95.3,21422449.00295498
2022-08-13T05:00:00,95.3,96.4,95.1,95.8,44823291.67634288
2022-08-13T09:00:00,95.9,97.4,95.3,96.8,171710967.0453426
2022-08-13T13:00:00,96.7,99.5,96.6,97.5,326850194.1382709
2022-08-13T17:00:00,97.5,98.0,96.3,97.1,148406126.29337952
2022-08-13T21:00:00,97.0,97.9,96.7,97.5,57338720.27382408
2022-08-14T01:00:00,97.4,99.3,97.3,97.8,72733107.21651615
2022-08-14T05:00:00,97.6,98.2,97.0,97.1,36891585.82275257
2022-08-14T09:00:00,97.2,99.4,96.8,98.8,157326419.07996732
2022-08-14T13:00:00,98.9,104.0,98.8,102.0,415299986.5066039
2022-08-14T17:00:00,102.0,107.0,101.0,104.0,306426589.17380035
2022-08-14T21:00:00,103.0,109.0,102.0,108.0,342037932.8247176
2022-08-15T01:00:00,107.0,113.0,105.0,107.0,508912222.33780146
2022-08-15T05:00:00,106.0,111.0,106.0,109.0,176419862.9876734
2022-08-15T09:00:00,110.0,110.0,106.0,107.0,303495724.27956724
2022-08-15T13:00:00,107.0,108.0,102.0,103.0,189629923.38712507
2022-08-15T17:00:00,102.0,103.0,100.0,102.0,253126188.0300122
2022-08-15T21:00:00,102.0,104.0,101.0,104.0,136001183.82849318
2022-08-16T01:00:00,104.0,106.0,103.0,103.0,61346734.7454791
2022-08-16T05:00:00,104.0,105.0,102.0,103.0,60772403.25746222
2022-08-16T09:00:00,103.0,108.0,102.0,107.0,253064005.41748235
2022-08-16T13:00:00,107.0,111.0,105.0,110.0,269590064.5117404
2022-08-16T17:00:00,109.0,119.0,109.0,114.0,844776850.294797
2022-08-16T21:00:00,114.0,121.0,112.0,114.0,525967295.3903156
2022-08-17T01:00:00,113.0,115.0,112.0,115.0,138152769.85967216
2022-08-17T05:00:00,114.0,118.0,114.0,116.0,109796682.41681767
2022-08-17T09:00:00,116.0,119.0,113.0,113.0,261297050.5935998
2022-08-17T13:00:00,113.0,119.0,113.0,114.0,215834064.1517497
2022-08-17T17:00:00,114.0,114.0,112.0,112.0,196002721.1325263
2022-08-17T21:00:00,112.0,113.0,108.0,110.0,218409686.6979195
2022-08-18T01:00:00,110.0,113.0,109.0,111.0,59059771.76859598
2022-08-18T05:00:00,111.0,112.0,107.0,109.0,104488795.99702717
2022-08-18T09:00:00,109.0,110.0,108.0,109.0,106865261.56566237
2022-08-18T13:00:00,110.0,111.0,108.0,110.0,58748013.23311162
2022-08-18T17:00:00,109.0,110.0,108.0,109.0,67176022.59593531
2022-08-18T21:00:00,108.0,110.0,108.0,110.0,84999720.84996235
2022-08-19T01:00:00,109.0,110.0,105.0,106.0,96792998.192756
2022-08-19T05:00:00,105.0,106.0,103.0,104.0,145433378.76545513
2022-08-19T09:00:00,104.0,104.0,98.0,101.0,493192716.5303213
2022-08-19T13:00:00,100.0,101.0,94.7,96.3,299962618.4251253
2022-08-19T17:00:00,96.3,96.5,93.5,94.9,255736010.47350532
2022-08-19T21:00:00,94.9,95.8,93.8,95.3,105564886.64091323
2022-08-20T01:00:00,95.3,97.6,94.5,95.8,84038786.76551142
2022-08-20T05:00:00,95.8,96.0,92.3,93.1,127828719.6945306
2022-08-20T09:00:00,93.1,96.3,93.0,96.0,129922397.58491927
2022-08-20T13:00:00,96.0,98.0,95.5,97.5,120532571.23333474
2022-08-20T17:00:00,97.5,97.5,96.0,96.5,65824663.25824834
2022-08-20T21:00:00,96.5,97.1,95.1,95.7,54370229.11859653
2022-08-21T01:00:00,95.7,95.8,93.5,94.6,59071058.93708412
2022-08-21T05:00:00,94.6,97.3,94.2,96.3,83610678.75993393
2022-08-21T09:00:00,96.2,97.2,94.0,94.3,74658052.29325826
2022-08-21T13:00:00,94.4,94.9,93.2,94.4,68884855.97417913
2022-08-21T17:00:00,94.5,96.0,94.3,95.6,80902862.85225338
2022-08-21T21:00:00,95.6,96.4,94.1,94.9,73766662.0327635
2022-08-22T01:00:00,94.9,95.5,94.4,95.1,19997776.58012942
2022-08-22T05:00:00,95.1,96.6,94.0,95.1,79559244.75076686
2022-08-22T09:00:00,95.1,95.7,94.1,94.2,55563952.13337249
2022-08-22T13:00:00,94.2,94.4,90.8,90.9,134818519.9853171
2022-08-22T17:00:00,90.9,92.2,90.1,91.6,125969972.53361171
2022-08-22T21:00:00,91.6,92.7,90.7,92.5,76605707.59559517
2022-08-23T01:00:00,92.4,93.0,90.7,91.7,34379072.25632359
2022-08-23T05:00:00,91.8,93.6,91.7,93.6,44887131.23861344
2022-08-23T09:00:00,93.6,94.4,93.0,93.7,62668653.27377451
2022-08-23T13:00:00,93.7,93.8,91.8,93.0,60708657.18862988
2022-08-23T17:00:00,93.0,93.9,92.6,93.9,48646677.37050038
2022-08-23T21:00:00,93.8,94.3,93.1,93.6,56037018.68503541
2022-08-24T01:00:00,93.5,93.8,92.7,93.1,15430075.22320869
2022-08-24T05:00:00,93.0,93.9,92.9,93.7,23222106.83585895
2022-08-24T09:00:00,93.7,94.2,91.7,92.1,55228312.44858721
2022-08-24T13:00:00,92.1,92.9,91.7,92.1,30558946.54031693
2022-08-24T17:00:00,92.1,92.8,92.0,92.7,19197496.71778229
2022-08-24T21:00:00,92.7,93.7,92.3,93.5,39975654.88810682
2022-08-25T01:00:00,93.6,94.5,93.4,93.7,33641251.27222812
2022-08-25T05:00:00,93.6,94.1,92.1,92.5,35929953.19927865
2022-08-25T09:00:00,92.5,93.3,92.4,92.7,31500428.16446628
2022-08-25T13:00:00,92.7,93.8,92.6,93.7,33760900.41841069
2022-08-25T17:00:00,93.7,97.2,93.0,96.1,161831581.98205358
2022-08-25T21:00:00,96.1,96.1,92.1,92.9,92565943.04155274
2022-08-26T01:00:00,93.0,93.6,92.4,93.6,42757592.8824044
2022-08-26T05:00:00,93.6,94.1,93.3,93.7,24157121.64550454
2022-08-26T09:00:00,93.7,94.2,92.7,93.5,40748386.12988957
2022-08-26T13:00:00,93.6,93.7,91.6,92.3,71597967.82329376
2022-08-26T17:00:00,92.3,94.6,91.0,92.0,135054779.63026553
2022-08-26T21:00:00,92.0,94.2,89.1,90.4,180552427.9215811
2022-08-27T01:00:00,90.3,90.7,88.7,90.0,51598672.00358897
2022-08-27T05:00:00,89.9,90.5,86.7,87.7,81193078.19031721
2022-08-27T09:00:00,87.7,88.8,87.2,87.8,58535123.66870279
2022-08-27T13:00:00,87.8,88.1,86.1,88.1,46685119.90282664
2022-08-27T17:00:00,88.1,88.5,87.6,88.0,40790335.90899404
2022-08-27T21:00:00,88.1,88.4,86.5,87.2,41980312.55616709
2022-08-28T01:00:00,87.1,87.5,86.4,87.3,12106381.48559291
2022-08-28T05:00:00,87.3,88.3,86.8,88.0,35798295.81174211
2022-08-28T09:00:00,88.0,88.7,87.5,87.6,36039799.30723056
2022-08-28T13:00:00,87.6,88.3,87.4,88.1,13117820.1839213
2022-08-28T17:00:00,88.0,88.7,87.7,88.2,31668285.74134742
2022-08-28T21:00:00,88.3,88.6,87.1,88.1,52954064.78427352
2022-08-29T01:00:00,88.1,88.7,88.0,88.1,19588724.8898238
2022-08-29T05:00:00,88.1,88.5,85.1,85.6,50886401.68624244
2022-08-29T09:00:00,85.7,86.1,84.1,85.7,80918815.2315442
2022-08-29T13:00:00,85.7,85.9,85.1,85.6,19688260.5211016
2022-08-29T17:00:00,85.6,85.8,85.1,85.6,38062537.8076873
2022-08-29T21:00:00,85.6,88.0,85.6,87.4,53877756.91913212
2022-08-30T01:00:00,87.4,87.6,86.3,86.7,15658234.75139974
2022-08-30T05:00:00,86.7,87.7,86.5,87.5,17200805.18815531
2022-08-30T09:00:00,87.5,88.0,86.9,87.4,33971574.67026004
2022-08-30T13:00:00,87.4,88.3,87.4,87.8,34488417.26232795
2022-08-30T17:00:00,87.7,88.3,87.5,87.9,33502385.07507552
2022-08-30T21:00:00,87.8,88.0,84.7,85.4,71045889.33709475
2022-08-31T01:00:00,85.5,85.9,83.3,85.0,55301679.66445752
2022-08-31T05:00:00,85.0,85.5,84.5,84.8,23694603.5331573
2022-08-31T09:00:00,84.9,86.7,84.7,86.5,51111323.14849061
2022-08-31T13:00:00,86.5,86.5,85.4,85.6,29254813.3807353
2022-08-31T17:00:00,85.6,86.6,85.1,86.1,27272790.44214142
2022-08-31T21:00:00,86.1,86.4,84.4,85.4,25715580.91747639
2022-09-01T01:00:00,85.3,85.6,84.2,84.8,13461653.69436304
2022-09-01T05:00:00,84.9,85.4,83.7,84.4,36820213.30289471
2022-09-01T09:00:00,84.4,85.0,82.9,83.5,76589102.27399665
2022-09-01T13:00:00,83.5,84.2,82.6,83.1,74301490.6769802
2022-09-01T17:00:00,83.1,84.7,82.9,84.5,31526284.46890268
2022-09-01T21:00:00,84.4,85.7,83.2,84.4,112075398.92587538
2022-09-02T01:00:00,84.5,85.7,84.1,85.3,41315137.59178216
2022-09-02T05:00:00,85.3,86.0,85.1,85.5,22119749.96102202
2022-09-02T09:00:00,85.5,86.2,84.9,85.8,24523143.09649376
2022-09-02T13:00:00,85.8,86.0,85.1,85.3,26505020.89714958
2022-09-02T17:00:00,85.2,85.6,84.2,84.7,25119654.6339994
2022-09-02T21:00:00,84.7,86.1,84.5,85.8,47541833.92948483
2022-09-03T01:00:00,85.7,85.9,84.1,84.7,25447904.52860286
2022-09-03T05:00:00,84.7,85.2,84.5,85.1,9340390.65283745
2022-09-03T09:00:00,85.2,85.4,84.9,84.9,12462409.13895941
2022-09-03T13:00:00,84.9,88.4,84.8,85.3,110781575.09590086
2022-09-03T17:00:00,85.3,86.0,84.9,85.6,20872976.13170886
2022-09-03T21:00:00,85.8,87.3,85.6,86.5,55319304.04888396
2022-09-04T01:00:00,86.7,86.9,85.4,85.9,17109214.36540186
2022-09-04T05:00:00,85.8,86.8,85.8,86.6,9404299.85927069
2022-09-04T09:00:00,86.6,87.2,86.4,86.6,22934688.75229544
2022-09-04T13:00:00,86.5,87.1,86.1,86.2,25402116.5379353
2022-09-04T17:00:00,86.1,88.3,85.8,87.5,62971339.30964886
2022-09-04T21:00:00,87.5,87.8,86.8,87.5,24737047.40548658
2022-09-05T01:00:00,87.4,87.5,87.0,87.3,10745715.27211798
2022-09-05T05:00:00,87.3,87.4,86.5,87.1,16015642.2155288
2022-09-05T09:00:00,87.2,87.8,86.8,87.2,24390138.10586493
2022-09-05T13:00:00,87.1,87.3,85.6,85.7,34320925.74589294
2022-09-05T17:00:00,85.7,86.1,84.5,85.4,38345394.90378929
2022-09-05T21:00:00,85.4,86.3,85.0,86.2,26183616.78218067
2022-09-06T01:00:00,86.2,86.3,85.5,85.6,10898939.14223661
2022-09-06T05:00:00,85.7,86.9,85.6,86.7,18709183.7345306
2022-09-06T09:00:00,86.6,89.7,86.1,87.2,128924895.85641427
2022-09-06T13:00:00,87.2,87.7,87.0,87.2,28426515.1125177
2022-09-06T17:00:00,87.1,87.4,86.7,87.2,29478301.35450006
2022-09-06T21:00:00,87.1,87.6,85.8,86.6,48061819.00823787
2022-09-07T01:00:00,86.6,86.7,81.6,82.7,115216981.2200875
2022-09-07T05:00:00,82.7,83.3,81.6,82.5,49578912.27305397
2022-09-07T09:00:00,82.5,82.8,80.8,82.4,77436530.48947324
2022-09-07T13:00:00,82.3,83.3,82.1,83.2,27014515.58479475
2022-09-07T17:00:00,83.2,83.8,83.0,83.5,26462854.49994079
2022-09-07T21:00:00,83.5,85.2,83.2,84.2,65972928.88020624
2022-09-08T01:00:00,84.2,85.2,83.9,84.4,14726435.08104975
2022-09-08T05:00:00,84.3,85.5,84.3,84.8,22756452.77679663
2022-09-08T09:00:00,84.7,85.2,84.4,84.9,24728471.61104442
2022-09-08T13:00:00,84.8,85.2,83.9,84.5,29452528.24661204
2022-09-08T17:00:00,84.5,85.0,84.0,84.7,17705909.07890594
2022-09-08T21:00:00,84.7,85.2,83.4,84.6,45482476.23632024
2022-09-09T01:00:00,84.7,84.8,83.9,84.8,28951400.21572228
2022-09-09T05:00:00,84.7,85.4,84.5,85.0,31009675.33056615
2022-09-09T09:00:00,85.1,86.7,84.7,86.1,49704500.12874174
2022-09-09T13:00:00,86.1,87.4,86.0,86.5,63714323.50190842
2022-09-09T17:00:00,86.5,89.0,86.4,87.7,90673091.63270004
2022-09-09T21:00:00,87.7,88.5,87.0,87.8,48918897.11343243
2022-09-10T01:00:00,87.6,87.9,86.6,87.2,24038457.50691832
2022-09-10T05:00:00,87.2,88.4,87.0,87.8,38454226.50190001
2022-09-10T09:00:00,87.8,88.3,86.9,87.9,47504716.60165882
2022-09-10T13:00:00,87.9,89.3,87.3,87.5,80615885.17533962
2022-09-10T17:00:00,87.5,88.5,87.4,88.1,47670855.04656455
2022-09-10T21:00:00,88.1,88.4,87.4,87.8,43440505.62285146
2022-09-11T01:00:00,87.7,88.9,87.4,88.4,25553100.17197787
2022-09-11T05:00:00,88.3,89.7,87.8,88.7,29844475.48038331
2022-09-11T09:00:00,88.7,89.7,88.5,88.5,57391443.09539723
2022-09-11T13:00:00,88.4,88.9,87.1,88.0,46617208.68712342
2022-09-11T17:00:00,88.0,88.2,87.7,87.8,26758606.73203338
2022-09-11T21:00:00,87.9,88.7,87.6,88.2,50905795.05888106
2022-09-12T01:00:00,88.1,88.6,87.8,87.8,22050338.83916901
2022-09-12T05:00:00,87.8,88.1,86.8,87.7,40689906.43252471
2022-09-12T09:00:00,87.7,88.6,86.8,87.0,94841730.97218236
2022-09-12T13:00:00,87.0,88.0,86.9,87.9,28737565.77822319
2022-09-12T17:00:00,87.9,88.6,87.4,88.5,58872722.71318455
2022-09-12T21:00:00,88.6,89.4,87.2,87.4,88872570.53152494
2022-09-13T01:00:00,87.3,88.1,87.0,87.8,21549990.89573696
2022-09-13T05:00:00,87.9,88.2,87.4,87.7,23281559.04287227
2022-09-13T09:00:00,87.8,87.8,86.6,87.5,53461494.22807213
2022-09-13T13:00:00,87.4,87.6,87.1,87.3,29369444.24035299
2022-09-13T17:00:00,87.3,88.0,87.1,87.7,32364332.14520432
2022-09-13T21:00:00,87.7,88.0,83.3,84.2,163222913.8029051
2022-09-14T01:00:00,84.2,84.8,83.7,84.6,22247817.11336245
2022-09-14T05:00:00,84.7,87.4,83.3,83.8,50673818.41603421
2022-09-14T09:00:00,84.0,85.3,83.5,85.1,30355040.6212066
2022-09-14T13:00:00,85.0,86.3,84.0,84.5,48975716.3408639
2022-09-14T17:00:00,84.5,85.2,84.0,84.8,27463816.19604279
2022-09-14T21:00:00,84.8,85.9,84.0,85.4,32521045.54975664
2022-09-15T01:00:00,85.3,85.7,84.5,85.7,14451145.33584899
2022-09-15T05:00:00,85.6,86.1,85.5,85.6,17248733.14241903
2022-09-15T09:00:00,85.6,86.0,84.1,85.1,39528763.4312568
2022-09-15T13:00:00,85.1,85.7,84.3,85.2,38717930.36843336
2022-09-15T17:00:00,85.2,85.3,84.6,85.0,15095550.77964514
2022-09-15T21:00:00,85.0,85.4,83.4,83.4,45099270.56554428
2022-09-16T01:00:00,83.4,84.3,83.3,84.1,14755845.59501263
2022-09-16T05:00:00,84.1,84.6,83.4,83.6,20759459.22668342
2022-09-16T09:00:00,83.6,84.4,83.0,84.3,36450691.64778462
2022-09-16T13:00:00,84.2,84.7,83.9,84.1,21636081.56084828
2022-09-16T17:00:00,84.1,84.7,83.2,84.7,26652839.56993849
2022-09-16T21:00:00,84.7,84.7,83.6,84.0,16114726.09436189
2022-09-17T01:00:00,83.9,84.4,83.3,84.2,14330262.82680247
2022-09-17T05:00:00,84.1,85.4,84.1,85.0,19447240.90706412
2022-09-17T09:00:00,85.2,85.7,85.0,85.3,19906181.64990257
2022-09-17T13:00:00,85.3,85.4,84.8,85.2,17586135.40350368
2022-09-17T17:00:00,85.1,85.8,85.1,85.6,15812060.99940161
2022-09-17T21:00:00,85.6,87.5,85.5,87.5,57638534.39968732
2022-09-18T01:00:00,87.5,87.6,86.2,86.5,19492157.67005537
2022-09-18T05:00:00,86.5,87.3,86.4,87.0,10621329.78270347
2022-09-18T09:00:00,87.1,87.1,86.1,86.2,19983530.88851535
2022-09-18T13:00:00,86.1,86.5,86.1,86.4,19230583.18905603
2022-09-18T17:00:00,86.3,86.5,84.9,85.5,37624048.17739229
2022-09-18T21:00:00,85.4,85.6,84.9,85.1,30032151.28053955
2022-09-19T01:00:00,85.0,85.3,83.8,84.2,26213910.00473362
2022-09-19T05:00:00,84.2,84.4,80.3,81.4,87920991.2104088
2022-09-19T09:00:00,81.4,82.4,80.0,80.8,65872546.5382227
2022-09-19T13:00:00,80.8,81.2,80.0,80.7,45926745.88840701
2022-09-19T17:00:00,80.7,81.2,80.0,81.1,29595543.16688455
2022-09-19T21:00:00,81.1,82.3,80.7,81.4,44530738.35207854
2022-09-20T01:00:00,81.5,82.6,80.9,82.5,14204844.97108895
2022-09-20T05:00:00,82.5,82.9,81.9,82.6,22780404.71438039
2022-09-20T09:00:00,82.6,83.0,81.8,82.6,36258234.62900197
2022-09-20T13:00:00,82.6,83.4,82.3,82.7,21838070.51585622
2022-09-20T17:00:00,82.7,83.0,82.1,82.4,15488546.83133038
2022-09-20T21:00:00,82.3,86.6,81.7,84.8,158493628.5253557
2022-09-21T01:00:00,84.8,85.2,82.7,83.2,88042357.6590939
2022-09-21T05:00:00,83.2,83.6,82.2,82.8,34871855.56471573
2022-09-21T09:00:00,82.8,84.5,82.4,83.8,75386649.18783088
2022-09-21T13:00:00,83.8,84.3,81.9,82.8,49358613.6584225
2022-09-21T17:00:00,82.8,83.3,82.1,83.2,25511591.33648668
2022-09-21T21:00:00,83.2,83.5,82.0,82.3,38714224.68945716
2022-09-22T01:00:00,82.4,85.9,81.8,82.7,73836901.10999858
2022-09-22T05:00:00,82.7,82.9,80.5,82.1,50326348.85746586
2022-09-22T09:00:00,82.2,82.7,81.8,82.4,27460259.6341614
2022-09-22T13:00:00,82.5,83.9,82.2,83.8,28305993.2249369
2022-09-22T17:00:00,83.8,84.6,83.6,84.4,43882337.49033757
2022-09-22T21:00:00,84.4,84.8,83.4,84.4,52319437.63850282
2022-09-23T01:00:00,84.3,84.7,83.7,84.0,19212396.43408478
2022-09-23T05:00:00,84.0,85.3,83.9,84.7,46672978.76733832
2022-09-23T09:00:00,84.8,88.4,84.6,88.3,163948852.01790988
2022-09-23T13:00:00,88.3,89.9,86.0,86.2,460033113.1771893
2022-09-23T17:00:00,86.2,87.0,85.1,86.1,126711963.4317695
2022-09-23T21:00:00,86.1,88.5,85.1,88.0,225546966.29921645
2022-09-24T01:00:00,87.9,92.6,86.9,91.7,284085079.981419
2022-09-24T05:00:00,91.6,91.7,89.7,90.7,158858827.75344345
2022-09-24T09:00:00,90.7,97.9,89.7,94.8,1007444872.0575114
2022-09-24T13:00:00,94.8,95.7,93.7,94.0,317086741.18215156
2022-09-24T17:00:00,94.0,96.2,93.0,94.3,237882885.270244
2022-09-24T21:00:00,94.3,96.0,93.5,95.1,270004360.65042144
2022-09-25T01:00:00,95.1,95.2,91.8,92.2,113438714.08197793
2022-09-25T05:00:00,92.4,92.7,90.0,91.0,133297714.06691723
2022-09-25T09:00:00,90.9,91.5,89.8,90.9,165268431.8241832
2022-09-25T13:00:00,91.0,91.4,90.0,90.6,65365549.11389518
2022-09-25T17:00:00,90.6,90.8,89.3,90.4,85540758.02814268
2022-09-25T21:00:00,90.3,91.9,88.5,89.4,301378241.75144905
2022-09-26T01:00:00,89.4,90.0,88.2,88.9,66355086.00226989
2022-09-26T05:00:00,88.8,89.3,86.6,88.0,101405389.86322647
2022-09-26T09:00:00,88.0,89.2,87.3,88.5,109655407.14340478
2022-09-26T13:00:00,88.5,89.1,86.2,87.6,132459597.7256435
2022-09-26T17:00:00,87.6,88.8,86.7,87.3,101965288.37379621
2022-09-26T21:00:00,87.2,88.2,86.9,87.7,49983456.39197843
2022-09-27T01:00:00,87.8,87.8,87.0,87.4,27899445.64707409
2022-09-27T05:00:00,87.4,88.1,86.8,87.7,21997542.79026919
2022-09-27T09:00:00,87.8,89.8,87.5,89.4,89719487.33945543
2022-09-27T13:00:00,89.4,89.9,88.7,89.4,53473096.43141366
2022-09-27T17:00:00,89.3,89.6,88.2,88.9,54603820.77252281
2022-09-27T21:00:00,88.9,89.7,88.4,88.5,55341607.99100228
2022-09-28T01:00:00,88.4,88.7,86.2,87.1,65647754.46174875
2022-09-28T05:00:00,87.0,87.7,86.8,87.3,29249463.26939435
2022-09-28T09:00:00,87.3,88.0,84.7,86.0,98480646.37359908
2022-09-28T13:00:00,85.9,86.5,85.6,86.3,25767024.66300342
2022-09-28T17:00:00,86.3,86.8,85.8,86.8,29375663.96294858
2022-09-28T21:00:00,86.7,87.8,86.6,87.6,37808433.44819824
2022-09-29T01:00:00,87.6,88.0,86.8,87.2,13372858.09733332
2022-09-29T05:00:00,87.4,87.8,86.9,87.1,19699213.05958322
2022-09-29T09:00:00,87.1,87.9,87.0,87.5,32360373.55657503
2022-09-29T13:00:00,87.4,88.0,86.5,86.8,27059424.31608741
2022-09-29T17:00:00,86.7,87.3,86.7,87.0,21557034.48984605
2022-09-29T21:00:00,86.9,87.0,85.6,86.6,40711488.78072801
2022-09-30T01:00:00,86.6,86.8,85.9,86.1,21799092.25799439
2022-09-30T05:00:00,86.1,87.0,86.1,87.0,48558700.14165204
2022-09-30T09:00:00,87.0,87.3,86.4,86.5,33283004.88001665
2022-09-30T13:00:00,86.6,87.5,86.5,87.1,31747933.08279876
2022-09-30T17:00:00,87.1,87.4,86.3,86.5,36472254.97692602
2022-09-30T21:00:00,86.5,88.2,86.0,87.1,69535815.07746427
2022-10-01T01:00:00,87.1,87.3,86.5,86.6,11326616.14564584
2022-10-01T05:00:00,86.6,89.7,86.3,88.5,83719206.497458
2022-10-01T09:00:00,88.5,91.2,88.2,88.6,221583487.02548578
2022-10-01T13:00:00,88.6,88.7,87.8,88.4,34460638.83490258
2022-10-01T17:00:00,88.4,89.3,88.2,88.9,38043931.01670015
2022-10-01T21:00:00,88.6,89.1,88.2,88.5,28459193.32296718
2022-10-02T01:00:00,88.4,88.5,87.1,87.7,28009802.17460115
2022-10-02T05:00:00,87.6,88.0,87.3,87.5,15318650.78246666
2022-10-02T09:00:00,87.5,88.1,87.5,87.7,20103600.7221036
2022-10-02T13:00:00,87.6,88.0,87.4,87.7,19738400.59213039
2022-10-02T17:00:00,87.6,87.8,86.1,86.8,46758512.20441911
2022-10-02T21:00:00,86.9,87.1,86.5,86.7,17751668.47349635
2022-10-03T01:00:00,86.7,87.2,86.6,86.9,4679161.37610531
2022-10-03T05:00:00,86.9,87.1,85.6,86.2,24897483.21694121
2022-10-03T09:00:00,86.1,86.8,85.6,86.3,35934775.21381973
2022-10-03T13:00:00,86.2,86.8,85.9,86.5,22449718.78679499
2022-10-03T17:00:00,86.6,87.4,86.4,87.1,22895020.38584733
2022-10-03T21:00:00,87.2,87.4,86.3,86.7,33111012.30905146
2022-10-04T01:00:00,86.7,87.3,86.3,86.5,6658197.28744348
2022-10-04T05:00:00,86.7,87.3,86.6,87.0,20140519.87811572
2022-10-04T09:00:00,87.0,87.2,86.4,86.9,19800521.55570555
2022-10-04T13:00:00,86.9,87.2,86.4,87.1,24767734.71751899
2022-10-04T17:00:00,87.1,87.4,86.7,87.1,25337219.20596296
2022-10-04T21:00:00,87.0,87.6,86.7,86.8,34456951.83216346
2022-10-05T01:00:00,86.8,94.3,86.7,92.3,516534484.6487198
2022-10-05T05:00:00,92.3,94.7,91.8,94.1,256515631.4438421
2022-10-05T09:00:00,94.0,95.5,92.3,92.9,332273795.56886435
2022-10-05T13:00:00,92.9,93.4,92.0,92.9,119070523.54629461
2022-10-05T17:00:00,92.8,93.0,91.3,92.0,104297851.7320796
2022-10-05T21:00:00,91.9,92.3,89.9,91.3,143246612.42699873
2022-10-06T01:00:00,91.3,93.3,91.0,92.6,85989885.64263614
2022-10-06T05:00:00,92.6,92.9,91.4,92.2,36271560.37752139
2022-10-06T09:00:00,92.2,94.7,91.7,93.2,182326324.75792438
2022-10-06T13:00:00,93.2,93.9,92.2,92.7,86259256.29716617
2022-10-06T17:00:00,92.6,92.8,91.8,92.8,52821338.70057169
2022-10-06T21:00:00,92.7,93.0,91.2,91.3,82088215.7848352
2022-10-07T01:00:00,91.3,91.3,90.6,91.1,31913473.74188902
2022-10-07T05:00:00,91.1,91.1,89.9,90.4,56711332.34514268
2022-10-07T09:00:00,90.4,90.6,89.8,90.3,46408079.49262163
2022-10-07T13:00:00,90.3,90.7,89.6,90.1,40699616.97905117
2022-10-07T17:00:00,90.1,90.3,89.8,90.1,24603423.61760739
2022-10-07T21:00:00,90.1,90.3,88.2,88.7,154676870.0934273
2022-10-08T01:00:00,88.7,88.8,87.7,88.5,64755050.53703726
2022-10-08T05:00:00,88.5,89.0,88.3,88.7,38127497.80105761
2022-10-08T09:00:00,88.7,89.1,88.3,88.9,54090661.49909612
2022-10-08T13:00:00,89.0,89.1,88.5,88.9,20865876.40257929
2022-10-08T17:00:00,89.0,89.0,88.5,88.7,22538244.7638771
2022-10-08T21:00:00,88.7,89.1,88.6,89.0,19025553.46439717
2022-10-09T01:00:00,89.1,89.3,88.7,88.9,8284284.5008481
2022-10-09T05:00:00,88.8,89.0,87.7,88.0,32873426.6546342
2022-10-09T09:00:00,88.0,88.4,87.7,87.8,28245724.46689974
2022-10-09T13:00:00,87.8,88.3,87.4,88.2,20678556.1002354
2022-10-09T17:00:00,88.1,88.8,87.9,88.6,16568429.04206018
2022-10-09T21:00:00,88.7,88.7,88.2,88.4,12393266.46110765
2022-10-10T01:00:00,88.6,88.7,88.0,88.5,10141711.81647643
2022-10-10T05:00:00,88.4,88.9,88.1,88.4,14742622.50670371
2022-10-10T09:00:00,88.4,89.1,88.2,88.8,29380551.04786052
2022-10-10T13:00:00,88.7,88.9,88.2,88.2,28715712.68550795
2022-10-10T17:00:00,88.2,88.2,86.2,87.2,72029691.68253113
2022-10-10T21:00:00,87.2,87.5,86.5,86.9,30777435.70437563
2022-10-11T01:00:00,87.0,87.1,86.2,86.7,16994179.01489055
2022-10-11T05:00:00,86.7,86.9,85.0,85.2,49779120.45957622
2022-10-11T09:00:00,85.2,85.3,82.8,84.9,72662408.30980259
2022-10-11T13:00:00,84.9,85.3,84.6,85.1,24264757.06313005
2022-10-11T17:00:00,85.1,86.3,84.5,85.9,62959617.34348292
2022-10-11T21:00:00,85.9,88.6,85.0,86.7,169556756.0116696
2022-10-12T01:00:00,86.7,87.1,85.8,86.2,17680008.05157306
2022-10-12T05:00:00,86.2,87.1,85.9,86.5,29195545.36351404
2022-10-12T09:00:00,86.5,87.5,86.0,86.8,45408251.22140125
2022-10-12T13:00:00,86.8,87.1,86.3,86.5,29523384.97645633
2022-10-12T17:00:00,86.4,86.7,86.1,86.2,21201973.37515674
2022-10-12T21:00:00,86.1,86.3,85.2,86.1,52419407.49084229
2022-10-13T01:00:00,86.1,86.1,85.1,85.8,15320436.95178947
2022-10-13T05:00:00,85.8,86.3,85.6,85.8,12204992.6853287
2022-10-13T09:00:00,85.7,85.9,83.4,84.3,71607143.03200458
2022-10-13T13:00:00,84.2,84.5,81.6,82.7,66939208.49470307
2022-10-13T17:00:00,82.6,83.0,79.9,82.0,95966327.80967045
2022-10-13T21:00:00,82.0,84.6,80.5,84.2,118280166.07754865
2022-10-14T01:00:00,84.2,86.5,84.0,85.8,43452235.62611426
2022-10-14T05:00:00,85.8,86.7,85.3,85.6,42169828.18664097
2022-10-14T09:00:00,85.6,87.5,85.2,86.4,58345750.65475767
2022-10-14T13:00:00,86.4,86.8,86.0,86.1,27732415.58242167
2022-10-14T17:00:00,86.1,86.8,86.0,86.2,29283127.59729788
2022-10-14T21:00:00,86.1,87.1,85.1,85.3,58283828.41821186
2022-10-15T01:00:00,85.2,85.4,84.4,84.6,23477533.42591826
2022-10-15T05:00:00,84.6,84.7,83.7,84.6,21252168.80161953
2022-10-15T09:00:00,84.6,85.0,84.1,84.9,26657856.16695565
2022-10-15T13:00:00,84.9,84.9,84.3,84.6,14804179.46823992
2022-10-15T17:00:00,84.6,85.0,83.7,84.9,18209992.47114944
2022-10-15T21:00:00,84.9,86.2,84.4,85.2,17595814.29227111
2022-10-16T01:00:00,85.2,85.6,84.4,85.0,8104591.77903449
2022-10-16T05:00:00,85.0,85.1,84.4,84.5,8558734.26628108
2022-10-16T09:00:00,84.4,85.8,84.4,84.9,16942614.02954131
2022-10-16T13:00:00,85.0,85.3,84.8,85.0,11367005.402883
2022-10-16T17:00:00,84.9,85.4,84.8,85.0,12408684.9569224
2022-10-16T21:00:00,85.0,85.0,84.5,84.7,12092052.10451325
2022-10-17T01:00:00,84.7,85.3,84.5,85.3,9524765.55727871
2022-10-17T05:00:00,85.3,85.5,84.4,84.6,13620574.37558512
2022-10-17T09:00:00,84.6,84.9,84.0,84.4,27097505.11685296
2022-10-17T13:00:00,84.3,85.2,84.1,85.2,20643639.83646057
2022-10-17T17:00:00,85.2,85.7,84.6,85.5,29023408.28106697
2022-10-17T21:00:00,85.4,86.1,85.2,85.9,37467578.78831191
2022-10-18T01:00:00,85.8,86.1,85.3,85.4,6948118.35628351
2022-10-18T05:00:00,85.3,86.1,85.3,85.9,10188398.17817532
2022-10-18T09:00:00,85.8,86.3,85.1,85.8,32227361.91141337
2022-10-18T13:00:00,85.8,85.9,85.3,85.7,17900711.28898956
2022-10-18T17:00:00,85.7,85.8,84.7,85.3,29104390.67405649
2022-10-18T21:00:00,85.2,85.5,84.3,84.7,26129291.85233157
2022-10-19T01:00:00,84.6,87.8,84.3,85.1,51436132.28719801
2022-10-19T05:00:00,85.1,86.3,85.0,86.0,13178006.83451783
2022-10-19T09:00:00,85.9,86.5,85.3,85.7,30374527.44675271
2022-10-19T13:00:00,85.7,86.1,84.8,85.2,28319686.06746189
2022-10-19T17:00:00,85.2,85.5,84.7,85.0,29485751.84395055
2022-10-19T21:00:00,85.1,85.6,84.6,85.2,31038329.37697269
2022-10-20T01:00:00,85.1,87.4,84.7,87.3,37724734.10842979
2022-10-20T05:00:00,87.2,87.5,84.3,84.7,52089947.35975002
2022-10-20T09:00:00,84.7,85.6,84.2,85.3,38694450.51705278
2022-10-20T13:00:00,85.3,86.3,85.2,85.9,34045696.64214266
2022-10-20T17:00:00,85.8,86.5,85.7,86.0,23028430.42669815
2022-10-20T21:00:00,86.0,86.8,85.7,86.1,27990491.23119289
2022-10-21T01:00:00,86.1,87.1,85.3,86.6,26837509.25969543
2022-10-21T05:00:00,86.5,86.5,85.6,85.8,18509367.59930892
2022-10-21T09:00:00,85.8,86.0,84.8,85.1,35690865.79613237
2022-10-21T13:00:00,85.1,85.2,84.5,84.7,18443559.97325489
2022-10-21T17:00:00,84.7,84.8,83.2,83.8,43487098.46753822
2022-10-21T21:00:00,83.8,85.2,83.0,85.0,38338181.32396665
2022-10-22T01:00:00,85.0,85.5,84.8,85.3,9720836.94782452
2022-10-22T05:00:00,85.3,85.6,85.2,85.5,11790173.54311143
2022-10-22T09:00:00,85.5,86.2,85.2,85.5,21525764.90970373
2022-10-22T13:00:00,85.5,85.6,85.2,85.3,8422686.59809263
2022-10-22T17:00:00,85.3,85.7,85.3,85.6,11032788.88278024
2022-10-22T21:00:00,85.5,86.0,85.3,85.7,28976444.9270133
2022-10-23T01:00:00,85.7,85.8,85.3,85.6,9465461.70037711
2022-10-23T05:00:00,85.6,86.0,85.5,85.8,8138783.68953018
2022-10-23T09:00:00,85.7,86.1,85.6,85.8,20494128.99399542
2022-10-23T13:00:00,85.8,85.9,85.4,85.5,12433424.38629397
2022-10-23T17:00:00,85.5,85.7,84.8,85.0,19116672.81997815
2022-10-23T21:00:00,85.0,85.5,84.7,85.3,19547830.10801222
2022-10-24T01:00:00,85.3,85.9,85.2,85.8,14146461.79499468
2022-10-24T05:00:00,85.8,86.5,85.5,86.4,25707035.07480331
2022-10-24T09:00:00,86.3,87.4,85.9,86.0,65442129.35028761
2022-10-24T13:00:00,86.0,86.0,85.3,85.6,22293220.26244134
2022-10-24T17:00:00,85.6,86.2,85.4,86.1,13814266.10261531
2022-10-24T21:00:00,86.0,86.2,84.8,85.3,41297971.16116695
2022-10-25T01:00:00,85.3,86.0,85.0,85.8,15181347.36306748
2022-10-25T05:00:00,85.7,85.8,85.2,85.4,18491458.71591284
2022-10-25T09:00:00,85.4,87.4,85.0,86.7,75750537.23779951
2022-10-25T13:00:00,86.6,86.7,85.7,86.1,26642506.27892752
2022-10-25T17:00:00,86.1,86.3,85.3,86.1,33261300.88597419
2022-10-25T21:00:00,86.0,87.8,85.7,87.1,65936420.55856786
2022-10-26T01:00:00,87.0,91.0,86.8,90.2,156617794.0571299
2022-10-26T05:00:00,90.1,90.2,88.1,89.5,62516813.08226028
2022-10-26T09:00:00,89.4,95.0,88.8,93.0,311161549.0452957
2022-10-26T13:00:00,93.0,94.7,92.6,92.6,162963200.51691404
2022-10-26T17:00:00,92.6,97.2,92.6,95.4,368340067.5592149
2022-10-26T21:00:00,95.3,97.8,93.3,95.3,370555975.3356399
2022-10-27T01:00:00,95.3,102.0,94.3,101.0,363166760.9686174
2022-10-27T05:00:00,102.0,104.0,100.0,101.0,286353795.94908565
2022-10-27T09:00:00,101.0,108.0,100.0,107.0,490500608.2624071
2022-10-27T13:00:00,107.0,114.0,106.0,108.0,688003627.1508842
2022-10-27T17:00:00,108.0,110.0,105.0,107.0,309873509.6007403
2022-10-27T21:00:00,106.0,111.0,105.0,109.0,295227421.12222844
2022-10-28T01:00:00,109.0,119.0,107.0,116.0,252374767.0999201
2022-10-28T05:00:00,115.0,116.0,107.0,108.0,370462553.8388406
2022-10-28T09:00:00,108.0,110.0,102.0,104.0,497888213.66422254
2022-10-28T13:00:00,104.0,107.0,103.0,105.0,225040159.32751077
2022-10-28T17:00:00,105.0,118.0,104.0,116.0,1043094111.7540721
2022-10-28T21:00:00,115.0,122.0,114.0,120.0,917047363.4474461
2022-10-29T01:00:00,120.0,124.0,116.0,119.0,400893343.3251229
2022-10-29T05:00:00,119.0,123.0,117.0,118.0,245070030.69845042
2022-10-29T09:00:00,118.0,124.0,116.0,121.0,482983110.838423
2022-10-29T13:00:00,121.0,131.0,118.0,131.0,759179073.0972711
2022-10-29T17:00:00,131.0,153.0,130.0,144.0,2741012006.201216
2022-10-29T21:00:00,143.0,193.0,143.0,184.0,3938524414.5529103
2022-10-30T01:00:00,184.0,209.0,171.0,178.0,4256895410.1470537
2022-10-30T05:00:00,179.0,184.0,162.0,171.0,1340951983.6229017
2022-10-30T09:00:00,171.0,183.0,161.0,179.0,2053825364.2758648
2022-10-30T13:00:00,180.0,202.0,179.0,183.0,2493313434.0321126
2022-10-30T17:00:00,182.0,183.0,169.0,181.0,1507512002.9281027
2022-10-30T21:00:00,180.0,186.0,158.0,159.0,1592120421.4451785
2022-10-31T01:00:00,159.0,167.0,157.0,161.0,435454120.2813348
2022-10-31T05:00:00,161.0,169.0,159.0,165.0,371410921.1722392
2022-10-31T09:00:00,165.0,177.0,163.0,171.0,1185435319.9893486
2022-10-31T13:00:00,172.0,175.0,161.0,166.0,879149146.2588555
2022-10-31T17:00:00,166.0,176.0,160.0,171.0,1111192123.0495088
2022-10-31T21:00:00,171.0,185.0,163.0,179.0,1286253989.3542175
2022-11-01T01:00:00,179.0,185.0,174.0,177.0,857759953.6402353
2022-11-01T05:00:00,177.0,179.0,172.0,179.0,328228860.1377703
2022-11-01T09:00:00,178.0,183.0,175.0,178.0,713117345.0018613
2022-11-01T13:00:00,178.0,208.0,176.0,204.0,3378786703.4771724
2022-11-01T17:00:00,203.0,222.0,197.0,199.0,2720213687.5556283
2022-11-01T21:00:00,199.0,202.0,190.0,196.0,1465607295.0810003
2022-11-02T01:00:00,195.0,198.0,188.0,195.0,384141991.91208947
2022-11-02T05:00:00,194.0,203.0,192.0,199.0,344762695.9794365
2022-11-02T09:00:00,199.0,205.0,190.0,199.0,1367548608.1684074
2022-11-02T13:00:00,198.0,208.0,192.0,194.0,1148026773.604463
2022-11-02T17:00:00,194.0,197.0,182.0,186.0,731608679.7059214
2022-11-02T21:00:00,186.0,188.0,181.0,183.0,471263723.5408506
2022-11-03T01:00:00,184.0,196.0,182.0,186.0,992551884.8658925
2022-11-03T05:00:00,186.0,188.0,176.0,181.0,451310660.11327505
2022-11-03T09:00:00,182.0,192.0,180.0,190.0,610857657.2808723
2022-11-03T13:00:00,190.0,194.0,185.0,186.0,405815627.5654572
2022-11-03T17:00:00,186.0,192.0,182.0,184.0,509719568.4584668
2022-11-03T21:00:00,184.0,187.0,180.0,186.0,322011982.3503817
2022-11-04T01:00:00,186.0,187.0,180.0,182.0,134973726.2805766
2022-11-04T05:00:00,182.0,184.0,173.0,175.0,339649848.84976834
2022-11-04T09:00:00,175.0,175.0,165.0,169.0,973540465.8752443
2022-11-04T13:00:00,168.0,176.0,166.0,173.0,654523876.773268
2022-11-04T17:00:00,173.0,176.0,166.0,167.0,650463961.4991031
2022-11-04T21:00:00,167.0,180.0,166.0,171.0,965587783.5168415
2022-11-05T01:00:00,172.0,176.0,170.0,175.0,227576778.20646787
2022-11-05T05:00:00,175.0,178.0,173.0,176.0,188847418.6855718
2022-11-05T09:00:00,175.0,178.0,171.0,173.0,430127356.45173883
2022-11-05T13:00:00,173.0,190.0,173.0,184.0,1094796909.7903967
2022-11-05T17:00:00,183.0,184.0,177.0,178.0,334033154.36680216
2022-11-05T21:00:00,178.0,181.0,175.0,176.0,278020845.9396706
2022-11-06T01:00:00,177.0,179.0,175.0,178.0,84693528.98245622
2022-11-06T05:00:00,177.0,178.0,172.0,174.0,145148673.17668968
2022-11-06T09:00:00,174.0,176.0,171.0,175.0,255760351.44021425
2022-11-06T13:00:00,174.0,176.0,172.0,174.0,116923455.70225884
2022-11-06T17:00:00,174.0,175.0,171.0,173.0,154568890.9455734
2022-11-06T21:00:00,172.0,178.0,171.0,174.0,304606304.9691407
2022-11-07T01:00:00,174.0,174.0,167.0,169.0,156340426.86634716
2022-11-07T05:00:00,169.0,170.0,160.0,162.0,364434571.0921996
2022-11-07T09:00:00,162.0,167.0,162.0,167.0,294124451.4930738
2022-11-07T13:00:00,167.0,167.0,159.0,160.0,277467554.3653385
2022-11-07T17:00:00,160.0,165.0,159.0,164.0,275426420.2614089
2022-11-07T21:00:00,164.0,167.0,162.0,164.0,292301656.448481
2022-11-08T01:00:00,164.0,165.0,160.0,164.0,120113222.0228759
2022-11-08T05:00:00,164.0,165.0,153.0,156.0,355014352.5326392
2022-11-08T09:00:00,156.0,159.0,144.0,146.0,636571785.2565466
2022-11-08T13:00:00,146.0,147.0,140.0,145.0,895099550.3061389
2022-11-08T17:00:00,146.0,147.0,142.0,144.0,385573527.51795983
2022-11-08T21:00:00,144.0,145.0,138.0,141.0,611921798.5727338
2022-11-09T01:00:00,141.0,158.0,121.0,127.0,2404587968.4812536
2022-11-09T05:00:00,126.0,129.0,123.0,128.0,708555180.2607378
2022-11-09T09:00:00,127.0,131.0,116.0,121.0,1214676471.2577186
2022-11-09T13:00:00,121.0,127.0,119.0,123.0,730021752.8705515
2022-11-09T17:00:00,123.0,125.0,114.0,124.0,1350224780.2661986
2022-11-09T21:00:00,124.0,133.0,121.0,123.0,2355546920.1141453
2022-11-10T01:00:00,122.0,125.0,115.0,119.0,894790696.703675
2022-11-10T05:00:00,119.0,121.0,101.0,107.0,1680717165.5413098
2022-11-10T09:00:00,108.0,117.0,105.0,115.0,1446084349.736753
2022-11-10T13:00:00,114.0,122.0,113.0,119.0,1175398841.2542892
2022-11-10T17:00:00,119.0,121.0,113.0,115.0,1199963734.1542263
2022-11-10T21:00:00,115.0,131.0,115.0,127.0,2763318778.8341265
2022-11-11T01:00:00,126.0,128.0,120.0,125.0,513719363.7834049
2022-11-11T05:00:00,125.0,128.0,124.0,127.0,333909711.84093827
2022-11-11T09:00:00,127.0,131.0,117.0,118.0,1248239102.5084221
2022-11-11T13:00:00,118.0,123.0,118.0,121.0,376767116.9018619
2022-11-11T17:00:00,121.0,123.0,120.0,122.0,277516640.0577154
2022-11-11T21:00:00,121.0,124.0,111.0,115.0,1286789692.3967927
2022-11-12T01:00:00,115.0,117.0,112.0,116.0,212460419.38971028
2022-11-12T05:00:00,116.0,119.0,113.0,118.0,169025478.07393298
2022-11-12T09:00:00,119.0,119.0,114.0,114.0,297484305.44139326
2022-11-12T13:00:00,115.0,125.0,109.0,121.0,1254433640.8396943
2022-11-12T17:00:00,122.0,132.0,117.0,129.0,1736120881.6087732
2022-11-12T21:00:00,130.0,131.0,122.0,126.0,806024897.9432614
2022-11-13T01:00:00,126.0,128.0,123.0,126.0,200631458.0978578
2022-11-13T05:00:00,125.0,128.0,121.0,123.0,280755510.7744744
2022-11-13T09:00:00,122.0,127.0,121.0,126.0,356035556.2237702
2022-11-13T13:00:00,126.0,127.0,118.0,122.0,471351479.7860378
2022-11-13T17:00:00,121.0,122.0,116.0,121.0,500270855.7170299
2022-11-13T21:00:00,120.0,123.0,119.0,120.0,426066533.497185
2022-11-14T01:00:00,119.0,120.0,117.0,119.0,144238284.47932187
2022-11-14T05:00:00,119.0,119.0,115.0,117.0,207068002.72358173
2022-11-14T09:00:00,117.0,118.0,107.0,112.0,737212061.5728981
2022-11-14T13:00:00,112.0,121.0,109.0,121.0,1034172325.4946604
2022-11-14T17:00:00,121.0,122.0,117.0,120.0,624820471.9950833
2022-11-14T21:00:00,120.0,125.0,115.0,116.0,1065477652.4837598
2022-11-15T01:00:00,116.0,117.0,114.0,115.0,124550910.05475631
2022-11-15T05:00:00,115.0,119.0,114.0,117.0,193929827.66022998
2022-11-15T09:00:00,118.0,120.0,115.0,118.0,347477334.67381954
2022-11-15T13:00:00,119.0,121.0,117.0,121.0,258943531.6379493
2022-11-15T17:00:00,120.0,121.0,117.0,119.0,272662364.06445765
2022-11-15T21:00:00,119.0,122.0,118.0,120.0,347974938.0553036
2022-11-16T01:00:00,120.0,121.0,117.0,118.0,201944961.09479722
2022-11-16T05:00:00,117.0,119.0,117.0,119.0,78690067.201947
2022-11-16T09:00:00,118.0,121.0,117.0,119.0,184624386.23972163
2022-11-16T13:00:00,119.0,124.0,118.0,121.0,506837734.9707641
2022-11-16T17:00:00,121.0,122.0,118.0,119.0,227478200.8119678
2022-11-16T21:00:00,119.0,119.0,115.0,116.0,284097386.02894646
2022-11-17T01:00:00,116.0,118.0,115.0,117.0,63624591.95885284
2022-11-17T05:00:00,117.0,119.0,116.0,118.0,68300680.91550358
2022-11-17T09:00:00,118.0,120.0,117.0,117.0,132759850.09611808
2022-11-17T13:00:00,118.0,118.0,115.0,117.0,138869502.6705223
2022-11-17T17:00:00,118.0,118.0,116.0,118.0,64580645.73770581
2022-11-17T21:00:00,118.0,118.0,114.0,115.0,238067489.56408486
2022-11-18T01:00:00,115.0,117.0,115.0,116.0,44418526.4521905
2022-11-18T05:00:00,116.0,118.0,116.0,118.0,51822412.44934227
2022-11-18T09:00:00,117.0,119.0,116.0,118.0,145968662.2061042
2022-11-18T13:00:00,118.0,118.0,117.0,118.0,53095148.50362101
2022-11-18T17:00:00,118.0,118.0,116.0,118.0,61553347.19629944
2022-11-18T21:00:00,117.0,118.0,116.0,117.0,115660616.53842169
2022-11-19T01:00:00,117.0,118.0,116.0,117.0,20669194.0793419
2022-11-19T05:00:00,116.0,118.0,116.0,117.0,51919239.17844242
2022-11-19T09:00:00,118.0,118.0,116.0,116.0,78876464.20664525
2022-11-19T13:00:00,117.0,117.0,115.0,116.0,85137029.46517
2022-11-19T17:00:00,115.0,117.0,115.0,116.0,47971871.49964739
2022-11-19T21:00:00,116.0,117.0,115.0,117.0,115921990.72901793
2022-11-20T01:00:00,117.0,117.0,116.0,117.0,15589467.34554589
2022-11-20T05:00:00,117.0,118.0,116.0,116.0,69392641.84199873
2022-11-20T09:00:00,117.0,118.0,116.0,118.0,128064375.2595953
2022-11-20T13:00:00,117.0,119.0,117.0,117.0,119365939.45126602
2022-11-20T17:00:00,117.0,118.0,113.0,114.0,269844887.7468465
2022-11-20T21:00:00,114.0,115.0,113.0,114.0,127026294.47604866
2022-11-21T01:00:00,114.0,115.0,111.0,113.0,85648377.5253252
2022-11-21T05:00:00,112.0,113.0,107.0,108.0,266112801.526216
2022-11-21T09:00:00,108.0,109.0,103.0,106.0,363323217.87410367
2022-11-21T13:00:00,106.0,108.0,105.0,106.0,137758624.70955798
2022-11-21T17:00:00,106.0,107.0,105.0,106.0,81148007.38534704
2022-11-21T21:00:00,106.0,109.0,105.0,106.0,115615344.89742774
2022-11-22T01:00:00,106.0,107.0,101.0,102.0,211113711.3712082
2022-11-22T05:00:00,103.0,106.0,102.0,104.0,146393313.13569626
2022-11-22T09:00:00,105.0,108.0,104.0,107.0,191846429.0242827
2022-11-22T13:00:00,107.0,107.0,103.0,105.0,140468835.38280466
2022-11-22T17:00:00,105.0,106.0,103.0,104.0,160109085.09433475
2022-11-22T21:00:00,105.0,111.0,104.0,109.0,351809316.51641345
2022-11-23T01:00:00,109.0,110.0,107.0,109.0,58231368.5972611
2022-11-23T05:00:00,108.0,110.0,108.0,109.0,48269723.29074458
2022-11-23T09:00:00,109.0,114.0,108.0,113.0,241240956.2607693
2022-11-23T13:00:00,113.0,116.0,112.0,114.0,266736723.21110806
2022-11-23T17:00:00,113.0,115.0,112.0,113.0,131956340.93350849
2022-11-23T21:00:00,113.0,114.0,111.0,112.0,138674644.89014524
2022-11-24T01:00:00,111.0,113.0,110.0,113.0,74815055.34443314
2022-11-24T05:00:00,113.0,114.0,111.0,113.0,48900308.62718281
2022-11-24T09:00:00,114.0,117.0,111.0,114.0,215563335.61827177
2022-11-24T13:00:00,115.0,115.0,112.0,113.0,90732547.73070514
2022-11-24T17:00:00,112.0,113.0,110.0,111.0,175000953.15164134
2022-11-24T21:00:00,110.0,112.0,110.0,112.0,123611801.71006618
2022-11-25T01:00:00,111.0,112.0,111.0,111.0,25407759.09085493
2022-11-25T05:00:00,111.0,112.0,111.0,111.0,27881705.32063212
2022-11-25T09:00:00,111.0,114.0,110.0,112.0,207095075.7926743
2022-11-25T13:00:00,112.0,113.0,111.0,113.0,95537303.4388699
2022-11-25T17:00:00,113.0,126.0,111.0,121.0,962345732.9230357
2022-11-25T21:00:00,120.0,123.0,119.0,122.0,370137863.1330916
2022-11-26T01:00:00,121.0,125.0,120.0,122.0,140218253.85620552
2022-11-26T05:00:00,122.0,124.0,121.0,122.0,108249621.40247396
2022-11-26T09:00:00,122.0,132.0,122.0,128.0,768675772.4750891
2022-11-26T13:00:00,127.0,129.0,125.0,126.0,350603842.0676001
2022-11-26T17:00:00,126.0,128.0,125.0,126.0,135836688.62850386
2022-11-26T21:00:00,126.0,130.0,124.0,125.0,349264273.0527679
2022-11-27T01:00:00,125.0,126.0,123.0,123.0,80432190.71666601
2022-11-27T05:00:00,123.0,125.0,121.0,122.0,132514905.64828587
2022-11-27T09:00:00,123.0,124.0,122.0,123.0,174008383.3393228
2022-11-27T13:00:00,123.0,135.0,122.0,133.0,988372776.0318431
2022-11-27T17:00:00,133.0,148.0,132.0,143.0,1282368531.2058268
2022-11-27T21:00:00,143.0,146.0,138.0,142.0,607049321.0020733
2022-11-28T01:00:00,141.0,144.0,140.0,143.0,138445887.77095017
2022-11-28T05:00:00,143.0,146.0,135.0,137.0,351779286.53062844
2022-11-28T09:00:00,136.0,138.0,130.0,132.0,774885773.289984
2022-11-28T13:00:00,132.0,133.0,130.0,133.0,283552766.6849316
2022-11-28T17:00:00,132.0,133.0,130.0,131.0,179367583.1988905
2022-11-28T21:00:00,131.0,132.0,128.0,129.0,293413024.8479692
2022-11-29T01:00:00,128.0,135.0,126.0,132.0,349258945.99509144
2022-11-29T05:00:00,132.0,132.0,129.0,131.0,74903699.59298234
2022-11-29T09:00:00,131.0,142.0,128.0,139.0,748645777.1523488
2022-11-29T13:00:00,138.0,144.0,138.0,140.0,455053447.4100429
2022-11-29T17:00:00,140.0,144.0,139.0,142.0,357843223.377696
2022-11-29T21:00:00,142.0,143.0,138.0,139.0,341138787.85423744
2022-11-30T01:00:00,139.0,140.0,136.0,140.0,152439720.28219086
2022-11-30T05:00:00,139.0,141.0,138.0,139.0,81990275.82201827
2022-11-30T09:00:00,138.0,149.0,137.0,145.0,884166561.0740191
2022-11-30T13:00:00,144.0,145.0,143.0,144.0,162135055.1052942
2022-11-30T17:00:00,143.0,145.0,141.0,142.0,220674340.81119886
2022-11-30T21:00:00,142.0,144.0,140.0,142.0,213259788.91564795
2022-12-01T01:00:00,141.0,143.0,135.0,141.0,321961108.72035134
2022-12-01T05:00:00,141.0,148.0,140.0,144.0,269095916.22680223
2022-12-01T09:00:00,145.0,147.0,140.0,142.0,489145384.9347324
2022-12-01T13:00:00,142.0,143.0,139.0,139.0,226023770.27741504
2022-12-01T17:00:00,139.0,141.0,138.0,141.0,137678758.63421947
2022-12-01T21:00:00,141.0,143.0,136.0,138.0,343251458.54488
2022-12-02T01:00:00,138.0,139.0,137.0,139.0,39908899.09209731
2022-12-02T05:00:00,139.0,139.0,137.0,139.0,85124331.8918638
2022-12-02T09:00:00,138.0,140.0,132.0,132.0,416983726.3988691
2022-12-02T13:00:00,132.0,134.0,130.0,134.0,386386872.53805035
2022-12-02T17:00:00,134.0,134.0,132.0,134.0,120766375.31212445
2022-12-02T21:00:00,134.0,135.0,130.0,134.0,241046168.22043437
2022-12-03T01:00:00,133.0,134.0,132.0,134.0,43037004.73890435
2022-12-03T05:00:00,134.0,138.0,133.0,137.0,76697265.54263759
2022-12-03T09:00:00,137.0,138.0,134.0,135.0,176476201.60674658
2022-12-03T13:00:00,135.0,136.0,132.0,132.0,169127261.19008464
2022-12-03T17:00:00,133.0,134.0,132.0,134.0,69462507.93888056
2022-12-03T21:00:00,134.0,139.0,133.0,136.0,178363147.35661033
2022-12-04T01:00:00,136.0,138.0,136.0,137.0,41105670.63954217
2022-12-04T05:00:00,137.0,138.0,134.0,135.0,73520960.56167315
2022-12-04T09:00:00,135.0,139.0,134.0,137.0,205711202.87743202
2022-12-04T13:00:00,136.0,142.0,136.0,139.0,327574603.62497705
2022-12-04T17:00:00,139.0,142.0,137.0,139.0,226251426.90971953
2022-12-04T21:00:00,138.0,140.0,137.0,138.0,134528708.02987364
2022-12-05T01:00:00,138.0,140.0,137.0,139.0,46035524.92673719
2022-12-05T05:00:00,139.0,141.0,139.0,140.0,83938067.32592914
2022-12-05T09:00:00,139.0,141.0,138.0,139.0,130405681.4570399
2022-12-05T13:00:00,138.0,140.0,137.0,138.0,209384642.4078082
2022-12-05T17:00:00,138.0,149.0,137.0,142.0,1044861138.1643586
2022-12-05T21:00:00,141.0,142.0,136.0,137.0,252612017.41077453
2022-12-06T01:00:00,138.0,139.0,134.0,136.0,153753449.84945956
2022-12-06T05:00:00,136.0,136.0,135.0,135.0,58004843.71693974
2022-12-06T09:00:00,135.0,137.0,135.0,136.0,114215754.76676811
2022-12-06T13:00:00,136.0,137.0,134.0,136.0,123554765.56467994
2022-12-06T17:00:00,135.0,136.0,133.0,135.0,108589476.56504017
2022-12-06T21:00:00,135.0,136.0,133.0,134.0,99672594.18235627
2022-12-07T01:00:00,134.0,135.0,131.0,132.0,76939438.513276
2022-12-07T05:00:00,133.0,135.0,132.0,134.0,60153224.75190331
2022-12-07T09:00:00,134.0,135.0,132.0,132.0,136504566.93939346
2022-12-07T13:00:00,133.0,135.0,126.0,127.0,340085382.07181466
2022-12-07T17:00:00,127.0,130.0,126.0,128.0,226797621.65558258
2022-12-07T21:00:00,128.0,130.0,128.0,129.0,84862653.35886097
2022-12-08T01:00:00,129.0,129.0,127.0,128.0,42437450.43548341
2022-12-08T05:00:00,129.0,129.0,127.0,129.0,41273543.86420561
2022-12-08T09:00:00,129.0,131.0,127.0,130.0,176050171.47744054
2022-12-08T13:00:00,130.0,131.0,128.0,130.0,88127301.152192
2022-12-08T17:00:00,130.0,130.0,127.0,129.0,103465249.58009738
2022-12-08T21:00:00,128.0,130.0,128.0,130.0,70481745.1351643
2022-12-09T01:00:00,129.0,131.0,128.0,131.0,45726382.51095873
2022-12-09T05:00:00,131.0,132.0,130.0,132.0,63322543.42112414
2022-12-09T09:00:00,131.0,132.0,130.0,131.0,63397047.21376682
2022-12-09T13:00:00,130.0,131.0,130.0,130.0,19005477.82541253
2022-12-09T17:00:00,130.0,131.0,129.0,131.0,36149226.00149757
2022-12-09T21:00:00,130.0,131.0,128.0,130.0,123384433.61245495
2022-12-10T01:00:00,129.0,130.0,128.0,130.0,33317401.18497064
2022-12-10T05:00:00,130.0,130.0,128.0,130.0,20961976.2786867
2022-12-10T09:00:00,129.0,130.0,128.0,128.0,54108689.22355937
2022-12-10T13:00:00,129.0,130.0,128.0,130.0,56158270.94636248
2022-12-10T17:00:00,130.0,130.0,128.0,130.0,33898461.47134862
2022-12-10T21:00:00,130.0,130.0,128.0,130.0,30683482.61410959
2022-12-11T01:00:00,129.0,130.0,128.0,129.0,20471177.98125648
2022-12-11T05:00:00,128.0,130.0,128.0,129.0,25165539.5159647
2022-12-11T09:00:00,128.0,129.0,128.0,129.0,35175900.8439592
2022-12-11T13:00:00,129.0,129.0,128.0,129.0,22877795.84203721
2022-12-11T17:00:00,128.0,130.0,128.0,130.0,47230776.08852965
2022-12-11T21:00:00,130.0,130.0,127.0,128.0,48567050.46602619
2022-12-12T01:00:00,128.0,129.0,127.0,128.0,33417062.67188004
2022-12-12T05:00:00,128.0,128.0,123.0,123.0,161112120.54156658
2022-12-12T09:00:00,124.0,124.0,116.0,117.0,307471059.55477023
2022-12-12T13:00:00,117.0,118.0,116.0,117.0,198621956.42736927
2022-12-12T17:00:00,118.0,119.0,116.0,118.0,109936056.55852515
2022-12-12T21:00:00,118.0,119.0,116.0,118.0,85706140.4893099
2022-12-13T01:00:00,117.0,118.0,117.0,118.0,21051168.59435175
2022-12-13T05:00:00,118.0,121.0,117.0,119.0,114612499.17971374
2022-12-13T09:00:00,120.0,122.0,118.0,119.0,125894583.55846135
2022-12-13T13:00:00,118.0,119.0,115.0,116.0,151908664.442476
2022-12-13T17:00:00,116.0,119.0,116.0,118.0,95712862.65876536
2022-12-13T21:00:00,118.0,125.0,118.0,121.0,531890195.55616236
2022-12-14T01:00:00,120.0,122.0,117.0,118.0,148594064.86805597
2022-12-14T05:00:00,118.0,120.0,118.0,119.0,73549158.20760237
2022-12-14T09:00:00,118.0,120.0,118.0,119.0,87314439.59212413
2022-12-14T13:00:00,119.0,120.0,118.0,118.0,63777611.35949658
2022-12-14T17:00:00,118.0,120.0,118.0,119.0,56222467.88151298
2022-12-14T21:00:00,119.0,121.0,118.0,119.0,128849327.7089564
2022-12-15T01:00:00,119.0,121.0,115.0,117.0,226427393.53280988
2022-12-15T05:00:00,116.0,118.0,115.0,116.0,98626162.67457189
2022-12-15T09:00:00,116.0,117.0,113.0,115.0,207571991.73796242
2022-12-15T13:00:00,115.0,115.0,114.0,115.0,41245445.11283126
2022-12-15T17:00:00,115.0,116.0,114.0,115.0,55714875.37302614
2022-12-15T21:00:00,116.0,116.0,114.0,115.0,127546897.73333733
2022-12-16T01:00:00,115.0,115.0,112.0,114.0,67383155.79786387
2022-12-16T05:00:00,114.0,114.0,111.0,113.0,97804230.59709714
2022-12-16T09:00:00,113.0,114.0,111.0,113.0,65705455.96273617
2022-12-16T13:00:00,113.0,115.0,112.0,114.0,114200062.77061132
2022-12-16T17:00:00,114.0,114.0,108.0,110.0,285769085.59550893
2022-12-16T21:00:00,110.0,110.0,107.0,109.0,120199732.48647164
2022-12-17T01:00:00,109.0,109.0,106.0,108.0,140229335.85875282
2022-12-17T05:00:00,108.0,109.0,100.0,102.0,441397644.615667
2022-12-17T09:00:00,102.0,103.0,100.0,102.0,302247846.0688562
2022-12-17T13:00:00,102.0,104.0,101.0,104.0,151196195.07357118
2022-12-17T17:00:00,104.0,104.0,102.0,103.0,71267920.67247535
2022-12-17T21:00:00,103.0,104.0,101.0,102.0,81691989.220851
2022-12-18T01:00:00,102.0,103.0,101.0,103.0,25576982.34749456
2022-12-18T05:00:00,103.0,105.0,102.0,105.0,63772953.47191038
2022-12-18T09:00:00,104.0,106.0,104.0,105.0,37277193.16301887
2022-12-18T13:00:00,105.0,106.0,104.0,106.0,62140605.85613766
2022-12-18T17:00:00,105.0,106.0,103.0,104.0,94368145.47972277
2022-12-18T21:00:00,103.0,105.0,103.0,104.0,44005279.46888239
2022-12-19T01:00:00,103.0,106.0,103.0,105.0,76639257.47069792
2022-12-19T05:00:00,104.0,106.0,104.0,104.0,32681955.54196631
2022-12-19T09:00:00,105.0,105.0,101.0,103.0,119401212.999884
2022-12-19T13:00:00,102.0,103.0,102.0,102.0,41329259.44045234
2022-12-19T17:00:00,102.0,103.0,101.0,102.0,50255003.66666709
2022-12-19T21:00:00,102.0,103.0,100.0,100.0,83620137.09267846
2022-12-20T01:00:00,100.0,101.0,94.4,95.3,313876327.2733227
2022-12-20T05:00:00,95.3,96.0,92.0,94.2,339721084.5399003
2022-12-20T09:00:00,94.2,98.8,93.5,97.0,326310423.95039403
2022-12-20T13:00:00,97.0,98.9,96.6,97.0,168954854.28095448
2022-12-20T17:00:00,97.0,97.5,96.2,97.2,111617254.8611385
2022-12-20T21:00:00,97.3,98.5,95.6,97.3,176900795.00565788
2022-12-21T01:00:00,97.3,97.4,96.2,97.0,52248619.54957515
2022-12-21T05:00:00,97.0,97.8,96.6,97.4,50356025.54616551
2022-12-21T09:00:00,97.4,97.7,94.9,95.5,142450069.92676446
2022-12-21T13:00:00,95.5,95.5,93.1,94.7,170307592.41539192
2022-12-21T17:00:00,94.6,96.2,94.2,95.9,108239086.43367492
2022-12-21T21:00:00,96.0,96.4,95.2,95.9,58373391.87638921
2022-12-22T01:00:00,95.9,95.9,94.7,95.2,24718137.41604864
2022-12-22T05:00:00,95.2,96.2,95.1,96.2,24421222.54804737
2022-12-22T09:00:00,96.1,96.7,95.5,95.8,62615660.35331199
2022-12-22T13:00:00,95.8,96.0,94.9,95.6,45830713.1076197
2022-12-22T17:00:00,95.5,101.0,95.1,99.9,358826888.2229052
2022-12-22T21:00:00,99.8,103.0,96.7,97.4,579395228.0056163
2022-12-23T01:00:00,97.4,98.8,97.0,98.7,69058326.68730924
2022-12-23T05:00:00,98.6,101.0,98.3,100.0,122368215.4926177
2022-12-23T09:00:00,100.0,102.0,99.3,102.0,190946569.38434324
2022-12-23T13:00:00,101.0,103.0,101.0,102.0,81765528.44425169
2022-12-23T17:00:00,101.0,102.0,100.0,101.0,97519011.84836273
2022-12-23T21:00:00,101.0,102.0,100.0,100.0,76408176.83997259
2022-12-24T01:00:00,100.0,101.0,100.0,101.0,9184605.27741323
2022-12-24T05:00:00,100.0,101.0,100.0,101.0,17028216.04142207
2022-12-24T09:00:00,100.0,101.0,100.0,100.0,19569756.52834809
2022-12-24T13:00:00,100.0,101.0,100.0,101.0,20830591.85779264
2022-12-24T17:00:00,101.0,102.0,100.0,101.0,56614272.68763233
2022-12-24T21:00:00,101.0,102.0,100.0,101.0,23039884.31921501
2022-12-25T01:00:00,101.0,102.0,100.0,101.0,9492680.94700104
2022-12-25T05:00:00,102.0,102.0,100.0,100.0,35769217.96678957
2022-12-25T09:00:00,101.0,102.0,100.0,100.0,23457982.35255114
2022-12-25T13:00:00,101.0,101.0,99.8,99.9,85917145.06123091
2022-12-25T17:00:00,99.9,101.0,98.8,99.2,139004473.46609658
2022-12-25T21:00:00,99.2,99.8,95.2,97.3,157788356.13310078
2022-12-26T01:00:00,97.3,100.0,96.1,98.4,94303315.49155802
2022-12-26T05:00:00,98.4,98.9,97.6,98.6,44099469.91154154
2022-12-26T09:00:00,98.6,99.0,97.4,98.4,99701749.08225638
2022-12-26T13:00:00,98.4,98.6,96.8,97.1,68361283.67171665
2022-12-26T17:00:00,97.1,97.7,96.4,97.4,59980795.54422088
2022-12-26T21:00:00,97.4,97.6,96.8,97.3,50040531.60281593
2022-12-27T01:00:00,97.3,97.5,96.6,96.7,25712036.55203678
2022-12-27T05:00:00,96.8,97.4,95.7,97.1,87826073.47354122
2022-12-27T09:00:00,97.2,97.8,95.4,95.8,85506068.26561168
2022-12-27T13:00:00,95.7,96.1,95.5,95.6,55439714.96481657
2022-12-27T17:00:00,95.7,96.2,95.4,95.8,66736739.66181024
2022-12-27T21:00:00,95.8,95.9,94.2,94.7,90031195.53774896
2022-12-28T01:00:00,94.7,94.8,93.0,93.7,64742330.22781769
2022-12-28T05:00:00,93.7,94.3,93.3,94.1,49588132.68480221
2022-12-28T09:00:00,94.1,94.4,90.1,91.4,239371387.21105498
2022-12-28T13:00:00,91.4,91.7,88.3,90.5,192732176.12367296
2022-12-28T17:00:00,90.5,91.1,89.9,90.6,53929509.97687463
2022-12-28T21:00:00,90.6,92.5,89.9,90.8,130975044.9953659
2022-12-29T01:00:00,90.8,91.3,90.2,90.7,28848987.23388511
2022-12-29T05:00:00,90.7,91.1,89.0,89.7,57143000.8244762
2022-12-29T09:00:00,89.7,90.3,88.5,89.5,130666502.92547245
2022-12-29T13:00:00,89.5,90.4,89.0,90.2,61693208.98016015
2022-12-29T17:00:00,90.3,90.7,89.3,90.6,69455571.35235524
2022-12-29T21:00:00,90.6,91.4,90.0,90.8,70151815.48985314
2022-12-30T01:00:00,90.8,91.1,89.9,90.3,23776020.0028443
2022-12-30T05:00:00,90.3,91.1,88.5,90.3,75495244.59031329
2022-12-30T09:00:00,90.4,91.0,89.2,89.8,72876945.20127878
2022-12-30T13:00:00,89.8,89.9,84.7,85.7,227832914.55246505
2022-12-30T17:00:00,85.8,86.8,85.6,85.9,78212682.97573814
2022-12-30T21:00:00,85.9,86.2,84.0,85.8,181421237.71665686
2022-12-31T01:00:00,85.8,86.9,85.6,86.7,34285636.36138849
2022-12-31T05:00:00,86.7,87.3,86.0,86.9,36262418.73987123
2022-12-31T09:00:00,87.0,87.4,86.1,86.8,66961464.46392951
2022-12-31T13:00:00,86.8,89.1,86.3,87.9,76052217.65087748
2022-12-31T17:00:00,87.9,89.9,87.7,89.6,117330054.16399571
2022-12-31T21:00:00,89.5,90.7,88.7,89.8,114623152.99197882
2023-01-01T01:00:00,89.7,89.9,89.1,89.1,15742083.52048175
2023-01-01T05:00:00,89.2,90.0,89.0,89.4,22350387.59889614
2023-01-01T09:00:00,89.3,89.8,88.4,89.2,50623648.64760572
2023-01-01T13:00:00,89.1,89.2,88.1,88.6,43889685.34543131
2023-01-01T17:00:00,88.6,89.0,88.3,88.7,21409477.0480623
2023-01-01T21:00:00,88.6,89.1,88.4,88.9,24236469.72705922
2023-01-02T01:00:00,88.9,90.2,88.7,89.4,15791456.44384395
2023-01-02T05:00:00,89.4,90.1,88.9,89.3,21428771.75597523
2023-01-02T09:00:00,89.2,89.4,87.7,89.4,80868248.94462155
2023-01-02T13:00:00,89.3,93.6,89.0,91.6,123008579.20052312
2023-01-02T17:00:00,91.6,92.5,90.9,91.5,93218382.3354375
2023-01-02T21:00:00,91.4,92.5,91.2,92.2,52047496.83165901
2023-01-03T01:00:00,92.2,92.4,91.6,91.9,23018349.29899772
2023-01-03T05:00:00,91.9,92.3,90.6,90.8,48502565.85808475
2023-01-03T09:00:00,90.8,91.7,90.5,91.4,77258081.09122397
2023-01-03T13:00:00,91.3,92.1,91.0,91.8,41743807.02016673
2023-01-03T17:00:00,91.9,92.2,91.4,91.5,52210256.67271679
2023-01-03T21:00:00,91.5,92.0,90.4,91.1,88545833.50325586
2023-01-04T01:00:00,91.0,91.2,88.7,89.8,80981377.40957151
2023-01-04T05:00:00,89.8,90.4,89.6,90.2,35612325.96496171
2023-01-04T09:00:00,90.2,93.2,89.8,93.1,137664303.53239682
2023-01-04T13:00:00,93.1,93.5,92.0,92.7,93320176.07007614
2023-01-04T17:00:00,92.7,93.1,92.0,92.1,53966882.90402252
2023-01-04T21:00:00,92.1,92.7,91.6,92.6,60994870.87063897
2023-01-05T01:00:00,92.5,93.7,92.2,92.5,65626306.70181257
2023-01-05T05:00:00,92.5,94.2,91.7,93.7,47469696.06442863
2023-01-05T09:00:00,93.7,95.5,92.7,93.3,137903549.7319545
2023-01-05T13:00:00,93.3,96.4,93.2,94.7,169953566.88304326
2023-01-05T17:00:00,94.7,94.9,92.6,93.9,93993545.16333294
2023-01-05T21:00:00,93.8,93.9,92.0,92.8,76526287.91447449
2023-01-06T01:00:00,92.7,93.2,92.2,93.0,19413701.61545646
2023-01-06T05:00:00,93.0,93.3,90.9,91.8,61228835.51017973
2023-01-06T09:00:00,91.8,92.4,90.9,91.0,75359160.74539854
2023-01-06T13:00:00,91.0,91.1,89.6,90.3,97112546.65928073
2023-01-06T17:00:00,90.3,90.6,88.9,89.8,59959019.39769897
2023-01-06T21:00:00,89.8,91.0,89.3,90.9,68484314.44059876
2023-01-07T01:00:00,90.9,92.1,90.7,92.1,47960847.33633489
2023-01-07T05:00:00,92.1,92.2,91.2,91.9,38117548.96273086
2023-01-07T09:00:00,92.0,92.8,91.5,91.9,57006694.37601031
2023-01-07T13:00:00,91.8,92.3,91.5,92.2,28785802.73490492
2023-01-07T17:00:00,92.2,92.3,91.5,91.7,33018135.90455709
2023-01-07T21:00:00,91.6,92.0,91.3,91.9,32585212.2307553
2023-01-08T01:00:00,91.8,92.1,91.5,91.8,10177748.49788558
2023-01-08T05:00:00,91.8,92.1,91.6,91.9,7913798.39341558
2023-01-08T09:00:00,91.9,92.0,90.7,91.4,39276873.79674253
2023-01-08T13:00:00,91.4,91.7,91.2,91.5,16661976.46015015
2023-01-08T17:00:00,91.4,91.6,91.1,91.4,21633975.97656359
2023-01-08T21:00:00,91.3,92.4,91.2,92.2,30890319.12414361
2023-01-09T01:00:00,92.2,92.4,91.3,91.6,15678604.73148788
2023-01-09T05:00:00,91.5,93.5,91.5,93.3,58853236.21527576
2023-01-09T09:00:00,93.3,95.5,92.5,94.6,194920906.5958279
2023-01-09T13:00:00,94.6,95.9,93.9,94.4,104838148.70120385
2023-01-09T17:00:00,94.3,99.9,94.1,98.5,381547287.9492945
2023-01-09T21:00:00,98.5,99.5,96.5,98.3,343634828.7402161
2023-01-10T01:00:00,98.3,99.7,96.5,96.7,121331941.1692017
2023-01-10T05:00:00,96.8,97.1,94.7,95.4,114520784.08725762
2023-01-10T09:00:00,95.3,97.6,93.1,95.2,168478731.9809211
2023-01-10T13:00:00,95.2,95.9,94.6,95.5,61450151.00795703
2023-01-10T17:00:00,95.5,97.8,95.4,96.9,118204903.91212577
2023-01-10T21:00:00,96.9,97.0,95.3,96.7,129893080.8411937
2023-01-11T01:00:00,96.7,97.0,95.6,97.0,26327993.08637896
2023-01-11T05:00:00,97.0,98.0,96.5,97.9,69247688.77294259
2023-01-11T09:00:00,97.9,98.9,96.3,96.7,136514579.0455652
2023-01-11T13:00:00,96.7,97.2,95.9,97.0,77741929.38913931
2023-01-11T17:00:00,96.9,97.3,96.4,96.5,47269380.84199292
2023-01-11T21:00:00,96.6,96.7,94.5,94.8,128401879.44044976
2023-01-12T01:00:00,94.8,97.2,94.6,96.9,50259665.56341216
2023-01-12T05:00:00,97.0,98.1,95.8,98.0,111411544.7088602
2023-01-12T09:00:00,98.0,102.0,97.2,101.0,313318556.9291806
2023-01-12T13:00:00,100.0,101.0,98.5,99.1,151331202.98338157
2023-01-12T17:00:00,99.0,99.1,97.5,98.4,102184560.12875348
2023-01-12T21:00:00,98.4,99.3,96.1,97.1,370043076.26603556
2023-01-13T01:00:00,97.1,101.0,96.7,99.9,175614500.38846368
2023-01-13T05:00:00,99.9,101.0,99.5,100.0,90490460.7264057
2023-01-13T09:00:00,100.0,102.0,99.2,101.0,241248829.3610053
2023-01-13T13:00:00,101.0,102.0,100.0,100.0,137351044.5569744
2023-01-13T17:00:00,100.0,102.0,100.0,101.0,124103658.6145246
2023-01-13T21:00:00,100.0,101.0,99.1,101.0,157851736.8079891
2023-01-14T01:00:00,100.0,101.0,99.7,100.0,37873164.46306875
2023-01-14T05:00:00,100.0,106.0,100.0,105.0,272885595.47864443
2023-01-14T09:00:00,105.0,111.0,104.0,108.0,550864996.3019719
2023-01-14T13:00:00,108.0,112.0,107.0,110.0,258557197.2086257
2023-01-14T17:00:00,110.0,114.0,103.0,106.0,644634612.2810453
2023-01-14T21:00:00,106.0,109.0,106.0,107.0,251053229.6931758
2023-01-15T01:00:00,107.0,108.0,106.0,106.0,48057466.24783387
2023-01-15T05:00:00,106.0,109.0,106.0,107.0,134379025.84990868
2023-01-15T09:00:00,107.0,109.0,103.0,105.0,299396136.0193904
2023-01-15T13:00:00,105.0,106.0,103.0,104.0,109502989.88881393
2023-01-15T17:00:00,105.0,105.0,102.0,104.0,101558057.67998308
2023-01-15T21:00:00,105.0,107.0,104.0,106.0,112701516.29513241
2023-01-16T01:00:00,106.0,107.0,104.0,105.0,56301534.15649237
2023-01-16T05:00:00,105.0,108.0,105.0,106.0,73922184.35427679
2023-01-16T09:00:00,106.0,110.0,105.0,108.0,218492202.7919857
2023-01-16T13:00:00,108.0,108.0,106.0,106.0,76974213.74085139
2023-01-16T17:00:00,107.0,107.0,103.0,104.0,148354706.71954766
2023-01-16T21:00:00,104.0,106.0,102.0,105.0,131497013.86770467
2023-01-17T01:00:00,105.0,106.0,103.0,106.0,71537181.22230506
2023-01-17T05:00:00,105.0,106.0,104.0,104.0,47612228.49140011
2023-01-17T09:00:00,105.0,105.0,102.0,103.0,120830497.94032924
2023-01-17T13:00:00,103.0,105.0,103.0,104.0,89317054.01976041
2023-01-17T17:00:00,104.0,105.0,103.0,105.0,53214825.54375092
2023-01-17T21:00:00,104.0,106.0,103.0,104.0,126233127.16780926
2023-01-18T01:00:00,104.0,105.0,103.0,104.0,19236859.33401772
2023-01-18T05:00:00,105.0,105.0,103.0,103.0,39668505.91849107
2023-01-18T09:00:00,104.0,110.0,103.0,108.0,460064096.3431621
2023-01-18T13:00:00,108.0,112.0,107.0,108.0,441420529.13210493
2023-01-18T17:00:00,108.0,109.0,105.0,107.0,165863165.41856357
2023-01-18T21:00:00,107.0,111.0,104.0,105.0,285299251.3857949
2023-01-19T01:00:00,106.0,106.0,99.2,103.0,451536660.6570169
2023-01-19T05:00:00,103.0,103.0,99.5,99.7,215877306.7812177
2023-01-19T09:00:00,99.7,102.0,99.6,101.0,123616729.74856897
2023-01-19T13:00:00,101.0,102.0,100.0,100.0,70314306.64941385
2023-01-19T17:00:00,101.0,102.0,100.0,100.0,91147926.77673946
2023-01-19T21:00:00,101.0,102.0,100.0,102.0,77956948.27979878
2023-01-20T01:00:00,101.0,102.0,100.0,102.0,44834445.93780349
2023-01-20T05:00:00,102.0,102.0,101.0,101.0,21844769.53664691
2023-01-20T09:00:00,101.0,102.0,101.0,101.0,63662006.6055476
2023-01-20T13:00:00,102.0,103.0,100.0,101.0,105234861.51625542
2023-01-20T17:00:00,101.0,102.0,100.0,101.0,44767623.36622549
2023-01-20T21:00:00,101.0,102.0,101.0,102.0,32083486.75128826
2023-01-21T01:00:00,102.0,104.0,101.0,103.0,75634311.81593397
2023-01-21T05:00:00,103.0,108.0,103.0,106.0,212299870.99632135
2023-01-21T09:00:00,106.0,108.0,105.0,107.0,137620281.52375248
2023-01-21T13:00:00,106.0,109.0,106.0,108.0,78384440.9522249
2023-01-21T17:00:00,107.0,111.0,106.0,108.0,287818092.86226773
2023-01-21T21:00:00,108.0,109.0,107.0,107.0,115759111.96212466
2023-01-22T01:00:00,107.0,109.0,107.0,108.0,45819011.45356206
2023-01-22T05:00:00,109.0,109.0,105.0,106.0,79319860.75334261
2023-01-22T09:00:00,106.0,107.0,105.0,106.0,72371514.32716508
2023-01-22T13:00:00,106.0,108.0,106.0,108.0,75097276.9024365
2023-01-22T17:00:00,108.0,108.0,106.0,107.0,63300033.6758749
2023-01-22T21:00:00,107.0,110.0,106.0,108.0,160001552.1655947
2023-01-23T01:00:00,108.0,116.0,107.0,112.0,471577348.5152072
2023-01-23T05:00:00,111.0,112.0,108.0,110.0,179009303.54219422
2023-01-23T09:00:00,110.0,114.0,109.0,112.0,220352781.91174254
2023-01-23T13:00:00,112.0,114.0,111.0,112.0,86115536.64055197
2023-01-23T17:00:00,111.0,113.0,110.0,112.0,134833155.1919008
2023-01-23T21:00:00,112.0,113.0,108.0,111.0,217967841.77997842
2023-01-24T01:00:00,110.0,112.0,109.0,110.0,82590216.7790411
2023-01-24T05:00:00,110.0,111.0,109.0,110.0,34489232.59179872
2023-01-24T09:00:00,110.0,114.0,110.0,113.0,207769634.18706986
2023-01-24T13:00:00,114.0,114.0,111.0,112.0,110969387.58574568
2023-01-24T17:00:00,112.0,113.0,110.0,111.0,131070412.70613375
2023-01-24T21:00:00,111.0,112.0,110.0,111.0,86786392.13810404
2023-01-25T01:00:00,110.0,112.0,109.0,111.0,49504319.25638562
2023-01-25T05:00:00,110.0,111.0,104.0,106.0,261316399.8893171
2023-01-25T09:00:00,106.0,106.0,103.0,106.0,222140908.33674124
2023-01-25T13:00:00,106.0,107.0,105.0,106.0,103920986.85886194
2023-01-25T17:00:00,106.0,107.0,104.0,104.0,57971464.53997269
2023-01-25T21:00:00,104.0,107.0,104.0,105.0,146311628.58532175
2023-01-26T01:00:00,105.0,107.0,104.0,106.0,74752602.90652943
2023-01-26T05:00:00,107.0,110.0,106.0,107.0,222263691.57149976
2023-01-26T09:00:00,107.0,109.0,107.0,107.0,112465727.6369453
2023-01-26T13:00:00,107.0,109.0,107.0,107.0,125171798.84304038
2023-01-26T17:00:00,107.0,108.0,106.0,107.0,68531927.81381626
2023-01-26T21:00:00,107.0,110.0,106.0,107.0,300910137.2758905
2023-01-27T01:00:00,107.0,109.0,107.0,109.0,51657289.2377193
2023-01-27T05:00:00,108.0,109.0,107.0,108.0,37291706.37430146
2023-01-27T09:00:00,109.0,109.0,105.0,106.0,176972295.9650008
2023-01-27T13:00:00,106.0,108.0,106.0,108.0,61908252.90688607
2023-01-27T17:00:00,108.0,108.0,106.0,108.0,81973290.80138001
2023-01-27T21:00:00,107.0,108.0,106.0,108.0,94100126.77674395
2023-01-28T01:00:00,108.0,110.0,107.0,109.0,52211505.24803202
2023-01-28T05:00:00,109.0,110.0,108.0,109.0,55583180.44901672
2023-01-28T09:00:00,109.0,111.0,109.0,111.0,137299121.8799731
2023-01-28T13:00:00,110.0,118.0,110.0,113.0,613936806.5394535
2023-01-28T17:00:00,113.0,114.0,111.0,113.0,136705982.09689796
2023-01-28T21:00:00,112.0,113.0,109.0,111.0,212329663.4486911
2023-01-29T01:00:00,111.0,112.0,110.0,112.0,31629887.81578178
2023-01-29T05:00:00,111.0,112.0,110.0,110.0,28189895.3456685
2023-01-29T09:00:00,110.0,113.0,110.0,113.0,112722966.24675657
2023-01-29T13:00:00,112.0,113.0,111.0,112.0,24122163.88955026
2023-01-29T17:00:00,112.0,114.0,111.0,113.0,117678967.03207576
2023-01-29T21:00:00,113.0,113.0,111.0,112.0,94696487.79847518
2023-01-30T01:00:00,112.0,114.0,111.0,113.0,85433543.07610571
2023-01-30T05:00:00,113.0,114.0,112.0,113.0,22043839.74060536
2023-01-30T09:00:00,112.0,114.0,111.0,112.0,95573579.6961778
2023-01-30T13:00:00,111.0,112.0,110.0,111.0,62989947.58408166
2023-01-30T17:00:00,111.0,111.0,106.0,107.0,317784432.19972384
2023-01-30T21:00:00,107.0,110.0,107.0,108.0,84099559.29921623
2023-01-31T01:00:00,109.0,116.0,107.0,109.0,295964756.4474363
2023-01-31T05:00:00,109.0,112.0,107.0,111.0,123853053.89272065
2023-01-31T09:00:00,110.0,119.0,110.0,115.0,666848824.8680525
2023-01-31T13:00:00,115.0,120.0,114.0,119.0,423051735.50193584
2023-01-31T17:00:00,119.0,120.0,114.0,115.0,385605487.99407387
2023-01-31T21:00:00,115.0,118.0,115.0,116.0,187650154.2585268
2023-02-01T01:00:00,116.0,122.0,116.0,121.0,354449206.19980294
2023-02-01T05:00:00,121.0,122.0,117.0,121.0,139835625.78224844
2023-02-01T09:00:00,120.0,122.0,116.0,116.0,223174642.52827263
2023-02-01T13:00:00,116.0,117.0,114.0,115.0,191370591.74375933
2023-02-01T17:00:00,115.0,116.0,114.0,115.0,142085073.03023827
2023-02-01T21:00:00,115.0,116.0,111.0,112.0,303037672.12455964
2023-02-02T01:00:00,112.0,117.0,111.0,116.0,294888310.4643864
2023-02-02T05:00:00,115.0,119.0,115.0,117.0,210356856.98100713
2023-02-02T09:00:00,117.0,120.0,116.0,117.0,218105651.79100823
2023-02-02T13:00:00,117.0,118.0,116.0,117.0,93889814.92613195
2023-02-02T17:00:00,116.0,118.0,116.0,117.0,75838435.67848098
2023-02-02T21:00:00,117.0,118.0,115.0,117.0,193920671.0753336
2023-02-03T01:00:00,116.0,118.0,116.0,116.0,143034401.5264723
2023-02-03T05:00:00,116.0,117.0,114.0,114.0,108125014.43559948
2023-02-03T09:00:00,114.0,115.0,113.0,115.0,102747853.48824237
2023-02-03T13:00:00,115.0,116.0,114.0,115.0,73708088.22216772
2023-02-03T17:00:00,115.0,116.0,114.0,115.0,53422154.2335244
2023-02-03T21:00:00,116.0,116.0,114.0,116.0,71080577.59002437
2023-02-04T01:00:00,116.0,117.0,115.0,116.0,51844446.62069859
2023-02-04T05:00:00,116.0,117.0,115.0,116.0,54403754.65229342
2023-02-04T09:00:00,116.0,120.0,115.0,118.0,376425129.69180596
2023-02-04T13:00:00,118.0,119.0,117.0,118.0,59704844.49056818
2023-02-04T17:00:00,117.0,120.0,117.0,119.0,98904369.7311122
2023-02-04T21:00:00,119.0,120.0,118.0,118.0,124234653.11223373
2023-02-05T01:00:00,118.0,125.0,117.0,122.0,372409726.78999007
2023-02-05T05:00:00,122.0,124.0,120.0,120.0,91226436.94781493
2023-02-05T09:00:00,120.0,121.0,118.0,120.0,138423907.95472935
2023-02-05T13:00:00,119.0,121.0,119.0,121.0,72540269.30092901
2023-02-05T17:00:00,120.0,122.0,119.0,120.0,100818354.4961731
2023-02-05T21:00:00,119.0,120.0,115.0,115.0,283951166.42304
2023-02-06T01:00:00,116.0,117.0,115.0,116.0,77903029.40090333
2023-02-06T05:00:00,116.0,117.0,115.0,117.0,23519657.60349164
2023-02-06T09:00:00,117.0,118.0,115.0,116.0,82565059.73867804
2023-02-06T13:00:00,115.0,118.0,115.0,118.0,88413283.82320614
2023-02-06T17:00:00,118.0,118.0,116.0,118.0,66636705.72763501
2023-02-06T21:00:00,118.0,118.0,115.0,117.0,94968575.64639615
2023-02-07T01:00:00,117.0,118.0,116.0,117.0,32212075.1457839
2023-02-07T05:00:00,117.0,117.0,114.0,115.0,87094360.76405644
2023-02-07T09:00:00,116.0,116.0,114.0,115.0,70980814.21779527
2023-02-07T13:00:00,116.0,116.0,115.0,115.0,31773175.48558799
2023-02-07T17:00:00,115.0,117.0,115.0,116.0,47451413.59523848
2023-02-07T21:00:00,117.0,117.0,115.0,115.0,37192341.19119979
2023-02-08T01:00:00,116.0,117.0,114.0,116.0,66992048.82903629
2023-02-08T05:00:00,116.0,118.0,115.0,117.0,60931547.28729409
2023-02-08T09:00:00,117.0,118.0,116.0,117.0,59766929.61557385
2023-02-08T13:00:00,116.0,118.0,116.0,117.0,28040118.71941704
2023-02-08T17:00:00,116.0,117.0,116.0,117.0,18778588.51100086
2023-02-08T21:00:00,117.0,117.0,115.0,115.0,54492615.85267833
2023-02-09T01:00:00,115.0,116.0,113.0,115.0,85291894.39241447
2023-02-09T05:00:00,115.0,116.0,114.0,115.0,35135911.40974064
2023-02-09T09:00:00,115.0,116.0,110.0,111.0,193062052.6221969
2023-02-09T13:00:00,111.0,113.0,110.0,113.0,70995827.207727
2023-02-09T17:00:00,113.0,114.0,112.0,113.0,43742601.06133642
2023-02-09T21:00:00,112.0,113.0,111.0,112.0,73403073.38101692
2023-02-10T01:00:00,112.0,113.0,107.0,109.0,155044607.0141684
2023-02-10T05:00:00,109.0,109.0,104.0,106.0,179139044.64259535
2023-02-10T09:00:00,106.0,107.0,104.0,105.0,115061731.19686902
2023-02-10T13:00:00,105.0,106.0,104.0,106.0,64599267.47912671
2023-02-10T17:00:00,106.0,107.0,105.0,105.0,71652933.95502008
2023-02-10T21:00:00,106.0,107.0,105.0,105.0,43468565.9102539
2023-02-11T01:00:00,105.0,107.0,104.0,106.0,42449225.81189007
2023-02-11T05:00:00,106.0,107.0,104.0,105.0,65890914.89598642
2023-02-11T09:00:00,105.0,107.0,105.0,106.0,55755020.31267428
2023-02-11T13:00:00,107.0,107.0,105.0,107.0,34936829.10810569
2023-02-11T17:00:00,107.0,107.0,105.0,106.0,13470728.54585389
2023-02-11T21:00:00,106.0,107.0,105.0,106.0,23398273.74195982
2023-02-12T01:00:00,106.0,107.0,105.0,107.0,22126444.32324082
2023-02-12T05:00:00,106.0,107.0,106.0,107.0,6721420.13202334
2023-02-12T09:00:00,106.0,107.0,106.0,106.0,12092247.63234955
2023-02-12T13:00:00,106.0,107.0,105.0,105.0,21320970.30245565
2023-02-12T17:00:00,105.0,111.0,105.0,109.0,247640154.54323813
2023-02-12T21:00:00,110.0,110.0,108.0,109.0,64726229.10717314
2023-02-13T01:00:00,108.0,109.0,108.0,108.0,20831510.69625595
2023-02-13T05:00:00,108.0,109.0,106.0,106.0,68421123.64772761
2023-02-13T09:00:00,107.0,107.0,104.0,106.0,112523687.76426882
2023-02-13T13:00:00,106.0,113.0,106.0,108.0,313986165.6616439
2023-02-13T17:00:00,108.0,109.0,103.0,106.0,212611088.57630125
2023-02-13T21:00:00,105.0,107.0,105.0,105.0,64918205.69072266
2023-02-14T01:00:00,105.0,106.0,104.0,106.0,57548815.06186305
2023-02-14T05:00:00,106.0,108.0,105.0,107.0,42729368.45549577
2023-02-14T09:00:00,107.0,107.0,105.0,105.0,48091819.98042699
2023-02-14T13:00:00,105.0,106.0,105.0,106.0,13492001.42884863
2023-02-14T17:00:00,106.0,106.0,105.0,106.0,13299933.33915172
2023-02-14T21:00:00,106.0,109.0,103.0,107.0,349146630.4631447
2023-02-15T01:00:00,106.0,108.0,106.0,107.0,41986408.89133296
2023-02-15T05:00:00,108.0,109.0,107.0,109.0,46274611.71613221
2023-02-15T09:00:00,108.0,114.0,107.0,110.0,350716502.6346595
2023-02-15T13:00:00,110.0,114.0,110.0,111.0,210291603.02360088
2023-02-15T17:00:00,111.0,113.0,111.0,113.0,100196208.52946194
2023-02-15T21:00:00,112.0,113.0,111.0,111.0,94354410.9782348
2023-02-16T01:00:00,111.0,114.0,111.0,113.0,43606687.35447453
2023-02-16T05:00:00,113.0,115.0,112.0,114.0,116464551.60364544
2023-02-16T09:00:00,114.0,117.0,114.0,115.0,158285433.13295558
2023-02-16T13:00:00,115.0,116.0,113.0,113.0,101212948.4764725
2023-02-16T17:00:00,113.0,115.0,113.0,114.0,60823315.226573
2023-02-16T21:00:00,113.0,115.0,111.0,115.0,136495674.0017869
2023-02-17T01:00:00,115.0,118.0,113.0,115.0,207051146.00448525
2023-02-17T05:00:00,114.0,115.0,109.0,109.0,186927449.37986192
2023-02-17T09:00:00,109.0,113.0,109.0,112.0,98412577.82945505
2023-02-17T13:00:00,112.0,113.0,111.0,113.0,33911607.52299856
2023-02-17T17:00:00,112.0,113.0,111.0,113.0,30018308.80866379
2023-02-17T21:00:00,113.0,113.0,111.0,113.0,46285140.63267409
2023-02-18T01:00:00,113.0,114.0,111.0,113.0,58719435.70525694
2023-02-18T05:00:00,113.0,114.0,112.0,113.0,68769340.27168305
2023-02-18T09:00:00,112.0,114.0,112.0,113.0,35275420.90834145
2023-02-18T13:00:00,113.0,114.0,113.0,113.0,25538909.12616248
2023-02-18T17:00:00,113.0,114.0,112.0,113.0,60564501.49158559
2023-02-18T21:00:00,112.0,114.0,112.0,113.0,68467245.53486139
2023-02-19T01:00:00,113.0,117.0,113.0,114.0,131022448.37044054
2023-02-19T05:00:00,114.0,116.0,113.0,114.0,37842293.47539796
2023-02-19T09:00:00,115.0,115.0,114.0,115.0,18781949.98463514
2023-02-19T13:00:00,114.0,115.0,113.0,114.0,38425748.33548621
2023-02-19T17:00:00,114.0,115.0,113.0,115.0,49343420.02706382
2023-02-19T21:00:00,114.0,116.0,114.0,115.0,65865535.0299927
2023-02-20T01:00:00,114.0,116.0,112.0,112.0,114283353.82702798
2023-02-20T05:00:00,112.0,113.0,112.0,112.0,41749416.24697236
2023-02-20T09:00:00,112.0,114.0,111.0,114.0,81853651.42574164
2023-02-20T13:00:00,114.0,114.0,112.0,113.0,36662670.08900433
2023-02-20T17:00:00,113.0,114.0,112.0,113.0,55306878.03218679
2023-02-20T21:00:00,113.0,114.0,113.0,113.0,68941891.35367817
2023-02-21T01:00:00,114.0,114.0,112.0,113.0,69357120.89083014
2023-02-21T05:00:00,113.0,114.0,112.0,113.0,43080751.63327265
2023-02-21T09:00:00,113.0,114.0,113.0,114.0,44159757.75118092
2023-02-21T13:00:00,113.0,114.0,113.0,114.0,21893782.65830744
2023-02-21T17:00:00,114.0,115.0,112.0,113.0,132513910.0376538
2023-02-21T21:00:00,112.0,113.0,111.0,112.0,153444397.1458712
2023-02-22T01:00:00,112.0,113.0,111.0,112.0,30028478.16908028
2023-02-22T05:00:00,112.0,113.0,110.0,111.0,72419811.54592381
2023-02-22T09:00:00,111.0,112.0,109.0,111.0,105832581.74662466
2023-02-22T13:00:00,111.0,111.0,109.0,109.0,52420427.34637834
2023-02-22T17:00:00,109.0,114.0,108.0,111.0,400938385.346063
2023-02-22T21:00:00,111.0,113.0,108.0,109.0,146483037.44655928
2023-02-23T01:00:00,110.0,111.0,109.0,111.0,34786340.16891568
2023-02-23T05:00:00,111.0,112.0,110.0,111.0,42812336.37678918
2023-02-23T09:00:00,112.0,113.0,111.0,112.0,66677935.57778075
2023-02-23T13:00:00,111.0,113.0,111.0,111.0,37451145.53323038
2023-02-23T17:00:00,111.0,112.0,109.0,111.0,72888948.7301238
2023-02-23T21:00:00,111.0,112.0,109.0,111.0,47535219.99558867
2023-02-24T01:00:00,110.0,111.0,110.0,111.0,12412993.7760005
2023-02-24T05:00:00,110.0,111.0,110.0,110.0,16595911.0697791
2023-02-24T09:00:00,111.0,111.0,110.0,111.0,22693760.20373446
2023-02-24T13:00:00,111.0,111.0,109.0,111.0,36642509.16740103
2023-02-24T17:00:00,111.0,111.0,109.0,111.0,33331948.41109178
2023-02-24T21:00:00,110.0,111.0,107.0,108.0,93170255.50824142
2023-02-25T01:00:00,108.0,109.0,106.0,108.0,52560038.19913053
2023-02-25T05:00:00,108.0,109.0,106.0,108.0,47931885.31321004
2023-02-25T09:00:00,108.0,109.0,107.0,108.0,55982883.21147506
2023-02-25T13:00:00,107.0,108.0,107.0,108.0,18248598.37660897
2023-02-25T17:00:00,108.0,109.0,107.0,108.0,29721377.88436094
2023-02-25T21:00:00,108.0,108.0,106.0,108.0,34742354.38682616
2023-02-26T01:00:00,108.0,108.0,106.0,106.0,20424315.48203462
2023-02-26T05:00:00,106.0,108.0,105.0,107.0,52297896.22601864
2023-02-26T09:00:00,108.0,109.0,107.0,108.0,29139974.52456586
2023-02-26T13:00:00,108.0,109.0,107.0,108.0,22366035.12407434
2023-02-26T17:00:00,108.0,109.0,107.0,109.0,16995178.09280526
2023-02-26T21:00:00,109.0,109.0,108.0,109.0,20728694.35236878
2023-02-27T01:00:00,109.0,109.0,108.0,108.0,12626775.23193087
2023-02-27T05:00:00,108.0,110.0,108.0,110.0,40210812.52578857
2023-02-27T09:00:00,109.0,110.0,108.0,109.0,28007175.58940726
2023-02-27T13:00:00,108.0,109.0,108.0,109.0,16592014.91355489
2023-02-27T17:00:00,108.0,109.0,107.0,108.0,47261093.54486418
2023-02-27T21:00:00,108.0,109.0,107.0,109.0,40832864.12285147
2023-02-28T01:00:00,108.0,109.0,107.0,108.0,24203952.89296568
2023-02-28T05:00:00,108.0,109.0,107.0,108.0,15689545.84331362
2023-02-28T09:00:00,108.0,110.0,108.0,109.0,60745925.38147183
2023-02-28T13:00:00,109.0,110.0,108.0,109.0,72833841.99249269
2023-02-28T17:00:00,108.0,109.0,108.0,108.0,12424589.93429585
2023-02-28T21:00:00,108.0,109.0,108.0,109.0,13942425.86686857
2023-03-01T01:00:00,108.0,110.0,108.0,109.0,47240858.06058683
2023-03-01T05:00:00,108.0,109.0,107.0,108.0,46733668.63766161
2023-03-01T09:00:00,109.0,109.0,107.0,109.0,36896116.9073058
2023-03-01T13:00:00,109.0,110.0,108.0,109.0,81150118.10987844
2023-03-01T17:00:00,109.0,110.0,108.0,108.0,45389882.51136988
2023-03-01T21:00:00,108.0,109.0,108.0,108.0,24731265.56631464
2023-03-02T01:00:00,109.0,109.0,107.0,108.0,29114698.86996544
2023-03-02T05:00:00,107.0,109.0,107.0,108.0,18139172.68327427
2023-03-02T09:00:00,108.0,109.0,107.0,107.0,42204584.65141052
2023-03-02T13:00:00,107.0,108.0,106.0,106.0,39056054.59647427
2023-03-02T17:00:00,106.0,107.0,106.0,107.0,19003806.34248533
2023-03-02T21:00:00,107.0,107.0,106.0,107.0,47498329.23472926
2023-03-03T01:00:00,106.0,107.0,106.0,107.0,7191956.60203205
2023-03-03T05:00:00,107.0,107.0,106.0,106.0,13300670.40608051
2023-03-03T09:00:00,107.0,107.0,99.0,101.0,298049524.7320617
2023-03-03T13:00:00,101.0,101.0,100.0,101.0,37925047.474898
2023-03-03T17:00:00,100.0,102.0,100.0,100.0,44417564.77974059
2023-03-03T21:00:00,100.0,102.0,100.0,101.0,33076247.86223643
2023-03-04T01:00:00,101.0,102.0,101.0,102.0,4754498.65731099
2023-03-04T05:00:00,102.0,102.0,101.0,102.0,11779941.01376632
2023-03-04T09:00:00,102.0,103.0,101.0,102.0,38421909.71586839
2023-03-04T13:00:00,102.0,103.0,101.0,101.0,28569584.13148961
2023-03-04T17:00:00,102.0,102.0,101.0,102.0,9858851.32473256
2023-03-04T21:00:00,102.0,102.0,101.0,102.0,6734003.11826648
2023-03-05T01:00:00,102.0,102.0,100.0,100.0,32184286.01740034
2023-03-05T05:00:00,100.0,101.0,97.5,99.7,141176178.52190566
2023-03-05T09:00:00,99.7,101.0,99.1,101.0,59646384.42414633
2023-03-05T13:00:00,101.0,101.0,100.0,100.0,8583999.60948307
2023-03-05T17:00:00,100.0,101.0,100.0,100.0,15670171.85061468
2023-03-05T21:00:00,100.0,101.0,100.0,100.0,11499409.48356064
2023-03-06T01:00:00,100.0,101.0,100.0,101.0,3063493.00422448
2023-03-06T05:00:00,100.0,101.0,99.4,100.0,54310633.97898532
2023-03-06T09:00:00,100.0,101.0,97.8,98.5,101852818.90742275
2023-03-06T13:00:00,98.5,98.7,97.6,98.3,41412635.6075235
2023-03-06T17:00:00,98.3,98.7,97.9,98.2,22164427.57700181
2023-03-06T21:00:00,98.3,101.0,97.8,100.0,50745536.10693779
2023-03-07T01:00:00,100.0,101.0,99.0,99.3,23269274.72554452
2023-03-07T05:00:00,99.3,99.9,99.0,99.3,18221871.5249414
2023-03-07T09:00:00,99.4,101.0,98.9,100.0,32646156.65879375
2023-03-07T13:00:00,100.0,101.0,99.3,99.6,47903329.8190711
2023-03-07T17:00:00,99.6,99.8,98.3,98.5,39832494.28399589
2023-03-07T21:00:00,98.4,99.2,97.0,98.7,70712210.5261687
2023-03-08T01:00:00,98.7,99.2,98.0,98.6,16789227.22004767
2023-03-08T05:00:00,98.6,98.8,97.1,98.7,36483633.64585962
2023-03-08T09:00:00,98.6,98.8,97.8,98.2,30532464.25351262
2023-03-08T13:00:00,98.3,98.4,96.7,96.9,50922825.70088388
2023-03-08T17:00:00,96.9,98.3,96.6,98.1,31815457.28189211
2023-03-08T21:00:00,98.1,98.3,96.2,98.2,74254760.30138148
2023-03-09T01:00:00,98.1,98.3,95.7,96.5,42609331.99670356
2023-03-09T05:00:00,96.5,97.4,94.0,95.2,95490877.73173895
2023-03-09T09:00:00,95.2,96.5,94.8,96.1,44978833.28672789
2023-03-09T13:00:00,96.1,96.5,95.4,95.5,21132080.43270535
2023-03-09T17:00:00,95.6,96.1,95.2,95.9,29146007.68890979
2023-03-09T21:00:00,95.8,96.6,95.3,96.0,26694403.14719777
2023-03-10T01:00:00,96.0,96.3,92.0,92.3,69877501.87722777
2023-03-10T05:00:00,92.2,92.4,87.0,89.4,275104237.5349711
2023-03-10T09:00:00,89.4,89.5,86.9,88.9,167272718.7883414
2023-03-10T13:00:00,88.9,89.4,88.1,88.7,68319776.40229215
2023-03-10T17:00:00,88.8,88.8,85.6,87.1,133149023.1129358
2023-03-10T21:00:00,87.1,89.1,86.8,87.9,102015235.80248739
2023-03-11T01:00:00,87.9,88.8,87.5,88.6,28974224.3729676
2023-03-11T05:00:00,88.6,89.6,87.7,89.4,46697671.3815735
2023-03-11T09:00:00,89.4,92.5,89.2,90.4,132529742.34621938
2023-03-11T13:00:00,90.4,90.4,86.6,87.1,92074163.88964747
2023-03-11T17:00:00,87.0,88.9,86.8,87.9,57097094.08590719
2023-03-11T21:00:00,87.9,88.4,87.1,87.2,39622426.08646351
2023-03-12T01:00:00,87.2,88.8,87.0,88.6,20117622.90166426
2023-03-12T05:00:00,88.6,89.8,88.5,89.6,23669171.51902281
2023-03-12T09:00:00,89.6,89.6,88.4,89.0,38670440.20595709
2023-03-12T13:00:00,89.0,89.6,88.4,88.8,31394215.93349063
2023-03-12T17:00:00,88.7,89.2,88.6,88.9,19714205.75636135
2023-03-12T21:00:00,88.9,89.0,87.6,87.9,41756022.5481116
2023-03-13T01:00:00,87.8,90.7,87.7,89.6,41975732.35249536
2023-03-13T05:00:00,89.4,93.8,89.4,93.6,121201534.3832472
2023-03-13T09:00:00,93.5,94.5,91.9,92.3,113713540.62752174
2023-03-13T13:00:00,92.2,93.4,92.2,93.2,33378677.90117576
2023-03-13T17:00:00,93.2,93.2,90.3,91.4,79932877.23449457
2023-03-13T21:00:00,91.4,96.5,90.8,95.1,200459165.45875126
2023-03-14T01:00:00,95.1,96.2,94.6,95.6,49867651.25787494
2023-03-14T05:00:00,95.4,96.3,94.9,95.7,59142287.28689462
2023-03-14T09:00:00,95.7,96.0,95.1,95.9,74448688.22276226
2023-03-14T13:00:00,95.8,96.3,94.2,94.4,77970066.82454836
2023-03-14T17:00:00,94.4,95.3,93.1,95.2,67550930.9651767
2023-03-14T21:00:00,95.2,102.0,94.5,100.0,332461846.64902186
2023-03-15T01:00:00,100.0,101.0,96.8,98.3,109347275.46376286
2023-03-15T05:00:00,98.3,98.5,96.1,98.1,66382033.07266066
2023-03-15T09:00:00,98.1,99.6,96.8,98.6,87470144.10050994
2023-03-15T13:00:00,98.6,99.5,98.2,99.1,37394678.90753436
2023-03-15T17:00:00,99.0,99.1,95.7,97.4,82992390.6682596
2023-03-15T21:00:00,97.3,98.6,93.1,93.5,132975308.45898373
2023-03-16T01:00:00,93.3,93.5,90.8,92.6,85083178.49450305
2023-03-16T05:00:00,92.6,93.7,92.2,93.2,36960397.64334025
2023-03-16T09:00:00,93.2,94.2,92.1,93.4,50626825.2396738
2023-03-16T13:00:00,93.4,94.1,92.6,93.9,30551728.1346486
2023-03-16T17:00:00,93.9,95.0,93.2,94.9,40818022.6437583
2023-03-16T21:00:00,94.9,95.0,92.9,94.7,49056461.14801337
2023-03-17T01:00:00,94.7,95.0,93.7,94.5,10845896.92924276
2023-03-17T05:00:00,94.4,98.5,93.2,96.6,65851067.97726764
2023-03-17T09:00:00,96.6,98.7,95.7,97.8,98760530.06869432
2023-03-17T13:00:00,97.7,101.0,97.1,99.4,230149772.02265358
2023-03-17T17:00:00,99.4,101.0,98.8,101.0,124644856.54574157
2023-03-17T21:00:00,100.0,101.0,96.7,98.0,158200721.35254267
2023-03-18T01:00:00,98.0,99.3,97.7,99.1,28527546.97215003
2023-03-18T05:00:00,99.1,102.0,98.6,100.0,103675297.41113017
2023-03-18T09:00:00,101.0,104.0,100.0,103.0,186995952.78087446
2023-03-18T13:00:00,102.0,103.0,102.0,102.0,28947469.11396317
2023-03-18T17:00:00,102.0,103.0,101.0,102.0,75122008.35754973
2023-03-18T21:00:00,102.0,103.0,98.9,99.7,135765067.04283512
2023-03-19T01:00:00,99.7,101.0,97.3,98.9,83589988.63609213
2023-03-19T05:00:00,98.9,99.6,96.7,97.1,63304805.50168215
2023-03-19T09:00:00,97.1,99.5,97.0,99.4,75069354.62104788
2023-03-19T13:00:00,99.3,99.6,97.5,98.5,42002723.50062037
2023-03-19T17:00:00,98.5,99.1,97.3,98.8,53809775.61100505
2023-03-19T21:00:00,98.8,99.7,98.0,99.4,84508192.37263507
2023-03-20T01:00:00,99.3,101.0,99.1,101.0,35113270.76207041
2023-03-20T05:00:00,101.0,101.0,98.7,99.3,168955737.4994934
2023-03-20T09:00:00,99.3,101.0,97.7,98.1,124265923.07232445
2023-03-20T13:00:00,98.1,99.5,97.2,99.4,55569628.20220349
2023-03-20T17:00:00,99.4,99.7,97.9,98.1,78580410.67621206
2023-03-20T21:00:00,98.1,98.6,97.6,97.8,57433090.82120569
2023-03-21T01:00:00,97.8,98.3,95.1,95.8,70063450.42447788
2023-03-21T05:00:00,95.8,97.0,95.6,96.1,48780021.29926977
2023-03-21T09:00:00,96.1,97.0,95.5,96.2,56084306.57562359
2023-03-21T13:00:00,96.2,96.7,94.9,95.4,58229456.57477449
2023-03-21T17:00:00,95.5,96.4,93.6,96.1,78130972.4312787
2023-03-21T21:00:00,96.1,101.0,96.0,98.3,762351153.9026653
2023-03-22T01:00:00,98.3,103.0,98.0,101.0,357143662.44713944
2023-03-22T05:00:00,100.0,103.0,100.0,101.0,213510605.05770153
2023-03-22T09:00:00,101.0,102.0,99.0,101.0,188305061.65278924
2023-03-22T13:00:00,100.0,102.0,100.0,101.0,47212323.75471834
2023-03-22T17:00:00,100.0,101.0,98.9,99.2,107203731.85175924
2023-03-22T21:00:00,99.1,104.0,98.7,103.0,220727224.30563465
2023-03-23T01:00:00,103.0,104.0,96.0,96.6,245952957.5884524
2023-03-23T05:00:00,96.6,99.6,96.1,98.5,92474558.41083995
2023-03-23T09:00:00,98.6,99.3,97.1,97.3,85049282.6323613
2023-03-23T13:00:00,97.3,101.0,96.9,99.9,117262242.36477134
2023-03-23T17:00:00,99.8,103.0,98.8,102.0,299076411.0580048
2023-03-23T21:00:00,101.0,104.0,100.0,101.0,194053879.66676927
2023-03-24T01:00:00,101.0,103.0,100.0,102.0,70537002.68140201
2023-03-24T05:00:00,101.0,102.0,100.0,102.0,43138899.24829082
2023-03-24T09:00:00,101.0,102.0,100.0,102.0,48515736.51647788
2023-03-24T13:00:00,101.0,102.0,100.0,102.0,74455515.59960309
2023-03-24T17:00:00,101.0,102.0,98.9,99.3,153280742.261045
2023-03-24T21:00:00,99.2,101.0,99.0,99.5,112758115.44219905
2023-03-25T01:00:00,99.5,101.0,98.2,100.0,52280625.52485995
2023-03-25T05:00:00,100.0,101.0,99.4,99.9,62868957.14217428
2023-03-25T09:00:00,99.9,101.0,99.5,101.0,60895539.24259512
2023-03-25T13:00:00,101.0,101.0,99.5,99.8,73781026.6230464
2023-03-25T17:00:00,99.8,100.0,99.1,99.8,54784022.76596195
2023-03-25T21:00:00,99.8,101.0,99.3,101.0,51204459.83504647
2023-03-26T01:00:00,101.0,101.0,97.7,97.8,84821524.6195142
2023-03-26T05:00:00,97.8,99.2,97.8,99.1,33997366.37459305
2023-03-26T09:00:00,99.1,99.9,98.4,99.2,53899736.31123557
2023-03-26T13:00:00,99.2,99.6,99.1,99.4,16869544.37430157
2023-03-26T17:00:00,99.4,99.7,99.1,99.7,28226551.14556434
2023-03-26T21:00:00,99.7,100.0,98.7,98.9,65404135.53409549
2023-03-27T01:00:00,98.9,99.4,98.5,98.8,23471847.03512465
2023-03-27T05:00:00,98.8,99.2,97.7,98.9,51469221.83848068
2023-03-27T09:00:00,98.9,99.2,97.8,98.2,59661329.88168944
2023-03-27T13:00:00,98.2,98.7,97.4,97.7,46176423.42115546
2023-03-27T17:00:00,97.7,98.4,97.3,98.2,57721470.61560421
2023-03-27T21:00:00,98.2,101.0,95.1,97.0,520257922.1822971
2023-03-28T01:00:00,97.1,97.7,95.8,96.1,44535957.08104784
2023-03-28T05:00:00,96.1,97.6,95.8,97.0,42730684.52538433
2023-03-28T09:00:00,97.1,97.6,95.3,95.8,96345732.73095262
2023-03-28T13:00:00,95.8,96.7,95.4,96.0,54207206.21660003
2023-03-28T17:00:00,96.0,96.7,95.1,96.5,68123948.42386685
2023-03-28T21:00:00,96.5,96.8,95.6,96.2,65401872.6082908
2023-03-29T01:00:00,96.2,97.3,95.4,97.1,50883014.01505647
2023-03-29T05:00:00,97.1,97.8,96.7,97.6,68798168.7446593
2023-03-29T09:00:00,97.6,98.5,97.2,98.1,85358312.79666664
2023-03-29T13:00:00,98.1,101.0,98.0,101.0,197753284.5507239
2023-03-29T17:00:00,100.0,101.0,99.5,101.0,204871068.45992923
2023-03-29T21:00:00,100.0,101.0,99.2,100.0,163785068.23161137
2023-03-30T01:00:00,99.9,101.0,99.4,100.0,34298757.37412425
2023-03-30T05:00:00,100.0,101.0,99.5,99.7,74417262.39439812
2023-03-30T09:00:00,99.6,101.0,98.5,99.4,199766006.0989363
2023-03-30T13:00:00,99.3,99.9,99.0,99.8,69139476.98457626
2023-03-30T17:00:00,99.8,99.9,98.6,99.4,59248430.94422905
2023-03-30T21:00:00,99.4,99.5,98.7,99.0,52119632.89101119
2023-03-31T01:00:00,99.0,99.1,97.7,98.7,42824680.74316602
2023-03-31T05:00:00,98.7,99.2,98.0,98.4,31590433.75163447
2023-03-31T09:00:00,98.4,99.4,98.1,98.7,56901853.72231874
2023-03-31T13:00:00,98.7,98.9,97.6,98.3,71918626.33023718
2023-03-31T17:00:00,98.3,99.0,98.1,98.8,45808883.03558471
2023-03-31T21:00:00,98.8,101.0,98.8,99.7,174834577.89145914
2023-04-01T01:00:00,99.6,101.0,99.6,100.0,15707975.13546602
2023-04-01T05:00:00,101.0,103.0,100.0,101.0,139123164.47406143
2023-04-01T09:00:00,101.0,104.0,101.0,102.0,152857027.8778013
2023-04-01T13:00:00,102.0,104.0,101.0,101.0,75599143.59273455
2023-04-01T17:00:00,101.0,102.0,100.0,101.0,48812155.45537046
2023-04-01T21:00:00,101.0,102.0,100.0,101.0,55070719.80028512
2023-04-02T01:00:00,101.0,109.0,101.0,109.0,255829450.80173105
2023-04-02T05:00:00,108.0,110.0,107.0,107.0,192011837.2151164
2023-04-02T09:00:00,107.0,113.0,107.0,111.0,494482929.99615127
2023-04-02T13:00:00,111.0,113.0,110.0,110.0,134857522.6675821
2023-04-02T17:00:00,110.0,111.0,108.0,108.0,170139076.4928796
2023-04-02T21:00:00,108.0,109.0,104.0,105.0,264937212.35257688
2023-04-03T01:00:00,104.0,106.0,104.0,105.0,70442175.47911844
2023-04-03T05:00:00,104.0,106.0,103.0,104.0,99234739.37775789
2023-04-03T09:00:00,104.0,105.0,102.0,103.0,169521747.91963908
2023-04-03T13:00:00,103.0,104.0,102.0,104.0,79253923.57351811
2023-04-03T17:00:00,103.0,105.0,103.0,104.0,48109301.84435834
2023-04-03T21:00:00,103.0,104.0,102.0,103.0,74623576.86228731
2023-04-04T01:00:00,103.0,136.0,102.0,127.0,2716831374.468792
2023-04-04T05:00:00,127.0,128.0,119.0,127.0,1520468777.1878397
2023-04-04T09:00:00,127.0,133.0,122.0,127.0,1182392446.9154382
2023-04-04T13:00:00,127.0,135.0,125.0,131.0,780352445.5851794
2023-04-04T17:00:00,130.0,137.0,129.0,132.0,935385259.4662213
2023-04-04T21:00:00,132.0,135.0,126.0,128.0,727273864.1712261
2023-04-05T01:00:00,127.0,129.0,125.0,128.0,214358448.3633481
2023-04-05T05:00:00,128.0,131.0,124.0,125.0,339208074.18817335
2023-04-05T09:00:00,125.0,130.0,122.0,129.0,580580054.0625926
2023-04-05T13:00:00,129.0,130.0,126.0,127.0,234860853.9445943
2023-04-05T17:00:00,127.0,131.0,126.0,129.0,215541170.87661245
2023-04-05T21:00:00,128.0,130.0,125.0,126.0,313819617.1411821
2023-04-06T01:00:00,127.0,128.0,121.0,123.0,242230725.16704762
2023-04-06T05:00:00,124.0,124.0,121.0,123.0,186229785.13880774
2023-04-06T09:00:00,123.0,123.0,118.0,121.0,403264108.4272179
2023-04-06T13:00:00,122.0,123.0,119.0,120.0,128484749.4425256
2023-04-06T17:00:00,120.0,122.0,116.0,118.0,358418884.2432629
2023-04-06T21:00:00,118.0,120.0,116.0,119.0,186178975.7596791
2023-04-07T01:00:00,119.0,122.0,118.0,120.0,87618963.53316092
2023-04-07T05:00:00,120.0,121.0,112.0,113.0,507430371.96143687
2023-04-07T09:00:00,113.0,115.0,112.0,113.0,245305264.51492327
2023-04-07T13:00:00,112.0,114.0,109.0,110.0,253434536.34026435
2023-04-07T17:00:00,110.0,111.0,108.0,109.0,122780845.99412645
2023-04-07T21:00:00,108.0,110.0,108.0,110.0,79770624.1235941
2023-04-08T01:00:00,110.0,110.0,108.0,108.0,49133306.30974
2023-04-08T05:00:00,108.0,110.0,108.0,109.0,35522104.8987401
2023-04-08T09:00:00,110.0,111.0,108.0,111.0,129249784.7852662
2023-04-08T13:00:00,111.0,111.0,109.0,110.0,61066604.27880018
2023-04-08T17:00:00,110.0,110.0,109.0,110.0,20733425.55771685
2023-04-08T21:00:00,109.0,111.0,109.0,110.0,70272969.32305457
2023-04-09T01:00:00,110.0,111.0,107.0,107.0,91001097.97518672
2023-04-09T05:00:00,108.0,109.0,107.0,108.0,41323523.15839189
2023-04-09T09:00:00,108.0,110.0,108.0,108.0,40564794.6289065
2023-04-09T13:00:00,108.0,109.0,107.0,108.0,51466574.60050435
2023-04-09T17:00:00,108.0,109.0,107.0,108.0,62922766.39879824
2023-04-09T21:00:00,108.0,111.0,108.0,110.0,124712112.99622272
2023-04-10T01:00:00,109.0,111.0,109.0,110.0,53542864.34858642
2023-04-10T05:00:00,110.0,111.0,109.0,110.0,39175630.50863414
2023-04-10T09:00:00,109.0,111.0,109.0,110.0,96670891.39891475
2023-04-10T13:00:00,110.0,111.0,109.0,109.0,56207625.22431216
2023-04-10T17:00:00,109.0,110.0,109.0,110.0,17621004.02237199
2023-04-10T21:00:00,109.0,110.0,108.0,110.0,51185102.27668701
2023-04-11T01:00:00,110.0,111.0,109.0,110.0,39209294.96220455
2023-04-11T05:00:00,110.0,113.0,110.0,111.0,60867904.86093212
2023-04-11T09:00:00,111.0,112.0,110.0,111.0,66724669.49936678
2023-04-11T13:00:00,111.0,113.0,110.0,112.0,74026866.5944318
2023-04-11T17:00:00,113.0,113.0,111.0,112.0,56131245.24854394
2023-04-11T21:00:00,112.0,113.0,111.0,112.0,55530073.61307599
2023-04-12T01:00:00,112.0,113.0,111.0,111.0,45801993.6007658
2023-04-12T05:00:00,111.0,112.0,111.0,111.0,20833772.28069561
2023-04-12T09:00:00,112.0,112.0,108.0,109.0,128708607.84496064
2023-04-12T13:00:00,109.0,110.0,108.0,110.0,71189222.70343578
2023-04-12T17:00:00,110.0,110.0,108.0,110.0,67248753.6134296
2023-04-12T21:00:00,110.0,111.0,108.0,110.0,158872321.26882726
2023-04-13T01:00:00,110.0,111.0,109.0,109.0,29072286.67375386
2023-04-13T05:00:00,109.0,112.0,109.0,110.0,54336120.4624746
2023-04-13T09:00:00,110.0,111.0,110.0,111.0,20041239.93942524
2023-04-13T13:00:00,110.0,111.0,109.0,110.0,37062475.3801022
2023-04-13T17:00:00,109.0,118.0,109.0,114.0,380478616.9465422
2023-04-13T21:00:00,114.0,116.0,114.0,115.0,140572363.33331847
2023-04-14T01:00:00,114.0,116.0,114.0,115.0,53788165.89561054
2023-04-14T05:00:00,114.0,115.0,113.0,114.0,52032009.32092275
2023-04-14T09:00:00,114.0,119.0,114.0,117.0,247821878.95511553
2023-04-14T13:00:00,117.0,119.0,116.0,116.0,154560074.6683923
2023-04-14T17:00:00,116.0,118.0,116.0,117.0,59898330.70278123
2023-04-14T21:00:00,117.0,118.0,113.0,114.0,159337392.39779246
2023-04-15T01:00:00,113.0,117.0,113.0,116.0,90262829.68734585
2023-04-15T05:00:00,115.0,117.0,115.0,115.0,35008070.65594983
2023-04-15T09:00:00,115.0,117.0,114.0,115.0,72200748.74684325
2023-04-15T13:00:00,115.0,117.0,115.0,117.0,27190722.96605583
2023-04-15T17:00:00,117.0,119.0,116.0,118.0,73687163.86360379
2023-04-15T21:00:00,117.0,118.0,116.0,116.0,52919283.07337432
2023-04-16T01:00:00,116.0,118.0,116.0,116.0,39123669.3433999
2023-04-16T05:00:00,116.0,117.0,116.0,117.0,29737983.13566635
2023-04-16T09:00:00,116.0,118.0,115.0,117.0,128142682.86714412
2023-04-16T13:00:00,117.0,119.0,116.0,118.0,51036535.77770048
2023-04-16T17:00:00,118.0,119.0,116.0,117.0,49611761.88391948
2023-04-16T21:00:00,117.0,118.0,116.0,118.0,123395191.74870028
2023-04-17T01:00:00,117.0,120.0,117.0,118.0,60150157.25001254
2023-04-17T05:00:00,117.0,120.0,117.0,119.0,41921464.34504435
2023-04-17T09:00:00,118.0,119.0,116.0,118.0,133674689.74408723
2023-04-17T13:00:00,118.0,125.0,116.0,122.0,374386526.09670794
2023-04-17T17:00:00,121.0,124.0,121.0,122.0,431566996.5329079
2023-04-17T21:00:00,122.0,124.0,118.0,119.0,417408547.24759716
2023-04-18T01:00:00,118.0,122.0,118.0,120.0,66256397.91841158
2023-04-18T05:00:00,121.0,122.0,120.0,121.0,60770126.89489319
2023-04-18T09:00:00,120.0,121.0,118.0,119.0,113329051.68265468
2023-04-18T13:00:00,119.0,124.0,119.0,122.0,172679034.03905544
2023-04-18T17:00:00,122.0,123.0,121.0,123.0,132018434.21043605
2023-04-18T21:00:00,123.0,124.0,121.0,122.0,135360352.01080906
2023-04-19T01:00:00,122.0,124.0,121.0,122.0,110422922.38160437
2023-04-19T05:00:00,122.0,123.0,121.0,122.0,42388420.76663627
2023-04-19T09:00:00,122.0,123.0,121.0,123.0,65084281.50846945
2023-04-19T13:00:00,122.0,123.0,121.0,123.0,70219270.90236078
2023-04-19T17:00:00,123.0,123.0,115.0,118.0,387152038.0952928
2023-04-19T21:00:00,118.0,122.0,117.0,120.0,318564842.4529411
2023-04-20T01:00:00,120.0,121.0,117.0,119.0,118896022.8084716
2023-04-20T05:00:00,119.0,120.0,115.0,116.0,174858457.86919484
2023-04-20T09:00:00,117.0,123.0,116.0,119.0,464894949.5054247
2023-04-20T13:00:00,120.0,122.0,118.0,121.0,255015605.40326366
2023-04-20T17:00:00,120.0,123.0,119.0,120.0,255031509.9214148
2023-04-20T21:00:00,119.0,124.0,114.0,114.0,1073550924.7903744
2023-04-21T01:00:00,115.0,115.0,110.0,111.0,230998032.60203874
2023-04-21T05:00:00,111.0,113.0,111.0,112.0,91952293.24011293
2023-04-21T09:00:00,111.0,113.0,110.0,112.0,175907596.14663002
2023-04-21T13:00:00,112.0,113.0,111.0,112.0,139758045.25024953
2023-04-21T17:00:00,112.0,112.0,110.0,111.0,57675357.48313844
2023-04-21T21:00:00,110.0,112.0,110.0,110.0,57823268.2550413
2023-04-22T01:00:00,111.0,111.0,105.0,106.0,153609539.85067526
2023-04-22T05:00:00,106.0,106.0,103.0,105.0,183930634.57101235
2023-04-22T09:00:00,105.0,106.0,104.0,106.0,72470692.13273267
2023-04-22T13:00:00,106.0,106.0,105.0,105.0,25491961.59097372
2023-04-22T17:00:00,105.0,106.0,104.0,106.0,55477253.15095746
2023-04-22T21:00:00,106.0,108.0,105.0,107.0,89987154.93946283
2023-04-23T01:00:00,107.0,109.0,106.0,106.0,48222550.07464974
2023-04-23T05:00:00,106.0,108.0,106.0,108.0,40643853.60347061
2023-04-23T09:00:00,107.0,108.0,106.0,107.0,60179607.02489086
2023-04-23T13:00:00,107.0,108.0,106.0,108.0,37791601.18901766
2023-04-23T17:00:00,107.0,108.0,106.0,107.0,21190371.42895625
2023-04-23T21:00:00,106.0,108.0,105.0,106.0,60644440.27242292
2023-04-24T01:00:00,106.0,107.0,105.0,105.0,14112835.68181908
2023-04-24T05:00:00,105.0,106.0,105.0,106.0,5299777.64002021
2023-04-24T09:00:00,105.0,107.0,104.0,105.0,84919253.69822331
2023-04-24T13:00:00,106.0,106.0,104.0,106.0,47672403.17350473
2023-04-24T17:00:00,105.0,106.0,104.0,106.0,53282429.631845
2023-04-24T21:00:00,106.0,107.0,104.0,104.0,85125221.88238493
2023-04-25T01:00:00,105.0,106.0,103.0,105.0,51553918.91765861
2023-04-25T05:00:00,104.0,106.0,104.0,106.0,14982882.83390599
2023-04-25T09:00:00,105.0,106.0,104.0,104.0,48966659.88840495
2023-04-25T13:00:00,104.0,106.0,104.0,105.0,55264575.75024947
2023-04-25T17:00:00,105.0,106.0,104.0,105.0,26256653.65640428
2023-04-25T21:00:00,105.0,106.0,104.0,105.0,36275022.40188418
2023-04-26T01:00:00,105.0,106.0,104.0,105.0,14032034.3233882
2023-04-26T05:00:00,106.0,108.0,105.0,107.0,63363607.27386995
2023-04-26T09:00:00,106.0,108.0,106.0,107.0,57461333.21248126
2023-04-26T13:00:00,106.0,107.0,106.0,106.0,13298840.53016772
2023-04-26T17:00:00,106.0,110.0,106.0,108.0,118041605.35927607
2023-04-26T21:00:00,108.0,111.0,108.0,110.0,82595332.5156574
2023-04-27T01:00:00,109.0,110.0,104.0,105.0,152186505.42573512
2023-04-27T05:00:00,105.0,106.0,102.0,106.0,167190237.23282206
2023-04-27T09:00:00,105.0,108.0,104.0,107.0,117964132.35049154
2023-04-27T13:00:00,106.0,108.0,105.0,106.0,85275214.50309458
2023-04-27T17:00:00,106.0,107.0,106.0,106.0,13742897.92830113
2023-04-27T21:00:00,106.0,108.0,106.0,108.0,59888887.48404575
2023-04-28T01:00:00,107.0,108.0,106.0,107.0,27270320.00512506
2023-04-28T05:00:00,107.0,108.0,106.0,106.0,33899218.18416103
2023-04-28T09:00:00,106.0,108.0,106.0,106.0,28553409.81830501
2023-04-28T13:00:00,106.0,108.0,106.0,107.0,34933170.20085268
2023-04-28T17:00:00,107.0,108.0,106.0,107.0,39651497.8662167
2023-04-28T21:00:00,107.0,108.0,106.0,107.0,20926145.49180814
2023-04-29T01:00:00,107.0,108.0,106.0,106.0,28156749.897754
2023-04-29T05:00:00,106.0,108.0,106.0,107.0,8191891.08270341
2023-04-29T09:00:00,107.0,108.0,106.0,108.0,18166809.57805667
2023-04-29T13:00:00,107.0,108.0,107.0,108.0,24652100.46617548
2023-04-29T17:00:00,107.0,109.0,107.0,108.0,22967197.58103595
2023-04-29T21:00:00,108.0,109.0,107.0,107.0,41781403.87676011
2023-04-30T01:00:00,107.0,109.0,107.0,109.0,23923872.78544553
2023-04-30T05:00:00,108.0,109.0,108.0,108.0,23175485.08636437
2023-04-30T09:00:00,108.0,109.0,107.0,109.0,22378437.97004425
2023-04-30T13:00:00,108.0,109.0,108.0,108.0,8416087.18536619
2023-04-30T17:00:00,108.0,109.0,107.0,107.0,25408260.59983583
2023-04-30T21:00:00,107.0,109.0,107.0,109.0,46595376.39460862
2023-05-01T01:00:00,109.0,109.0,107.0,107.0,41508047.54753405
2023-05-01T05:00:00,107.0,108.0,106.0,106.0,37775924.76196819
2023-05-01T09:00:00,106.0,108.0,105.0,105.0,66234600.42168982
2023-05-01T13:00:00,106.0,107.0,105.0,105.0,22020234.45804412
2023-05-01T17:00:00,106.0,107.0,105.0,105.0,14989060.87418308
2023-05-01T21:00:00,106.0,106.0,105.0,106.0,17116933.70409003
2023-05-02T01:00:00,106.0,106.0,104.0,105.0,35413813.69959167
2023-05-02T05:00:00,105.0,106.0,104.0,105.0,25846366.3407755
2023-05-02T09:00:00,106.0,106.0,105.0,105.0,15205877.46082061
2023-05-02T13:00:00,105.0,106.0,105.0,105.0,8353883.96583573
2023-05-02T17:00:00,105.0,106.0,105.0,106.0,7791585.33922985
2023-05-02T21:00:00,105.0,106.0,104.0,106.0,33745987.53047112
2023-05-03T01:00:00,106.0,106.0,105.0,105.0,2715843.87165786
2023-05-03T05:00:00,105.0,106.0,105.0,106.0,5706517.70166931
2023-05-03T09:00:00,106.0,106.0,104.0,105.0,30357166.50549237
2023-05-03T13:00:00,105.0,105.0,104.0,105.0,16482535.58884422
2023-05-03T17:00:00,105.0,105.0,104.0,104.0,14962676.6349085
2023-05-03T21:00:00,104.0,105.0,103.0,104.0,63803856.39046671
2023-05-04T01:00:00,105.0,106.0,104.0,104.0,55233312.20030056
2023-05-04T05:00:00,104.0,108.0,104.0,107.0,56510086.03082098
2023-05-04T09:00:00,106.0,107.0,105.0,106.0,32493206.22258037
2023-05-04T13:00:00,105.0,106.0,105.0,105.0,11121339.10224706
2023-05-04T17:00:00,105.0,106.0,105.0,105.0,12859817.71578592
2023-05-04T21:00:00,105.0,106.0,104.0,105.0,62983124.98472856
2023-05-05T01:00:00,104.0,106.0,104.0,105.0,32857187.37816512
2023-05-05T05:00:00,105.0,106.0,104.0,104.0,12429143.62057464
2023-05-05T09:00:00,105.0,106.0,104.0,104.0,29757104.53677302
2023-05-05T13:00:00,104.0,106.0,104.0,105.0,23186797.62395504
2023-05-05T17:00:00,105.0,105.0,104.0,104.0,7003905.53040286
2023-05-05T21:00:00,105.0,106.0,104.0,105.0,49206581.39614342
2023-05-06T01:00:00,104.0,106.0,104.0,106.0,14819477.26647262
2023-05-06T05:00:00,105.0,108.0,105.0,106.0,54346000.55507024
2023-05-06T09:00:00,107.0,107.0,105.0,105.0,32498366.23691263
2023-05-06T13:00:00,105.0,106.0,105.0,106.0,7009752.42992785
2023-05-06T17:00:00,105.0,106.0,104.0,105.0,37135303.5298222
2023-05-06T21:00:00,104.0,105.0,102.0,103.0,84369687.67125233
2023-05-07T01:00:00,103.0,104.0,102.0,103.0,13743453.12327658
2023-05-07T05:00:00,103.0,104.0,102.0,103.0,26479739.35112503
2023-05-07T09:00:00,103.0,104.0,102.0,102.0,34840880.27057678
2023-05-07T13:00:00,103.0,103.0,102.0,103.0,10815201.18872447
2023-05-07T17:00:00,103.0,104.0,102.0,102.0,12260700.01047151
2023-05-07T21:00:00,103.0,104.0,102.0,103.0,30045203.16426248
2023-05-08T01:00:00,104.0,104.0,102.0,104.0,18532953.28178004
2023-05-08T05:00:00,104.0,104.0,102.0,102.0,22582302.73989848
2023-05-08T09:00:00,103.0,104.0,100.0,100.0,114171764.062507
2023-05-08T13:00:00,101.0,101.0,99.5,100.0,72471418.91232751
2023-05-08T17:00:00,100.0,101.0,99.6,101.0,81635038.90412632
2023-05-08T21:00:00,101.0,101.0,99.3,100.0,43119037.0057407
2023-05-09T01:00:00,100.0,100.0,96.6,97.4,85352170.58274513
2023-05-09T05:00:00,97.5,97.8,96.6,97.6,54994370.55870422
2023-05-09T09:00:00,97.6,97.9,97.0,97.3,49133814.46528871
2023-05-09T13:00:00,97.3,98.0,96.8,97.9,41130660.93208044
2023-05-09T17:00:00,97.9,98.8,97.2,98.6,48627755.13420705
2023-05-09T21:00:00,98.6,99.0,97.8,97.9,52204650.29245757
2023-05-10T01:00:00,98.0,98.8,97.6,98.2,15126558.95146003
2023-05-10T05:00:00,98.2,98.5,97.9,98.2,15207677.79587833
2023-05-10T09:00:00,98.3,98.8,98.1,98.3,31046762.92514931
2023-05-10T13:00:00,98.4,98.6,97.6,97.8,29262205.20019202
2023-05-10T17:00:00,97.9,98.2,97.4,98.2,31752569.47423053
2023-05-10T21:00:00,98.2,101.0,97.7,99.3,112646804.48839334
2023-05-11T01:00:00,99.2,99.6,96.6,98.5,55157630.6511544
2023-05-11T05:00:00,98.5,99.1,97.6,98.1,25823792.56277695
2023-05-11T09:00:00,98.2,98.2,97.2,97.3,27180059.5941235
2023-05-11T13:00:00,97.3,97.8,97.2,97.5,16185121.85724879
2023-05-11T17:00:00,97.4,97.5,96.3,96.9,44141697.08778515
2023-05-11T21:00:00,97.0,97.6,95.3,95.7,60530741.52091232
2023-05-12T01:00:00,95.7,96.7,94.4,95.6,40317484.89485624
2023-05-12T05:00:00,95.6,98.7,95.4,97.0,57196318.6407777
2023-05-12T09:00:00,97.0,97.1,95.0,95.6,50429219.3002002
2023-05-12T13:00:00,95.6,96.6,93.7,95.1,72249577.13576508
2023-05-12T17:00:00,95.1,98.4,94.9,97.1,62914370.74556188
2023-05-12T21:00:00,97.1,97.5,96.3,96.5,31442437.88859111
2023-05-13T01:00:00,96.5,97.1,95.3,97.1,17473905.65239319
2023-05-13T05:00:00,97.0,98.3,96.6,98.1,29509554.07244793
2023-05-13T09:00:00,98.0,98.2,97.2,98.0,26823592.03892908
2023-05-13T13:00:00,97.9,98.0,97.3,97.7,14103284.44003554
2023-05-13T17:00:00,97.7,97.8,97.5,97.6,10703953.8702395
2023-05-13T21:00:00,97.6,97.8,96.8,97.1,16768215.36832684
2023-05-14T01:00:00,97.1,97.9,97.1,97.2,7249988.48152724
2023-05-14T05:00:00,97.2,97.8,97.2,97.4,5369648.46430744
2023-05-14T09:00:00,97.3,97.6,96.8,97.5,17614116.20752284
2023-05-14T13:00:00,97.5,97.9,97.3,97.7,12580090.55661799
2023-05-14T17:00:00,97.7,97.8,97.4,97.4,8189558.75392423
2023-05-14T21:00:00,97.5,98.2,97.3,98.0,22124228.33392006
2023-05-15T01:00:00,98.0,98.2,97.0,97.2,13348602.82419508
2023-05-15T05:00:00,97.2,97.6,97.1,97.3,8613087.02228661
2023-05-15T09:00:00,97.3,99.3,96.2,98.2,68465762.00684991
2023-05-15T13:00:00,98.1,98.7,97.8,98.5,25904769.0754
2023-05-15T17:00:00,98.5,98.6,97.7,97.7,23472914.38388272
2023-05-15T21:00:00,97.7,98.2,97.5,97.9,18245109.84075771
2023-05-16T01:00:00,97.9,98.1,97.3,97.5,10162044.25274667
2023-05-16T05:00:00,97.4,97.7,97.0,97.0,16937646.51901638
2023-05-16T09:00:00,97.0,97.4,96.0,96.7,34041542.78477299
2023-05-16T13:00:00,96.7,97.3,96.4,97.2,15486758.81947856
2023-05-16T17:00:00,97.2,97.5,96.9,97.3,14605085.1928916
2023-05-16T21:00:00,97.3,97.5,96.7,97.1,11067123.69607342
2023-05-17T01:00:00,97.3,97.6,96.9,97.1,6376011.9323512
2023-05-17T05:00:00,97.1,98.6,97.0,97.9,21161872.64467167
2023-05-17T09:00:00,97.9,98.9,97.6,98.5,36416016.43345017
2023-05-17T13:00:00,98.5,98.6,97.6,98.0,24460375.27541322
2023-05-17T17:00:00,98.0,101.0,97.7,98.3,79289269.31604604
2023-05-17T21:00:00,98.2,100.0,98.2,99.0,59084284.56278294
2023-05-18T01:00:00,99.0,102.0,98.8,101.0,56906457.91904323
2023-05-18T05:00:00,100.0,101.0,100.0,100.0,17100916.2641025
2023-05-18T09:00:00,100.0,101.0,99.7,100.0,37763853.90570588
2023-05-18T13:00:00,99.9,100.0,98.9,99.6,25607123.9786081
2023-05-18T17:00:00,99.5,101.0,99.2,100.0,44358450.35586142
2023-05-18T21:00:00,100.0,101.0,99.3,99.4,42057733.4648137
2023-05-19T01:00:00,99.4,100.0,97.2,98.2,42554562.82010064
2023-05-19T05:00:00,98.2,101.0,97.9,99.2,36120011.85529247
2023-05-19T09:00:00,99.3,99.5,98.2,99.0,29763620.26713987
2023-05-19T13:00:00,99.0,99.5,98.8,99.1,11904330.76623167
2023-05-19T17:00:00,99.2,99.4,98.6,98.8,12941089.85567667
2023-05-19T21:00:00,98.8,99.7,98.5,99.1,26464691.95924495
2023-05-20T01:00:00,99.2,99.4,98.7,98.9,7276140.65493764
2023-05-20T05:00:00,98.9,99.3,98.7,98.9,8242953.00934369
2023-05-20T09:00:00,99.0,99.0,98.5,98.8,10853060.64716676
2023-05-20T13:00:00,98.9,99.0,98.7,98.8,5401928.6795304
2023-05-20T17:00:00,98.8,99.0,98.7,98.8,6717442.15436432
2023-05-20T21:00:00,98.9,98.9,98.6,98.7,7963854.80358526
2023-05-21T01:00:00,98.8,99.4,98.5,98.9,8126734.92913817
2023-05-21T05:00:00,99.1,99.2,98.8,98.8,6279295.03006741
2023-05-21T09:00:00,98.8,99.3,98.8,99.1,11130030.97945372
2023-05-21T13:00:00,99.1,99.4,98.9,99.0,6984467.6705414
2023-05-21T17:00:00,99.0,99.3,98.5,98.5,15351866.01014324
2023-05-21T21:00:00,98.5,99.1,97.5,97.5,26507343.37149152
2023-05-22T01:00:00,97.7,97.7,97.1,97.6,13476874.8785055
2023-05-22T05:00:00,97.6,97.8,97.1,97.3,16069396.36171585
2023-05-22T09:00:00,97.3,97.6,95.4,95.9,59222482.18075213
2023-05-22T13:00:00,96.0,96.4,95.8,96.2,17572567.39739068
2023-05-22T17:00:00,96.2,99.1,96.1,97.9,63882547.47874071
2023-05-22T21:00:00,98.0,98.2,97.3,97.5,22355136.13795088
2023-05-23T01:00:00,97.4,97.9,97.0,97.7,5297031.2528957
2023-05-23T05:00:00,97.7,98.1,97.5,97.6,6849183.61971658
2023-05-23T09:00:00,97.5,98.3,97.1,98.0,28811888.92247115
2023-05-23T13:00:00,98.0,98.2,97.3,97.6,24626789.87019453
2023-05-23T17:00:00,97.6,98.1,97.5,97.8,16652353.04865969
2023-05-23T21:00:00,97.7,97.9,97.2,97.6,17475973.19897695
2023-05-24T01:00:00,97.5,97.7,97.1,97.3,6197661.19019823
2023-05-24T05:00:00,97.3,97.4,97.1,97.3,9555289.75530827
2023-05-24T09:00:00,97.3,97.4,95.7,95.8,45339528.26789821
2023-05-24T13:00:00,95.8,96.0,95.3,95.5,40743320.036526
2023-05-24T17:00:00,95.6,95.9,95.3,95.3,16671426.22603713
2023-05-24T21:00:00,95.3,95.6,93.8,94.8,58588020.74585969
2023-05-25T01:00:00,94.9,95.5,94.3,95.3,7500433.80361243
2023-05-25T05:00:00,95.3,95.8,95.0,95.1,10210197.83054458
2023-05-25T09:00:00,95.1,95.2,92.9,94.3,55236449.59534483
2023-05-25T13:00:00,94.3,94.9,94.1,94.2,21649989.41433193
2023-05-25T17:00:00,94.2,94.7,94.1,94.5,14659157.30097439
2023-05-25T21:00:00,94.5,95.1,94.1,94.2,35250212.99808144
2023-05-26T01:00:00,94.2,95.5,94.2,95.0,6733360.53764722
2023-05-26T05:00:00,95.0,95.2,94.1,95.0,13076585.67903919
2023-05-26T09:00:00,95.1,95.3,94.5,94.7,18906276.09726623
2023-05-26T13:00:00,94.7,94.9,94.3,94.9,13884934.95825346
2023-05-26T17:00:00,94.9,95.0,94.6,94.9,9084944.11405524
2023-05-26T21:00:00,94.9,95.6,94.7,95.5,23879074.44986128
2023-05-27T01:00:00,95.3,95.5,94.6,95.3,12468984.60396167
2023-05-27T05:00:00,95.3,95.4,95.0,95.2,10822781.30717674
2023-05-27T09:00:00,95.2,95.5,95.0,95.4,11207916.70130307
2023-05-27T13:00:00,95.4,96.2,95.4,95.7,21778907.50446533
2023-05-27T17:00:00,95.7,95.9,95.4,95.6,10776658.77089036
2023-05-27T21:00:00,95.5,95.9,95.0,95.3,13598609.81287554
2023-05-28T01:00:00,95.3,95.8,95.1,95.7,4883910.57438633
2023-05-28T05:00:00,95.7,97.9,95.6,96.7,39816054.17221918
2023-05-28T09:00:00,96.7,97.8,96.7,97.3,28936388.5098022
2023-05-28T13:00:00,97.3,97.5,97.0,97.2,19773975.31068939
2023-05-28T17:00:00,97.1,97.3,96.4,96.9,40712853.7809793
2023-05-28T21:00:00,96.8,97.1,96.6,97.0,15737227.4883564
2023-05-29T01:00:00,97.0,97.7,96.9,97.2,12969461.39445238
2023-05-29T05:00:00,97.2,98.4,97.2,97.8,38418156.79370993
2023-05-29T09:00:00,97.8,98.6,97.4,97.5,48254105.96048474
2023-05-29T13:00:00,97.4,97.9,97.0,97.8,20654694.53659663
2023-05-29T17:00:00,97.7,97.9,97.4,97.7,12263557.87559064
2023-05-29T21:00:00,97.7,98.3,97.4,97.4,20501339.88629974
2023-05-30T01:00:00,97.4,97.8,97.2,97.5,7904496.81165387
2023-05-30T05:00:00,97.5,97.8,97.2,97.4,17342439.36937405
2023-05-30T09:00:00,97.5,97.7,97.1,97.6,17565766.59210083
2023-05-30T13:00:00,97.5,97.6,96.3,96.8,38497672.93435651
2023-05-30T17:00:00,96.8,97.9,96.7,97.6,19754146.99474075
2023-05-30T21:00:00,97.6,97.7,96.6,96.8,24072466.28063955
2023-05-31T01:00:00,96.8,97.0,96.4,96.5,22291315.50693499
2023-05-31T05:00:00,96.4,96.8,96.3,96.3,27773692.1332594
2023-05-31T09:00:00,96.5,96.8,96.0,96.6,32010662.11342318
2023-05-31T13:00:00,96.5,96.6,95.5,95.8,43996483.4163225
2023-05-31T17:00:00,95.8,95.9,95.3,95.6,14684117.73837181
2023-05-31T21:00:00,95.5,95.8,95.0,95.6,22152843.67431694
2023-06-01T01:00:00,95.6,96.1,95.3,95.8,3798070.19200418
2023-06-01T05:00:00,95.8,96.0,95.4,95.7,7422033.15428907
2023-06-01T09:00:00,95.8,96.1,95.0,95.5,23221943.51844649
2023-06-01T13:00:00,95.5,96.5,95.4,95.9,27759514.90173997
2023-06-01T17:00:00,95.9,96.2,95.7,96.1,9855237.85509676
2023-06-01T21:00:00,96.1,96.3,95.7,96.1,11252832.70392218
2023-06-02T01:00:00,95.9,96.3,95.6,96.1,4631733.54724473
2023-06-02T05:00:00,96.1,96.2,95.3,95.4,8070411.56751764
2023-06-02T09:00:00,95.4,95.8,94.9,95.6,22560126.044584
2023-06-02T13:00:00,95.6,95.9,95.6,95.8,10376578.77574067
2023-06-02T17:00:00,95.7,96.0,95.5,95.7,10057085.89309881
2023-06-02T21:00:00,95.7,95.9,95.2,95.9,17686589.3059912
2023-06-03T01:00:00,95.9,97.0,95.5,96.6,14445065.68955601
2023-06-03T05:00:00,96.5,96.6,95.9,96.1,10270916.25982475
2023-06-03T09:00:00,96.1,96.2,95.7,95.9,10085098.69331921
2023-06-03T13:00:00,95.8,96.2,95.8,96.0,7717280.83946271
2023-06-03T17:00:00,96.0,96.1,95.8,95.9,7754560.58763039
2023-06-03T21:00:00,95.9,96.4,95.9,96.3,7559219.05694942
2023-06-04T01:00:00,96.2,96.5,95.9,96.0,7068101.99892292
2023-06-04T05:00:00,95.9,96.4,95.9,96.2,4182490.43530376
2023-06-04T09:00:00,96.4,96.6,96.1,96.3,11416836.64226904
2023-06-04T13:00:00,96.2,96.5,96.2,96.3,6610399.9309126
2023-06-04T17:00:00,96.4,96.5,96.2,96.4,13904334.94850653
2023-06-04T21:00:00,96.3,96.4,96.0,96.0,17298274.50856869
2023-06-05T01:00:00,96.1,96.3,96.0,96.3,6458957.80687864
2023-06-05T05:00:00,96.2,96.6,95.8,95.9,24164260.81665869
2023-06-05T09:00:00,95.9,96.2,94.8,94.9,46410496.27204743
2023-06-05T13:00:00,95.0,95.2,94.8,95.0,23673496.50391869
2023-06-05T17:00:00,95.0,95.2,94.8,95.0,16944049.03677233
2023-06-05T21:00:00,95.0,95.1,91.1,91.3,79353726.3167726
2023-06-06T01:00:00,91.1,91.3,87.6,88.7,160367000.69586575
2023-06-06T05:00:00,88.8,89.2,87.0,88.7,86454046.02916455
2023-06-06T09:00:00,88.7,89.2,87.7,88.6,62427667.92354224
2023-06-06T13:00:00,88.6,88.9,88.4,88.6,35589366.09854557
2023-06-06T17:00:00,88.6,89.1,88.4,88.7,25881679.07011674
2023-06-06T21:00:00,88.7,92.7,87.1,90.7,252752023.98903567
2023-06-07T01:00:00,90.6,95.0,90.5,93.9,91469577.3284696
2023-06-07T05:00:00,93.7,93.8,92.3,92.5,56562337.77564369
2023-06-07T09:00:00,92.5,92.7,91.1,91.6,59751940.417208
2023-06-07T13:00:00,91.5,92.3,91.5,91.8,30343753.41537712
2023-06-07T17:00:00,91.8,92.1,89.7,90.3,64542067.58168389
2023-06-07T21:00:00,90.3,90.4,88.6,89.2,73356984.7680326
2023-06-08T01:00:00,89.1,90.1,88.7,89.9,18400054.80004671
2023-06-08T05:00:00,90.0,90.0,88.7,89.2,20742652.68744587
2023-06-08T09:00:00,89.3,90.1,88.8,89.2,30175884.13705441
2023-06-08T13:00:00,89.3,90.1,89.0,89.7,25554453.34131994
2023-06-08T17:00:00,89.6,90.1,89.2,89.9,19815124.97799835
2023-06-08T21:00:00,89.9,90.6,89.7,89.9,24843061.67321549
2023-06-09T01:00:00,89.8,90.0,89.1,89.8,9455332.34587005
2023-06-09T05:00:00,89.9,90.0,89.2,89.7,10819774.59359263
2023-06-09T09:00:00,89.7,89.9,89.2,89.4,23215453.18262736
2023-06-09T13:00:00,89.4,89.6,89.2,89.4,14245146.79533604
2023-06-09T17:00:00,89.3,89.7,89.2,89.5,17415144.24034557
2023-06-09T21:00:00,89.5,93.6,89.4,90.8,137288999.1573936
2023-06-10T01:00:00,90.7,91.0,90.3,90.3,15474103.94818641
2023-06-10T05:00:00,90.3,91.7,90.2,91.4,23624743.61788307
2023-06-10T09:00:00,91.4,93.5,88.7,89.0,158094997.66707334
2023-06-10T13:00:00,89.0,89.6,78.5,80.1,500738951.90828437
2023-06-10T17:00:00,80.1,80.8,79.1,79.7,169046177.90330708
2023-06-10T21:00:00,79.7,80.2,78.2,80.1,148121304.38008723
2023-06-11T01:00:00,80.0,83.0,79.9,81.5,80051931.7623134
2023-06-11T05:00:00,81.5,83.0,81.3,82.1,50286589.49218992
2023-06-11T09:00:00,82.2,82.4,81.2,81.5,55824686.55191734
2023-06-11T13:00:00,81.6,83.5,81.1,82.3,97464387.15162706
2023-06-11T17:00:00,82.3,82.8,81.8,82.6,44351419.17477397
2023-06-11T21:00:00,82.7,83.1,81.4,81.6,51574151.31509602
2023-06-12T01:00:00,81.6,82.5,81.5,82.1,25567975.35788189
2023-06-12T05:00:00,82.1,82.7,81.0,81.5,53591006.4176663
2023-06-12T09:00:00,81.5,81.7,79.8,80.2,82215277.46320058
2023-06-12T13:00:00,80.2,80.8,79.8,79.9,34222457.13329825
2023-06-12T17:00:00,79.9,81.2,79.8,80.9,35521043.50929491
2023-06-12T21:00:00,80.8,80.9,80.1,80.5,30422726.60432162
2023-06-13T01:00:00,80.5,81.2,80.1,80.8,14547716.179082
2023-06-13T05:00:00,80.7,81.1,80.6,80.8,21019555.99820495
2023-06-13T09:00:00,80.8,81.7,80.7,81.2,35628881.34926507
2023-06-13T13:00:00,81.2,81.3,80.8,80.9,23426410.49208581
2023-06-13T17:00:00,80.9,81.5,80.6,80.9,51111514.42757845
2023-06-13T21:00:00,80.9,81.8,79.8,79.9,95873515.4826687
2023-06-14T01:00:00,79.9,80.6,79.8,80.4,17031611.66286597
2023-06-14T05:00:00,80.5,80.8,80.3,80.6,17719713.13517597
2023-06-14T09:00:00,80.6,81.4,80.5,81.0,28707459.36535042
2023-06-14T13:00:00,81.1,81.2,80.4,80.5,28291557.91229759
2023-06-14T17:00:00,80.6,81.1,80.4,81.0,20162870.64386215
2023-06-14T21:00:00,81.0,81.3,80.6,80.7,31001651.77049717
2023-06-15T01:00:00,80.6,80.9,80.0,80.4,18356294.40207415
2023-06-15T05:00:00,80.4,80.4,77.0,79.3,119114843.15459244
2023-06-15T09:00:00,79.3,79.4,78.5,79.1,40065623.29325914
2023-06-15T13:00:00,79.1,79.2,78.2,78.7,30761660.7155175
2023-06-15T17:00:00,78.7,80.7,78.6,79.8,72474067.75545372
2023-06-15T21:00:00,79.9,81.3,79.6,79.8,129690187.48197252
2023-06-16T01:00:00,79.8,80.6,79.2,80.3,18811924.32307066
2023-06-16T05:00:00,80.3,80.8,79.8,80.4,20917286.56005679
2023-06-16T09:00:00,80.3,80.8,79.9,80.7,25356189.84622537
2023-06-16T13:00:00,80.7,81.2,80.6,80.8,18383474.86246152
2023-06-16T17:00:00,80.7,81.0,79.7,80.4,37092859.54682563
2023-06-16T21:00:00,80.3,81.1,79.7,81.1,39349586.70162311
2023-06-17T01:00:00,80.9,82.4,80.7,81.6,27059701.09324833
2023-06-17T05:00:00,81.5,81.9,81.0,81.6,26718483.26937573
2023-06-17T09:00:00,81.6,81.7,80.9,81.1,27198623.45492983
2023-06-17T13:00:00,81.0,82.3,80.9,81.9,45156396.19186414
2023-06-17T17:00:00,81.8,82.2,81.6,81.7,23355226.59518718
2023-06-17T21:00:00,81.7,82.0,81.4,81.6,21509738.85695801
2023-06-18T01:00:00,81.5,81.8,81.4,81.5,10340476.17798174
2023-06-18T05:00:00,81.5,81.9,81.5,81.7,7179404.77243118
2023-06-18T09:00:00,81.6,81.7,80.6,81.1,36398095.55621602
2023-06-18T13:00:00,81.1,81.4,80.7,81.2,39388427.18636319
2023-06-18T17:00:00,81.2,82.1,81.1,81.3,30267970.44560343
2023-06-18T21:00:00,81.3,83.7,81.1,82.4,89154937.85355479
2023-06-19T01:00:00,82.4,83.0,82.0,82.1,15427997.67722431
2023-06-19T05:00:00,82.1,82.4,80.5,81.3,45816804.7104965
2023-06-19T09:00:00,81.3,81.5,80.9,81.2,32214699.29265152
2023-06-19T13:00:00,81.3,81.4,81.0,81.3,20492731.49839624
2023-06-19T17:00:00,81.2,81.4,81.1,81.3,17507037.78868375
2023-06-19T21:00:00,81.3,81.8,81.0,81.3,31111771.60196198
2023-06-20T01:00:00,81.3,82.2,80.9,81.6,26528280.74408813
2023-06-20T05:00:00,81.6,81.8,81.4,81.5,19727855.46317004
2023-06-20T09:00:00,81.6,82.2,81.3,81.5,35316886.89458367
2023-06-20T13:00:00,81.5,81.8,81.3,81.4,21184855.09353711
2023-06-20T17:00:00,81.3,81.6,80.9,81.5,20809265.95455321
2023-06-20T21:00:00,81.4,81.6,80.1,80.9,36310279.90044305
2023-06-21T01:00:00,80.8,82.1,80.6,81.8,31378069.94535666
2023-06-21T05:00:00,81.8,82.5,81.6,82.4,61791303.20873143
2023-06-21T09:00:00,82.4,83.8,82.1,83.7,97014262.08348054
2023-06-21T13:00:00,83.6,85.2,83.4,84.7,99606935.03164026
2023-06-21T17:00:00,84.6,84.7,83.8,84.3,47477651.74703394
2023-06-21T21:00:00,84.2,85.4,83.5,85.2,72089975.70693257
2023-06-22T01:00:00,85.2,87.1,84.9,86.0,69402724.58019157
2023-06-22T05:00:00,85.9,86.2,85.1,85.7,48878288.236278
2023-06-22T09:00:00,85.7,90.7,85.6,89.6,203327975.27009094
2023-06-22T13:00:00,89.5,89.9,88.1,89.4,94832710.4056952
2023-06-22T17:00:00,89.3,89.8,85.7,86.1,114082555.42081892
2023-06-22T21:00:00,86.0,88.1,85.7,87.0,97274695.36306874
2023-06-23T01:00:00,87.0,87.5,86.4,87.1,15363163.92935682
2023-06-23T05:00:00,87.2,87.3,85.6,85.9,38099990.61195612
2023-06-23T09:00:00,85.8,87.2,85.8,87.2,43501079.06443955
2023-06-23T13:00:00,87.2,88.0,86.9,87.7,37078863.85478283
2023-06-23T17:00:00,87.7,88.0,87.2,87.8,34178049.28137513
2023-06-23T21:00:00,87.8,89.9,86.4,89.4,83073607.8406183
2023-06-24T01:00:00,89.4,92.5,88.5,90.2,152888697.7764508
2023-06-24T05:00:00,90.1,90.7,89.5,90.4,41092140.99781632
2023-06-24T09:00:00,90.4,90.6,88.8,90.5,97996960.50132279
2023-06-24T13:00:00,90.4,91.0,89.4,89.5,54304041.67521152
2023-06-24T17:00:00,89.5,90.4,89.4,90.2,36266280.83310375
2023-06-24T21:00:00,90.1,90.4,87.7,88.1,101922734.79227862
2023-06-25T01:00:00,88.1,89.1,87.5,88.8,25413976.31833242
2023-06-25T05:00:00,88.8,89.1,88.1,88.9,21647914.22495904
2023-06-25T09:00:00,88.9,90.3,88.4,90.2,59636329.10048197
2023-06-25T13:00:00,90.2,90.6,89.5,90.0,64361470.77591168
2023-06-25T17:00:00,90.0,90.4,89.3,89.9,47704440.8543484
2023-06-25T21:00:00,89.9,90.2,88.0,88.8,66058017.40134727
2023-06-26T01:00:00,88.7,89.3,88.2,88.8,12311729.16024294
2023-06-26T05:00:00,88.8,89.1,88.2,88.3,21237901.09698205
2023-06-26T09:00:00,88.3,88.6,86.2,87.2,83074501.25455998
2023-06-26T13:00:00,87.1,87.6,86.3,87.4,38052219.25351893
2023-06-26T17:00:00,87.4,87.5,86.6,87.3,24499088.40463453
2023-06-26T21:00:00,87.2,88.0,86.7,87.4,41274762.12313002
2023-06-27T01:00:00,87.4,87.5,85.6,86.1,45133449.78674984
2023-06-27T05:00:00,86.1,86.3,84.5,85.9,51305189.12571479
2023-06-27T09:00:00,85.9,86.8,85.5,86.3,44184598.92526333
2023-06-27T13:00:00,86.3,86.6,85.5,86.4,34490729.6695452
2023-06-27T17:00:00,86.4,86.9,85.8,86.9,38389295.29389945
2023-06-27T21:00:00,86.8,86.9,85.5,85.8,53298403.45290397
2023-06-28T01:00:00,85.9,86.7,85.6,86.5,10200540.20837947
2023-06-28T05:00:00,86.5,86.7,86.3,86.6,14461253.08300909
2023-06-28T09:00:00,86.6,86.7,85.7,86.1,26939398.17349677
2023-06-28T13:00:00,86.1,87.5,84.7,85.0,71733879.9160021
2023-06-28T17:00:00,85.0,85.9,84.6,85.4,30050043.6722898
2023-06-28T21:00:00,85.4,85.8,84.7,85.4,26744647.11739988
2023-06-29T01:00:00,85.4,85.6,82.2,82.8,48954768.49322301
2023-06-29T05:00:00,82.7,83.9,82.2,83.2,33800267.16576641
2023-06-29T09:00:00,83.2,83.8,83.1,83.5,27889388.97556202
2023-06-29T13:00:00,83.5,84.1,83.4,83.9,16828235.71148778
2023-06-29T17:00:00,83.9,85.2,83.8,85.1,31933627.42402782
2023-06-29T21:00:00,85.1,85.4,84.3,84.5,36824608.66630371
2023-06-30T01:00:00,84.5,85.3,84.0,84.5,16760763.03314169
2023-06-30T05:00:00,84.4,84.9,84.0,84.6,13478744.9688327
2023-06-30T09:00:00,84.6,87.2,83.9,86.9,74826560.29601005
2023-06-30T13:00:00,86.9,87.5,86.1,87.0,68269700.50040787
2023-06-30T17:00:00,86.9,89.4,86.6,88.4,139804150.8874922
2023-06-30T21:00:00,88.3,89.4,83.6,85.4,206719007.70458874
2023-07-01T01:00:00,85.4,89.0,85.1,87.8,70758844.4288445
2023-07-01T05:00:00,87.6,89.1,87.2,88.6,98409678.2964853
2023-07-01T09:00:00,88.5,97.1,88.5,92.7,1030046929.2527527
2023-07-01T13:00:00,92.8,93.3,90.3,90.8,373213714.14763737
2023-07-01T17:00:00,90.7,91.4,89.5,90.2,130456390.61452967
2023-07-01T21:00:00,90.1,91.1,89.9,90.3,80936109.51794171
2023-07-02T01:00:00,90.2,91.6,90.1,90.8,34883399.36722693
2023-07-02T05:00:00,90.7,91.7,90.6,91.1,39954254.24395644
2023-07-02T09:00:00,91.1,91.2,88.4,88.6,163843418.92230642
2023-07-02T13:00:00,88.7,89.5,88.4,89.3,28229481.97872808
2023-07-02T17:00:00,89.3,89.7,88.9,89.5,32417197.83932767
2023-07-02T21:00:00,89.4,89.7,88.1,89.1,54458699.64032464
2023-07-03T01:00:00,89.1,91.9,89.0,90.4,51531954.49045861
2023-07-03T05:00:00,90.4,91.0,89.7,90.2,26467851.07894009
2023-07-03T09:00:00,90.2,90.6,89.6,90.4,31327388.17928318
2023-07-03T13:00:00,90.3,90.8,89.7,90.3,27434495.490713
2023-07-03T17:00:00,90.2,90.4,89.6,90.0,29250033.13065675
2023-07-03T21:00:00,89.9,90.1,89.2,90.0,56536882.97131666
2023-07-04T01:00:00,90.1,90.9,89.1,90.6,93340554.88980025
2023-07-04T05:00:00,90.4,90.9,89.7,90.6,95571013.6252395
2023-07-04T09:00:00,90.4,92.3,89.6,91.1,216425867.261341
2023-07-04T13:00:00,91.0,91.2,89.7,89.8,128259217.25722738
2023-07-04T17:00:00,89.9,90.4,89.6,90.3,85675932.70541783
2023-07-04T21:00:00,90.3,93.5,90.2,92.7,445913652.1219809
2023-07-05T01:00:00,92.6,94.8,89.8,90.9,184836341.4365165
2023-07-05T05:00:00,90.9,91.5,90.3,91.0,65099789.87054697
2023-07-05T09:00:00,90.9,91.4,90.2,91.2,76706021.04488005
2023-07-05T13:00:00,91.2,91.2,90.4,90.8,40781338.52306357
2023-07-05T17:00:00,90.7,90.8,87.1,87.7,173321647.27741534
2023-07-05T21:00:00,87.6,88.6,87.0,87.7,94393177.42121796
2023-07-06T01:00:00,87.7,88.6,87.5,88.5,16991965.36205996
2023-07-06T05:00:00,88.5,89.0,88.3,88.7,20877765.03990992
2023-07-06T09:00:00,88.7,88.9,87.5,88.7,34488324.52957744
2023-07-06T13:00:00,88.7,89.8,88.1,89.3,53671246.69503024
2023-07-06T17:00:00,89.4,90.3,88.0,88.6,72793720.74496038
2023-07-06T21:00:00,88.5,88.6,86.3,87.7,111265440.82956344
2023-07-07T01:00:00,87.7,88.2,86.5,87.5,22359099.33429676
2023-07-07T05:00:00,87.5,88.0,86.4,86.5,29776365.23684295
2023-07-07T09:00:00,86.6,87.5,86.0,87.0,47805046.28939635
2023-07-07T13:00:00,86.9,87.2,86.4,86.7,30001251.50714552
2023-07-07T17:00:00,86.7,87.2,86.4,86.8,31073288.292442
2023-07-07T21:00:00,86.8,87.2,86.2,87.0,37810735.84932259
2023-07-08T01:00:00,87.0,87.2,86.4,86.5,12180424.36631098
2023-07-08T05:00:00,86.5,87.3,86.2,86.8,16144901.22574237
2023-07-08T09:00:00,86.8,87.0,86.3,86.4,22713930.77320927
2023-07-08T13:00:00,86.4,86.6,86.0,86.5,24195858.33748678
2023-07-08T17:00:00,86.5,87.2,86.3,86.6,21437481.04938785
2023-07-08T21:00:00,86.6,86.7,86.3,86.6,13057547.53486558
2023-07-09T01:00:00,86.6,87.1,86.3,86.7,24442178.19890359
2023-07-09T05:00:00,86.7,87.5,86.3,87.1,15783707.89442138
2023-07-09T09:00:00,87.1,87.7,86.8,87.7,36690590.94276097
2023-07-09T13:00:00,87.6,87.8,86.6,86.9,24320853.7545461
2023-07-09T17:00:00,86.8,87.2,86.6,87.1,17120267.07881355
2023-07-09T21:00:00,87.2,87.5,86.4,86.7,23902659.26599007
2023-07-10T01:00:00,86.7,87.0,86.6,86.6,4930365.90539926
2023-07-10T05:00:00,86.6,86.9,86.0,86.3,31551663.53201939
2023-07-10T09:00:00,86.3,86.4,84.0,85.6,73423730.50264627
2023-07-10T13:00:00,85.6,85.8,85.0,85.1,32447011.80278766
2023-07-10T17:00:00,85.1,85.8,84.6,85.5,36403273.66961559
2023-07-10T21:00:00,85.5,85.9,85.2,85.6,29216667.32094577
2023-07-11T01:00:00,85.6,86.7,85.3,86.5,22525685.40309002
2023-07-11T05:00:00,86.5,86.9,85.6,85.8,28903649.16895848
2023-07-11T09:00:00,85.9,86.1,85.2,85.6,29471630.23650771
2023-07-11T13:00:00,85.6,86.1,85.5,85.7,29468115.37364284
2023-07-11T17:00:00,85.7,85.9,85.3,85.4,26479014.96878458
2023-07-11T21:00:00,85.4,85.7,85.0,85.2,42091193.73967935
2023-07-12T01:00:00,85.2,85.4,85.0,85.2,4382967.0197885
2023-07-12T05:00:00,85.3,85.8,85.0,85.6,24965485.78762539
2023-07-12T09:00:00,85.6,85.8,85.4,85.4,32752022.71830341
2023-07-12T13:00:00,85.4,85.9,85.3,85.7,28466299.70962523
2023-07-12T17:00:00,85.7,85.8,85.4,85.6,24983077.73094397
2023-07-12T21:00:00,85.5,86.0,84.9,84.9,73232594.03216727
2023-07-13T01:00:00,84.9,85.2,84.0,84.2,37448863.0513035
2023-07-13T05:00:00,84.3,85.7,84.2,85.2,20827147.10934727
2023-07-13T09:00:00,85.2,85.3,84.2,84.3,28074842.41924388
2023-07-13T13:00:00,84.4,84.7,84.0,84.3,34461752.56033008
2023-07-13T17:00:00,84.4,85.2,84.2,85.0,24960603.89922255
2023-07-13T21:00:00,85.0,88.6,84.6,88.0,193289978.53267542
2023-07-14T01:00:00,88.0,90.7,87.3,89.1,837087989.3365114
2023-07-14T05:00:00,89.0,91.0,87.1,89.6,447496298.5046933
2023-07-14T09:00:00,89.6,92.2,89.3,90.3,408800603.80220133
2023-07-14T13:00:00,90.2,90.5,89.1,89.4,150586091.48162386
2023-07-14T17:00:00,89.3,90.2,88.8,89.5,102274082.994384
2023-07-14T21:00:00,89.4,93.5,89.3,93.0,264151651.9835603
2023-07-15T01:00:00,93.0,93.2,86.4,87.6,300243173.61112255
2023-07-15T05:00:00,87.6,88.7,87.4,88.3,65561478.95968701
2023-07-15T09:00:00,88.4,88.4,87.0,87.2,108298931.35719685
2023-07-15T13:00:00,87.1,96.2,87.1,93.5,843715168.7609383
2023-07-15T17:00:00,93.5,95.9,92.7,94.4,524266572.4762748
2023-07-15T21:00:00,94.4,94.8,91.4,93.3,190349041.44466794
2023-07-16T01:00:00,93.2,94.3,92.2,92.8,79416117.4014429
2023-07-16T05:00:00,92.7,93.4,91.4,92.3,51770734.6782496
2023-07-16T09:00:00,92.3,92.7,89.5,90.8,163553147.0270514
2023-07-16T13:00:00,90.8,91.4,90.3,91.0,52851265.18960851
2023-07-16T17:00:00,91.0,91.7,90.7,91.5,84971464.35322845
2023-07-16T21:00:00,91.4,92.1,91.0,91.4,74784400.2745249
2023-07-17T01:00:00,91.4,91.5,89.4,89.4,60621664.41450027
2023-07-17T05:00:00,89.4,90.5,89.0,89.5,81496199.18854862
2023-07-17T09:00:00,89.6,90.4,89.1,90.4,64528185.13713087
2023-07-17T13:00:00,90.4,94.1,89.8,91.4,294773078.1514107
2023-07-17T17:00:00,91.4,91.8,88.2,89.3,192595007.2623208
2023-07-17T21:00:00,89.3,90.2,88.5,89.5,95038820.48057894
2023-07-18T01:00:00,89.5,89.9,88.0,88.9,77613323.93282264
2023-07-18T05:00:00,88.9,90.0,88.8,89.7,49644125.77217584
2023-07-18T09:00:00,89.7,90.3,89.2,89.3,73700521.2682216
2023-07-18T13:00:00,89.2,89.4,88.0,88.5,81380287.24931376
2023-07-18T17:00:00,88.5,88.8,87.5,87.5,89505989.34615095
2023-07-18T21:00:00,87.5,88.1,87.2,87.9,111360536.60968873
2023-07-19T01:00:00,88.0,88.3,87.0,87.5,37756843.80177682
2023-07-19T05:00:00,87.6,88.3,87.3,88.3,32521266.01746483
2023-07-19T09:00:00,88.2,89.5,88.0,89.3,77763553.7064055
2023-07-19T13:00:00,89.3,89.8,88.3,88.5,69018834.03089082
2023-07-19T17:00:00,88.5,89.3,87.7,88.9,59615799.04203603
2023-07-19T21:00:00,88.9,92.7,88.0,91.7,178253927.66824606
2023-07-20T01:00:00,91.7,91.8,89.2,90.7,125469661.71144411
2023-07-20T05:00:00,90.7,90.8,89.3,89.7,70293077.95200513
2023-07-20T09:00:00,89.7,91.0,89.5,89.9,75372852.91244298
2023-07-20T13:00:00,89.9,91.0,89.8,90.7,72346778.2016396
2023-07-20T17:00:00,90.7,95.0,90.7,92.6,577237824.3434451
2023-07-20T21:00:00,92.6,93.6,90.5,91.2,245315866.52282396
2023-07-21T01:00:00,91.3,91.6,90.0,90.5,61473033.96558387
2023-07-21T05:00:00,90.5,91.4,90.0,91.4,55461543.23769775
2023-07-21T09:00:00,91.3,93.5,91.0,92.8,196864296.40430433
2023-07-21T13:00:00,92.7,94.3,92.1,92.2,227450717.7358346
2023-07-21T17:00:00,92.2,94.0,92.2,93.4,151627180.27343392
2023-07-21T21:00:00,93.4,99.8,93.4,96.0,1326003385.4603362
2023-07-22T01:00:00,96.0,96.2,93.7,94.3,146169742.0106646
2023-07-22T05:00:00,94.3,95.8,94.0,95.0,104535373.7909726
2023-07-22T09:00:00,95.0,95.3,93.6,94.0,206925096.54314864
2023-07-22T13:00:00,93.9,94.3,93.0,93.8,109441012.79679547
2023-07-22T17:00:00,93.8,94.4,92.1,92.9,150795606.64327565
2023-07-22T21:00:00,92.9,93.3,92.6,93.0,72022927.01007251
2023-07-23T01:00:00,93.1,93.1,92.2,92.6,31733088.23542627
2023-07-23T05:00:00,92.7,92.8,90.9,91.8,110202450.47721568
2023-07-23T09:00:00,91.8,92.4,90.9,92.1,103688701.41940308
2023-07-23T13:00:00,92.1,93.8,92.0,92.9,126155859.41065727
2023-07-23T17:00:00,92.9,94.4,92.8,93.3,117938714.40443014
2023-07-23T21:00:00,93.3,94.0,93.1,93.5,58098432.30426265
2023-07-24T01:00:00,93.4,94.2,92.7,93.2,33579532.92207158
2023-07-24T05:00:00,93.2,93.8,91.4,92.9,51553795.64701241
2023-07-24T09:00:00,92.8,93.2,91.5,91.9,84443032.27396369
2023-07-24T13:00:00,91.8,102.0,91.2,100.0,815266850.8895203
2023-07-24T17:00:00,100.0,101.0,93.8,98.9,1465543579.7847419
2023-07-24T21:00:00,98.8,102.0,95.7,96.6,1170511604.4344153
2023-07-25T01:00:00,96.6,98.0,95.3,97.7,151840604.9212045
2023-07-25T05:00:00,97.7,97.9,96.0,96.4,160370227.38225523
2023-07-25T09:00:00,96.3,102.0,95.5,100.0,759180919.3800333
2023-07-25T13:00:00,100.0,102.0,99.1,99.3,589818401.086611
2023-07-25T17:00:00,99.3,102.0,97.6,101.0,520182825.5485112
2023-07-25T21:00:00,101.0,102.0,99.1,101.0,394241573.4574133
2023-07-26T01:00:00,100.0,108.0,100.0,106.0,549750400.8382837
2023-07-26T05:00:00,106.0,107.0,104.0,106.0,198808653.6259916
2023-07-26T09:00:00,105.0,107.0,102.0,104.0,272508217.87398285
2023-07-26T13:00:00,103.0,105.0,102.0,103.0,118168854.28575897
2023-07-26T17:00:00,103.0,104.0,101.0,102.0,209877541.05028
2023-07-26T21:00:00,101.0,103.0,101.0,102.0,101250138.45553483
2023-07-27T01:00:00,101.0,103.0,99.2,101.0,255630374.4707026
2023-07-27T05:00:00,102.0,103.0,100.0,100.0,104155866.8424735
2023-07-27T09:00:00,101.0,101.0,99.1,101.0,153579919.48355377
2023-07-27T13:00:00,101.0,103.0,100.0,102.0,83775337.41795403
2023-07-27T17:00:00,102.0,104.0,101.0,104.0,134291460.7105877
2023-07-27T21:00:00,104.0,104.0,101.0,101.0,79429776.92482588
2023-07-28T01:00:00,102.0,103.0,100.0,101.0,46073819.50220865
2023-07-28T05:00:00,101.0,101.0,99.8,100.0,74220770.97860648
2023-07-28T09:00:00,100.0,101.0,99.3,101.0,107637659.735196
2023-07-28T13:00:00,101.0,101.0,98.5,99.0,119097997.80091277
2023-07-28T17:00:00,98.9,99.4,98.6,99.2,110200814.2768634
2023-07-28T21:00:00,99.2,101.0,98.9,99.5,99538642.93387015
2023-07-29T01:00:00,99.6,101.0,99.1,100.0,37805976.91800745
2023-07-29T05:00:00,100.0,101.0,99.8,99.8,43115132.71493535
2023-07-29T09:00:00,99.8,102.0,99.4,101.0,70574697.3706135
2023-07-29T13:00:00,100.0,101.0,100.0,101.0,27007124.41212457
2023-07-29T17:00:00,100.0,101.0,100.0,100.0,38228335.62115589
2023-07-29T21:00:00,101.0,102.0,100.0,101.0,51664697.90215522
2023-07-30T01:00:00,100.0,106.0,100.0,104.0,178369185.12599108
2023-07-30T05:00:00,104.0,105.0,102.0,103.0,92267059.20356064
2023-07-30T09:00:00,103.0,104.0,102.0,103.0,67557509.7462822
2023-07-30T13:00:00,103.0,104.0,102.0,102.0,76565460.40608712
2023-07-30T17:00:00,102.0,104.0,102.0,103.0,131844862.71751578
2023-07-30T21:00:00,103.0,104.0,101.0,102.0,123153894.90777183
2023-07-31T01:00:00,102.0,103.0,100.0,101.0,67013149.10668156
2023-07-31T05:00:00,101.0,102.0,99.5,101.0,106949789.40009283
2023-07-31T09:00:00,101.0,102.0,100.0,102.0,42405038.57395503
2023-07-31T13:00:00,102.0,102.0,101.0,102.0,16097531.60801874
2023-07-31T17:00:00,102.0,104.0,101.0,103.0,72675019.03916872
2023-07-31T21:00:00,103.0,103.0,101.0,102.0,61472163.00691477
2023-08-01T01:00:00,101.0,102.0,100.0,101.0,55279949.91940578
2023-08-01T05:00:00,100.0,102.0,100.0,102.0,74850161.61102822
2023-08-01T09:00:00,101.0,102.0,98.6,99.1,141844597.10649493
2023-08-01T13:00:00,99.1,100.0,98.7,99.9,50564882.30478621
2023-08-01T17:00:00,99.8,101.0,99.8,101.0,36834143.08281485
2023-08-01T21:00:00,100.0,101.0,99.0,101.0,52366718.50650493
2023-08-02T01:00:00,101.0,101.0,100.0,100.0,5666484.93845506
2023-08-02T05:00:00,101.0,102.0,100.0,101.0,52001991.10911229
2023-08-02T09:00:00,102.0,102.0,101.0,102.0,22902629.82213828
2023-08-02T13:00:00,101.0,102.0,100.0,101.0,51721401.97268661
2023-08-02T17:00:00,100.0,101.0,100.0,101.0,17962168.36480406
2023-08-02T21:00:00,100.0,101.0,98.1,99.2,114305327.07764757
2023-08-03T01:00:00,99.2,99.2,97.5,98.5,49507471.49064199
2023-08-03T05:00:00,98.5,98.8,97.3,97.7,62200084.4775096
2023-08-03T09:00:00,97.7,98.8,97.3,98.0,59681731.18264262
2023-08-03T13:00:00,98.0,98.5,97.4,97.5,47890028.25165657
2023-08-03T17:00:00,97.5,97.7,96.0,97.2,103334506.96401043
2023-08-03T21:00:00,97.1,98.5,96.6,97.8,47828840.41666007
2023-08-04T01:00:00,97.8,98.8,97.6,98.1,18304288.59798953
2023-08-04T05:00:00,98.1,98.5,96.7,97.0,31459547.89615993
2023-08-04T09:00:00,97.1,98.1,96.8,97.9,48465126.00948479
2023-08-04T13:00:00,97.9,98.5,97.4,98.4,52166158.69395214
2023-08-04T17:00:00,98.4,98.8,97.8,98.0,36909679.0333792
2023-08-04T21:00:00,97.9,98.8,97.6,98.3,33626844.74838888
2023-08-05T01:00:00,98.3,98.9,96.7,97.1,35388046.00026727
2023-08-05T05:00:00,97.2,97.9,96.5,97.1,41971161.65422755
2023-08-05T09:00:00,97.1,97.9,96.3,97.9,63520691.6380546
2023-08-05T13:00:00,97.9,101.0,97.6,100.0,176427409.64980504
2023-08-05T17:00:00,99.9,102.0,99.6,101.0,70813463.71085688
2023-08-05T21:00:00,100.0,102.0,99.6,99.7,96957816.27907334
2023-08-06T01:00:00,99.6,101.0,99.5,100.0,45605794.08192657
2023-08-06T05:00:00,100.0,101.0,100.0,100.0,9136093.11888462
2023-08-06T09:00:00,100.0,101.0,100.0,101.0,37336861.58537678
2023-08-06T13:00:00,100.0,101.0,99.6,99.7,56599686.8886634
2023-08-06T17:00:00,99.7,101.0,99.0,100.0,41191998.8834806
2023-08-06T21:00:00,100.0,100.0,98.6,98.9,47663157.39122289
2023-08-07T01:00:00,98.9,100.0,98.6,99.5,19221324.30268103
2023-08-07T05:00:00,99.5,101.0,98.5,98.6,41217283.47126329
2023-08-07T09:00:00,98.7,99.9,98.2,99.4,57582680.96719519
2023-08-07T13:00:00,99.4,99.6,98.4,99.2,35397325.01308948
2023-08-07T17:00:00,99.2,99.3,98.4,99.0,39596360.92041337
2023-08-07T21:00:00,99.1,99.5,96.9,97.5,98418056.89076844
2023-08-08T01:00:00,97.4,97.5,95.9,97.1,57344313.12611241
2023-08-08T05:00:00,97.1,97.5,96.9,97.3,23338448.59654858
2023-08-08T09:00:00,97.3,98.3,96.8,98.1,39964987.29415542
2023-08-08T13:00:00,98.1,98.2,97.6,97.7,25110878.11669112
2023-08-08T17:00:00,97.7,98.3,97.3,98.2,25624881.44425359
2023-08-08T21:00:00,98.3,99.2,97.9,99.0,65432627.78538719
2023-08-09T01:00:00,99.1,99.6,98.8,99.1,19708491.35128766
2023-08-09T05:00:00,99.3,99.6,99.1,99.4,26179145.79615893
2023-08-09T09:00:00,99.3,99.9,98.8,99.1,56450540.10608041
2023-08-09T13:00:00,99.1,101.0,99.0,100.0,49889534.07398748
2023-08-09T17:00:00,100.0,101.0,99.6,99.8,75301187.25627466
2023-08-09T21:00:00,99.8,101.0,99.5,99.8,74958343.5806135
2023-08-10T01:00:00,99.7,99.9,99.2,99.3,23008220.86309212
2023-08-10T05:00:00,99.2,100.0,98.8,99.9,29035482.37592238
2023-08-10T09:00:00,99.9,102.0,99.8,100.0,87818246.12654103
2023-08-10T13:00:00,100.0,101.0,99.5,99.7,75853976.8536574
2023-08-10T17:00:00,99.7,101.0,99.5,99.8,48149634.40127885
2023-08-10T21:00:00,99.8,102.0,99.7,101.0,94388318.45603149
2023-08-11T01:00:00,101.0,102.0,100.0,100.0,12659601.57740035
2023-08-11T05:00:00,100.0,101.0,100.0,100.0,5060048.85939133
2023-08-11T09:00:00,100.0,101.0,100.0,101.0,16472973.59969216
2023-08-11T13:00:00,100.0,101.0,100.0,100.0,10812959.92150241
2023-08-11T17:00:00,100.0,101.0,100.0,101.0,18200326.70682375
2023-08-11T21:00:00,101.0,102.0,100.0,101.0,29771708.01060078
2023-08-12T01:00:00,101.0,101.0,100.0,100.0,4612994.5082334
2023-08-12T05:00:00,100.0,101.0,100.0,101.0,6828387.13514757
2023-08-12T09:00:00,101.0,103.0,100.0,102.0,48963999.69840749
2023-08-12T13:00:00,101.0,102.0,101.0,102.0,8958680.10898082
2023-08-12T17:00:00,102.0,103.0,101.0,102.0,44805214.76375169
2023-08-12T21:00:00,102.0,103.0,101.0,102.0,29248844.60849378
2023-08-13T01:00:00,102.0,103.0,102.0,102.0,5428567.57450662
2023-08-13T05:00:00,102.0,103.0,102.0,103.0,5395105.33514809
2023-08-13T09:00:00,102.0,103.0,101.0,102.0,38771187.48418085
2023-08-13T13:00:00,101.0,103.0,101.0,102.0,23320054.42292798
2023-08-13T17:00:00,101.0,102.0,101.0,102.0,7917522.21348895
2023-08-13T21:00:00,102.0,102.0,101.0,101.0,10269237.72503862
2023-08-14T01:00:00,102.0,102.0,101.0,102.0,9129077.82839674
2023-08-14T05:00:00,102.0,102.0,99.5,100.0,86102973.54957235
2023-08-14T09:00:00,100.0,100.0,99.0,100.0,53228860.26060923
2023-08-14T13:00:00,99.9,101.0,99.8,100.0,28588262.12448401
2023-08-14T17:00:00,101.0,101.0,100.0,100.0,14532649.12260628
2023-08-14T21:00:00,101.0,101.0,99.6,101.0,28497209.97743049
2023-08-15T01:00:00,101.0,101.0,99.1,99.4,39059207.80307068
2023-08-15T05:00:00,99.5,103.0,99.0,99.9,125863006.8366389
2023-08-15T09:00:00,99.9,101.0,99.6,99.8,34699805.32305648
2023-08-15T13:00:00,99.8,100.0,99.5,100.0,40093353.17850571
2023-08-15T17:00:00,100.0,101.0,99.4,99.4,35042191.99637809
2023-08-15T21:00:00,99.5,99.8,98.9,99.2,52443703.546111
2023-08-16T01:00:00,99.2,99.4,96.3,96.6,93311847.0427266
2023-08-16T05:00:00,96.6,96.9,95.7,95.9,134590725.3464422
2023-08-16T09:00:00,95.9,96.3,95.4,96.0,105875762.76257645
2023-08-16T13:00:00,96.1,96.5,95.2,95.4,70986633.01387393
2023-08-16T17:00:00,95.4,95.5,93.9,94.5,102610282.90600552
2023-08-16T21:00:00,94.6,94.6,93.1,93.8,80922911.51454186
2023-08-17T01:00:00,93.8,94.4,93.3,93.8,26977142.25334823
2023-08-17T05:00:00,93.9,93.9,90.2,91.1,122864409.9235086
2023-08-17T09:00:00,91.1,92.9,90.0,92.6,93650392.66034646
2023-08-17T13:00:00,92.7,92.8,92.1,92.2,31921479.85989205
2023-08-17T17:00:00,92.3,92.4,90.8,91.1,47840884.58318461
2023-08-17T21:00:00,91.2,91.8,89.0,89.2,109714721.60128073
2023-08-18T01:00:00,89.3,90.0,88.5,89.9,41871888.85843828
2023-08-18T05:00:00,89.9,90.0,82.4,84.1,333554534.31979334
2023-08-18T09:00:00,84.2,86.6,82.1,83.5,182091511.52092126
2023-08-18T13:00:00,83.5,86.0,82.9,85.8,97306656.5100032
2023-08-18T17:00:00,85.7,87.6,85.5,86.9,68166976.90007222
2023-08-18T21:00:00,86.9,86.9,84.6,85.7,100262999.37521894
2023-08-19T01:00:00,85.8,87.2,85.4,86.7,34641874.45714533
2023-08-19T05:00:00,86.7,87.8,86.4,87.1,30585336.91199512
2023-08-19T09:00:00,87.1,88.2,86.9,88.1,56790723.33552509
2023-08-19T13:00:00,88.0,88.1,87.0,87.5,44270819.89794837
2023-08-19T17:00:00,87.4,88.0,87.3,87.6,20620023.91766644
2023-08-19T21:00:00,87.6,88.6,87.2,88.5,32044209.5505792
2023-08-20T01:00:00,88.5,89.0,87.9,88.1,22243240.97505638
2023-08-20T05:00:00,88.0,88.2,87.5,88.1,16409191.25169623
2023-08-20T09:00:00,88.2,88.9,88.1,88.4,25156020.68303318
2023-08-20T13:00:00,88.3,88.4,88.0,88.1,17368333.85303161
2023-08-20T17:00:00,88.1,89.2,88.0,88.5,49949451.26022596
2023-08-20T21:00:00,88.5,88.5,87.2,87.5,46909678.13064496
2023-08-21T01:00:00,87.6,88.0,87.3,87.7,9637531.87204332
2023-08-21T05:00:00,87.6,88.2,87.4,87.7,21214499.27689067
2023-08-21T09:00:00,87.7,88.0,87.1,87.1,30643741.57243774
2023-08-21T13:00:00,87.1,87.4,86.1,86.4,40012834.08867942
2023-08-21T17:00:00,86.4,86.7,85.1,86.1,51950586.65943155
2023-08-21T21:00:00,86.2,86.5,84.0,84.6,59643509.10189823
2023-08-22T01:00:00,84.7,86.1,84.5,85.9,15562437.17861656
2023-08-22T05:00:00,85.8,86.1,85.4,85.7,14077417.83563426
2023-08-22T09:00:00,85.8,86.4,85.6,85.9,29521654.68506856
2023-08-22T13:00:00,85.8,86.9,85.6,86.2,32785873.53570822
2023-08-22T17:00:00,86.1,86.5,86.0,86.2,19452900.45903701
2023-08-22T21:00:00,86.2,86.9,85.2,85.5,49460816.37187586
2023-08-23T01:00:00,85.4,85.6,83.6,85.0,42762114.37335122
2023-08-23T05:00:00,85.0,86.3,83.5,85.8,43518806.18734075
2023-08-23T09:00:00,85.8,86.3,85.4,85.4,35219926.45783694
2023-08-23T13:00:00,85.5,89.3,85.3,87.5,77517185.32277656
2023-08-23T17:00:00,87.5,87.6,86.4,86.6,52575925.0746101
2023-08-23T21:00:00,86.5,87.2,85.8,87.2,33005576.9518853
2023-08-24T01:00:00,87.1,87.9,86.8,87.2,30782876.236501
2023-08-24T05:00:00,87.2,87.3,86.2,86.8,33886553.24761229
2023-08-24T09:00:00,86.8,87.1,86.3,86.5,24116676.21760547
2023-08-24T13:00:00,86.5,86.6,86.1,86.4,17424088.88970339
2023-08-24T17:00:00,86.4,86.5,85.8,85.9,22250711.42769101
2023-08-24T21:00:00,85.9,86.1,84.8,85.1,49343715.46257548
2023-08-25T01:00:00,85.1,86.0,85.0,85.3,8341354.55603521
2023-08-25T05:00:00,85.4,86.0,84.5,85.9,18045892.82151024
2023-08-25T09:00:00,85.9,85.9,84.2,84.8,33123697.98884376
2023-08-25T13:00:00,84.8,85.0,84.0,84.4,36996196.63366861
2023-08-25T17:00:00,84.4,84.9,84.4,84.7,15775992.80667592
2023-08-25T21:00:00,84.7,85.7,84.3,85.0,42691289.48631672
2023-08-26T01:00:00,85.0,85.7,84.7,85.3,8006058.3456452
2023-08-26T05:00:00,85.2,86.0,85.2,85.9,15054807.64446995
2023-08-26T09:00:00,85.9,86.2,85.7,85.9,20161151.82704
2023-08-26T13:00:00,85.8,86.1,85.7,86.0,10793541.23316253
2023-08-26T17:00:00,85.9,86.0,85.5,85.6,11999518.01732435
2023-08-26T21:00:00,85.5,85.7,85.3,85.6,9248403.60667697
2023-08-27T01:00:00,85.6,85.7,85.3,85.5,6471433.76576856
2023-08-27T05:00:00,85.5,85.7,85.4,85.5,4857043.06630413
2023-08-27T09:00:00,85.6,85.7,85.3,85.6,11725270.68501363
2023-08-27T13:00:00,85.5,86.6,85.5,85.9,18520832.13907604
2023-08-27T17:00:00,85.9,86.2,85.5,85.7,12869994.37112518
2023-08-27T21:00:00,85.6,86.2,85.5,85.8,15991768.70885982
2023-08-28T01:00:00,85.8,86.0,85.4,85.6,7750711.93119013
2023-08-28T05:00:00,85.6,85.8,85.4,85.6,6587808.77994789
2023-08-28T09:00:00,85.6,85.7,84.5,84.7,43826505.44726015
2023-08-28T13:00:00,84.7,84.9,84.1,84.4,28249774.97663554
2023-08-28T17:00:00,84.4,84.7,84.1,84.6,17584879.1500348
2023-08-28T21:00:00,84.6,85.8,84.6,85.5,18291767.8552503
2023-08-29T01:00:00,85.5,85.9,84.9,85.4,11831330.88989675
2023-08-29T05:00:00,85.4,86.0,85.4,85.8,12816358.01608465
2023-08-29T09:00:00,85.7,86.2,85.0,85.3,26799940.93513899
2023-08-29T13:00:00,85.3,85.4,85.0,85.1,11800145.66169417
2023-08-29T17:00:00,85.1,85.3,84.5,84.9,18933589.36398867
2023-08-29T21:00:00,84.8,92.7,84.7,90.7,491982528.174633
2023-08-30T01:00:00,90.7,91.9,89.5,90.3,133447388.3327034
2023-08-30T05:00:00,90.3,90.8,88.9,89.6,68480641.11923783
2023-08-30T09:00:00,89.6,90.0,88.1,88.6,85123322.09414272
2023-08-30T13:00:00,88.5,89.0,88.5,88.9,23888582.70612804
2023-08-30T17:00:00,88.8,89.1,88.3,88.4,36618016.02452582
2023-08-30T21:00:00,88.3,89.3,87.6,88.4,45938101.22216257
2023-08-31T01:00:00,88.4,89.2,88.2,88.9,21271767.29437476
2023-08-31T05:00:00,88.9,89.6,88.8,89.5,16823324.44354114
2023-08-31T09:00:00,89.5,89.6,88.4,88.8,32747390.45600229
2023-08-31T13:00:00,88.8,90.5,88.7,90.3,52755057.52389149
2023-08-31T17:00:00,90.3,91.3,89.8,90.9,58279645.66894017
2023-08-31T21:00:00,90.9,90.9,88.6,89.0,52246229.87565841
2023-09-01T01:00:00,89.0,89.3,86.6,87.6,54629006.87301079
2023-09-01T05:00:00,87.7,87.8,86.3,87.2,44635019.66152576
2023-09-01T09:00:00,87.3,87.8,86.6,87.1,35039779.24298388
2023-09-01T13:00:00,87.0,87.2,86.0,86.4,47979289.25562173
2023-09-01T17:00:00,86.4,87.5,86.4,87.3,25912252.9938382
2023-09-01T21:00:00,87.3,87.6,86.2,86.8,33207773.9412311
2023-09-02T01:00:00,86.8,87.1,85.9,86.7,29881292.74725081
2023-09-02T05:00:00,86.7,87.7,86.6,87.4,33224968.58233566
2023-09-02T09:00:00,87.4,87.9,86.9,87.1,23167877.74852945
2023-09-02T13:00:00,87.1,87.5,86.8,87.1,18915670.98282592
2023-09-02T17:00:00,87.0,87.1,86.5,86.9,16290934.931175
2023-09-02T21:00:00,86.9,88.4,86.0,86.4,63878222.18946523
2023-09-03T01:00:00,86.4,86.8,85.4,86.0,23309159.17849214
2023-09-03T05:00:00,86.0,86.6,85.9,86.6,9527171.88913422
2023-09-03T09:00:00,86.6,86.8,86.1,86.5,28919820.54292203
2023-09-03T13:00:00,86.5,86.8,86.2,86.7,17153905.07094524
2023-09-03T17:00:00,86.6,86.7,86.1,86.3,13481864.91163512
2023-09-03T21:00:00,86.2,86.6,85.8,86.1,27586152.21887934
2023-09-04T01:00:00,86.1,86.4,85.6,86.1,14230015.21893389
2023-09-04T05:00:00,86.1,86.2,85.6,85.9,32223549.45003429
2023-09-04T09:00:00,86.0,86.5,85.7,86.0,21497349.95270507
2023-09-04T13:00:00,86.0,86.3,85.5,85.9,26263017.55678147
2023-09-04T17:00:00,85.9,86.1,85.7,85.8,16443611.18996612
2023-09-04T21:00:00,85.8,86.1,85.2,85.3,35075041.44847312
2023-09-05T01:00:00,85.3,85.7,85.1,85.6,11538881.94246337
2023-09-05T05:00:00,85.6,85.8,84.6,85.7,31962010.28671881
2023-09-05T09:00:00,85.7,86.4,85.3,85.8,37703052.68980604
2023-09-05T13:00:00,85.8,87.5,85.8,87.0,56253044.29369757
2023-09-05T17:00:00,87.0,87.3,86.3,87.1,35718359.59804142
2023-09-05T21:00:00,87.1,87.3,86.5,87.0,34210221.79589865
2023-09-06T01:00:00,86.9,87.3,86.7,86.9,10238439.70979905
2023-09-06T05:00:00,86.8,87.1,86.7,87.0,10871129.97708434
2023-09-06T09:00:00,86.9,87.8,86.8,87.3,29702854.38727636
2023-09-06T13:00:00,87.3,87.3,86.6,86.8,20685560.75529451
2023-09-06T17:00:00,86.8,87.3,86.8,86.8,14607034.88484985
2023-09-06T21:00:00,86.8,87.0,86.0,86.2,26960538.08582406
2023-09-07T01:00:00,86.2,87.1,85.3,86.2,23539772.19397539
2023-09-07T05:00:00,86.2,86.6,86.1,86.5,12289813.2184325
2023-09-07T09:00:00,86.6,86.8,86.4,86.5,15321356.90395801
2023-09-07T13:00:00,86.5,86.6,85.9,86.2,17114766.11867824
2023-09-07T17:00:00,86.2,86.2,85.7,85.8,21349681.52827701
2023-09-07T21:00:00,85.8,86.1,85.5,85.9,20119860.44443062
2023-09-08T01:00:00,85.9,86.3,85.8,85.8,7136268.91940384
2023-09-08T05:00:00,85.9,86.7,85.8,86.4,28980206.49901043
2023-09-08T09:00:00,86.4,86.7,86.0,86.5,20145586.119164
2023-09-08T13:00:00,86.5,86.7,86.2,86.5,15260091.8160956
2023-09-08T17:00:00,86.4,86.6,85.2,85.7,33561711.98224434
2023-09-08T21:00:00,85.7,86.1,85.6,85.8,8550395.72251181
2023-09-09T01:00:00,85.8,86.3,85.7,86.2,5004259.70290093
2023-09-09T05:00:00,86.2,86.8,86.0,86.6,10442945.1111303
2023-09-09T09:00:00,86.6,87.0,86.4,86.6,24318801.83275723
2023-09-09T13:00:00,86.6,86.7,86.1,86.5,12675471.01957799
2023-09-09T17:00:00,86.5,86.8,86.3,86.7,10790819.81539689
2023-09-09T21:00:00,86.7,86.8,86.2,86.4,12932575.03803873
2023-09-10T01:00:00,86.3,86.6,86.3,86.4,4177451.39205677
2023-09-10T05:00:00,86.3,86.6,86.3,86.3,3977633.96060004
2023-09-10T09:00:00,86.4,86.4,85.8,85.9,19165689.20336058
2023-09-10T13:00:00,85.9,86.0,84.2,85.0,80328016.88329156
2023-09-10T17:00:00,85.0,85.0,84.3,84.4,32219175.4704354
2023-09-10T21:00:00,84.4,84.6,83.4,83.9,58987961.7907335
2023-09-11T01:00:00,83.9,84.0,83.0,83.8,31804277.75242217
2023-09-11T05:00:00,83.7,84.2,83.5,83.6,25659610.07053886
2023-09-11T09:00:00,83.6,83.8,82.9,83.3,48990871.37362845
2023-09-11T13:00:00,83.3,84.5,83.0,84.2,52628482.46998185
2023-09-11T17:00:00,84.2,84.2,81.8,82.2,93816321.0474431
2023-09-11T21:00:00,82.2,82.7,81.6,82.2,75535336.94374758
2023-09-12T01:00:00,82.2,82.3,81.1,81.6,29720253.36411077
2023-09-12T05:00:00,81.6,82.8,81.5,82.4,22061842.90786756
2023-09-12T09:00:00,82.6,84.4,82.3,83.7,42245422.10081766
2023-09-12T13:00:00,83.6,83.8,82.8,82.9,31552618.78046934
2023-09-12T17:00:00,82.9,84.4,82.6,83.7,55151165.39724265
2023-09-12T21:00:00,83.7,83.9,83.2,83.6,38010313.470016
2023-09-13T01:00:00,83.5,84.1,82.8,83.1,16728913.46425909
2023-09-13T05:00:00,83.1,83.3,82.6,82.8,18196295.20226645
2023-09-13T09:00:00,82.7,83.1,82.3,82.5,31838535.67871568
2023-09-13T13:00:00,82.5,83.8,82.2,82.7,38460571.29548301
2023-09-13T17:00:00,82.6,83.4,82.6,83.2,20476308.47546193
2023-09-13T21:00:00,83.2,83.4,82.7,83.2,29914025.97436438
2023-09-14T01:00:00,83.2,83.4,82.6,82.7,23019458.51266795
2023-09-14T05:00:00,82.7,83.3,82.7,83.0,18487278.78832675
2023-09-14T09:00:00,82.9,83.7,82.9,83.0,39787732.46067363
2023-09-14T13:00:00,83.0,83.4,82.7,83.2,33672620.12933088
2023-09-14T17:00:00,83.2,83.5,83.1,83.2,15696183.74730186
2023-09-14T21:00:00,83.3,84.0,83.1,83.7,54767375.82036135
2023-09-15T01:00:00,83.7,84.5,83.4,84.1,17058039.46877604
2023-09-15T05:00:00,84.1,84.3,83.7,83.8,19850727.6175431
2023-09-15T09:00:00,83.8,84.3,83.6,84.1,33541544.98339982
2023-09-15T13:00:00,84.0,84.2,83.3,83.4,35662229.30120482
2023-09-15T17:00:00,83.3,84.0,83.3,83.5,20550568.22664496
2023-09-15T21:00:00,83.5,83.9,83.2,83.7,29108943.30269057
2023-09-16T01:00:00,83.7,84.1,83.7,83.8,7340882.74577167
2023-09-16T05:00:00,83.8,84.8,83.8,84.2,25783962.00164712
2023-09-16T09:00:00,84.2,84.8,84.1,84.4,37264646.14024726
2023-09-16T13:00:00,84.3,84.4,84.1,84.3,28667119.51089932
2023-09-16T17:00:00,84.3,84.6,84.0,84.4,29185140.33249012
2023-09-16T21:00:00,84.3,84.5,83.9,84.2,26097490.66881174
2023-09-17T01:00:00,84.0,84.4,83.7,84.0,13115999.96614599
2023-09-17T05:00:00,84.0,84.3,83.9,84.1,10485409.72974553
2023-09-17T09:00:00,84.1,84.2,83.2,83.6,45439991.00789319
2023-09-17T13:00:00,83.6,84.2,83.5,83.6,36567249.17182863
2023-09-17T17:00:00,83.6,84.0,83.5,83.8,18684105.1472559
2023-09-17T21:00:00,83.7,84.0,83.5,83.5,16830753.91617136
2023-09-18T01:00:00,83.5,83.6,83.0,83.2,18566739.92990762
2023-09-18T05:00:00,83.2,83.3,82.6,82.8,27592779.6402221
2023-09-18T09:00:00,82.9,83.3,82.4,83.1,39485047.41673576
2023-09-18T13:00:00,83.1,83.3,82.8,83.2,24048024.64887372
2023-09-18T17:00:00,83.2,84.1,83.1,83.7,35646551.86732661
2023-09-18T21:00:00,83.7,84.4,83.6,83.8,43189842.1206501
2023-09-19T01:00:00,83.7,83.9,82.9,83.3,21151160.91688052
2023-09-19T05:00:00,83.2,83.5,82.9,83.2,17686200.58214032
2023-09-19T09:00:00,83.2,83.5,83.0,83.5,40180938.35405188
2023-09-19T13:00:00,83.5,83.8,83.3,83.6,29331378.39099885
2023-09-19T17:00:00,83.5,84.4,83.4,83.8,37500210.26940747
2023-09-19T21:00:00,83.8,84.6,83.8,84.6,40745436.6481962
2023-09-20T01:00:00,84.5,84.7,83.9,84.1,8656948.73705912
2023-09-20T05:00:00,84.0,84.3,83.8,84.0,17704008.54478451
2023-09-20T09:00:00,84.0,84.5,83.8,83.9,34761618.65979568
2023-09-20T13:00:00,83.8,84.1,83.7,83.9,22186672.78834057
2023-09-20T17:00:00,83.9,84.0,83.3,83.5,34327631.53924577
2023-09-20T21:00:00,83.5,84.0,83.3,83.7,22435616.74646569
2023-09-21T01:00:00,83.7,84.5,83.2,83.9,25674812.66656948
2023-09-21T05:00:00,83.8,84.5,83.8,84.1,21536019.78530768
2023-09-21T09:00:00,84.1,84.9,84.1,84.9,49708726.99844957
2023-09-21T13:00:00,84.9,85.7,84.5,84.7,46221726.07627843
2023-09-21T17:00:00,84.7,85.0,83.1,83.6,60951296.83153019
2023-09-21T21:00:00,83.6,83.8,83.0,83.6,29916405.26758743
2023-09-22T01:00:00,83.6,83.7,83.2,83.3,9102518.71845609
2023-09-22T05:00:00,83.3,83.5,83.0,83.1,25194755.08334797
2023-09-22T09:00:00,83.2,83.6,82.5,83.3,33340395.73977698
2023-09-22T13:00:00,83.3,83.5,83.2,83.5,15818707.4594544
2023-09-22T17:00:00,83.5,83.5,83.2,83.4,13333703.65073384
2023-09-22T21:00:00,83.4,83.4,83.0,83.2,25102634.05831452
2023-09-23T01:00:00,83.2,83.4,83.0,83.1,12261023.55182505
2023-09-23T05:00:00,83.1,83.4,83.0,83.3,8909334.14777311
2023-09-23T09:00:00,83.4,83.5,83.2,83.3,22183152.03642439
2023-09-23T13:00:00,83.3,83.5,83.2,83.2,12343567.97038263
2023-09-23T17:00:00,83.2,83.4,83.2,83.3,10604710.43769184
2023-09-23T21:00:00,83.3,83.9,83.1,83.1,22657448.25482496
2023-09-24T01:00:00,83.1,83.5,83.1,83.4,5768630.33832685
2023-09-24T05:00:00,83.3,83.5,83.1,83.2,7270318.99849334
2023-09-24T09:00:00,83.2,83.4,83.0,83.3,20148641.66174162
2023-09-24T13:00:00,83.3,83.4,83.1,83.3,10038090.77376134
2023-09-24T17:00:00,83.3,83.4,83.1,83.1,12315698.65599227
2023-09-24T21:00:00,83.3,83.5,83.1,83.1,28386273.00065225
2023-09-25T01:00:00,83.1,83.4,82.6,82.8,17868438.29064276
2023-09-25T05:00:00,82.8,82.9,82.1,82.2,37962138.43978776
2023-09-25T09:00:00,82.2,82.5,81.6,82.3,39302690.99200321
2023-09-25T13:00:00,82.3,82.4,81.9,82.4,23369171.11381632
2023-09-25T17:00:00,82.3,82.4,81.8,81.8,25721051.38840802
2023-09-25T21:00:00,81.9,82.6,81.8,82.5,15872422.89765179
2023-09-26T01:00:00,82.5,82.7,82.3,82.4,7634671.45084402
2023-09-26T05:00:00,82.4,82.6,82.1,82.2,7269975.6318963
2023-09-26T09:00:00,82.2,82.9,82.0,82.8,20798524.15079629
2023-09-26T13:00:00,82.8,82.9,82.4,82.5,13717637.62492135
2023-09-26T17:00:00,82.5,82.6,82.2,82.5,9215224.04908878
2023-09-26T21:00:00,82.5,82.6,82.1,82.3,19436433.03026408
2023-09-27T01:00:00,82.3,82.4,81.8,82.1,14745118.30769794
2023-09-27T05:00:00,82.1,82.6,81.3,82.2,27937479.60156223
2023-09-27T09:00:00,82.2,82.6,82.1,82.5,17019419.69629702
2023-09-27T13:00:00,82.5,82.6,82.3,82.6,14383834.31607203
2023-09-27T17:00:00,82.6,83.6,82.3,83.3,27941575.1824908
2023-09-27T21:00:00,83.4,83.4,82.3,82.7,26782817.67259816
2023-09-28T01:00:00,82.8,82.9,82.3,82.6,8092252.06724179
2023-09-28T05:00:00,82.6,82.7,82.3,82.6,7985852.24780482
2023-09-28T09:00:00,82.6,83.0,82.4,82.5,17158433.01126761
2023-09-28T13:00:00,82.5,83.1,82.5,83.0,9520852.19544229
2023-09-28T17:00:00,83.0,83.4,82.8,83.0,13503479.59257025
2023-09-28T21:00:00,83.0,83.6,82.8,83.5,23686860.50914435
2023-09-29T01:00:00,83.5,83.7,83.0,83.4,10806127.13218429
2023-09-29T05:00:00,83.3,83.4,83.0,83.3,9185181.2178562
2023-09-29T09:00:00,83.2,83.5,83.1,83.3,15282673.51807909
2023-09-29T13:00:00,83.3,84.2,83.3,84.0,30045859.27656167
2023-09-29T17:00:00,84.0,84.1,83.6,83.7,13349149.11135986
2023-09-29T21:00:00,83.6,84.9,83.5,83.7,78100625.03272523
2023-09-30T01:00:00,83.7,84.0,83.6,83.9,6175523.51693681
2023-09-30T05:00:00,83.9,84.5,83.9,84.1,16815609.57716406
2023-09-30T09:00:00,84.0,84.3,83.8,83.9,19832288.72146995
2023-09-30T13:00:00,83.8,84.1,83.8,83.9,15223953.81873672
2023-09-30T17:00:00,83.9,84.2,83.8,83.8,15895160.15225976
2023-09-30T21:00:00,83.8,84.3,83.7,84.2,16573029.35204342
2023-10-01T01:00:00,84.1,84.9,84.1,84.4,24041603.53542634
2023-10-01T05:00:00,84.4,84.8,84.1,84.1,8541528.48845639
2023-10-01T09:00:00,84.2,84.3,84.0,84.1,18421862.87111563
2023-10-01T13:00:00,84.1,84.4,84.0,84.3,16863595.60585894
2023-10-01T17:00:00,84.3,85.0,84.2,84.9,35378421.88684252
2023-10-01T21:00:00,84.8,85.1,84.5,84.7,24615008.18467258
2023-10-02T01:00:00,84.7,84.8,84.0,84.1,14722818.19043865
2023-10-02T05:00:00,84.2,85.9,83.9,85.4,55139209.50450492
2023-10-02T09:00:00,85.4,86.1,84.9,86.1,54628224.59385333
2023-10-02T13:00:00,86.0,86.2,85.4,86.0,38278864.899211
2023-10-02T17:00:00,85.9,87.2,85.9,86.3,62911131.26764876
2023-10-02T21:00:00,86.3,86.7,84.9,85.1,56913277.94642319
2023-10-03T01:00:00,85.0,85.2,83.9,84.5,49648719.44789138
2023-10-03T05:00:00,84.5,84.7,83.9,84.4,25277866.85846849
2023-10-03T09:00:00,84.4,85.1,84.2,84.8,35571382.84013546
2023-10-03T13:00:00,84.8,85.0,84.4,84.5,18278931.80139801
2023-10-03T17:00:00,84.5,84.7,84.4,84.5,23293132.29409815
2023-10-03T21:00:00,84.5,84.6,83.5,83.8,46410740.42964628
2023-10-04T01:00:00,83.8,84.0,83.2,83.4,13335083.66432644
2023-10-04T05:00:00,83.4,83.7,83.2,83.3,39581004.3217551
2023-10-04T09:00:00,83.4,83.5,82.2,82.8,67749587.63680871
2023-10-04T13:00:00,82.8,83.3,82.6,83.0,16881956.09995139
2023-10-04T17:00:00,83.1,83.3,83.0,83.1,13981044.56592536
2023-10-04T21:00:00,83.1,83.2,82.6,82.8,18456542.70942169
2023-10-05T01:00:00,82.8,83.3,82.7,83.0,6786925.00189976
2023-10-05T05:00:00,83.0,83.4,82.9,83.2,8797359.07656985
2023-10-05T09:00:00,83.2,83.5,82.6,82.8,23388101.38263377
2023-10-05T13:00:00,82.7,82.9,82.5,82.5,20230279.60765977
2023-10-05T17:00:00,82.6,83.0,82.5,82.8,15376063.15063125
2023-10-05T21:00:00,82.8,83.2,82.5,82.7,25802621.86356007
2023-10-06T01:00:00,82.7,83.2,82.7,83.0,5836936.73931319
2023-10-06T05:00:00,83.0,83.1,82.7,82.7,8419787.20040743
2023-10-06T09:00:00,82.8,83.1,82.7,83.0,15228751.79523254
2023-10-06T13:00:00,83.0,83.1,82.7,82.9,14077400.15530436
2023-10-06T17:00:00,82.9,83.3,82.9,83.1,11526143.11190518
2023-10-06T21:00:00,83.1,83.2,82.7,83.1,18865107.6059774
2023-10-07T01:00:00,83.1,83.2,82.8,83.0,10806306.12638078
2023-10-07T05:00:00,83.0,83.6,82.9,83.2,17880566.72929847
2023-10-07T09:00:00,83.1,83.6,83.1,83.4,24997526.51466927
2023-10-07T13:00:00,83.4,83.6,83.1,83.3,13946487.04139388
2023-10-07T17:00:00,83.3,83.4,83.2,83.3,7082035.47160056
2023-10-07T21:00:00,83.3,83.4,83.1,83.2,7394584.67905492
2023-10-08T01:00:00,83.2,83.3,83.0,83.0,5162402.61947708
2023-10-08T05:00:00,83.0,83.5,83.0,83.4,5871352.22969947
2023-10-08T09:00:00,83.3,83.6,83.3,83.6,9814361.62221955
2023-10-08T13:00:00,83.6,83.6,83.1,83.3,11016697.01020366
2023-10-08T17:00:00,83.3,83.4,82.6,82.8,19006495.62322605
2023-10-08T21:00:00,82.8,83.3,82.7,83.0,10380066.43784363
2023-10-09T01:00:00,83.0,83.2,82.7,82.9,6180320.77178893
2023-10-09T05:00:00,82.9,83.0,82.7,82.9,10266631.72887175
2023-10-09T09:00:00,83.0,83.0,82.6,82.8,22658601.99369757
2023-10-09T13:00:00,82.8,83.0,82.2,82.2,31291605.62132018
2023-10-09T17:00:00,82.2,82.4,79.8,80.0,152085920.90104356
2023-10-09T21:00:00,80.0,80.7,79.8,80.2,39389928.75856857
2023-10-10T01:00:00,80.2,80.6,79.4,80.5,30058145.31340385
2023-10-10T05:00:00,80.6,80.7,80.1,80.2,17323927.60985945
2023-10-10T09:00:00,80.2,80.5,79.8,80.4,65511484.94259685
2023-10-10T13:00:00,80.4,80.9,80.1,80.7,27622091.01928605
2023-10-10T17:00:00,80.7,80.9,80.0,80.1,24921647.94312554
2023-10-10T21:00:00,80.1,80.5,79.9,80.1,34118614.6107482
2023-10-11T01:00:00,80.1,80.6,79.9,80.4,12065937.43982469
2023-10-11T05:00:00,80.4,80.7,80.0,80.6,13042479.61010165
2023-10-11T09:00:00,80.6,81.0,79.7,80.0,50949714.13625178
2023-10-11T13:00:00,79.9,80.5,79.8,80.1,20090953.25882034
2023-10-11T17:00:00,80.1,80.5,79.9,80.2,14882480.41332723
2023-10-11T21:00:00,80.1,80.2,79.1,79.2,39292108.12609999
2023-10-12T01:00:00,79.3,79.5,78.9,79.4,23656276.68224422
2023-10-12T05:00:00,79.6,80.0,79.3,80.0,17417370.15924503
2023-10-12T09:00:00,80.0,80.0,79.1,79.4,31796378.67782447
2023-10-12T13:00:00,79.4,79.7,79.3,79.5,14697286.39595121
2023-10-12T17:00:00,79.6,79.7,78.6,79.3,34114830.80614796
2023-10-12T21:00:00,79.3,79.5,79.0,79.3,16419089.28810742
2023-10-13T01:00:00,79.3,79.4,78.7,79.2,13732680.5338953
2023-10-13T05:00:00,79.2,79.7,79.1,79.5,14509563.47824373
2023-10-13T09:00:00,79.5,79.9,79.3,79.4,19401518.96688385
2023-10-13T13:00:00,79.4,79.9,79.4,79.7,11111151.72123356
2023-10-13T17:00:00,79.6,81.0,79.4,80.4,37774769.56881383
2023-10-13T21:00:00,80.4,80.9,80.0,80.1,27226365.16731077
2023-10-14T01:00:00,80.1,80.6,79.9,79.9,8476539.20675729
2023-10-14T05:00:00,79.9,80.7,79.9,80.3,14154219.19251457
2023-10-14T09:00:00,80.3,80.9,80.3,80.7,15539431.22209638
2023-10-14T13:00:00,80.6,80.7,80.3,80.4,11671671.20399338
2023-10-14T17:00:00,80.3,81.0,80.3,80.9,16731354.52063207
2023-10-14T21:00:00,80.8,82.0,80.8,81.7,41558216.73345297
2023-10-15T01:00:00,81.6,81.8,81.2,81.6,11397720.03051802
2023-10-15T05:00:00,81.5,82.1,81.5,81.9,19620111.43324529
2023-10-15T09:00:00,81.9,82.0,81.3,81.6,26733201.80003307
2023-10-15T13:00:00,81.5,81.6,81.2,81.3,22549539.83049041
2023-10-15T17:00:00,81.3,81.5,81.0,81.0,22995912.37544559
2023-10-15T21:00:00,80.9,81.2,80.7,81.2,27332920.23123795
2023-10-16T01:00:00,81.2,81.5,81.0,81.2,6016286.14159087
2023-10-16T05:00:00,81.3,81.5,80.9,80.9,13205499.50139356
2023-10-16T09:00:00,81.0,81.4,80.9,81.2,22687271.43892469
2023-10-16T13:00:00,81.1,82.3,80.9,81.8,57404593.93260948
2023-10-16T17:00:00,81.8,82.5,81.3,81.5,39262551.63622785
2023-10-16T21:00:00,81.5,83.7,80.7,81.4,113251968.89164744
2023-10-17T01:00:00,81.3,81.9,81.3,81.5,14499627.81838697
2023-10-17T05:00:00,81.5,81.7,81.3,81.6,16625688.6578803
2023-10-17T09:00:00,81.5,81.6,81.1,81.4,25598938.08504563
2023-10-17T13:00:00,81.3,81.4,80.9,81.3,38563497.13601532
2023-10-17T17:00:00,81.3,81.8,81.1,81.5,23630833.76244703
2023-10-17T21:00:00,81.4,81.5,80.0,80.6,53340370.99964513
2023-10-18T01:00:00,80.6,80.8,80.1,80.5,16021696.28104073
2023-10-18T05:00:00,80.5,80.7,80.3,80.5,20980473.15729719
2023-10-18T09:00:00,80.5,80.5,80.0,80.4,53010835.98329321
2023-10-18T13:00:00,80.3,80.8,80.1,80.2,38431059.74859627
2023-10-18T17:00:00,80.2,80.6,80.2,80.2,21060396.22652451
2023-10-18T21:00:00,80.2,80.3,79.8,80.0,31884317.47843111
2023-10-19T01:00:00,80.1,80.2,79.8,79.9,18636851.32448426
2023-10-19T05:00:00,79.9,80.5,79.6,80.1,25658400.09322208
2023-10-19T09:00:00,80.1,80.4,79.1,79.7,44758360.77709158
2023-10-19T13:00:00,79.7,79.8,79.4,79.6,18773575.65171175
2023-10-19T17:00:00,79.6,79.8,79.3,79.6,23210068.12381026
2023-10-19T21:00:00,79.6,79.8,79.3,79.5,22805805.07928201
2023-10-20T01:00:00,79.5,79.9,79.4,79.8,11880513.76651549
2023-10-20T05:00:00,79.8,80.1,79.6,80.1,51646653.00236664
2023-10-20T09:00:00,80.0,80.9,79.5,80.7,54026163.9840919
2023-10-20T13:00:00,80.6,80.8,80.2,80.5,30119538.66177813
2023-10-20T17:00:00,80.5,81.7,80.5,81.0,75517841.0971109
2023-10-20T21:00:00,81.0,81.3,80.6,81.2,35027328.13385172
2023-10-21T01:00:00,81.1,81.6,80.9,81.5,12603520.27027823
2023-10-21T05:00:00,81.4,81.6,81.2,81.2,12914736.69311997
2023-10-21T09:00:00,81.2,81.4,80.7,81.1,42739269.97267073
2023-10-21T13:00:00,81.0,81.9,81.0,81.9,22245685.82659511
2023-10-21T17:00:00,81.9,82.0,81.4,81.9,22358212.50022173
2023-10-21T21:00:00,81.8,82.8,81.8,82.7,43831479.32878274
2023-10-22T01:00:00,82.7,82.8,82.0,82.3,17094551.12728154
2023-10-22T05:00:00,82.3,82.8,82.2,82.6,14759466.52085356
2023-10-22T09:00:00,82.5,83.2,82.3,82.7,35845938.37932184
2023-10-22T13:00:00,82.6,83.2,81.3,81.9,43058321.91230659
2023-10-22T17:00:00,81.9,82.2,81.6,82.0,24541051.4634608
2023-10-22T21:00:00,81.8,82.3,81.8,81.9,18841016.47478274
2023-10-23T01:00:00,81.9,82.5,81.9,82.2,9853355.50658858
2023-10-23T05:00:00,82.2,83.0,81.9,83.0,18893174.10233583
2023-10-23T09:00:00,83.0,84.5,82.7,84.4,82258214.21045004
2023-10-23T13:00:00,84.3,85.0,83.9,84.2,71006620.34321155
2023-10-23T17:00:00,84.2,88.2,84.1,87.4,299860994.1037286
2023-10-23T21:00:00,87.4,88.2,85.3,86.5,157330382.27025172
2023-10-24T01:00:00,86.5,86.7,85.1,86.4,29391170.9085385
2023-10-24T05:00:00,86.4,90.6,86.1,90.1,181364633.1294133
2023-10-24T09:00:00,90.0,92.8,88.8,90.1,257243473.78099057
2023-10-24T13:00:00,90.1,91.9,87.7,88.7,170373233.07839543
2023-10-24T17:00:00,88.7,90.8,88.6,90.5,74565184.91642684
2023-10-24T21:00:00,90.5,93.4,87.0,88.5,257900862.4851036
2023-10-25T01:00:00,88.4,90.3,87.8,89.7,49694230.50107015
2023-10-25T05:00:00,89.6,90.2,88.2,89.5,46988946.51473992
2023-10-25T09:00:00,89.6,90.6,88.8,89.1,65958028.95047162
2023-10-25T13:00:00,89.1,89.8,87.6,88.3,55433548.41386082
2023-10-25T17:00:00,88.3,89.0,87.7,88.5,39947221.11688083
2023-10-25T21:00:00,88.5,92.9,88.4,91.3,134896506.2413474
2023-10-26T01:00:00,91.3,92.8,89.4,91.8,70513948.99759486
2023-10-26T05:00:00,91.6,94.1,91.6,92.1,115990454.24670169
2023-10-26T09:00:00,92.0,98.6,91.7,96.3,440379687.6539164
2023-10-26T13:00:00,96.3,97.8,94.2,97.7,194456325.55651638
2023-10-26T17:00:00,97.7,99.9,95.2,99.2,462067331.9289613
2023-10-26T21:00:00,99.3,101.0,93.8,95.5,578506986.7633996
2023-10-27T01:00:00,95.4,97.0,94.6,96.6,58125993.43049954
2023-10-27T05:00:00,96.5,98.0,96.2,96.9,79041986.06637917
2023-10-27T09:00:00,97.0,97.8,94.7,96.6,136071252.61774576
2023-10-27T13:00:00,96.6,96.7,94.8,94.9,66664051.54542711
2023-10-27T17:00:00,94.9,96.9,94.8,96.9,46578202.24701171
2023-10-27T21:00:00,96.9,97.1,94.5,95.2,86249594.10837777
2023-10-28T01:00:00,95.2,95.3,92.1,92.8,97713566.7404295
2023-10-28T05:00:00,92.8,92.9,91.6,92.0,86569381.60704951
2023-10-28T09:00:00,92.0,93.1,91.8,93.1,83699262.65987405
2023-10-28T13:00:00,93.1,93.8,92.9,93.4,62237305.58194358
2023-10-28T17:00:00,93.4,94.8,93.1,94.2,75252684.28911376
2023-10-28T21:00:00,94.1,94.2,93.0,93.8,64083895.15077003
2023-10-29T01:00:00,93.8,93.8,93.2,93.4,21350172.29723342
2023-10-29T05:00:00,93.3,94.5,93.2,93.8,24729751.83919678
2023-10-29T09:00:00,93.8,94.0,92.0,93.0,71553957.02598885
2023-10-29T13:00:00,93.0,93.6,92.7,93.3,24905092.73263275
2023-10-29T17:00:00,93.4,93.9,93.1,93.7,33839302.78171493
2023-10-29T21:00:00,93.7,94.5,93.4,94.3,51617884.07571001
2023-10-30T01:00:00,94.3,94.5,93.7,94.1,12574481.42211279
2023-10-30T05:00:00,94.1,95.0,94.0,94.0,25846437.78020842
2023-10-30T09:00:00,94.0,94.2,93.0,93.4,46455131.55512661
2023-10-30T13:00:00,93.4,93.8,92.8,93.2,34387899.25182788
2023-10-30T17:00:00,93.2,94.5,93.1,94.3,51715632.08480876
2023-10-30T21:00:00,94.2,95.5,93.9,94.6,75616051.96625166
2023-10-31T01:00:00,94.6,94.7,92.6,94.0,41441951.77292714
2023-10-31T05:00:00,94.0,94.5,93.7,94.4,24808485.73741106
2023-10-31T09:00:00,94.4,95.0,93.7,93.8,58422341.54155536
2023-10-31T13:00:00,93.7,94.3,93.1,93.2,36493165.16392852
2023-10-31T17:00:00,93.2,96.0,92.6,95.7,147132933.02220723
2023-10-31T21:00:00,95.6,96.3,90.2,91.3,215364364.47237283
2023-11-01T01:00:00,91.4,92.5,90.8,92.4,34973418.97467503
2023-11-01T05:00:00,92.4,93.2,92.0,92.8,68431758.62499928
2023-11-01T09:00:00,92.8,93.1,91.7,91.9,66561491.41030149
2023-11-01T13:00:00,91.9,92.2,90.8,91.3,67928667.9201392
2023-11-01T17:00:00,91.3,91.5,90.5,91.1,60304524.11971869
2023-11-01T21:00:00,91.2,92.8,90.2,90.8,126242325.69564848
2023-11-02T01:00:00,90.7,93.4,90.4,92.8,56716626.1743804
2023-11-02T05:00:00,92.8,94.2,92.8,93.5,91394076.6244157
2023-11-02T09:00:00,93.5,94.8,93.3,94.3,92737964.61808847
2023-11-02T13:00:00,94.2,94.9,93.0,94.7,87334956.94658588
2023-11-02T17:00:00,94.6,96.2,93.9,94.1,138734070.6836736
2023-11-02T21:00:00,94.1,94.2,91.4,91.8,138182471.436953
2023-11-03T01:00:00,91.7,93.0,91.0,92.9,41726173.79795511
2023-11-03T05:00:00,92.9,93.0,91.8,92.4,34304506.7751287
2023-11-03T09:00:00,92.4,92.6,90.2,90.7,99685587.09101877
2023-11-03T13:00:00,90.8,91.4,90.1,91.4,53231316.49844219
2023-11-03T17:00:00,91.4,91.7,90.4,91.1,43791804.44091928
2023-11-03T21:00:00,91.1,91.5,90.4,90.9,42944793.82659267
2023-11-04T01:00:00,91.0,91.1,90.5,90.9,13449366.99873887
2023-11-04T05:00:00,91.0,91.6,90.8,91.5,22677640.51928438
2023-11-04T09:00:00,91.5,92.7,91.4,92.4,55344632.08230802
2023-11-04T13:00:00,92.4,92.5,91.7,92.3,40294214.01012823
2023-11-04T17:00:00,92.2,92.8,92.1,92.5,39138750.86822617
2023-11-04T21:00:00,92.4,92.5,91.6,92.1,42150917.01823234
2023-11-05T01:00:00,92.1,92.2,91.8,92.0,11219130.80077385
2023-11-05T05:00:00,91.9,92.9,91.9,92.9,23516078.68945135
2023-11-05T09:00:00,92.6,93.9,92.1,93.9,67722577.58588152
2023-11-05T13:00:00,93.9,94.1,93.2,93.7,44190998.27780684
2023-11-05T17:00:00,93.7,95.6,93.2,94.7,112318519.61683531
2023-11-05T21:00:00,94.7,96.7,93.2,93.9,152390496.70221493
2023-11-06T01:00:00,93.8,95.6,93.8,95.0,28554101.47686882
2023-11-06T05:00:00,95.0,96.0,94.2,95.5,51491273.11948216
2023-11-06T09:00:00,95.5,97.9,94.7,96.4,143837670.25594935
2023-11-06T13:00:00,96.3,96.4,93.9,95.6,83678797.66205575
2023-11-06T17:00:00,95.5,97.2,94.8,96.8,76606544.64382854
2023-11-06T21:00:00,96.7,99.8,96.1,98.5,228314601.01262656
2023-11-07T01:00:00,98.4,102.0,97.9,101.0,192023065.46873406
2023-11-07T05:00:00,101.0,103.0,99.6,103.0,136288356.5020425
2023-11-07T09:00:00,103.0,103.0,98.9,99.7,185240413.3127817
2023-11-07T13:00:00,99.7,101.0,99.0,101.0,51356942.97364742
2023-11-07T17:00:00,100.0,102.0,97.4,98.6,180356129.1471836
2023-11-07T21:00:00,98.6,98.9,96.6,97.1,125933379.1922864
2023-11-08T01:00:00,97.2,99.1,96.4,98.5,68294524.86955474
2023-11-08T05:00:00,98.5,99.2,97.9,98.3,59433411.55826963
2023-11-08T09:00:00,98.3,98.8,97.2,98.2,73530740.88483351
2023-11-08T13:00:00,98.2,98.8,97.7,98.4,46369667.90307177
2023-11-08T17:00:00,98.3,101.0,98.2,99.4,104287421.27768572
2023-11-08T21:00:00,99.3,99.7,98.1,98.8,61854763.72119649
2023-11-09T01:00:00,98.7,103.0,98.4,100.0,91743174.34024179
2023-11-09T05:00:00,100.0,101.0,99.4,100.0,53309034.75467533
2023-11-09T09:00:00,100.0,102.0,99.7,101.0,105541636.3499726
2023-11-09T13:00:00,101.0,103.0,101.0,101.0,96030085.74180913
2023-11-09T17:00:00,101.0,102.0,100.0,102.0,48521142.99004913
2023-11-09T21:00:00,101.0,104.0,100.0,102.0,196793714.58519176
2023-11-10T01:00:00,101.0,102.0,94.6,95.9,315903045.93614966
2023-11-10T05:00:00,96.1,99.2,95.2,99.1,128635555.78720964
2023-11-10T09:00:00,99.1,101.0,98.4,99.3,173218309.44018424
2023-11-10T13:00:00,99.3,101.0,99.1,99.6,139169370.67675442
2023-11-10T17:00:00,99.7,101.0,98.5,101.0,175632014.0202333
2023-11-10T21:00:00,100.0,101.0,98.0,98.7,184947057.43243462
2023-11-11T01:00:00,98.7,99.9,98.6,99.3,45918697.1812626
2023-11-11T05:00:00,99.3,102.0,99.2,101.0,73525436.6277801
2023-11-11T09:00:00,101.0,104.0,101.0,102.0,197064834.95078984
2023-11-11T13:00:00,101.0,107.0,100.0,104.0,432349778.37040925
2023-11-11T17:00:00,104.0,109.0,103.0,106.0,277080475.2788917
2023-11-11T21:00:00,106.0,109.0,105.0,106.0,151886812.26589024
2023-11-12T01:00:00,106.0,108.0,105.0,107.0,55961253.87970566
2023-11-12T05:00:00,106.0,107.0,103.0,105.0,101420230.16474628
2023-11-12T09:00:00,104.0,106.0,100.0,104.0,266633070.34763473
2023-11-12T13:00:00,104.0,106.0,102.0,106.0,73440877.61577138
2023-11-12T17:00:00,106.0,107.0,104.0,105.0,74850415.0849052
2023-11-12T21:00:00,105.0,106.0,103.0,105.0,75554883.0098035
2023-11-13T01:00:00,105.0,105.0,102.0,104.0,33173919.17967958
2023-11-13T05:00:00,104.0,105.0,103.0,104.0,27050209.28868279
2023-11-13T09:00:00,104.0,106.0,102.0,103.0,133184180.251222
2023-11-13T13:00:00,103.0,104.0,102.0,103.0,54909637.23323579
2023-11-13T17:00:00,103.0,106.0,103.0,103.0,81306826.66128707
2023-11-13T21:00:00,104.0,105.0,102.0,104.0,165651466.72067243
2023-11-14T01:00:00,104.0,105.0,101.0,103.0,66138335.11172172
2023-11-14T05:00:00,103.0,104.0,100.0,100.0,145642974.2108993
2023-11-14T09:00:00,100.0,101.0,98.4,100.0,167716155.07914618
2023-11-14T13:00:00,101.0,102.0,100.0,102.0,71947024.62381111
2023-11-14T17:00:00,102.0,102.0,98.8,99.5,121632240.30900617
2023-11-14T21:00:00,99.5,102.0,98.9,99.8,152354456.67433345
2023-11-15T01:00:00,99.8,101.0,96.4,96.7,116080337.57727274
2023-11-15T05:00:00,96.7,98.7,96.6,97.8,74328804.81597084
2023-11-15T09:00:00,97.8,98.4,96.4,96.4,88157158.91556057
2023-11-15T13:00:00,96.5,98.8,96.2,98.5,70208363.11006436
2023-11-15T17:00:00,98.5,99.9,97.9,99.6,94413054.70776065
2023-11-15T21:00:00,99.6,99.9,99.0,99.7,80028326.15142827
2023-11-16T01:00:00,99.7,101.0,98.7,100.0,72616251.50358513
2023-11-16T05:00:00,100.0,102.0,100.0,102.0,74104613.83483213
2023-11-16T09:00:00,101.0,103.0,101.0,102.0,115959421.20494318
2023-11-16T13:00:00,102.0,107.0,101.0,106.0,213102327.29144183
2023-11-16T17:00:00,106.0,112.0,102.0,109.0,783433486.3600107
2023-11-16T21:00:00,108.0,109.0,103.0,103.0,482182031.53101075
2023-11-17T01:00:00,103.0,109.0,103.0,107.0,148657977.0212285
2023-11-17T05:00:00,107.0,110.0,104.0,108.0,288697377.44126034
2023-11-17T09:00:00,108.0,111.0,106.0,109.0,211024856.0275568
2023-11-17T13:00:00,108.0,113.0,108.0,111.0,247174646.11218444
2023-11-17T17:00:00,111.0,118.0,110.0,114.0,660999492.052193
2023-11-17T21:00:00,113.0,115.0,108.0,109.0,343016314.63947487
2023-11-18T01:00:00,108.0,114.0,108.0,112.0,118355618.05870014
2023-11-18T05:00:00,111.0,117.0,111.0,117.0,131654080.38779366
2023-11-18T09:00:00,116.0,117.0,113.0,114.0,179880109.2626878
2023-11-18T13:00:00,113.0,115.0,108.0,112.0,194280690.961055
2023-11-18T17:00:00,112.0,115.0,112.0,115.0,116562816.55384429
2023-11-18T21:00:00,115.0,116.0,106.0,108.0,521819054.2671921
2023-11-19T01:00:00,108.0,110.0,107.0,109.0,77224349.68585946
2023-11-19T05:00:00,109.0,110.0,107.0,108.0,53288591.73529964
2023-11-19T09:00:00,108.0,108.0,104.0,106.0,144635769.31221917
2023-11-19T13:00:00,106.0,107.0,105.0,107.0,58804455.33537092
2023-11-19T17:00:00,106.0,107.0,104.0,105.0,68324406.62543884
2023-11-19T21:00:00,105.0,106.0,104.0,106.0,61603015.38313669
2023-11-20T01:00:00,106.0,108.0,105.0,108.0,47213499.35981349
2023-11-20T05:00:00,108.0,108.0,106.0,108.0,32269855.53988792
2023-11-20T09:00:00,108.0,108.0,106.0,107.0,40193431.75659823
2023-11-20T13:00:00,106.0,109.0,106.0,109.0,78324960.75874075
2023-11-20T17:00:00,109.0,109.0,107.0,109.0,49561959.90487053
2023-11-20T21:00:00,109.0,110.0,106.0,107.0,99533303.89904112
2023-11-21T01:00:00,107.0,108.0,106.0,107.0,55234309.63755158
2023-11-21T05:00:00,107.0,107.0,104.0,104.0,97439916.58537707
2023-11-21T09:00:00,105.0,106.0,103.0,103.0,60955926.11290296
2023-11-21T13:00:00,104.0,104.0,102.0,103.0,60291316.13697773
2023-11-21T17:00:00,103.0,104.0,102.0,102.0,37625218.48643908
2023-11-21T21:00:00,103.0,104.0,100.0,102.0,164041252.01113164
2023-11-22T01:00:00,102.0,103.0,99.6,100.0,114896968.7860706
2023-11-22T05:00:00,101.0,102.0,96.5,97.3,165133763.3410304
2023-11-22T09:00:00,97.2,101.0,97.1,100.0,104801348.76451035
2023-11-22T13:00:00,101.0,101.0,99.5,100.0,38542493.81925262
2023-11-22T17:00:00,100.0,101.0,100.0,100.0,21650964.6437389
2023-11-22T21:00:00,101.0,102.0,100.0,100.0,55822913.28309821
2023-11-23T01:00:00,101.0,102.0,100.0,102.0,30515142.5804524
2023-11-23T05:00:00,102.0,103.0,101.0,102.0,56484620.77521597
2023-11-23T09:00:00,101.0,102.0,101.0,101.0,32700929.1151784
2023-11-23T13:00:00,101.0,102.0,101.0,101.0,12712181.41589953
2023-11-23T17:00:00,101.0,102.0,101.0,101.0,41087794.16976694
2023-11-23T21:00:00,101.0,102.0,100.0,101.0,27242289.86782313
2023-11-24T01:00:00,100.0,102.0,100.0,101.0,12309206.42031664
2023-11-24T05:00:00,101.0,103.0,101.0,102.0,35940464.0160988
2023-11-24T09:00:00,102.0,104.0,102.0,104.0,81783352.47044323
2023-11-24T13:00:00,103.0,104.0,103.0,103.0,30718140.95042734
2023-11-24T17:00:00,103.0,106.0,103.0,104.0,116119938.37425835
2023-11-24T21:00:00,104.0,105.0,103.0,105.0,56744914.66724279
2023-11-25T01:00:00,104.0,105.0,103.0,103.0,25581960.54592489
2023-11-25T05:00:00,103.0,106.0,103.0,104.0,40418094.98532734
2023-11-25T09:00:00,104.0,107.0,104.0,107.0,62247060.97124698
2023-11-25T13:00:00,106.0,107.0,105.0,106.0,26676998.67453008
2023-11-25T17:00:00,105.0,106.0,104.0,105.0,42757532.79368644
2023-11-25T21:00:00,104.0,105.0,104.0,104.0,16909524.88275993
2023-11-26T01:00:00,104.0,106.0,104.0,105.0,16031593.40409369
2023-11-26T05:00:00,105.0,106.0,104.0,106.0,18272237.20341132
2023-11-26T09:00:00,106.0,106.0,104.0,105.0,35034289.98479424
2023-11-26T13:00:00,105.0,106.0,104.0,104.0,32082743.03874458
2023-11-26T17:00:00,105.0,105.0,104.0,104.0,41271121.15197201
2023-11-26T21:00:00,104.0,105.0,103.0,103.0,68050497.1694246
2023-11-27T01:00:00,103.0,104.0,102.0,104.0,35591206.84606242
2023-11-27T05:00:00,104.0,106.0,103.0,106.0,82013487.9764654
2023-11-27T09:00:00,106.0,108.0,105.0,106.0,157578067.04915
2023-11-27T13:00:00,106.0,110.0,105.0,108.0,190894906.90697816
2023-11-27T17:00:00,108.0,110.0,104.0,106.0,158744043.44578296
2023-11-27T21:00:00,106.0,107.0,104.0,105.0,94952873.75474662
2023-11-28T01:00:00,104.0,106.0,104.0,105.0,30250982.94198185
2023-11-28T05:00:00,104.0,107.0,104.0,106.0,37626616.61907572
2023-11-28T09:00:00,106.0,107.0,105.0,106.0,45717550.84767931
2023-11-28T13:00:00,106.0,106.0,103.0,105.0,113205170.40319236
2023-11-28T17:00:00,105.0,105.0,103.0,104.0,51589036.65821072
2023-11-28T21:00:00,105.0,108.0,104.0,108.0,125196199.7798776
2023-11-29T01:00:00,107.0,109.0,106.0,108.0,45790721.54797702
2023-11-29T05:00:00,107.0,109.0,107.0,108.0,33914731.71330478
2023-11-29T09:00:00,109.0,109.0,107.0,108.0,62741086.37893535
2023-11-29T13:00:00,107.0,109.0,107.0,108.0,52495611.42077883
2023-11-29T17:00:00,108.0,109.0,106.0,108.0,91946208.9638732
2023-11-29T21:00:00,109.0,112.0,107.0,107.0,323862688.16440016
2023-11-30T01:00:00,107.0,109.0,107.0,108.0,28213475.17926953
2023-11-30T05:00:00,108.0,109.0,108.0,108.0,19465510.79431024
2023-11-30T09:00:00,108.0,110.0,108.0,109.0,55964745.5363346
2023-11-30T13:00:00,108.0,110.0,108.0,109.0,58797594.59542024
2023-11-30T17:00:00,110.0,111.0,109.0,109.0,90313289.43712375
2023-11-30T21:00:00,109.0,111.0,108.0,110.0,128286989.95359322
2023-12-01T01:00:00,110.0,114.0,110.0,113.0,81303556.59457436
2023-12-01T05:00:00,113.0,114.0,111.0,112.0,81655447.53124219
2023-12-01T09:00:00,112.0,113.0,110.0,113.0,99649949.63762265
2023-12-01T13:00:00,112.0,115.0,112.0,112.0,144327345.82246193
2023-12-01T17:00:00,112.0,114.0,112.0,113.0,40234403.23549305
2023-12-01T21:00:00,112.0,113.0,111.0,111.0,41888855.62647816
2023-12-02T01:00:00,111.0,113.0,111.0,112.0,28811884.7181811
2023-12-02T05:00:00,112.0,113.0,111.0,113.0,23100685.35250325
2023-12-02T09:00:00,113.0,113.0,112.0,113.0,30853161.46830703
2023-12-02T13:00:00,112.0,113.0,111.0,112.0,53705405.58927314
2023-12-02T17:00:00,112.0,113.0,111.0,112.0,41356909.22932869
2023-12-02T21:00:00,112.0,113.0,111.0,112.0,61337910.06655045
2023-12-03T01:00:00,112.0,115.0,111.0,114.0,95627177.36443332
2023-12-03T05:00:00,114.0,116.0,113.0,114.0,103632797.43412414
2023-12-03T09:00:00,114.0,117.0,114.0,114.0,73885029.51358438
2023-12-03T13:00:00,114.0,115.0,113.0,114.0,43522127.22174176
2023-12-03T17:00:00,113.0,115.0,112.0,113.0,99746083.84946772
2023-12-03T21:00:00,113.0,114.0,112.0,113.0,98436722.1938777
2023-12-04T05:00:00,113.0,115.0,112.0,115.0,79598740.82040358
2023-12-04T09:00:00,115.0,117.0,114.0,116.0,130266087.79758953
2023-12-04T13:00:00,115.0,123.0,115.0,121.0,322150938.6967984
2023-12-04T17:00:00,121.0,122.0,116.0,119.0,235308315.3328851
2023-12-04T21:00:00,119.0,121.0,117.0,121.0,137906927.5685702
2023-12-05T01:00:00,121.0,121.0,119.0,120.0,35150033.45806655
2023-12-05T05:00:00,120.0,125.0,119.0,124.0,184404360.09494856
2023-12-05T09:00:00,124.0,125.0,121.0,123.0,118351390.59278189
2023-12-05T13:00:00,122.0,123.0,118.0,120.0,133805118.94498698
2023-12-05T17:00:00,120.0,121.0,119.0,121.0,65343191.43361241
2023-12-05T21:00:00,120.0,124.0,120.0,123.0,112073279.8549866
2023-12-06T01:00:00,123.0,130.0,122.0,129.0,167709258.2200121
2023-12-06T05:00:00,128.0,130.0,126.0,128.0,134315484.40812495
2023-12-06T09:00:00,128.0,133.0,128.0,130.0,268715382.54160607
2023-12-06T13:00:00,129.0,147.0,129.0,142.0,883061152.5240732
2023-12-06T17:00:00,141.0,144.0,135.0,138.0,627678057.0916107
2023-12-06T21:00:00,138.0,144.0,137.0,138.0,286391025.98892254
2023-12-07T01:00:00,138.0,139.0,135.0,137.0,92206051.37208232
2023-12-07T05:00:00,136.0,137.0,130.0,131.0,187780966.9571942
2023-12-07T09:00:00,132.0,136.0,131.0,135.0,167524251.214259
2023-12-07T13:00:00,134.0,136.0,133.0,135.0,102030762.89577705
2023-12-07T17:00:00,135.0,135.0,127.0,130.0,291583734.34915763
2023-12-07T21:00:00,130.0,133.0,129.0,132.0,98988529.58029342
2023-12-08T01:00:00,132.0,133.0,129.0,129.0,56517661.33255383
2023-12-08T05:00:00,129.0,133.0,128.0,131.0,147364409.8729857
2023-12-08T09:00:00,132.0,133.0,131.0,133.0,97137050.08353826
2023-12-08T13:00:00,133.0,134.0,131.0,133.0,105679328.65243994
2023-12-08T17:00:00,133.0,135.0,131.0,134.0,99919192.29628186
2023-12-08T21:00:00,133.0,135.0,133.0,134.0,98394650.94162574
2023-12-09T01:00:00,133.0,137.0,133.0,136.0,77654672.0385825
2023-12-09T05:00:00,136.0,141.0,136.0,138.0,111488063.88233791
2023-12-09T09:00:00,138.0,141.0,137.0,139.0,137992969.72811142
2023-12-09T13:00:00,139.0,143.0,139.0,143.0,122972398.16781604
2023-12-09T17:00:00,143.0,143.0,138.0,139.0,121457978.18283176
2023-12-09T21:00:00,139.0,140.0,137.0,138.0,109362431.41112988
2023-12-10T01:00:00,138.0,140.0,136.0,138.0,56668959.99030155
2023-12-10T05:00:00,137.0,138.0,135.0,135.0,54732287.01509407
2023-12-10T09:00:00,136.0,138.0,135.0,138.0,69941215.75056426
2023-12-10T13:00:00,137.0,139.0,135.0,137.0,71508852.81250472
2023-12-10T17:00:00,137.0,137.0,132.0,135.0,134749757.16384608
2023-12-10T21:00:00,135.0,138.0,134.0,138.0,70507338.90608032
2023-12-11T01:00:00,138.0,140.0,136.0,140.0,36867722.26459013
2023-12-11T05:00:00,139.0,140.0,138.0,140.0,68653510.21915428
2023-12-11T09:00:00,139.0,147.0,131.0,139.0,795547597.0385731
2023-12-11T13:00:00,139.0,142.0,134.0,135.0,250238548.82668763
2023-12-11T17:00:00,135.0,137.0,133.0,136.0,124714191.16720247
2023-12-11T21:00:00,135.0,136.0,129.0,131.0,271002666.56512815
2023-12-12T01:00:00,132.0,132.0,126.0,130.0,152871016.78296092
2023-12-12T05:00:00,130.0,132.0,128.0,130.0,86501222.38788877
2023-12-12T09:00:00,130.0,135.0,129.0,134.0,158703708.61561996
2023-12-12T13:00:00,134.0,135.0,130.0,134.0,146586516.9124727
2023-12-12T17:00:00,134.0,135.0,131.0,132.0,113321975.43636844
2023-12-12T21:00:00,131.0,134.0,129.0,131.0,167074088.1957485
2023-12-13T01:00:00,131.0,131.0,127.0,129.0,78377686.99385576
2023-12-13T05:00:00,128.0,131.0,128.0,131.0,81857681.81839342
2023-12-13T09:00:00,130.0,132.0,126.0,126.0,167013691.10814002
2023-12-13T13:00:00,127.0,128.0,125.0,128.0,98183622.4880432
2023-12-13T17:00:00,128.0,130.0,127.0,128.0,61935415.18241654
2023-12-13T21:00:00,128.0,131.0,128.0,130.0,124604530.45316494
2023-12-14T01:00:00,130.0,132.0,128.0,132.0,56761191.02344446
2023-12-14T05:00:00,132.0,136.0,131.0,134.0,121807271.85515168
2023-12-14T09:00:00,133.0,134.0,131.0,131.0,79448748.48941694
2023-12-14T13:00:00,131.0,134.0,131.0,133.0,56930391.82615626
2023-12-14T17:00:00,132.0,135.0,132.0,134.0,96817276.86203916
2023-12-14T21:00:00,134.0,135.0,130.0,131.0,131844171.7924783
2023-12-15T01:00:00,131.0,136.0,131.0,133.0,72627544.17299005
2023-12-15T05:00:00,133.0,135.0,132.0,134.0,27827279.62093607
2023-12-15T09:00:00,134.0,135.0,133.0,133.0,59382955.62481586
2023-12-15T13:00:00,133.0,134.0,131.0,132.0,44300925.75746836
2023-12-15T17:00:00,131.0,133.0,131.0,131.0,38567792.86170411
2023-12-15T21:00:00,132.0,132.0,128.0,130.0,98759090.95796981
2023-12-16T01:00:00,130.0,132.0,129.0,131.0,23263898.01352738
2023-12-16T05:00:00,131.0,132.0,128.0,129.0,36645869.2327352
2023-12-16T09:00:00,128.0,130.0,127.0,129.0,79160852.96349432
2023-12-16T13:00:00,129.0,130.0,128.0,129.0,29247703.97941925
2023-12-16T17:00:00,128.0,130.0,128.0,130.0,34263572.76902266
2023-12-16T21:00:00,130.0,131.0,129.0,130.0,45914041.21616483
2023-12-17T01:00:00,130.0,131.0,129.0,130.0,43973164.28063204
2023-12-17T05:00:00,130.0,134.0,130.0,134.0,88000331.52428243
2023-12-17T09:00:00,133.0,135.0,130.0,130.0,72305068.37996764
2023-12-17T13:00:00,130.0,132.0,128.0,129.0,70935103.59789857
2023-12-17T17:00:00,129.0,131.0,129.0,131.0,30107397.94392915
2023-12-17T21:00:00,131.0,131.0,128.0,130.0,55408713.28117224
2023-12-18T01:00:00,130.0,132.0,129.0,130.0,36436266.13123299
2023-12-18T05:00:00,129.0,131.0,127.0,128.0,66489651.72981686
2023-12-18T09:00:00,128.0,129.0,124.0,126.0,199036670.9563948
2023-12-18T13:00:00,126.0,126.0,123.0,124.0,82982055.1173749
2023-12-18T17:00:00,124.0,125.0,118.0,120.0,244305746.3676013
2023-12-18T21:00:00,121.0,124.0,119.0,122.0,115020078.16610385
2023-12-19T01:00:00,122.0,124.0,121.0,123.0,21366005.86224756
2023-12-19T05:00:00,123.0,127.0,122.0,125.0,89391621.01211537
2023-12-19T09:00:00,125.0,128.0,125.0,126.0,72992693.93715142
2023-12-19T13:00:00,125.0,127.0,125.0,126.0,30033082.51865977
2023-12-19T17:00:00,126.0,127.0,124.0,125.0,58532708.04502974
2023-12-19T21:00:00,125.0,126.0,123.0,125.0,86544520.32635058
2023-12-20T01:00:00,124.0,125.0,122.0,124.0,49960178.22899676
2023-12-20T05:00:00,123.0,125.0,123.0,124.0,28698008.5543026
2023-12-20T09:00:00,123.0,125.0,122.0,123.0,56767304.83651944
2023-12-20T13:00:00,123.0,125.0,122.0,124.0,61021433.96350165
2023-12-20T17:00:00,123.0,124.0,121.0,124.0,102052136.43203792
2023-12-20T21:00:00,124.0,126.0,122.0,126.0,129940743.28112656
2023-12-21T01:00:00,126.0,126.0,124.0,124.0,56006601.00139983
2023-12-21T05:00:00,124.0,125.0,123.0,125.0,56553514.14947931
2023-12-21T09:00:00,125.0,125.0,123.0,125.0,45488283.18026018
2023-12-21T13:00:00,124.0,125.0,123.0,125.0,36472185.39016603
2023-12-21T17:00:00,124.0,127.0,124.0,125.0,58334864.57349321
2023-12-21T21:00:00,125.0,127.0,123.0,125.0,95031124.13943355
2023-12-22T01:00:00,124.0,127.0,124.0,126.0,42685693.13384672
2023-12-22T05:00:00,126.0,133.0,126.0,130.0,305387663.492089
2023-12-22T09:00:00,129.0,131.0,127.0,128.0,105082048.01310326
2023-12-22T13:00:00,127.0,129.0,125.0,126.0,126710803.12934087
2023-12-22T17:00:00,125.0,127.0,125.0,127.0,96934050.47620416
2023-12-22T21:00:00,126.0,128.0,125.0,128.0,92210084.6988818
2023-12-23T01:00:00,127.0,129.0,127.0,128.0,26029292.34377196
2023-12-23T05:00:00,127.0,129.0,127.0,128.0,24164680.30611725
2023-12-23T09:00:00,128.0,129.0,125.0,126.0,78393907.79745533
2023-12-23T13:00:00,126.0,127.0,125.0,126.0,36945374.8111299
2023-12-23T17:00:00,125.0,127.0,125.0,127.0,30014132.56535888
2023-12-23T21:00:00,127.0,127.0,126.0,127.0,18572636.56649182
2023-12-24T01:00:00,127.0,127.0,126.0,127.0,7169605.36661079
2023-12-24T05:00:00,126.0,128.0,126.0,126.0,40010394.11487989
2023-12-24T09:00:00,127.0,129.0,126.0,128.0,60783471.42564289
2023-12-24T13:00:00,128.0,129.0,125.0,127.0,85735126.72284997
2023-12-24T17:00:00,126.0,129.0,126.0,128.0,159966589.37797424
2023-12-24T21:00:00,127.0,129.0,126.0,127.0,86011297.47638549
2023-12-25T01:00:00,126.0,127.0,125.0,127.0,43255461.01858595
2023-12-25T05:00:00,127.0,127.0,123.0,124.0,94348074.87146655
2023-12-25T09:00:00,124.0,126.0,123.0,125.0,62368260.55287675
2023-12-25T13:00:00,125.0,125.0,124.0,125.0,35995128.43337066
2023-12-25T17:00:00,124.0,126.0,124.0,124.0,84661901.8880519
2023-12-25T21:00:00,124.0,126.0,124.0,124.0,111541778.3765636
2023-12-26T01:00:00,125.0,127.0,124.0,125.0,51402914.22867593
2023-12-26T05:00:00,125.0,127.0,124.0,126.0,43047327.05665136
2023-12-26T09:00:00,125.0,126.0,124.0,125.0,69387937.9680612
2023-12-26T13:00:00,124.0,126.0,122.0,124.0,85431835.15213025
2023-12-26T17:00:00,124.0,125.0,122.0,124.0,55591380.66645007
2023-12-26T21:00:00,124.0,125.0,122.0,122.0,62773897.08887627
2023-12-27T01:00:00,122.0,124.0,120.0,122.0,65345753.40848613
2023-12-27T05:00:00,122.0,124.0,121.0,123.0,34398097.40779396
2023-12-27T09:00:00,122.0,123.0,120.0,121.0,90941961.55147572
2023-12-27T13:00:00,120.0,123.0,120.0,123.0,73262412.65000567
2023-12-27T17:00:00,123.0,125.0,122.0,124.0,60429047.57269995
2023-12-27T21:00:00,124.0,125.0,123.0,124.0,41406082.69277513
2023-12-28T01:00:00,124.0,125.0,124.0,125.0,13081887.85163682
2023-12-28T05:00:00,124.0,126.0,124.0,125.0,40567419.27988254
2023-12-28T09:00:00,125.0,127.0,124.0,126.0,81895560.12316214
2023-12-28T13:00:00,125.0,126.0,123.0,124.0,64186730.03601061
2023-12-28T17:00:00,124.0,125.0,124.0,124.0,17228177.97259136
2023-12-28T21:00:00,124.0,125.0,122.0,123.0,129731179.20790264
2023-12-29T01:00:00,123.0,124.0,122.0,123.0,14533233.99452472
2023-12-29T05:00:00,123.0,124.0,122.0,122.0,18750406.55372191
2023-12-29T09:00:00,123.0,124.0,120.0,122.0,104423568.01725453
2023-12-29T13:00:00,122.0,123.0,121.0,122.0,29799519.23893839
2023-12-29T17:00:00,122.0,124.0,121.0,123.0,39782107.10694625
2023-12-29T21:00:00,123.0,124.0,122.0,123.0,63571238.23966906
2023-12-30T01:00:00,122.0,123.0,121.0,122.0,21004128.09444364
2023-12-30T05:00:00,123.0,123.0,121.0,122.0,27920033.87896513
2023-12-30T09:00:00,122.0,123.0,121.0,121.0,29757068.85735621
2023-12-30T13:00:00,122.0,123.0,121.0,122.0,30627820.09311536
2023-12-30T17:00:00,122.0,122.0,120.0,122.0,42099460.9643332
2023-12-30T21:00:00,122.0,122.0,120.0,122.0,22139401.09976867
2023-12-31T01:00:00,122.0,122.0,121.0,122.0,10098081.2000546
2023-12-31T05:00:00,122.0,122.0,121.0,122.0,8985472.7863091
2023-12-31T09:00:00,122.0,122.0,120.0,120.0,34026685.15330355
2023-12-31T13:00:00,120.0,122.0,120.0,121.0,30292383.29541941
2023-12-31T17:00:00,122.0,122.0,121.0,122.0,14022710.03730891
2023-12-31T21:00:00,121.0,122.0,120.0,121.0,48663204.60919633
2024-01-01T01:00:00,122.0,122.0,121.0,121.0,3231172.54076762
2024-01-01T05:00:00,121.0,122.0,120.0,121.0,15787661.085841
2024-01-01T09:00:00,121.0,122.0,120.0,121.0,36539043.56837019
2024-01-01T13:00:00,121.0,121.0,120.0,120.0,11499575.24406749
2024-01-01T17:00:00,121.0,122.0,120.0,121.0,25240738.8509887
2024-01-01T21:00:00,121.0,122.0,120.0,122.0,22193515.25831086
2024-01-02T01:00:00,121.0,123.0,121.0,122.0,33399255.21652478
2024-01-02T05:00:00,122.0,123.0,122.0,123.0,19025742.51739012
2024-01-02T09:00:00,122.0,125.0,122.0,124.0,94317993.63417321
2024-01-02T13:00:00,123.0,125.0,123.0,125.0,56248024.63324692
2024-01-02T17:00:00,124.0,126.0,123.0,124.0,91770283.17491227
2024-01-02T21:00:00,123.0,125.0,121.0,122.0,162127054.74941656
2024-01-03T01:00:00,122.0,123.0,121.0,122.0,14118456.39211561
2024-01-03T05:00:00,122.0,123.0,121.0,123.0,31878652.22273236
2024-01-03T09:00:00,122.0,123.0,121.0,122.0,40971073.30131778
2024-01-03T13:00:00,122.0,123.0,122.0,122.0,15984602.87054081
2024-01-03T17:00:00,122.0,123.0,118.0,119.0,149419233.7137643
2024-01-03T21:00:00,119.0,120.0,101.0,114.0,608740435.3959465
2024-01-04T01:00:00,113.0,115.0,111.0,112.0,117463508.0731323
2024-01-04T05:00:00,112.0,114.0,111.0,113.0,78553325.80600657
2024-01-04T09:00:00,113.0,114.0,109.0,112.0,150156427.97020707
2024-01-04T13:00:00,112.0,112.0,110.0,110.0,66050447.9296827
2024-01-04T17:00:00,110.0,112.0,109.0,110.0,91574823.26386409
2024-01-04T21:00:00,111.0,114.0,110.0,113.0,76959209.7256205
2024-01-05T01:00:00,113.0,114.0,112.0,112.0,14668828.35679938
2024-01-05T05:00:00,112.0,114.0,112.0,114.0,21918665.07818734
2024-01-05T09:00:00,114.0,114.0,109.0,112.0,84587078.36078359
2024-01-05T13:00:00,112.0,113.0,111.0,111.0,29672282.36352414
2024-01-05T17:00:00,112.0,114.0,110.0,111.0,56637054.93221153
2024-01-05T21:00:00,111.0,112.0,110.0,111.0,63444283.65478001
2024-01-06T01:00:00,111.0,112.0,109.0,110.0,52062142.9115743
2024-01-06T05:00:00,111.0,112.0,110.0,112.0,23974709.91005946
2024-01-06T09:00:00,112.0,112.0,110.0,111.0,22900154.86064347
2024-01-06T13:00:00,111.0,111.0,106.0,109.0,139567548.26054525
2024-01-06T17:00:00,109.0,109.0,107.0,109.0,15530774.8362516
2024-01-06T21:00:00,109.0,111.0,108.0,110.0,59790299.6834265
2024-01-07T01:00:00,110.0,111.0,109.0,109.0,16865615.43302477
2024-01-07T05:00:00,110.0,110.0,108.0,109.0,26861134.75046353
2024-01-07T09:00:00,109.0,110.0,108.0,110.0,38220864.89617552
2024-01-07T13:00:00,109.0,110.0,109.0,109.0,14490956.11353014
2024-01-07T17:00:00,109.0,110.0,107.0,108.0,69834997.62018962
2024-01-07T21:00:00,108.0,109.0,107.0,108.0,54861742.45366147
2024-01-08T01:00:00,107.0,109.0,107.0,108.0,35582452.36281053
2024-01-08T05:00:00,108.0,108.0,104.0,106.0,102189338.54082984
2024-01-08T09:00:00,106.0,106.0,100.0,103.0,241638418.73536435
2024-01-08T13:00:00,103.0,106.0,101.0,104.0,85628013.46769337
2024-01-08T17:00:00,104.0,106.0,103.0,106.0,82321212.28779782
2024-01-08T21:00:00,106.0,107.0,105.0,106.0,122485113.46295623
2024-01-09T01:00:00,106.0,109.0,106.0,109.0,50125081.52370543
2024-01-09T05:00:00,108.0,110.0,107.0,109.0,60463066.65511892
2024-01-09T09:00:00,109.0,110.0,106.0,107.0,80923931.81403466
2024-01-09T13:00:00,107.0,109.0,107.0,107.0,40718857.39223846
2024-01-09T17:00:00,107.0,108.0,105.0,107.0,52481633.08730043
2024-01-09T21:00:00,106.0,107.0,103.0,106.0,105014999.83062664
2024-01-10T01:00:00,106.0,113.0,104.0,107.0,268094522.86288098
2024-01-10T05:00:00,107.0,111.0,103.0,107.0,187589978.7652151
2024-01-10T09:00:00,107.0,109.0,106.0,107.0,68373291.93678175
2024-01-10T13:00:00,107.0,108.0,105.0,106.0,42294096.42995822
2024-01-10T17:00:00,106.0,108.0,105.0,107.0,57465905.51423272
2024-01-10T21:00:00,107.0,107.0,103.0,106.0,152600805.3996595
2024-01-11T01:00:00,106.0,107.0,104.0,106.0,47478273.69297975
2024-01-11T05:00:00,106.0,116.0,104.0,114.0,388484328.39272255
2024-01-11T09:00:00,113.0,116.0,112.0,115.0,181839508.66884315
2024-01-11T13:00:00,114.0,116.0,112.0,115.0,111127246.75595091
2024-01-11T17:00:00,114.0,119.0,114.0,118.0,158384636.53797808
2024-01-11T21:00:00,118.0,120.0,115.0,116.0,278866145.7662275
2024-01-12T01:00:00,116.0,117.0,114.0,116.0,77345137.96986628
2024-01-12T05:00:00,116.0,118.0,115.0,117.0,48835302.09170715
2024-01-12T09:00:00,116.0,117.0,114.0,114.0,86001787.34472777
2024-01-12T13:00:00,114.0,117.0,114.0,116.0,66315782.32713802
2024-01-12T17:00:00,115.0,117.0,114.0,116.0,84584524.6322771
2024-01-12T21:00:00,116.0,117.0,114.0,115.0,119240103.00376181
2024-01-13T01:00:00,115.0,115.0,110.0,112.0,142529332.7078999
2024-01-13T05:00:00,112.0,113.0,108.0,111.0,195247322.08585146
2024-01-13T09:00:00,111.0,112.0,107.0,111.0,138730923.50650048
2024-01-13T13:00:00,111.0,112.0,110.0,112.0,36618914.35981086
2024-01-13T17:00:00,112.0,112.0,109.0,111.0,66256073.08635594
2024-01-13T21:00:00,111.0,113.0,110.0,112.0,50353068.5749934
2024-01-14T01:00:00,112.0,112.0,111.0,112.0,5231060.81273443
2024-01-14T05:00:00,111.0,112.0,111.0,112.0,7907595.70158254
2024-01-14T09:00:00,112.0,112.0,110.0,111.0,43464072.02642475
2024-01-14T13:00:00,111.0,114.0,110.0,114.0,81837090.84859274
2024-01-14T17:00:00,114.0,115.0,112.0,114.0,93211323.08125953
2024-01-14T21:00:00,113.0,114.0,112.0,113.0,27452125.67965312
2024-01-15T01:00:00,112.0,113.0,111.0,111.0,31718512.51268108
2024-01-15T05:00:00,111.0,112.0,109.0,110.0,79610933.9198501
2024-01-15T09:00:00,110.0,112.0,109.0,111.0,41320161.41155141
2024-01-15T13:00:00,111.0,112.0,110.0,110.0,32562458.94239779
2024-01-15T17:00:00,110.0,112.0,110.0,112.0,29099490.54444857
2024-01-15T21:00:00,111.0,112.0,110.0,111.0,48945261.2743057
2024-01-16T01:00:00,110.0,112.0,110.0,112.0,14432955.71971946
2024-01-16T05:00:00,111.0,112.0,110.0,112.0,17977980.51913274
2024-01-16T09:00:00,111.0,113.0,111.0,112.0,35319009.87216094
2024-01-16T13:00:00,112.0,112.0,110.0,112.0,49056236.1263346
2024-01-16T17:00:00,111.0,113.0,111.0,112.0,44050902.60333169
2024-01-16T21:00:00,112.0,113.0,110.0,112.0,66862910.55883982
2024-01-17T01:00:00,111.0,112.0,111.0,111.0,4809851.24099382
2024-01-17T05:00:00,112.0,112.0,111.0,111.0,19910155.37642113
2024-01-17T09:00:00,111.0,112.0,111.0,111.0,25566645.32694641
2024-01-17T13:00:00,111.0,112.0,110.0,111.0,48619209.89611078
2024-01-17T17:00:00,111.0,112.0,110.0,110.0,34123757.50125564
2024-01-17T21:00:00,110.0,111.0,110.0,111.0,14118459.15026172
2024-01-18T01:00:00,111.0,111.0,110.0,110.0,12497215.99402062
2024-01-18T05:00:00,110.0,111.0,110.0,111.0,6878127.57315512
2024-01-18T09:00:00,111.0,111.0,109.0,110.0,38120006.08785993
2024-01-18T13:00:00,110.0,111.0,110.0,111.0,11191967.68215889
2024-01-18T17:00:00,111.0,111.0,109.0,110.0,34975853.61626045
2024-01-18T21:00:00,110.0,111.0,108.0,110.0,49969674.99360988
2024-01-19T01:00:00,110.0,110.0,107.0,108.0,50003729.93394787
2024-01-19T05:00:00,108.0,109.0,108.0,108.0,38418993.38635783
2024-01-19T09:00:00,109.0,109.0,105.0,107.0,90069895.23378482
2024-01-19T13:00:00,107.0,109.0,106.0,108.0,41323838.90680775
2024-01-19T17:00:00,108.0,109.0,107.0,108.0,21484725.07365027
2024-01-19T21:00:00,108.0,109.0,106.0,106.0,39337670.06923283
2024-01-20T01:00:00,107.0,109.0,104.0,108.0,65298722.06987454
2024-01-20T05:00:00,108.0,109.0,107.0,109.0,12378337.0069445
2024-01-20T09:00:00,109.0,109.0,108.0,108.0,14120173.73175819
2024-01-20T13:00:00,108.0,110.0,108.0,109.0,18186281.59751678
2024-01-20T17:00:00,109.0,110.0,108.0,110.0,25712958.6651903
2024-01-20T21:00:00,109.0,110.0,109.0,109.0,9737087.38235403
2024-01-21T01:00:00,109.0,114.0,109.0,113.0,64318078.84497368
2024-01-21T05:00:00,113.0,125.0,113.0,121.0,462968857.5930787
2024-01-21T09:00:00,120.0,125.0,119.0,119.0,429912136.4451239
2024-01-21T13:00:00,119.0,120.0,117.0,119.0,178670972.40721408
2024-01-21T17:00:00,118.0,120.0,117.0,119.0,97648575.55135997
2024-01-21T21:00:00,119.0,123.0,118.0,121.0,149074554.25587463
2024-01-22T01:00:00,120.0,121.0,118.0,119.0,50521339.01739944
2024-01-22T05:00:00,119.0,120.0,117.0,118.0,41808041.32547904
2024-01-22T09:00:00,117.0,118.0,113.0,115.0,198789144.76330346
2024-01-22T13:00:00,115.0,116.0,113.0,114.0,96841631.04379632
2024-01-22T17:00:00,114.0,116.0,112.0,115.0,162577490.20383307
2024-01-22T21:00:00,115.0,117.0,114.0,116.0,153648411.2380508
2024-01-23T01:00:00,116.0,117.0,112.0,114.0,79952373.63534854
2024-01-23T05:00:00,114.0,115.0,111.0,112.0,78889243.2955867
2024-01-23T09:00:00,112.0,114.0,111.0,112.0,93519462.72909233
2024-01-23T13:00:00,112.0,113.0,109.0,110.0,82537577.81199047
2024-01-23T17:00:00,109.0,111.0,105.0,107.0,221029567.162241
2024-01-23T21:00:00,107.0,108.0,105.0,107.0,70986319.23398812
2024-01-24T01:00:00,107.0,108.0,106.0,107.0,27836253.00329471
2024-01-24T05:00:00,107.0,109.0,105.0,108.0,57884115.37173096
2024-01-24T09:00:00,108.0,109.0,107.0,107.0,53339526.32940667
2024-01-24T13:00:00,107.0,111.0,107.0,110.0,72682315.18311173
2024-01-24T17:00:00,110.0,111.0,109.0,110.0,35016810.35374766
2024-01-24T21:00:00,110.0,111.0,108.0,109.0,51720187.01101815
2024-01-25T01:00:00,109.0,110.0,108.0,108.0,14160299.05011052
2024-01-25T05:00:00,108.0,110.0,108.0,109.0,23739913.10101963
2024-01-25T09:00:00,109.0,110.0,107.0,107.0,37505619.98912897
2024-01-25T13:00:00,107.0,108.0,106.0,108.0,52864074.77456212
2024-01-25T17:00:00,108.0,109.0,107.0,107.0,44451307.46097629
2024-01-25T21:00:00,107.0,109.0,106.0,107.0,66135270.54497337
2024-01-26T01:00:00,107.0,108.0,106.0,107.0,33010537.13224658
2024-01-26T05:00:00,108.0,108.0,107.0,107.0,7569840.9620651
2024-01-26T09:00:00,108.0,108.0,107.0,107.0,18882786.47469563
2024-01-26T13:00:00,107.0,109.0,107.0,108.0,37025300.58951281
2024-01-26T17:00:00,107.0,110.0,107.0,110.0,37883764.88807175
2024-01-26T21:00:00,109.0,111.0,108.0,110.0,43724908.42927892
2024-01-27T01:00:00,109.0,111.0,109.0,110.0,25746512.43563242
2024-01-27T05:00:00,110.0,111.0,109.0,109.0,17350069.66149826
2024-01-27T09:00:00,109.0,111.0,109.0,111.0,23045234.9177257
2024-01-27T13:00:00,110.0,111.0,109.0,109.0,23670841.41666228
2024-01-27T17:00:00,109.0,110.0,109.0,110.0,24514527.7722875
2024-01-27T21:00:00,110.0,110.0,109.0,110.0,9404477.00120507
2024-01-28T01:00:00,109.0,110.0,109.0,109.0,9362285.85909981
2024-01-28T05:00:00,110.0,111.0,109.0,110.0,15499882.29175415
2024-01-28T09:00:00,110.0,111.0,110.0,110.0,9249270.68594269
2024-01-28T13:00:00,110.0,112.0,110.0,111.0,35547906.05815966
2024-01-28T17:00:00,110.0,112.0,110.0,111.0,24842708.48886049
2024-01-28T21:00:00,110.0,111.0,109.0,109.4,26886256.49470492
2024-01-29T01:00:00,109.4,109.8,108.0,108.2,28004138.56751323
2024-01-29T05:00:00,108.2,109.1,107.3,108.4,21736595.6328649
2024-01-29T09:00:00,108.4,109.3,107.7,108.6,25213219.32868167
2024-01-29T13:00:00,108.7,109.0,107.6,107.7,29247748.37389577
2024-01-29T17:00:00,107.7,113.0,107.5,110.6,105641196.54025061
2024-01-29T21:00:00,110.5,114.5,110.4,112.5,162319350.14907897
2024-01-30T01:00:00,112.5,112.8,111.3,112.3,34041686.95514826
2024-01-30T05:00:00,112.3,112.7,111.1,111.3,27107432.5505134
2024-01-30T09:00:00,111.3,112.2,110.4,111.5,46941215.81938288
2024-01-30T13:00:00,111.4,111.7,110.6,111.1,25907904.35508097
2024-01-30T17:00:00,111.0,111.5,110.7,111.5,26238930.20296183
2024-01-30T21:00:00,111.5,111.9,110.1,110.9,49223789.04484261
2024-01-31T01:00:00,110.9,111.5,110.5,111.3,13991076.11428746
2024-01-31T05:00:00,111.3,111.8,109.1,109.4,35283308.90024935
2024-01-31T09:00:00,109.4,110.2,108.2,110.0,40766210.00831271
2024-01-31T13:00:00,110.0,110.2,109.2,109.6,16797806.36820857
2024-01-31T17:00:00,109.6,109.8,107.9,108.9,38861396.31892679
2024-01-31T21:00:00,108.9,109.3,107.8,109.2,42538504.75262248
2024-02-01T01:00:00,109.1,109.9,108.6,109.9,19477446.73356543
2024-02-01T05:00:00,109.9,109.9,108.0,108.7,11944418.49814494
2024-02-01T09:00:00,108.8,109.1,107.1,108.4,32602009.74349999
2024-02-01T13:00:00,108.4,109.6,108.2,108.7,45234021.28737096
2024-02-01T17:00:00,108.7,109.2,108.1,108.3,18758123.99365365
2024-02-01T21:00:00,108.2,109.3,108.1,108.7,16890865.60800911
2024-02-02T01:00:00,108.7,109.5,108.2,109.3,7566571.82379215
2024-02-02T05:00:00,109.3,109.5,108.7,109.0,8407330.89571863
2024-02-02T09:00:00,109.0,109.9,108.6,109.6,36350800.86757492
2024-02-02T13:00:00,109.5,109.9,108.9,109.3,12384226.81882503
2024-02-02T17:00:00,109.2,109.5,109.0,109.1,10534675.94883111
2024-02-02T21:00:00,109.1,109.3,108.1,109.0,34571043.02354906
2024-02-03T01:00:00,109.0,109.2,108.5,108.8,9004941.52511061
2024-02-03T05:00:00,108.8,109.1,108.6,108.9,5444915.57445141
2024-02-03T09:00:00,109.0,109.3,108.7,108.9,16045291.38889973
2024-02-03T13:00:00,108.9,109.3,108.6,108.7,11795484.78462586
2024-02-03T17:00:00,108.8,109.1,108.4,108.7,23168794.88910267
2024-02-03T21:00:00,108.8,109.3,108.2,108.9,13476973.60908007
2024-02-04T01:00:00,108.9,109.3,108.8,109.0,9694480.56650587
2024-02-04T05:00:00,109.0,109.2,108.3,108.4,7642624.47258934
2024-02-04T09:00:00,108.5,108.9,108.2,108.8,14513160.29829894
2024-02-04T13:00:00,108.8,108.9,108.3,108.6,10471921.85695422
2024-02-04T17:00:00,108.5,108.9,108.3,108.8,10309126.38023426
2024-02-04T21:00:00,108.8,109.1,108.5,109.0,12848749.5216031
2024-02-05T01:00:00,108.9,110.3,108.7,109.3,15729505.09255463
2024-02-05T05:00:00,109.3,109.5,107.9,108.1,22724730.86151841
2024-02-05T09:00:00,108.1,108.4,106.8,107.8,33341536.43049446
2024-02-05T13:00:00,107.8,108.3,107.2,108.3,28927396.65541237
2024-02-05T17:00:00,108.3,110.2,108.0,109.2,47054818.7874498
2024-02-05T21:00:00,109.3,110.0,108.2,108.5,25139951.82775314
2024-02-06T01:00:00,108.5,108.9,108.2,108.7,5381151.70532788
2024-02-06T05:00:00,108.7,108.7,107.3,108.0,19269250.94372542
2024-02-06T09:00:00,108.1,108.3,107.7,107.9,19036495.3970998
2024-02-06T13:00:00,107.9,108.0,107.4,107.8,12707606.85030401
2024-02-06T17:00:00,107.8,108.1,107.2,107.5,19698560.84543897
2024-02-06T21:00:00,107.5,107.8,107.0,107.8,17102611.69587614
2024-02-07T01:00:00,107.7,108.2,107.6,108.2,8973446.70793682
2024-02-07T05:00:00,108.2,108.2,107.2,107.6,8244196.23641769
2024-02-07T09:00:00,107.5,108.2,107.4,107.6,13409189.18668815
2024-02-07T13:00:00,107.6,108.0,107.2,107.6,27907876.06544821
2024-02-07T17:00:00,107.5,108.0,107.4,107.8,12674736.38239512
2024-02-07T21:00:00,107.6,108.3,107.6,108.2,11227020.61073513
2024-02-08T01:00:00,108.1,109.1,108.0,108.7,14728148.33686824
2024-02-08T05:00:00,108.7,109.2,108.4,108.9,14165095.55642255
2024-02-08T09:00:00,108.9,109.5,108.8,109.3,18851529.03572727
2024-02-08T13:00:00,109.1,109.4,108.7,109.1,21960573.90364297
2024-02-08T17:00:00,109.1,109.7,109.1,109.2,30712687.92620241
2024-02-08T21:00:00,109.2,109.9,108.9,109.9,25863631.21024879
2024-02-09T01:00:00,109.8,109.9,108.9,109.7,12341776.77974343
2024-02-09T05:00:00,109.7,110.0,108.9,109.4,24198574.50518844
2024-02-09T09:00:00,109.4,110.2,109.0,109.7,37750724.89708376
2024-02-09T13:00:00,109.7,111.8,109.5,111.7,53905687.78408533
2024-02-09T17:00:00,111.6,111.7,110.9,111.6,46874068.4469451
2024-02-09T21:00:00,111.6,111.7,109.4,110.2,76747670.94335946
2024-02-10T01:00:00,110.2,110.8,109.8,110.5,13563705.38324651
2024-02-10T05:00:00,110.5,110.6,110.0,110.1,29104600.91385731
2024-02-10T09:00:00,110.1,111.1,110.0,111.0,27110103.37972988
2024-02-10T13:00:00,110.9,111.2,110.1,110.3,18175122.75425824
2024-02-10T17:00:00,110.2,110.5,108.2,109.4,39302847.00951635
2024-02-10T21:00:00,109.4,109.9,109.1,109.7,13051679.01446391
2024-02-11T01:00:00,109.8,109.9,109.4,109.6,5096454.70526333
2024-02-11T05:00:00,109.6,110.3,109.4,110.0,15059967.13491478
2024-02-11T09:00:00,110.0,111.0,109.7,110.8,26689818.1296873
2024-02-11T13:00:00,110.8,112.7,110.3,111.9,47769231.84016323
2024-02-11T17:00:00,111.9,112.4,110.5,111.3,58533343.21726503
2024-02-11T21:00:00,111.3,111.4,109.9,110.5,39902788.95689518
2024-02-12T01:00:00,110.5,111.1,110.2,110.7,12494996.00300042
2024-02-12T05:00:00,110.7,110.9,109.5,109.9,22423397.09232125
2024-02-12T09:00:00,109.9,110.3,108.5,109.0,46253514.34905474
2024-02-12T13:00:00,109.1,109.3,108.5,109.0,20432721.36704534
2024-02-12T17:00:00,109.1,109.3,108.1,108.4,30798007.16766675
2024-02-12T21:00:00,108.4,110.0,108.1,109.9,31215184.92774561
2024-02-13T01:00:00,109.9,111.1,109.1,109.6,45158068.35622117
2024-02-13T05:00:00,109.6,110.8,109.5,110.2,34633480.42358686
2024-02-13T09:00:00,110.3,111.5,109.3,109.6,60923475.73996797
2024-02-13T13:00:00,109.7,111.1,109.6,111.0,26693248.09366194
2024-02-13T17:00:00,111.0,111.7,110.7,111.2,43444848.50504048
2024-02-13T21:00:00,111.2,111.5,108.7,110.0,87098006.35389559
2024-02-14T01:00:00,110.0,110.1,109.4,109.7,10168934.02729432
2024-02-14T05:00:00,109.7,110.4,109.7,109.8,12609447.7682902
2024-02-14T09:00:00,109.8,109.9,109.1,109.9,23779206.754106
2024-02-14T13:00:00,109.8,110.9,109.6,110.6,48549261.67092179
2024-02-14T17:00:00,110.6,112.2,110.6,112.1,83313824.46205507
2024-02-14T21:00:00,112.1,113.1,111.6,112.6,78855170.6731373
2024-02-15T01:00:00,112.7,117.1,112.3,116.4,91198140.42806979
2024-02-15T05:00:00,116.4,117.5,115.5,115.9,64617462.58423775
2024-02-15T09:00:00,115.9,120.0,115.8,119.0,148959157.27427983
2024-02-15T13:00:00,119.0,119.2,116.4,117.3,105970151.10390522
2024-02-15T17:00:00,117.3,117.8,116.3,117.5,58309811.90177334
2024-02-15T21:00:00,117.5,118.8,116.6,116.9,89401492.4803601
2024-02-16T01:00:00,116.9,117.4,115.7,117.1,36864555.17136126
2024-02-16T05:00:00,117.1,117.5,115.9,117.3,40704509.3480876
2024-02-16T09:00:00,117.3,118.9,116.1,118.7,47610261.87091417
2024-02-16T13:00:00,118.9,119.2,117.5,117.6,50498388.91451386
2024-02-16T17:00:00,117.6,119.7,117.0,118.9,64580689.69754181
2024-02-16T21:00:00,119.0,121.2,116.8,118.3,123005788.0040039
2024-02-17T01:00:00,118.3,119.0,117.4,117.6,18056596.96651206
2024-02-17T05:00:00,117.6,119.2,117.6,118.9,13183632.85150575
2024-02-17T09:00:00,118.9,119.3,117.0,118.0,43782027.33222008
2024-02-17T13:00:00,118.0,118.3,117.4,118.1,16153677.36988963
2024-02-17T17:00:00,118.1,118.1,116.4,117.0,31191515.49752012
2024-02-17T21:00:00,117.2,117.3,112.9,114.7,125022179.1271806
2024-02-18T01:00:00,114.7,115.4,114.1,115.4,18219685.1449012
2024-02-18T05:00:00,115.4,116.6,115.2,115.7,29782032.64560375
2024-02-18T09:00:00,115.7,116.1,114.5,115.2,39625449.82120668
2024-02-18T13:00:00,115.2,116.1,114.9,115.6,20389716.35545552
2024-02-18T17:00:00,115.6,116.3,115.4,115.7,21025530.00036451
2024-02-18T21:00:00,115.7,115.9,114.9,115.6,24687243.96549783
2024-02-19T01:00:00,115.6,117.1,115.3,116.8,18803161.22148612
2024-02-19T05:00:00,116.7,118.0,116.3,117.5,24681044.99943724
2024-02-19T09:00:00,117.5,119.1,117.2,118.9,44518113.74567906
2024-02-19T13:00:00,118.9,119.6,118.2,119.4,39399241.67888408
2024-02-19T17:00:00,119.4,119.8,118.2,119.5,50110636.20037291
2024-02-19T21:00:00,119.4,121.7,118.3,121.2,56422426.5515029
2024-02-20T01:00:00,121.2,123.8,120.3,123.3,71059815.75553489
2024-02-20T05:00:00,123.3,125.6,122.8,123.9,101026625.55655797
2024-02-20T09:00:00,123.9,126.7,121.4,121.6,158225426.21441618
2024-02-20T13:00:00,121.6,122.6,120.6,120.9,55170317.59342519
2024-02-20T17:00:00,120.9,121.0,118.8,120.4,105076241.5708944
2024-02-20T21:00:00,120.5,121.6,117.0,117.8,140154298.52433077
2024-02-21T01:00:00,117.8,118.4,116.5,118.4,48140585.91331934
2024-02-21T05:00:00,118.4,119.4,118.0,119.1,43123120.70099746
2024-02-21T09:00:00,119.0,119.4,117.9,118.6,52035511.54191468
2024-02-21T13:00:00,118.6,118.8,117.0,117.6,43028362.45683692
2024-02-21T17:00:00,117.6,118.0,115.4,116.4,65314608.31085579
2024-02-21T21:00:00,116.4,117.2,115.5,116.6,42555407.85636995
2024-02-22T01:00:00,116.6,117.0,115.5,117.0,14653159.4715583
2024-02-22T05:00:00,117.1,118.4,116.6,118.1,22448997.57306413
2024-02-22T09:00:00,118.1,118.1,116.2,117.1,24560628.75798508
2024-02-22T13:00:00,117.2,118.4,116.8,118.0,26201309.01575925
2024-02-22T17:00:00,118.0,118.4,117.5,117.9,27158881.11819445
2024-02-22T21:00:00,117.9,118.3,116.8,118.2,30287325.75904148
2024-02-23T01:00:00,118.2,118.3,117.6,118.0,9746689.33846727
2024-02-23T05:00:00,118.0,118.5,117.2,117.2,17924165.50138739
2024-02-23T09:00:00,117.2,118.1,116.5,117.2,29959513.27699872
2024-02-23T13:00:00,117.2,117.5,116.5,116.7,26540312.0955454
2024-02-23T17:00:00,116.7,117.4,116.2,116.9,30602496.19788987
2024-02-23T21:00:00,117.0,119.2,116.2,117.4,59222228.17309273
2024-02-24T01:00:00,117.5,119.2,116.8,118.9,28721904.9153625
2024-02-24T05:00:00,118.9,119.2,116.9,117.9,24769646.65479858
2024-02-24T09:00:00,117.9,118.8,117.0,118.7,45439610.64554509
2024-02-24T13:00:00,118.7,118.8,118.1,118.6,21388732.60991239
2024-02-24T17:00:00,118.5,118.8,118.0,118.3,30157716.40649153
2024-02-24T21:00:00,118.3,119.0,117.8,118.4,43759606.08266399
2024-02-25T01:00:00,118.4,119.3,118.3,118.7,15753482.12743726
2024-02-25T05:00:00,118.7,118.9,118.1,118.8,9953744.3688532
2024-02-25T09:00:00,118.8,118.9,118.0,118.8,27799711.280122
2024-02-25T13:00:00,118.8,119.2,118.2,118.5,24626943.17415155
2024-02-25T17:00:00,118.5,119.4,118.3,118.6,23536355.25200659
2024-02-25T21:00:00,118.6,119.4,118.2,118.9,26755313.92515671
2024-02-26T01:00:00,118.9,119.1,118.4,119.0,5845302.44318641
2024-02-26T05:00:00,119.0,119.2,118.5,118.5,15512431.44654757
2024-02-26T09:00:00,118.6,118.8,117.6,118.1,38538754.76660864
2024-02-26T13:00:00,118.1,118.5,117.6,117.9,26768908.16749825
2024-02-26T17:00:00,117.8,118.1,115.5,116.8,55000244.18251204
2024-02-26T21:00:00,116.9,118.8,116.1,118.8,42864570.54421388
2024-02-27T01:00:00,118.8,121.6,118.6,121.4,49488828.3429834
2024-02-27T05:00:00,121.4,123.6,120.2,122.2,88585620.98901927
2024-02-27T09:00:00,122.2,124.4,121.1,122.7,108512427.56930085
2024-02-27T13:00:00,122.6,126.1,122.5,126.0,96386879.04531674
2024-02-27T17:00:00,126.0,132.4,124.9,129.6,348831291.96393186
2024-02-27T21:00:00,129.6,135.5,129.6,132.7,370602163.2895859
2024-02-28T01:00:00,132.8,137.0,131.2,135.9,156881810.35688552
2024-02-28T05:00:00,135.8,138.4,132.8,134.3,182128148.77746308
2024-02-28T09:00:00,134.4,135.7,130.1,130.4,196293980.6640332
2024-02-28T13:00:00,130.4,134.7,130.2,134.3,109376219.771938
2024-02-28T17:00:00,134.3,139.5,133.6,135.2,286860426.91777533
2024-02-28T21:00:00,135.3,139.2,135.2,139.0,206962032.03546175
2024-02-29T01:00:00,139.0,169.9,138.3,158.2,1958698799.4912627
2024-02-29T05:00:00,158.2,167.5,156.0,162.6,563756749.7070211
2024-02-29T09:00:00,162.7,184.1,156.8,178.1,1038395632.0230204
2024-02-29T13:00:00,178.1,190.5,173.7,180.0,1484190094.6808906
2024-02-29T17:00:00,180.1,182.7,173.1,180.5,465008100.5983346
2024-02-29T21:00:00,180.5,187.6,176.1,187.2,525213682.0586398
2024-03-01T01:00:00,187.1,187.9,173.5,178.0,285230248.1809593
2024-03-01T05:00:00,178.0,180.1,162.3,164.9,360281900.59409314
2024-03-01T09:00:00,164.9,172.5,164.4,169.1,384556599.68014866
2024-03-01T13:00:00,169.1,172.5,167.6,167.8,189309244.00846115
2024-03-01T17:00:00,167.8,174.1,167.6,171.2,205468709.6696679
2024-03-01T21:00:00,171.2,184.2,170.9,175.4,600305087.4343033
2024-03-02T01:00:00,175.4,194.6,175.3,190.3,560943868.296668
2024-03-02T05:00:00,190.2,203.8,190.0,195.3,870063224.4667339
2024-03-02T09:00:00,195.3,211.9,192.7,198.2,1192547107.0302746
2024-03-02T13:00:00,198.3,206.3,194.6,205.2,453797005.6133858
2024-03-02T17:00:00,205.1,210.3,197.0,198.1,630817823.2142357
2024-03-02T21:00:00,198.0,201.0,190.5,193.1,363679367.5252631
2024-03-03T01:00:00,193.2,199.4,192.1,197.9,110382706.10754874
2024-03-03T05:00:00,197.9,201.4,195.3,198.1,160008636.52783218
2024-03-03T09:00:00,198.1,200.4,192.4,195.5,355089948.00325423
2024-03-03T13:00:00,195.5,199.5,170.1,183.3,428484948.709383
2024-03-03T17:00:00,183.2,197.5,179.0,195.9,325027016.5250412
2024-03-03T21:00:00,195.9,199.0,191.8,196.1,280062309.1128962
2024-03-04T01:00:00,196.1,212.9,194.1,210.0,363299577.6571919
2024-03-04T05:00:00,209.9,217.3,207.8,214.0,479501413.3708233
2024-03-04T09:00:00,213.7,220.7,202.4,218.2,550782333.7312922
2024-03-04T13:00:00,218.0,232.4,216.1,227.7,680340052.1585978
2024-03-04T17:00:00,228.0,238.4,222.8,227.1,509069720.08295816
2024-03-04T21:00:00,227.2,239.2,221.4,239.0,499098703.25185764
2024-03-05T01:00:00,239.1,258.7,234.0,248.8,987770237.8991575
2024-03-05T05:00:00,248.8,258.2,241.7,254.8,442884407.8658594
2024-03-05T09:00:00,254.8,291.0,252.6,277.7,1308271308.412459
2024-03-05T13:00:00,277.8,281.4,236.0,250.1,1220699885.1681907
2024-03-05T17:00:00,250.0,261.4,245.0,255.2,389098480.48598117
2024-03-05T21:00:00,255.1,269.5,243.5,244.4,755430241.9216279
2024-03-06T01:00:00,244.2,246.7,205.0,214.0,793870585.8205414
2024-03-06T05:00:00,214.0,226.7,189.5,220.1,1182730106.0239785
2024-03-06T09:00:00,220.1,235.0,205.1,213.7,721283710.2721262
2024-03-06T13:00:00,213.7,237.9,212.7,235.0,633512813.3585149
2024-03-06T17:00:00,235.5,252.0,232.2,236.2,605562977.0791614
2024-03-06T21:00:00,236.3,238.1,218.9,226.9,435009866.63608253
2024-03-07T01:00:00,226.7,229.4,218.4,224.8,108266197.998086
2024-03-07T05:00:00,224.8,229.6,220.0,223.4,147924023.31648847
2024-03-07T09:00:00,222.9,228.6,215.6,216.1,365210365.07878727
2024-03-07T13:00:00,216.3,218.2,208.1,213.7,287164489.0097015
2024-03-07T17:00:00,213.7,221.3,213.5,216.5,193421012.88396218
2024-03-07T21:00:00,216.5,224.6,210.0,223.8,308683937.4998281
2024-03-08T01:00:00,223.4,225.1,214.7,218.9,106170948.86660814
2024-03-08T05:00:00,219.0,223.4,215.5,221.6,150813839.7142577
2024-03-08T09:00:00,221.6,236.7,218.2,236.7,485533376.2955398
2024-03-08T13:00:00,236.8,237.6,226.9,232.2,258150313.68769482
2024-03-08T17:00:00,232.2,244.0,229.6,237.3,338343688.77255565
2024-03-08T21:00:00,237.4,246.8,227.9,231.2,636845029.2139764
2024-03-09T01:00:00,231.2,238.9,225.5,236.4,207308566.45631847
2024-03-09T05:00:00,236.2,243.0,231.3,232.7,157842173.06452975
2024-03-09T09:00:00,232.8,240.9,231.1,238.3,268315082.19518363
2024-03-09T13:00:00,238.2,242.8,236.3,236.5,158408852.9330039
2024-03-09T17:00:00,236.4,240.9,229.0,233.7,227061803.27999535
2024-03-09T21:00:00,233.7,238.4,231.4,237.4,108336271.66414475
2024-03-10T01:00:00,237.4,257.2,235.4,246.9,554248923.3921918
2024-03-10T05:00:00,246.9,255.6,244.0,250.9,201287444.5290007
2024-03-10T09:00:00,251.0,252.3,244.2,246.4,217276063.8633532
2024-03-10T13:00:00,246.4,250.0,245.7,246.5,92526911.72644931
2024-03-10T17:00:00,246.6,248.3,241.4,243.4,125206937.06060413
2024-03-10T21:00:00,243.3,245.3,236.5,243.8,144477688.2546638
2024-03-11T01:00:00,243.8,245.9,240.9,244.8,40085464.7142005
2024-03-11T05:00:00,244.6,245.5,235.0,240.5,89206842.67281328
2024-03-11T09:00:00,240.6,240.7,225.8,235.0,197561885.71266723
2024-03-11T13:00:00,235.0,249.2,233.8,246.4,184043417.886712
2024-03-11T17:00:00,246.4,251.7,244.1,245.0,193105894.01211628
2024-03-11T21:00:00,245.0,247.6,241.5,243.7,162212478.4223002
2024-03-12T01:00:00,243.9,246.7,239.0,241.8,110632772.64672385
2024-03-12T05:00:00,241.8,254.6,241.5,253.3,153785722.44504347
2024-03-12T09:00:00,253.3,255.6,244.1,244.3,168421851.59329206
2024-03-12T13:00:00,244.2,246.0,241.0,243.2,106714059.33904853
2024-03-12T17:00:00,243.2,243.4,238.3,240.2,102672390.6839966
2024-03-12T21:00:00,240.2,242.9,237.0,239.6,139576382.54172444
2024-03-13T01:00:00,239.6,240.1,230.6,236.2,148049065.3655766
2024-03-13T05:00:00,236.5,238.8,232.8,238.4,115113548.50663915
2024-03-13T09:00:00,238.4,244.3,236.0,242.3,153827766.07055718
2024-03-13T13:00:00,242.3,246.0,240.9,243.8,114526014.59808806
2024-03-13T17:00:00,243.8,245.9,239.9,241.3,104129135.64905873
2024-03-13T21:00:00,241.4,242.6,235.4,237.9,111848119.2284996
2024-03-14T01:00:00,237.9,243.3,237.0,240.1,37333647.40895843
2024-03-14T05:00:00,240.2,242.9,239.8,240.7,52879586.54728985
2024-03-14T09:00:00,240.7,247.6,236.6,246.4,207791598.4225928
2024-03-14T13:00:00,246.4,273.3,246.2,265.6,1342112751.5820456
2024-03-14T17:00:00,265.6,269.1,255.5,260.5,396404707.51902795
2024-03-14T21:00:00,260.6,270.6,246.8,247.7,1063051876.3976406
2024-03-15T01:00:00,247.7,256.2,242.1,245.1,219786143.1582959
2024-03-15T05:00:00,244.6,257.9,244.6,254.3,163002882.53769574
2024-03-15T09:00:00,254.4,261.1,234.7,241.7,607787341.0516611
2024-03-15T13:00:00,241.7,245.7,234.5,243.5,377708463.1562816
2024-03-15T17:00:00,243.8,244.1,222.5,230.3,429908291.6696599
2024-03-15T21:00:00,230.3,238.9,228.6,235.2,195532993.6305679
2024-03-16T01:00:00,235.2,241.2,231.9,235.0,75531526.33316365
2024-03-16T05:00:00,234.9,239.7,229.2,238.2,142375356.44241795
2024-03-16T09:00:00,238.2,240.7,233.0,235.1,173322966.1110968
2024-03-16T13:00:00,235.1,235.9,229.1,235.7,99149043.48868074
2024-03-16T17:00:00,235.7,235.9,227.0,229.5,90616492.32976313
2024-03-16T21:00:00,229.5,229.7,219.3,224.1,260758774.1981625
2024-03-17T01:00:00,224.1,225.0,210.0,211.8,166756191.69338238
2024-03-17T05:00:00,211.8,214.3,203.2,210.7,296938754.0942534
2024-03-17T09:00:00,210.7,215.6,202.4,214.3,334779144.68010026
2024-03-17T13:00:00,214.3,214.6,200.2,205.1,230263317.69121432
2024-03-17T17:00:00,205.1,220.6,203.3,214.9,313525830.3016759
2024-03-17T21:00:00,214.9,223.4,210.8,221.3,185215129.51536173
2024-03-18T01:00:00,221.3,230.8,218.0,224.9,178265201.4771648
2024-03-18T05:00:00,224.9,228.6,222.5,225.6,108438305.10204732
2024-03-18T09:00:00,225.6,225.7,216.7,220.0,156125348.081501
2024-03-18T13:00:00,220.0,223.0,216.3,217.6,86949594.43718785
2024-03-18T17:00:00,217.6,217.9,212.5,216.6,116692514.11489044
2024-03-18T21:00:00,216.6,218.4,210.7,211.8,112898437.66111846
2024-03-19T01:00:00,211.8,213.4,207.3,210.7,56226669.95543189
2024-03-19T05:00:00,210.8,213.4,209.3,210.3,69842311.08258499
2024-03-19T09:00:00,210.4,213.2,196.6,200.0,270278791.9704507
2024-03-19T13:00:00,200.0,201.0,188.4,197.0,262831138.99536783
2024-03-19T17:00:00,197.1,197.2,185.0,192.5,300205509.8840465
2024-03-19T21:00:00,192.6,198.5,191.1,197.9,228539804.4149161
2024-03-20T01:00:00,197.9,200.8,195.2,198.3,93620536.05383398
2024-03-20T05:00:00,198.3,198.9,189.1,192.2,107986936.26673181
2024-03-20T09:00:00,192.2,196.0,187.7,190.1,164138956.4341303
2024-03-20T13:00:00,190.2,198.0,181.5,196.3,240018191.08202264
2024-03-20T17:00:00,196.3,200.0,193.5,198.0,150753910.83197424
2024-03-20T21:00:00,198.0,201.6,194.2,195.7,130536256.7946621
2024-03-21T01:00:00,195.6,220.0,189.5,214.3,222046582.57555616
2024-03-21T05:00:00,214.3,224.6,212.0,223.6,352636901.7730838
2024-03-21T09:00:00,223.6,225.0,216.7,218.7,211518102.42949387
2024-03-21T13:00:00,218.5,226.0,214.0,225.2,139933699.16584697
2024-03-21T17:00:00,225.2,230.4,218.7,220.3,174021284.88323724
2024-03-21T21:00:00,220.4,228.8,220.1,228.1,145392983.38270792
2024-03-22T01:00:00,228.2,231.7,217.3,221.1,134753155.18775228
2024-03-22T05:00:00,221.2,228.6,218.4,226.5,86956335.59507316
2024-03-22T09:00:00,226.5,230.1,219.7,227.5,176220029.5312052
2024-03-22T13:00:00,227.5,237.8,224.5,235.0,232896634.57728633
2024-03-22T17:00:00,235.0,237.9,224.6,226.1,199385117.1684026
2024-03-22T21:00:00,226.1,227.5,214.2,219.6,283113488.679162
2024-03-23T01:00:00,219.6,224.3,217.5,223.4,53084842.93559768
2024-03-23T05:00:00,223.3,225.8,219.3,225.0,63402425.68266114
2024-03-23T09:00:00,225.0,240.9,221.5,232.4,462999784.8863552
2024-03-23T13:00:00,232.4,238.2,231.2,234.5,190223768.41280812
2024-03-23T17:00:00,234.7,239.4,234.3,237.5,201206983.07478282
2024-03-23T21:00:00,237.5,244.9,236.3,241.8,373665595.80847263
2024-03-24T01:00:00,241.8,253.2,240.2,246.0,285494098.3704189
2024-03-24T05:00:00,246.0,246.3,234.4,235.8,127949960.81952535
2024-03-24T09:00:00,235.7,250.3,234.3,245.8,361908721.140823
2024-03-24T13:00:00,245.8,252.3,244.4,252.0,298835491.9467317
2024-03-24T17:00:00,252.0,253.4,247.9,249.0,222557227.5100704
2024-03-24T21:00:00,249.0,252.9,247.2,252.6,243853988.58364967
2024-03-25T01:00:00,252.6,256.2,246.1,251.2,173145339.57072657
2024-03-25T05:00:00,251.2,259.4,250.3,253.8,197538939.8779257
2024-03-25T09:00:00,253.8,255.7,246.3,247.6,219315298.8754402
2024-03-25T13:00:00,247.6,252.0,246.3,246.7,124954326.00151297
2024-03-25T17:00:00,246.7,248.0,244.0,245.5,93732538.33532232
2024-03-25T21:00:00,245.4,265.3,245.1,260.7,503377422.54806894
2024-03-26T01:00:00,260.7,261.7,252.6,255.0,152584874.46878728
2024-03-26T05:00:00,255.0,257.2,248.6,249.5,185295035.2540358
2024-03-26T09:00:00,249.4,253.4,247.8,251.4,163197176.38170144
2024-03-26T13:00:00,251.4,257.5,251.1,253.6,142639267.56895903
2024-03-26T17:00:00,253.6,264.0,252.2,260.8,334609026.98010886
2024-03-26T21:00:00,260.8,263.5,249.7,254.4,309286035.14940095
2024-03-27T01:00:00,254.4,257.1,251.0,253.0,56483412.6115168
2024-03-27T05:00:00,253.0,262.3,253.0,260.5,128147874.56708504
2024-03-27T09:00:00,260.5,266.6,258.4,263.0,245132374.38146377
2024-03-27T13:00:00,263.0,270.7,260.2,260.6,308613024.8938902
2024-03-27T17:00:00,260.6,267.0,254.5,266.2,271315917.4294056
2024-03-27T21:00:00,266.1,273.4,258.1,269.5,439247151.98350185
2024-03-28T01:00:00,269.5,274.7,262.1,263.9,141557716.07672793
2024-03-28T05:00:00,263.8,275.5,263.5,273.8,187739356.92332762
2024-03-28T09:00:00,273.9,295.0,272.0,280.0,859677307.3103218
2024-03-28T13:00:00,280.0,287.3,279.8,284.6,219086361.46951097
2024-03-28T17:00:00,284.6,312.0,282.6,309.3,901600904.8259486
2024-03-28T21:00:00,309.2,319.7,303.5,309.6,1030463338.6726686
2024-03-29T01:00:00,309.6,324.0,307.6,322.7,278546461.77377886
2024-03-29T05:00:00,322.6,322.8,307.9,313.7,309664285.6682847
2024-03-29T09:00:00,313.8,320.9,300.2,310.5,663503235.2063384
2024-03-29T13:00:00,310.5,310.6,298.3,300.4,303056760.6135614
2024-03-29T17:00:00,300.4,309.8,300.0,303.8,239241705.54687068
2024-03-29T21:00:00,303.7,311.0,298.5,299.7,274298274.5987081
2024-03-30T01:00:00,299.7,312.0,299.7,306.0,112076521.49294452
2024-03-30T05:00:00,305.9,307.5,300.4,304.0,90755162.24419472
2024-03-30T09:00:00,304.0,309.9,301.7,303.7,246825674.1255855
2024-03-30T13:00:00,303.7,306.1,294.0,294.7,212262983.51707038
2024-03-30T17:00:00,294.6,300.9,294.1,300.3,96212549.27970879
2024-03-30T21:00:00,300.3,300.4,290.0,291.0,131031986.9929489
2024-03-31T01:00:00,290.9,292.3,281.4,288.0,169163563.16021425
2024-03-31T05:00:00,287.9,289.7,285.0,286.2,75135341.15200733
2024-03-31T09:00:00,286.3,295.5,286.0,288.7,221351877.47777867
2024-03-31T13:00:00,288.7,296.0,288.6,294.9,109396927.84041917
2024-03-31T17:00:00,295.1,296.6,293.0,294.6,71616929.72959933
2024-03-31T21:00:00,294.6,304.8,292.9,302.3,268575415.2969153
2024-04-01T01:00:00,302.3,302.6,299.0,301.0,30516599.75884959
2024-04-01T05:00:00,301.1,313.2,301.0,311.5,223221018.11020303
2024-04-01T09:00:00,311.5,311.6,304.7,306.6,202024214.32902512
2024-04-01T13:00:00,306.5,308.2,288.9,296.9,366675833.0137054
2024-04-01T17:00:00,296.8,297.6,290.0,294.4,178530398.9873466
2024-04-01T21:00:00,294.4,302.7,287.4,288.1,342001054.96327156
2024-04-02T01:00:00,288.1,297.2,287.4,297.0,90106830.86590675
2024-04-02T05:00:00,297.0,297.0,292.6,294.9,71226060.12973098
2024-04-02T09:00:00,295.0,295.0,271.7,274.4,502347042.3626337
2024-04-02T13:00:00,274.4,278.5,269.3,271.2,311645338.9513514
2024-04-02T17:00:00,271.3,273.0,264.2,269.4,401214222.4449567
2024-04-02T21:00:00,269.5,278.3,264.6,267.5,441597880.7484158
2024-04-03T01:00:00,267.4,276.1,266.4,273.2,93011501.84652247
2024-04-03T05:00:00,273.2,274.5,266.6,268.3,117417318.85507761
2024-04-03T09:00:00,268.3,275.5,253.9,272.3,611298279.6665685
2024-04-03T13:00:00,272.3,274.1,267.0,269.2,177133408.39107582
2024-04-03T17:00:00,269.1,272.2,263.5,266.6,205085072.33311948
2024-04-03T21:00:00,266.7,268.7,259.3,261.1,265642229.40594384
2024-04-04T01:00:00,261.0,264.4,254.4,257.4,115723415.33219968
2024-04-04T05:00:00,257.2,259.2,250.4,256.9,154925739.6060783
2024-04-04T09:00:00,256.8,264.2,254.2,255.1,194939798.62199762
2024-04-04T13:00:00,255.1,262.9,252.3,260.5,165158035.98610383
2024-04-04T17:00:00,260.5,265.1,259.5,264.1,139570409.0852824
2024-04-04T21:00:00,264.0,273.3,263.0,265.6,285547450.8223107
2024-04-05T01:00:00,265.6,271.5,264.2,264.6,83933362.52816512
2024-04-05T05:00:00,264.6,265.1,256.3,262.0,138808678.10399443
2024-04-05T09:00:00,262.0,262.1,254.9,257.0,158402534.1669192
2024-04-05T13:00:00,256.9,257.5,251.2,253.8,157680986.4818668
2024-04-05T17:00:00,253.8,256.6,246.5,247.5,171072145.0694814
2024-04-05T21:00:00,247.5,256.2,245.7,255.6,161931867.7978483
2024-04-06T01:00:00,255.6,259.2,252.5,256.1,42526039.36010538
2024-04-06T05:00:00,256.1,260.4,255.9,257.0,49476521.0123303
2024-04-06T09:00:00,256.9,262.5,255.6,261.0,138181934.9201016
2024-04-06T13:00:00,261.0,268.0,260.5,266.3,105269343.12252273
2024-04-06T17:00:00,266.3,267.9,263.0,264.4,93151979.69715396
2024-04-06T21:00:00,264.4,265.3,260.7,264.7,66969958.91888701
2024-04-07T01:00:00,264.7,266.5,263.0,264.1,22376551.61771891
2024-04-07T05:00:00,264.1,269.8,263.1,267.1,67732119.54288593
2024-04-07T09:00:00,267.1,284.9,266.5,280.8,342800048.6329467
2024-04-07T13:00:00,280.9,283.9,276.6,280.0,173486341.10531405
2024-04-07T17:00:00,280.0,284.4,276.6,284.1,124561725.63746773
2024-04-07T21:00:00,284.1,292.9,281.5,286.2,289668345.4042689
2024-04-08T01:00:00,286.6,291.2,282.2,283.3,75048114.17775641
2024-04-08T05:00:00,283.2,287.4,281.6,284.8,92557257.38483895
2024-04-08T09:00:00,284.7,286.5,280.2,284.2,173851678.52967158
2024-04-08T13:00:00,284.1,295.9,282.1,292.5,214877742.39548862
2024-04-08T17:00:00,292.5,295.8,291.0,293.2,219293237.95713145
2024-04-08T21:00:00,293.2,295.5,285.9,288.5,195272395.91424352
2024-04-09T01:00:00,288.3,290.9,285.2,286.5,39834551.17764824
2024-04-09T05:00:00,286.5,289.9,285.9,288.5,62327864.95893051
2024-04-09T09:00:00,288.4,290.4,282.0,284.1,149565380.9461064
2024-04-09T13:00:00,284.1,286.3,278.8,280.9,115194478.49254227
2024-04-09T17:00:00,280.9,281.5,276.0,279.9,127190549.19677204
2024-04-09T21:00:00,279.9,280.0,268.9,272.5,225373933.76471153
2024-04-10T01:00:00,272.5,272.7,267.7,271.9,58451594.48496731
2024-04-10T05:00:00,271.8,274.3,269.9,272.0,69168587.22616348
2024-04-10T09:00:00,271.9,277.6,266.8,271.0,201803112.34472498
2024-04-10T13:00:00,271.0,274.8,270.0,273.0,58745191.39684609
2024-04-10T17:00:00,272.8,272.9,268.0,270.6,62925439.67888767
2024-04-10T21:00:00,270.6,279.9,261.4,278.2,317759739.86880785
2024-04-11T01:00:00,278.2,288.8,274.3,288.3,154820118.82242492
2024-04-11T05:00:00,288.3,289.2,282.5,284.5,147926325.6324815
2024-04-11T09:00:00,284.5,284.9,278.6,280.8,118956826.85032123
2024-04-11T13:00:00,280.8,286.9,277.6,285.7,99607468.2802429
2024-04-11T17:00:00,285.7,289.3,277.0,277.9,145975839.4303137
2024-04-11T21:00:00,277.9,282.2,273.4,276.4,201405631.1827681
2024-04-12T01:00:00,276.4,279.0,273.7,277.1,52589922.08333853
2024-04-12T05:00:00,277.0,283.2,277.0,278.1,63252252.88558288
2024-04-12T09:00:00,278.1,283.1,277.5,283.0,96253615.6094637
2024-04-12T13:00:00,283.0,286.6,281.0,282.5,111825276.27923775
2024-04-12T17:00:00,282.6,286.7,281.3,284.3,90664056.0532647
2024-04-12T21:00:00,284.3,284.9,274.2,279.4,166344430.62925935
2024-04-13T01:00:00,279.4,281.9,250.1,252.0,345910201.046834
2024-04-13T05:00:00,252.3,263.3,250.6,259.0,193461514.3822679
2024-04-13T09:00:00,259.0,259.1,242.1,256.3,344760342.1185554
2024-04-13T13:00:00,256.3,260.3,251.3,251.8,130084204.1307423
2024-04-13T17:00:00,251.9,255.5,247.8,252.0,86385262.49045537
2024-04-13T21:00:00,252.0,255.2,250.1,252.0,68425911.12755023
2024-04-14T01:00:00,252.0,253.0,231.1,233.1,220131732.02342764
2024-04-14T05:00:00,233.2,238.0,203.5,231.3,829808332.2323889
2024-04-14T09:00:00,231.7,236.1,220.3,226.7,398087931.19518965
2024-04-14T13:00:00,226.8,241.0,225.5,239.0,280484739.6000782
2024-04-14T17:00:00,239.0,240.3,226.0,228.7,223710003.71062
2024-04-14T21:00:00,228.7,234.8,225.1,228.0,261376404.50123778
2024-04-15T01:00:00,228.0,235.8,221.8,230.2,137472360.00451863
2024-04-15T05:00:00,230.2,248.8,226.6,244.6,267736907.6632847
2024-04-15T09:00:00,244.6,246.2,234.3,236.9,205226856.8681596
2024-04-15T13:00:00,236.9,252.5,234.1,246.4,259053995.40019104
2024-04-15T17:00:00,246.4,247.9,240.6,240.8,153845794.50393116
2024-04-15T21:00:00,240.8,242.6,230.0,232.1,276264809.03235847
2024-04-16T01:00:00,232.1,250.6,227.4,241.0,323647600.4023291
2024-04-16T05:00:00,241.4,249.1,240.0,245.2,180422611.89754257
2024-04-16T09:00:00,245.1,246.1,233.1,235.4,195261602.53235367
2024-04-16T13:00:00,235.3,238.7,227.9,236.3,218773843.15440497
2024-04-16T17:00:00,236.5,236.6,227.0,233.9,245828091.1295135
2024-04-16T21:00:00,233.8,235.3,224.6,224.9,224175422.93385187
2024-04-17T01:00:00,224.7,233.2,222.4,230.8,113182970.41882613
2024-04-17T05:00:00,230.8,237.6,230.5,233.7,88719307.7153941
2024-04-17T09:00:00,233.7,237.1,232.0,234.0,112325106.1664958
2024-04-17T13:00:00,233.9,235.9,230.0,231.0,91826296.9543845
2024-04-17T17:00:00,231.0,235.6,228.5,228.9,101238830.98684055
2024-04-17T21:00:00,228.9,230.0,217.9,220.1,308558432.0174096
2024-04-18T01:00:00,220.0,226.3,217.7,221.5,133927313.67136855
2024-04-18T05:00:00,221.6,225.3,219.5,220.5,90284942.2270331
2024-04-18T09:00:00,220.3,223.6,214.6,221.9,208828746.21865433
2024-04-18T13:00:00,221.8,222.3,210.5,211.1,172731707.33991876
2024-04-18T17:00:00,211.0,222.2,208.5,219.6,210640734.5964948
2024-04-18T21:00:00,219.6,226.0,214.1,221.6,271739717.9798246
2024-04-19T01:00:00,221.7,222.9,217.2,222.0,60227828.83128002
2024-04-19T05:00:00,222.4,226.0,221.2,223.9,90708317.72640286
2024-04-19T09:00:00,223.9,223.9,206.3,214.8,368144725.40543383
2024-04-19T13:00:00,214.7,226.9,214.1,222.7,209085586.0627544
2024-04-19T17:00:00,222.7,225.4,220.9,223.6,142106523.5074773
2024-04-19T21:00:00,223.8,225.1,218.5,222.9,121942577.58908924
2024-04-20T01:00:00,222.9,225.1,219.6,225.0,46109669.65299922
2024-04-20T05:00:00,224.8,229.9,221.0,228.8,136371700.08024618
2024-04-20T09:00:00,228.9,231.0,224.7,228.1,172603594.95671633
2024-04-20T13:00:00,228.1,229.7,226.5,227.0,85563447.79883355
2024-04-20T17:00:00,227.0,227.1,221.8,224.2,128048094.62035568
2024-04-20T21:00:00,224.2,232.2,223.0,231.3,117868785.94913878
2024-04-21T01:00:00,231.3,241.0,229.3,235.1,214663135.61471575
2024-04-21T05:00:00,235.2,238.4,235.1,237.2,103753674.9281137
2024-04-21T09:00:00,237.2,242.6,233.3,239.6,265511743.83812156
2024-04-21T13:00:00,239.6,241.3,236.3,238.3,104276901.07633929
2024-04-21T17:00:00,238.3,239.0,234.5,237.1,114833215.06109847
2024-04-21T21:00:00,237.0,237.5,231.8,234.2,121555090.92439033
2024-04-22T01:00:00,234.3,234.5,228.1,230.4,64668966.2614356
2024-04-22T05:00:00,230.3,234.9,229.8,231.4,53112800.76068677
2024-04-22T09:00:00,231.4,235.0,229.4,233.6,123966729.15169145
2024-04-22T13:00:00,233.5,237.1,232.9,233.8,99736092.70125514
2024-04-22T17:00:00,233.8,234.5,231.0,232.4,86630697.64761378
2024-04-22T21:00:00,232.4,234.2,230.0,230.8,88164897.55504635
2024-04-23T01:00:00,230.8,234.5,230.1,232.7,42613409.17261635
2024-04-23T05:00:00,232.6,235.9,232.2,234.3,69503743.66713983
2024-04-23T09:00:00,234.3,235.5,229.9,229.9,90129125.97517261
2024-04-23T13:00:00,230.0,230.7,227.2,227.9,80473565.2021843
2024-04-23T17:00:00,227.8,229.8,227.0,229.0,53749324.12123729
2024-04-23T21:00:00,229.0,235.1,228.3,233.0,92741020.75493528
2024-04-24T01:00:00,232.9,235.5,232.1,233.3,31921297.03161311
2024-04-24T05:00:00,233.3,233.4,229.7,231.1,40610440.80917564
2024-04-24T09:00:00,231.2,236.5,229.8,234.3,90254978.32211076
2024-04-24T13:00:00,234.4,235.2,231.7,232.4,62731880.29759474
2024-04-24T17:00:00,232.4,236.4,231.4,235.0,61781980.27249479
2024-04-24T21:00:00,234.8,235.5,221.2,221.7,154480858.51703525
2024-04-25T01:00:00,221.6,225.4,220.0,223.1,53524278.09721544
2024-04-25T05:00:00,223.0,223.8,218.4,220.5,67923377.18046497
2024-04-25T09:00:00,220.4,222.8,217.1,218.2,66677090.25812056
2024-04-25T13:00:00,218.2,219.5,214.8,216.8,61557812.65299196
2024-04-25T17:00:00,216.8,217.9,213.2,217.3,61266111.61244658
2024-04-25T21:00:00,217.2,218.8,214.1,218.2,57698207.75038331
2024-04-26T01:00:00,218.2,220.4,217.6,219.4,25934203.18720162
2024-04-26T05:00:00,219.4,222.5,217.2,217.5,31972944.26729979
2024-04-26T09:00:00,217.5,218.3,212.5,216.0,68513579.58748072
2024-04-26T13:00:00,216.1,217.5,215.0,215.7,23612412.08011015
2024-04-26T17:00:00,215.7,217.6,215.0,215.1,26843265.69490927
2024-04-26T21:00:00,215.1,216.6,212.0,214.0,60429757.15173328
2024-04-27T01:00:00,213.9,215.5,213.0,215.0,14313307.7252329
2024-04-27T05:00:00,215.0,216.1,212.2,213.3,22012794.84145346
2024-04-27T09:00:00,213.4,214.9,207.9,211.0,94964916.817103
2024-04-27T13:00:00,211.0,211.3,208.5,208.7,25374234.38148174
2024-04-27T17:00:00,208.7,209.9,206.5,207.4,43216180.59993605
2024-04-27T21:00:00,207.4,212.1,207.1,210.0,35991324.52440193
2024-04-28T01:00:00,210.0,215.0,209.8,213.1,24118425.25106867
2024-04-28T05:00:00,213.0,213.6,211.5,213.0,17240089.09246674
2024-04-28T09:00:00,213.0,217.2,212.7,216.0,42811627.7437424
2024-04-28T13:00:00,216.0,216.5,215.0,215.9,16066164.45221535
2024-04-28T17:00:00,215.9,216.2,212.4,212.8,35812414.20891213
2024-04-28T21:00:00,212.8,215.7,212.6,214.7,30801568.33842189
2024-04-29T01:00:00,214.7,216.1,214.4,215.1,12059639.02469415
2024-04-29T05:00:00,215.1,215.5,209.5,210.3,31488921.63384472
2024-04-29T09:00:00,210.3,212.0,205.3,205.9,63802185.3647277
2024-04-29T13:00:00,205.6,207.8,200.4,202.9,115933589.55072793
2024-04-29T17:00:00,202.9,204.2,200.4,200.9,61998741.24312082
2024-04-29T21:00:00,200.9,205.0,200.3,205.0,55805930.20502405
2024-04-30T01:00:00,205.0,205.4,200.5,202.1,21952460.29693317
2024-04-30T05:00:00,202.1,207.7,200.6,205.5,53345450.98368961
2024-04-30T09:00:00,205.5,209.1,202.0,204.5,87055597.16081156
2024-04-30T13:00:00,204.6,205.4,201.0,202.1,38682595.9601463
2024-04-30T17:00:00,202.0,202.9,193.0,194.3,164742565.93476167
2024-04-30T21:00:00,194.3,195.4,190.0,193.6,112840346.12895675
2024-05-01T01:00:00,193.5,194.0,187.0,189.0,74949000.91604063
2024-05-01T05:00:00,188.9,193.8,188.8,191.3,54138486.73848915
2024-05-01T09:00:00,191.3,192.8,181.7,187.3,215102963.57975206
2024-05-01T13:00:00,187.3,188.0,175.5,176.8,219577855.2503389
2024-05-01T17:00:00,176.8,179.3,172.3,179.3,207466338.42536303
2024-05-01T21:00:00,179.1,181.9,171.3,172.2,212164248.69270247
2024-05-02T01:00:00,172.2,189.5,171.6,181.0,175852291.33971182
2024-05-02T05:00:00,181.1,186.9,180.2,186.2,91814544.57121266
2024-05-02T09:00:00,186.1,187.5,177.0,178.6,124847554.62619364
2024-05-02T13:00:00,178.6,180.4,175.0,179.2,65217662.97197635
2024-05-02T17:00:00,179.2,187.6,178.8,186.9,98089626.48482004
2024-05-02T21:00:00,187.0,189.1,182.1,188.3,133126474.9017037
2024-05-03T01:00:00,188.3,190.0,186.0,187.8,36303357.07140069
2024-05-03T05:00:00,187.8,188.7,185.2,185.6,44399422.32022845
2024-05-03T09:00:00,185.6,192.4,184.7,191.5,130978701.10593751
2024-05-03T13:00:00,191.5,191.5,187.0,187.6,64682226.83854443
2024-05-03T17:00:00,187.6,189.6,185.8,187.9,46867177.79443449
2024-05-03T21:00:00,187.9,197.9,187.6,196.0,178626515.47837102
2024-05-04T01:00:00,195.9,198.9,195.9,198.5,48227732.73975128
2024-05-04T05:00:00,198.5,209.8,198.3,207.4,172799676.74235702
2024-05-04T09:00:00,207.4,216.4,206.8,211.0,295863774.6438901
2024-05-04T13:00:00,211.0,214.5,210.2,212.2,93597346.15111586
2024-05-04T17:00:00,212.1,229.4,212.1,226.2,413330314.4965921
2024-05-04T21:00:00,226.2,240.5,224.9,231.2,858607923.7005519
2024-05-05T01:00:00,231.1,231.8,223.8,227.5,106938967.01661181
2024-05-05T05:00:00,227.5,231.0,225.0,226.7,89834666.98442706
2024-05-05T09:00:00,226.7,230.7,217.1,223.0,426288805.8175983
2024-05-05T13:00:00,223.0,229.5,222.7,228.3,159316904.52536967
2024-05-05T17:00:00,228.3,229.9,225.6,226.8,117487602.62036996
2024-05-05T21:00:00,226.8,228.1,224.0,227.9,116843032.20478362
2024-05-06T01:00:00,227.6,229.5,225.3,228.6,47926911.77933903
2024-05-06T05:00:00,228.5,228.6,225.0,226.4,51377804.93310819
2024-05-06T09:00:00,226.1,233.7,225.9,228.3,171470343.42658085
2024-05-06T13:00:00,228.3,230.4,227.6,229.7,67316309.48031428
2024-05-06T17:00:00,229.7,236.5,225.5,228.0,350469767.38313276
2024-05-06T21:00:00,227.9,228.6,218.6,222.3,270126941.3515318
2024-05-07T01:00:00,222.1,222.8,216.8,221.3,65063836.50718138
2024-05-07T05:00:00,221.4,223.4,219.7,219.7,48102677.32609521
2024-05-07T09:00:00,219.9,223.1,216.1,217.8,125605208.59789008
2024-05-07T13:00:00,217.8,220.1,217.3,218.8,47739466.59428363
2024-05-07T17:00:00,218.8,223.6,218.7,219.8,74829328.19930749
2024-05-07T21:00:00,219.8,222.3,217.6,219.4,47905633.78090752
2024-05-08T01:00:00,219.5,220.1,215.0,216.3,32934269.12380806
2024-05-08T05:00:00,216.3,217.5,210.5,210.8,89924155.55703945
2024-05-08T09:00:00,210.8,213.8,209.4,212.8,64485925.95401073
2024-05-08T13:00:00,212.9,213.4,206.7,207.1,83553771.69463426
2024-05-08T17:00:00,207.1,209.2,205.5,206.2,71885685.25537348
2024-05-08T21:00:00,206.2,212.0,205.0,208.9,117643712.06746076
2024-05-09T01:00:00,208.7,211.5,205.7,206.0,25496403.94621415
2024-05-09T05:00:00,206.0,206.8,199.0,201.0,116633678.45841318
2024-05-09T09:00:00,201.0,207.2,200.8,206.7,86753530.37935868
2024-05-09T13:00:00,206.8,208.5,203.4,204.2,55516301.17894107
2024-05-09T17:00:00,204.2,205.4,201.0,204.3,69346870.31114173
2024-05-09T21:00:00,204.4,209.8,203.7,207.9,88841873.53515944
2024-05-10T01:00:00,208.0,209.9,205.9,209.1,33544654.20195361
2024-05-10T05:00:00,209.1,215.0,208.9,212.5,77413864.44722307
2024-05-10T09:00:00,212.6,212.8,208.3,210.6,74350792.06265579
2024-05-10T13:00:00,210.6,214.4,209.2,212.4,53861071.74953087
2024-05-10T17:00:00,212.3,212.7,209.5,211.3,41977164.47010051
2024-05-10T21:00:00,211.3,211.8,202.2,204.0,138347547.2165023
2024-05-11T01:00:00,204.1,205.0,201.8,202.6,54449912.43685502
2024-05-11T05:00:00,202.6,204.3,201.2,203.4,44591367.67932063
2024-05-11T09:00:00,203.4,205.9,202.2,202.5,49450734.84616908
2024-05-11T13:00:00,202.6,203.9,202.3,203.0,17119885.99965223
2024-05-11T17:00:00,203.2,203.8,200.8,201.7,40795326.4887029
2024-05-11T21:00:00,201.6,205.3,201.6,203.5,39627565.70520613
2024-05-12T01:00:00,203.5,204.4,202.5,203.8,10413476.92234656
2024-05-12T05:00:00,203.9,204.0,201.5,201.9,13783734.24577416
2024-05-12T09:00:00,202.0,203.5,201.6,202.5,22926682.88770177
2024-05-12T13:00:00,202.5,203.2,197.6,198.4,55054585.1865155
2024-05-12T17:00:00,198.1,203.4,197.6,202.0,59961972.19158325
2024-05-12T21:00:00,202.0,202.5,200.1,201.3,23806130.02867202
2024-05-13T01:00:00,201.5,203.0,198.6,199.2,20322395.46046586
2024-05-13T05:00:00,199.2,200.0,198.3,199.1,26321203.02009433
2024-05-13T09:00:00,199.1,200.8,191.3,193.3,109782485.68688452
2024-05-13T13:00:00,193.3,200.9,191.5,199.9,70334818.69300261
2024-05-13T17:00:00,200.0,204.0,198.0,200.3,154714760.6351711
2024-05-13T21:00:00,200.3,214.8,199.4,212.7,296046747.8842839
2024-05-14T01:00:00,212.7,219.2,207.0,210.4,143331141.65842122
2024-05-14T05:00:00,210.4,210.7,206.1,207.7,47120082.93539726
2024-05-14T09:00:00,207.7,210.3,205.5,209.5,109358815.90192601
2024-05-14T13:00:00,209.5,213.6,204.8,212.9,149773655.50489745
2024-05-14T17:00:00,212.9,213.2,207.2,212.9,96957131.31961077
2024-05-14T21:00:00,212.9,217.4,205.3,207.5,338019868.15295553
2024-05-15T01:00:00,207.5,208.2,203.3,204.8,64025654.95503376
2024-05-15T05:00:00,204.8,206.9,203.1,204.3,43544780.11127078
2024-05-15T09:00:00,204.3,206.8,204.3,205.8,54292448.39866517
2024-05-15T13:00:00,205.6,209.4,204.0,209.3,60464119.07763721
2024-05-15T17:00:00,209.3,212.5,207.1,209.4,115307639.17457874
2024-05-15T21:00:00,209.4,216.2,207.6,212.5,280901208.95838356
2024-05-16T01:00:00,212.3,214.5,209.0,213.8,74384915.18280338
2024-05-16T05:00:00,213.8,217.9,213.2,216.2,106650210.46921311
2024-05-16T09:00:00,216.3,220.4,213.3,218.0,178092420.2328333
2024-05-16T13:00:00,218.0,218.2,214.7,216.2,85120715.36755611
2024-05-16T17:00:00,216.1,216.5,213.9,215.7,72764871.3516663
2024-05-16T21:00:00,215.7,216.0,208.4,211.0,112430499.22751975
2024-05-17T01:00:00,211.0,211.6,208.6,208.9,24760005.35698186
2024-05-17T05:00:00,208.9,209.9,207.3,208.7,41128523.86739972
2024-05-17T09:00:00,208.6,210.2,208.1,209.5,50706306.00191675
2024-05-17T13:00:00,209.5,212.8,207.8,212.7,72820476.94143894
2024-05-17T17:00:00,212.7,213.1,210.9,210.9,51621296.98998315
2024-05-17T21:00:00,210.9,215.5,209.9,215.0,78297457.88593833
2024-05-18T01:00:00,214.8,216.3,211.8,213.3,30847739.30351772
2024-05-18T05:00:00,213.3,215.9,213.3,215.1,35428127.60547974
2024-05-18T09:00:00,215.1,217.4,213.4,216.6,62863754.56285505
2024-05-18T13:00:00,216.5,217.0,213.7,214.4,46182504.7677975
2024-05-18T17:00:00,214.4,217.0,214.4,216.4,34786382.93626968
2024-05-18T21:00:00,216.4,216.7,210.9,212.5,77405609.92527756
2024-05-19T01:00:00,212.4,213.2,211.6,212.9,12969503.58775623
2024-05-19T05:00:00,212.8,214.1,212.3,212.8,20059339.12171087
2024-05-19T09:00:00,212.9,216.4,212.0,215.9,60238104.11657317
2024-05-19T13:00:00,215.9,216.3,213.2,214.1,40474991.11565255
2024-05-19T17:00:00,213.8,214.4,210.5,211.7,68923354.15208444
2024-05-19T21:00:00,211.7,211.7,206.5,209.2,103058403.9707957
2024-05-20T01:00:00,209.1,209.4,207.2,207.4,13966137.9272723
2024-05-20T05:00:00,207.4,208.5,206.0,207.2,31317181.78747121
2024-05-20T09:00:00,207.2,210.3,205.8,208.8,65094083.13491068
2024-05-20T13:00:00,208.9,211.9,207.0,209.3,58635506.0065316
2024-05-20T17:00:00,209.2,211.1,208.9,209.1,34265903.18494964
2024-05-20T21:00:00,209.0,211.8,208.5,210.8,34981183.12412582
2024-05-21T01:00:00,210.8,216.2,209.7,216.0,54797419.0533836
2024-05-21T05:00:00,216.0,226.0,213.3,225.4,237387752.4513935
2024-05-21T09:00:00,225.3,228.2,218.7,224.0,192782709.48945424
2024-05-21T13:00:00,224.0,224.9,220.4,224.2,55881277.33998439
2024-05-21T17:00:00,224.2,227.5,223.2,226.4,71407834.35229199
2024-05-21T21:00:00,226.4,237.8,225.0,229.2,336239965.09800947
2024-05-22T01:00:00,229.2,233.9,225.4,226.6,75801791.68049711
2024-05-22T05:00:00,226.8,236.3,226.6,234.8,108396262.91239291
2024-05-22T09:00:00,234.8,239.6,233.6,234.3,157339897.7826861
2024-05-22T13:00:00,234.3,234.8,227.4,230.3,158967512.4629262
2024-05-22T17:00:00,230.0,232.8,227.8,227.8,71099824.67306863
2024-05-22T21:00:00,227.8,234.6,222.3,233.3,159147989.8605227
2024-05-23T01:00:00,233.1,233.5,226.0,227.5,47068195.25899922
2024-05-23T05:00:00,227.7,231.8,227.1,229.1,40218950.69861356
2024-05-23T09:00:00,229.1,230.9,226.4,229.8,60274326.51167312
2024-05-23T13:00:00,229.8,231.0,228.0,230.0,57780529.59573646
2024-05-23T17:00:00,230.0,233.5,228.5,233.5,90518519.3427852
2024-05-23T21:00:00,233.4,233.6,217.2,221.7,286429912.8600779
2024-05-24T01:00:00,221.7,223.8,218.0,219.4,42545127.15075428
2024-05-24T05:00:00,219.6,226.7,213.7,223.3,163604853.90185335
2024-05-24T09:00:00,223.3,223.6,220.2,222.7,69034180.81811713
2024-05-24T13:00:00,222.7,238.0,217.7,221.9,460245595.7977339
2024-05-24T17:00:00,221.9,228.7,219.3,228.0,106323683.86781514
2024-05-24T21:00:00,228.0,240.9,226.0,232.3,337828792.1047455
2024-05-25T01:00:00,232.2,233.6,227.7,229.8,85403273.10731465
2024-05-25T05:00:00,229.7,230.9,226.4,227.8,56149653.93875264
2024-05-25T09:00:00,227.7,228.5,226.4,228.3,75307768.25933409
2024-05-25T13:00:00,228.2,230.8,227.8,230.5,62409036.06440869
2024-05-25T17:00:00,230.5,235.8,229.8,232.3,138714283.71346807
2024-05-25T21:00:00,232.3,234.5,229.5,231.9,110821294.23895682
2024-05-26T01:00:00,232.0,237.6,231.8,235.9,80604925.6885433
2024-05-26T05:00:00,235.9,241.7,234.4,241.5,102287185.35279079
2024-05-26T09:00:00,241.5,243.1,236.2,241.5,228770679.25125432
2024-05-26T13:00:00,241.3,241.5,237.9,240.0,85611092.65238409
2024-05-26T17:00:00,240.0,240.5,235.8,237.6,90527322.35655826
2024-05-26T21:00:00,237.6,237.6,232.2,233.6,89666442.1116867
2024-05-27T01:00:00,233.8,235.6,232.8,235.4,22622968.49531255
2024-05-27T05:00:00,235.1,235.6,231.5,231.7,55826332.5434072
2024-05-27T09:00:00,231.9,234.6,231.4,232.0,70103670.91761512
2024-05-27T13:00:00,232.0,232.5,229.2,231.0,64918504.87821399
2024-05-27T17:00:00,231.0,233.7,230.0,233.1,97540478.1853309
2024-05-27T21:00:00,233.1,240.2,232.6,237.9,171865175.75032678
2024-05-28T01:00:00,237.8,238.4,231.1,231.8,46979067.74484365
2024-05-28T05:00:00,231.9,234.5,231.2,233.9,35852854.80532169
2024-05-28T09:00:00,233.9,234.7,228.0,229.0,113625157.332336
2024-05-28T13:00:00,229.0,229.8,226.3,227.8,64805756.84948267
2024-05-28T17:00:00,227.8,232.5,227.3,230.1,74020622.72809915
2024-05-28T21:00:00,230.2,230.7,225.9,227.5,136193217.5396206
2024-05-29T01:00:00,227.5,229.1,225.5,228.7,31454250.22536953
2024-05-29T05:00:00,228.7,231.0,228.0,228.4,58809624.73608739
2024-05-29T09:00:00,228.4,235.7,228.3,234.7,145834405.68394038
2024-05-29T13:00:00,234.8,235.3,230.2,230.7,113869775.8325514
2024-05-29T17:00:00,231.0,231.3,227.4,227.9,123218021.22673
2024-05-29T21:00:00,227.9,231.3,226.8,227.6,95798364.89218368
2024-05-30T01:00:00,227.6,231.2,225.6,229.4,36395979.51250854
2024-05-30T05:00:00,229.7,230.2,226.5,227.7,41923233.31311099
2024-05-30T09:00:00,227.7,229.2,225.8,229.1,61461406.39145056
2024-05-30T13:00:00,228.9,229.5,219.9,221.0,111296947.3129694
2024-05-30T17:00:00,221.0,223.1,218.8,221.1,70602603.62639607
2024-05-30T21:00:00,221.1,228.6,220.9,227.6,78942779.53498748
2024-05-31T01:00:00,227.5,228.0,223.0,223.8,26103787.91060135
2024-05-31T05:00:00,223.6,223.7,220.5,221.9,27313910.44423581
2024-05-31T09:00:00,221.9,223.4,220.7,222.8,39141017.41164201
2024-05-31T13:00:00,222.8,223.1,220.0,222.6,31851168.66884704
2024-05-31T17:00:00,222.6,224.6,220.6,223.8,37728023.59713492
2024-05-31T21:00:00,223.6,226.1,219.5,219.6,64626897.67455929
2024-06-01T01:00:00,219.6,222.9,217.1,222.4,29570322.23185517
2024-06-01T05:00:00,222.2,224.3,221.8,222.3,21992863.20594567
2024-06-01T09:00:00,222.3,223.2,221.5,223.1,21629659.72073829
2024-06-01T13:00:00,222.8,223.3,222.2,222.5,10744602.02669629
2024-06-01T17:00:00,222.6,223.3,222.5,223.2,6950645.32766293
2024-06-01T21:00:00,223.0,225.9,222.8,223.7,20983657.56719356
2024-06-02T01:00:00,223.7,225.0,223.1,224.8,6356826.79578719
2024-06-02T05:00:00,224.8,225.5,223.8,224.1,10450902.43383359
2024-06-02T09:00:00,224.2,225.5,223.2,223.9,18102685.44961004
2024-06-02T13:00:00,223.9,224.1,222.5,222.6,13062079.29177614
2024-06-02T17:00:00,222.6,223.4,220.3,222.9,29866821.07901459
2024-06-02T21:00:00,222.9,223.2,221.7,222.0,15912135.09847825
2024-06-03T01:00:00,222.3,222.3,218.0,219.4,25902667.01438336
2024-06-03T05:00:00,219.4,221.1,218.2,220.4,13498674.2485368
2024-06-03T09:00:00,220.4,224.3,218.5,222.7,50026012.50221272
2024-06-03T13:00:00,222.6,224.9,221.7,224.5,32844447.40418151
2024-06-03T17:00:00,224.5,226.3,224.0,224.8,37533473.42096173
2024-06-03T21:00:00,224.8,226.7,221.7,224.2,45474298.84561551
2024-06-04T01:00:00,224.2,224.5,222.1,223.0,7296233.03466886
2024-06-04T05:00:00,223.3,223.6,220.2,221.0,23861056.81622237
2024-06-04T09:00:00,220.7,222.0,219.8,221.6,26530897.02630434
2024-06-04T13:00:00,221.6,221.8,219.0,220.1,28793361.35487283
2024-06-04T17:00:00,220.3,220.8,219.0,220.3,18495941.85706382
2024-06-04T21:00:00,220.3,221.8,220.1,221.7,26284322.58740792
2024-06-05T01:00:00,221.8,223.2,221.0,222.4,18203183.37475028
2024-06-05T05:00:00,222.3,223.4,221.6,223.4,13809248.34868558
2024-06-05T09:00:00,223.4,226.0,222.5,224.9,38701361.22007918
2024-06-05T13:00:00,225.0,227.7,224.1,226.7,34810261.52435363
2024-06-05T17:00:00,226.6,227.0,224.6,225.3,27622692.83031
2024-06-05T21:00:00,225.2,226.6,224.0,226.1,27434084.64257049
2024-06-06T01:00:00,226.1,226.4,224.4,225.9,12618062.89201237
2024-06-06T05:00:00,226.2,226.9,225.3,225.7,13568768.70612251
2024-06-06T09:00:00,225.7,226.1,224.5,224.5,24826391.27640658
2024-06-06T13:00:00,224.5,225.3,223.9,224.7,19520862.32062849
2024-06-06T17:00:00,224.6,226.3,224.0,226.1,19281250.39413408
2024-06-06T21:00:00,226.0,229.6,225.5,226.5,55276156.15526023
2024-06-07T01:00:00,226.3,226.5,221.9,222.7,23840662.16469864
2024-06-07T05:00:00,222.7,224.0,221.2,222.6,17133362.203347
2024-06-07T09:00:00,222.6,223.6,221.9,223.1,20342932.71969215
2024-06-07T13:00:00,223.1,224.7,222.9,223.3,18750805.71691214
2024-06-07T17:00:00,223.4,223.9,222.0,223.7,30345748.04759135
2024-06-07T21:00:00,223.7,224.5,221.0,222.7,57329693.02040603
2024-06-08T01:00:00,222.7,223.2,203.4,209.7,155696135.53541595
2024-06-08T05:00:00,209.6,211.7,208.1,209.9,63285752.50420259
2024-06-08T09:00:00,209.9,210.0,208.3,209.8,47552805.36185841
2024-06-08T13:00:00,209.8,209.9,208.2,209.2,28699116.36077599
2024-06-08T17:00:00,209.1,209.2,205.1,205.6,42579584.7694276
2024-06-08T21:00:00,205.6,207.6,203.5,206.7,53449550.7274987
2024-06-09T01:00:00,206.8,207.5,204.3,206.2,9734248.90802634
2024-06-09T05:00:00,206.6,207.2,205.8,206.9,8923708.06837843
2024-06-09T09:00:00,206.9,208.8,205.2,206.1,26655161.67186497
2024-06-09T13:00:00,206.1,207.3,205.3,205.8,12608296.82454253
2024-06-09T17:00:00,205.7,206.4,205.2,205.9,11483051.72269643
2024-06-09T21:00:00,206.0,207.7,205.6,207.2,16996931.04331418
2024-06-10T01:00:00,207.0,209.7,207.0,208.1,10028853.45553792
2024-06-10T05:00:00,208.3,208.3,206.5,206.5,10338747.5200553
2024-06-10T09:00:00,206.5,206.8,204.8,205.2,25097642.48267189
2024-06-10T13:00:00,205.2,205.2,200.6,200.8,49150444.89841218
2024-06-10T17:00:00,200.8,203.7,200.6,202.8,20820826.5818926
2024-06-10T21:00:00,202.8,206.5,201.4,205.3,25598352.72943665
2024-06-11T01:00:00,205.3,205.7,202.3,202.4,8433857.99479337
2024-06-11T05:00:00,202.6,203.0,201.0,202.9,13752397.27622388
2024-06-11T09:00:00,202.8,203.2,197.8,199.3,68768250.81237361
2024-06-11T13:00:00,199.3,199.6,196.5,198.3,49347001.58186199
2024-06-11T17:00:00,198.2,199.9,197.5,198.9,26076855.3665679
2024-06-11T21:00:00,198.9,199.5,192.9,193.8,66898982.74426545
2024-06-12T01:00:00,193.9,196.3,190.2,195.0,34439229.92911166
2024-06-12T05:00:00,195.1,197.3,194.6,195.9,13872282.67003356
2024-06-12T09:00:00,195.8,195.9,190.2,195.3,47170423.80217819
2024-06-12T13:00:00,195.5,198.0,195.4,197.0,35541829.48589989
2024-06-12T17:00:00,197.0,199.2,196.7,197.0,34751839.59374338
2024-06-12T21:00:00,197.0,210.2,196.7,209.5,148220077.42054528
2024-06-13T01:00:00,209.5,211.0,201.8,203.2,66818098.57245994
2024-06-13T05:00:00,203.1,206.2,201.7,205.5,25305010.77779317
2024-06-13T09:00:00,205.5,206.0,200.1,201.7,52031239.93164367
2024-06-13T13:00:00,201.7,203.1,201.0,203.0,29548895.86426339
2024-06-13T17:00:00,203.0,203.9,201.8,202.3,21453161.36324841
2024-06-13T21:00:00,202.2,205.0,198.9,200.0,52210214.11036323
2024-06-14T01:00:00,200.0,202.3,198.8,201.1,13358300.60943703
2024-06-14T05:00:00,201.2,201.7,199.1,199.9,19327142.96821302
2024-06-14T09:00:00,199.9,202.6,198.7,200.6,33071708.68059161
2024-06-14T13:00:00,200.7,202.4,200.1,201.8,16253993.88738219
2024-06-14T17:00:00,201.8,203.0,201.1,201.5,14886632.81900246
2024-06-14T21:00:00,201.5,202.2,197.0,197.8,32598296.51373764
2024-06-15T01:00:00,197.9,198.1,189.0,190.5,72600461.2963649
2024-06-15T05:00:00,190.5,194.1,190.0,192.5,26957433.4421842
2024-06-15T09:00:00,192.5,193.7,190.7,192.4,25664921.96320402
2024-06-15T13:00:00,192.6,194.4,192.0,193.0,18687661.62039195
2024-06-15T17:00:00,193.0,194.7,192.7,193.8,10738179.09626605
2024-06-15T21:00:00,193.8,194.5,192.8,193.7,11851693.52074712
2024-06-16T01:00:00,193.9,194.0,192.5,193.5,7646512.55105252
2024-06-16T05:00:00,193.6,194.1,192.8,193.8,6556720.82005152
2024-06-16T09:00:00,194.0,194.0,191.6,191.7,14665231.01431801
2024-06-16T13:00:00,191.8,193.5,190.9,192.9,10428037.61908237
2024-06-16T17:00:00,192.9,193.4,191.8,192.5,13372691.01914329
2024-06-16T21:00:00,192.5,194.0,192.1,193.9,14365283.31210372
2024-06-17T01:00:00,193.8,193.9,192.6,192.9,8150395.32188072
2024-06-17T05:00:00,193.0,194.7,192.0,193.4,12660024.43926768
2024-06-17T09:00:00,193.7,194.9,189.1,189.6,48752219.69812051
2024-06-17T13:00:00,189.5,190.6,187.0,188.2,44889290.30467449
2024-06-17T17:00:00,188.2,189.3,185.7,188.8,55411928.02386419
2024-06-17T21:00:00,188.9,189.4,180.8,182.0,65628182.74112665
2024-06-18T01:00:00,182.0,187.9,178.3,186.1,56614586.34665085
2024-06-18T05:00:00,186.1,186.2,181.1,181.6,38328851.1784966
2024-06-18T09:00:00,181.5,182.3,164.1,171.8,192948269.4508342
2024-06-18T13:00:00,171.9,173.8,170.4,173.2,33159319.2610602
2024-06-18T17:00:00,173.1,173.6,168.1,170.2,43026159.58072136
2024-06-18T21:00:00,170.1,171.4,166.4,168.7,98414310.51483569
2024-06-19T01:00:00,168.7,170.4,167.1,170.1,19333322.40523892
2024-06-19T05:00:00,170.3,172.7,169.4,172.0,21532220.92680015
2024-06-19T09:00:00,172.0,179.0,170.7,177.6,76204964.3092397
2024-06-19T13:00:00,177.7,178.5,176.5,176.6,36255300.69040421
2024-06-19T17:00:00,176.6,177.3,173.8,174.7,33460093.55416286
2024-06-19T21:00:00,174.7,175.8,171.6,172.2,28066558.29121539
2024-06-20T01:00:00,172.2,175.0,172.0,173.0,11737415.34364036
2024-06-20T05:00:00,173.0,174.5,171.9,172.9,19094475.43775058
2024-06-20T09:00:00,172.9,175.2,171.7,173.1,41024613.8107493
2024-06-20T13:00:00,173.3,177.7,172.5,177.4,48974109.26701912
2024-06-20T17:00:00,177.4,181.3,176.6,178.3,54261915.73498844
2024-06-20T21:00:00,178.4,179.0,172.7,173.5,65702572.08314258
2024-06-21T01:00:00,173.5,176.6,172.2,175.9,19073039.28298227
2024-06-21T05:00:00,176.1,176.5,175.6,176.2,11999933.00258874
2024-06-21T09:00:00,176.1,178.1,174.4,175.1,31876562.880433
2024-06-21T13:00:00,175.2,176.2,174.0,174.3,16464927.10613814
2024-06-21T17:00:00,174.3,176.5,172.2,175.4,38878187.1617236
2024-06-21T21:00:00,175.4,175.8,171.6,173.4,41843545.18166245
2024-06-22T01:00:00,173.3,175.8,172.6,175.0,9458841.50672258
2024-06-22T05:00:00,175.3,176.5,174.0,175.0,9408403.48237295
2024-06-22T09:00:00,175.0,176.1,173.4,175.4,14811452.00860562
2024-06-22T13:00:00,175.4,176.3,175.0,175.2,21242192.14108351
2024-06-22T17:00:00,175.2,176.8,174.5,176.2,29964196.42421505
2024-06-22T21:00:00,176.3,177.5,175.5,177.0,15931568.22935381
2024-06-23T01:00:00,177.0,177.2,175.5,175.9,7174649.7452731
2024-06-23T05:00:00,175.9,176.0,175.0,175.2,7877499.21347685
2024-06-23T09:00:00,175.2,176.4,175.0,176.2,10476716.59861595
2024-06-23T13:00:00,176.2,177.1,175.5,176.5,12567631.3989033
2024-06-23T17:00:00,176.6,177.3,175.4,176.0,17272481.86459591
2024-06-23T21:00:00,176.1,176.4,173.1,173.3,14817279.96629123
2024-06-24T01:00:00,173.2,174.4,172.4,174.4,6261135.34617644
2024-06-24T05:00:00,174.4,178.7,171.9,172.4,50247629.225853
2024-06-24T09:00:00,172.4,175.1,169.5,171.4,66435908.09383523
2024-06-24T13:00:00,171.4,171.7,166.5,167.1,63595664.67212675
2024-06-24T17:00:00,167.1,168.6,162.0,165.7,83177124.75405905
2024-06-24T21:00:00,165.7,168.8,164.4,165.0,34998394.97001338
2024-06-25T01:00:00,165.0,166.3,163.1,163.9,30666300.15536505
2024-06-25T05:00:00,163.9,169.2,162.0,168.6,48655885.04447656
2024-06-25T09:00:00,168.7,176.3,167.8,174.5,66158688.95589484
2024-06-25T13:00:00,174.4,175.1,171.5,171.7,46981669.97359676
2024-06-25T17:00:00,171.8,174.9,171.1,174.1,33125615.61645057
2024-06-25T21:00:00,174.1,180.2,173.5,179.3,51302914.04449708
2024-06-26T01:00:00,179.4,181.4,177.3,180.3,19948288.94111962
2024-06-26T05:00:00,180.2,180.3,177.3,178.4,20697846.30423582
2024-06-26T09:00:00,178.5,181.7,177.7,179.5,36878009.02735139
2024-06-26T13:00:00,179.5,179.8,176.4,177.6,25678833.83002472
2024-06-26T17:00:00,177.6,177.8,175.1,175.4,19639253.8984128
2024-06-26T21:00:00,175.4,177.2,174.1,174.8,27239071.88871059
2024-06-27T01:00:00,175.1,175.5,172.5,175.4,12405185.80169244
2024-06-27T05:00:00,175.4,175.8,173.1,173.5,11463782.56391787
2024-06-27T09:00:00,173.6,174.1,172.4,172.8,21471204.8552059
2024-06-27T13:00:00,172.8,173.1,170.0,171.1,26773900.38955606
2024-06-27T17:00:00,171.1,174.5,170.7,172.5,20077032.48962304
2024-06-27T21:00:00,172.5,177.2,172.0,174.2,61907934.44340521
2024-06-28T01:00:00,174.3,177.0,173.6,175.6,10800330.40398677
2024-06-28T05:00:00,175.5,180.7,175.3,178.9,30450489.29880633
2024-06-28T09:00:00,178.9,180.8,176.9,177.9,32730791.10865012
2024-06-28T13:00:00,177.9,178.0,175.1,175.9,20630656.5472589
2024-06-28T17:00:00,175.9,179.2,175.4,178.7,19397491.51434967
2024-06-28T21:00:00,178.7,179.6,175.0,176.8,31370898.87555113
2024-06-29T01:00:00,176.7,177.9,173.2,173.8,15101537.55586242
2024-06-29T05:00:00,173.8,174.8,172.4,173.6,14816188.19050832
2024-06-29T09:00:00,173.6,175.2,173.5,174.5,13554165.74348051
2024-06-29T13:00:00,174.5,174.8,173.1,174.2,11284618.31439704
2024-06-29T17:00:00,174.2,174.7,173.6,174.5,6988657.58861431
2024-06-29T21:00:00,174.5,174.7,173.2,173.8,7827031.46209839
2024-06-30T01:00:00,173.9,173.9,172.2,172.7,5938855.72568006
2024-06-30T05:00:00,172.7,173.1,171.0,171.6,10382875.29418476
2024-06-30T09:00:00,171.7,172.4,169.8,170.3,18015087.25984309
2024-06-30T13:00:00,170.4,172.9,169.4,172.3,20208424.84706028
2024-06-30T17:00:00,172.4,173.5,171.4,172.0,11681951.37013491
2024-06-30T21:00:00,172.0,172.8,171.4,172.4,9216486.56408155
2024-07-01T01:00:00,172.4,172.9,171.8,172.1,1096053.07849079
2024-07-01T05:00:00,171.8,175.9,171.7,174.5,19167170.64575686
2024-07-01T09:00:00,174.5,178.9,173.7,177.5,43291052.15059149
2024-07-01T13:00:00,177.5,177.8,176.7,177.2,17063647.68323835
2024-07-01T17:00:00,177.2,177.2,174.1,174.3,17632558.41940655
2024-07-01T21:00:00,174.5,175.6,173.2,175.1,19000900.51520567
2024-07-02T01:00:00,175.2,176.9,174.8,175.7,7877117.90478314
2024-07-02T05:00:00,175.6,176.5,173.1,173.5,18917380.3306977
2024-07-02T09:00:00,173.6,174.4,172.7,174.2,16329658.07895271
2024-07-02T13:00:00,174.2,174.6,172.5,172.6,14354854.23233216
2024-07-02T17:00:00,172.8,174.1,172.5,173.9,9350311.65792053
2024-07-02T21:00:00,174.1,175.1,172.3,172.8,24196284.38929174
2024-07-03T01:00:00,172.8,176.0,172.1,174.2,11219627.45539041
2024-07-03T05:00:00,174.5,176.1,174.2,175.8,15408650.61729918
2024-07-03T09:00:00,175.9,176.5,170.7,172.7,35460097.30669303
2024-07-03T13:00:00,172.7,172.7,170.9,171.6,19322880.93119271
2024-07-03T17:00:00,171.5,172.3,167.5,168.5,52765463.4743225
2024-07-03T21:00:00,168.5,169.6,166.6,167.2,43020832.02808607
2024-07-04T01:00:00,167.2,168.8,166.1,166.8,9390844.25656003
2024-07-04T05:00:00,167.0,168.4,166.1,168.0,22241387.83922946
2024-07-04T09:00:00,168.0,168.9,160.4,163.7,83314081.68403594
2024-07-04T13:00:00,163.6,163.8,158.4,159.0,49981184.97284085
2024-07-04T17:00:00,159.0,159.6,156.6,157.8,69545205.00864895
2024-07-04T21:00:00,157.8,157.9,150.9,156.3,127713831.05497012
2024-07-05T01:00:00,156.5,156.5,153.6,154.1,19478715.59502034
2024-07-05T05:00:00,154.1,157.2,149.5,150.5,58632850.26993016
2024-07-05T09:00:00,150.5,151.0,134.5,134.8,279578367.54057974
2024-07-05T13:00:00,134.8,141.0,133.5,138.4,156308664.11261448
2024-07-05T17:00:00,138.4,144.3,135.0,143.9,115953843.87483247
2024-07-05T21:00:00,143.9,148.8,141.3,148.0,82292347.1734516
2024-07-06T01:00:00,147.9,150.2,146.6,148.4,34185861.96822393
2024-07-06T05:00:00,148.4,152.3,147.7,150.9,39485577.28854482
2024-07-06T09:00:00,150.9,156.6,149.0,151.7,86437665.27717356
2024-07-06T13:00:00,151.6,155.8,150.4,154.2,41598811.06660886
2024-07-06T17:00:00,154.1,156.8,153.1,155.9,36278269.5051065
2024-07-06T21:00:00,155.7,156.9,153.1,155.9,48008182.88840244
2024-07-07T01:00:00,155.9,161.7,155.0,160.3,64328186.43440966
2024-07-07T05:00:00,160.2,162.4,160.2,161.1,31385747.84662943
2024-07-07T09:00:00,161.1,161.5,156.5,158.9,60138017.07205398
2024-07-07T13:00:00,158.9,158.9,154.6,156.0,34417344.22416975
2024-07-07T17:00:00,156.0,157.8,155.4,156.7,24494182.29381572
2024-07-07T21:00:00,156.7,157.3,149.6,152.0,70971183.4181098
2024-07-08T01:00:00,152.0,155.0,151.8,153.1,13310337.51624672
2024-07-08T05:00:00,153.1,153.8,147.4,148.1,40402137.7596857
2024-07-08T09:00:00,148.2,149.0,141.6,146.4,140325809.48276377
2024-07-08T13:00:00,146.3,150.0,145.6,148.8,56214293.62204819
2024-07-08T17:00:00,148.8,158.1,148.4,155.0,109926573.45053373
2024-07-08T21:00:00,155.0,156.0,148.3,150.2,85407129.20502704
2024-07-09T01:00:00,150.1,153.2,149.4,153.2,13268148.81920033
2024-07-09T05:00:00,153.2,154.3,151.5,152.8,15202221.12292454
2024-07-09T09:00:00,152.8,154.4,150.7,153.1,46792152.35258252
2024-07-09T13:00:00,153.3,154.5,152.3,152.9,31213647.60842496
2024-07-09T17:00:00,152.8,154.8,152.2,153.8,33214598.12588705
2024-07-09T21:00:00,153.7,154.6,151.0,152.6,39367062.1508181
2024-07-10T01:00:00,152.5,153.4,151.2,152.1,11842290.29016755
2024-07-10T05:00:00,152.2,152.8,151.4,152.2,25320448.41724554
2024-07-10T09:00:00,152.2,152.5,150.1,152.4,32537009.65007911
2024-07-10T13:00:00,152.5,156.0,152.3,154.7,60330029.83337513
2024-07-10T17:00:00,154.8,154.9,153.1,154.5,27082874.57486056
2024-07-10T21:00:00,154.5,155.6,152.6,154.8,34478608.91202095
2024-07-11T01:00:00,154.8,156.3,152.8,153.0,15131678.74587435
2024-07-11T05:00:00,153.0,153.3,151.5,153.2,24182928.83339163
2024-07-11T09:00:00,153.2,154.3,151.1,152.2,42163686.64768638
2024-07-11T13:00:00,152.3,153.9,151.8,153.7,18287837.98062487
2024-07-11T17:00:00,153.7,155.4,153.1,154.9,22932705.36506327
2024-07-11T21:00:00,154.9,158.3,151.3,151.9,78394401.3644241
2024-07-12T01:00:00,151.8,153.3,150.7,151.5,16271733.04441236
2024-07-12T05:00:00,151.5,152.3,150.2,150.9,27386815.88940855
2024-07-12T09:00:00,150.9,152.2,148.6,150.2,44244732.34590248
2024-07-12T13:00:00,150.2,151.0,149.3,150.1,19976602.01818295
2024-07-12T17:00:00,150.2,150.7,148.7,149.9,24564441.75142548
2024-07-12T21:00:00,149.8,151.7,149.4,151.3,28580605.42533798
2024-07-13T01:00:00,151.3,152.3,150.8,151.3,15125909.96685449
2024-07-13T05:00:00,151.3,152.0,150.0,151.7,11979774.59459493
2024-07-13T09:00:00,151.7,152.4,151.0,151.9,18480272.22541554
2024-07-13T13:00:00,151.8,154.0,151.3,153.8,31820729.13943544
2024-07-13T17:00:00,153.9,154.9,153.0,154.2,29277087.44784135
2024-07-13T21:00:00,154.1,155.9,153.5,155.5,31776784.92219032
2024-07-14T01:00:00,155.5,157.6,154.1,157.5,23842275.00090426
2024-07-14T05:00:00,157.5,158.0,155.8,157.4,34063415.81348749
2024-07-14T09:00:00,157.3,160.5,156.9,158.1,67133419.02958621
2024-07-14T13:00:00,158.0,160.2,157.8,159.8,36819475.90258903
2024-07-14T17:00:00,159.8,160.6,158.2,158.7,41038714.6418243
2024-07-14T21:00:00,158.7,158.7,156.2,158.3,38691129.65284531
2024-07-15T01:00:00,158.4,158.5,157.6,158.0,5720632.6419099
2024-07-15T05:00:00,158.1,164.1,158.0,161.9,56789449.85855599
2024-07-15T09:00:00,162.0,167.3,160.9,165.9,103156698.58728506
2024-07-15T13:00:00,166.0,167.2,164.7,166.9,55504682.16463691
2024-07-15T17:00:00,166.9,167.9,163.4,164.4,55936348.96654917
2024-07-15T21:00:00,164.4,167.8,164.2,166.7,54929832.29400156
2024-07-16T01:00:00,166.7,171.0,166.1,170.4,42102646.51537579
2024-07-16T05:00:00,170.4,176.1,170.2,175.5,91502699.87780733
2024-07-16T09:00:00,175.5,179.8,173.6,176.8,162176834.14682278
2024-07-16T13:00:00,176.8,177.4,168.4,168.9,121454894.387025
2024-07-16T17:00:00,168.9,172.0,166.5,171.9,74678369.84905288
2024-07-16T21:00:00,171.9,175.9,169.9,175.6,67122661.59177412
2024-07-17T01:00:00,175.5,177.3,173.7,175.7,40798200.16470745
2024-07-17T05:00:00,175.7,176.2,172.3,174.3,36386719.35068317
2024-07-17T09:00:00,174.3,178.0,173.9,175.5,70194725.12306817
2024-07-17T13:00:00,175.5,176.7,174.6,174.7,54757175.16832967
2024-07-17T17:00:00,174.8,175.5,172.4,173.1,54025992.48264505
2024-07-17T21:00:00,173.1,175.9,171.8,172.2,65221715.77756914
2024-07-18T01:00:00,172.2,172.5,168.8,171.8,32944179.70224079
2024-07-18T05:00:00,171.7,172.9,169.4,170.0,30388045.74957515
2024-07-18T09:00:00,170.0,173.0,170.0,172.1,43320971.53632531
2024-07-18T13:00:00,172.1,172.5,168.7,169.5,46195456.27204046
2024-07-18T17:00:00,169.3,170.7,167.5,170.3,51109824.71608066
2024-07-18T21:00:00,170.3,172.2,165.9,166.1,59716312.2085217
2024-07-19T01:00:00,166.1,168.2,165.0,166.1,21249686.15851222
2024-07-19T05:00:00,166.2,168.8,165.7,168.0,18108174.2917116
2024-07-19T09:00:00,168.1,169.7,164.5,169.3,54233299.63554804
2024-07-19T13:00:00,169.3,170.0,167.0,167.5,30434473.3653012
2024-07-19T17:00:00,167.5,168.1,165.9,168.0,20834355.96828202
2024-07-19T21:00:00,168.0,172.5,167.0,172.2,54811567.14030942
2024-07-20T01:00:00,172.2,175.9,172.1,175.0,38417778.09500681
2024-07-20T05:00:00,175.0,175.7,173.8,174.8,32724608.20782236
2024-07-20T09:00:00,175.0,176.6,173.8,175.8,48441323.58265399
2024-07-20T13:00:00,175.8,181.4,175.3,178.5,80236816.27628133
2024-07-20T17:00:00,178.5,179.2,176.6,176.7,38132107.32208951
2024-07-20T21:00:00,176.9,189.1,176.0,189.1,151376023.64443642
2024-07-21T01:00:00,189.1,190.3,186.0,187.4,115168560.60970002
2024-07-21T05:00:00,187.4,189.7,186.6,188.0,39119731.26790273
2024-07-21T09:00:00,187.9,188.4,185.0,185.6,73393176.41432744
2024-07-21T13:00:00,185.5,185.9,181.8,183.8,58311197.08650965
2024-07-21T17:00:00,183.9,185.6,183.3,184.4,25317101.22414373
2024-07-21T21:00:00,184.4,186.1,183.1,184.6,33414047.34346443
2024-07-22T01:00:00,184.5,188.2,177.3,187.8,66083136.55299488
2024-07-22T05:00:00,187.7,200.2,186.2,195.5,202568352.59488222
2024-07-22T09:00:00,195.5,197.4,192.4,197.4,111644693.2159593
2024-07-22T13:00:00,197.3,198.9,190.5,191.5,100474130.15895851
2024-07-22T17:00:00,191.4,194.2,189.9,194.0,57181016.37280003
2024-07-22T21:00:00,193.8,198.2,190.5,195.6,115212353.49944924
2024-07-23T01:00:00,195.4,198.5,193.1,197.9,43900484.46712765
2024-07-23T05:00:00,198.0,198.3,191.5,192.6,51141332.42770913
2024-07-23T09:00:00,192.6,194.5,191.3,192.2,49127515.58351666
2024-07-23T13:00:00,192.2,192.9,186.1,188.0,77680330.47618736
2024-07-23T17:00:00,188.0,191.0,187.0,188.4,39615719.89541912
2024-07-23T21:00:00,188.4,188.6,182.3,184.9,89709109.32254066
2024-07-24T01:00:00,184.8,185.3,180.2,183.2,39417246.70568765
2024-07-24T05:00:00,183.6,184.7,181.5,182.5,25496695.45529633
2024-07-24T09:00:00,182.5,183.8,180.2,183.5,40730450.58403812
2024-07-24T13:00:00,183.5,185.3,181.4,185.1,25680126.06918729
2024-07-24T17:00:00,185.1,187.1,184.6,185.9,39153572.72413223
2024-07-24T21:00:00,185.9,188.0,183.7,183.8,44316410.11490163
2024-07-25T01:00:00,183.8,185.4,181.0,181.2,22451690.81952132
2024-07-25T05:00:00,181.4,183.0,177.7,179.0,45507192.43197882
2024-07-25T09:00:00,179.0,180.1,171.1,172.3,121293920.87522122
2024-07-25T13:00:00,172.3,174.8,171.6,173.5,37527254.72461887
2024-07-25T17:00:00,173.4,175.5,172.7,174.2,25738893.46862005
2024-07-25T21:00:00,174.2,176.3,171.9,174.2,45152836.62715516
2024-07-26T01:00:00,174.2,175.6,170.1,171.4,22360373.06236162
2024-07-26T05:00:00,171.6,176.9,169.2,176.0,42710536.58436414
2024-07-26T09:00:00,176.0,182.0,175.6,180.2,80764238.75827463
2024-07-26T13:00:00,180.2,181.6,180.0,180.7,26905659.88067691
2024-07-26T17:00:00,180.7,182.4,180.5,181.6,25975305.8823362
2024-07-26T21:00:00,181.6,183.3,180.7,182.0,35981783.38415097
2024-07-27T01:00:00,181.9,188.0,181.8,186.3,26944458.70308479
2024-07-27T05:00:00,186.4,188.0,184.9,187.3,30679332.67061047
2024-07-27T09:00:00,187.3,188.2,185.1,187.4,45770873.24351968
2024-07-27T13:00:00,187.4,188.4,186.4,187.4,21969480.60633558
2024-07-27T17:00:00,187.4,189.7,187.1,188.2,28752874.32394868
2024-07-27T21:00:00,188.2,193.5,186.6,188.1,64122199.71090363
2024-07-28T01:00:00,188.1,193.2,183.8,190.2,88237022.02054632
2024-07-28T05:00:00,190.1,190.1,181.9,182.8,99471058.24498497
2024-07-28T09:00:00,182.8,184.4,180.5,180.6,61517220.9178973
2024-07-28T13:00:00,180.5,182.5,179.1,182.3,37303528.69359506
2024-07-28T17:00:00,182.3,184.2,181.3,183.2,33354700.69386845
2024-07-28T21:00:00,183.2,183.6,180.6,181.0,24612322.04699521
2024-07-29T01:00:00,181.0,182.7,180.8,181.5,5499277.5070912
2024-07-29T05:00:00,181.5,181.8,180.1,181.8,19105201.14397534
2024-07-29T09:00:00,181.7,186.9,181.1,185.5,54499551.4066337
2024-07-29T13:00:00,185.5,187.1,184.6,186.6,34205161.80088021
2024-07-29T17:00:00,186.6,187.5,185.1,185.3,32511792.97323736
2024-07-29T21:00:00,185.3,186.3,180.4,181.8,64216801.04860078
2024-07-30T01:00:00,181.8,182.0,179.6,181.0,28511142.66823088
2024-07-30T05:00:00,180.7,181.6,179.0,179.9,29313609.92445428
2024-07-30T09:00:00,179.9,183.0,178.4,180.9,51848282.67607626
2024-07-30T13:00:00,180.9,182.8,179.9,182.2,20630582.98183454
2024-07-30T17:00:00,182.0,182.2,180.2,180.4,26861012.08226693
2024-07-30T21:00:00,180.3,180.9,177.3,178.4,43078383.59578085
2024-07-31T01:00:00,178.4,179.2,174.7,175.4,32340539.90054333
2024-07-31T05:00:00,175.4,177.1,173.4,176.0,31440939.96304023
2024-07-31T09:00:00,176.1,176.9,174.9,175.3,43072402.44683488
2024-07-31T13:00:00,175.3,177.3,173.1,176.0,43383222.61286701
2024-07-31T17:00:00,176.0,176.4,174.5,175.0,23667135.66079727
2024-07-31T21:00:00,175.1,177.7,174.9,176.3,29585289.55222412
2024-08-01T01:00:00,176.2,177.3,172.1,172.6,31340682.25190807
2024-08-01T05:00:00,172.6,173.0,170.6,170.6,38710118.54897514
2024-08-01T09:00:00,170.7,172.5,169.1,169.7,48370033.83064365
2024-08-01T13:00:00,169.6,170.1,165.8,169.2,59937739.21374714
2024-08-01T17:00:00,169.2,170.8,168.5,169.2,15053506.22528649
2024-08-01T21:00:00,169.2,170.5,162.7,163.6,62794339.11752479
2024-08-02T01:00:00,163.4,163.9,158.8,162.4,64240230.05316477
2024-08-02T05:00:00,162.2,168.9,161.3,167.2,41933561.60675368
2024-08-02T09:00:00,167.2,168.3,162.8,165.6,40608600.4738401
2024-08-02T13:00:00,165.7,165.7,160.6,163.8,32540754.46077206
2024-08-02T17:00:00,163.6,165.6,162.5,164.5,21545701.88538318
2024-08-02T21:00:00,164.6,167.1,156.0,159.3,83568339.63015062
2024-08-03T01:00:00,159.4,160.6,157.6,158.8,22075931.81933382
2024-08-03T05:00:00,159.0,160.4,156.1,157.3,44105852.77972461
2024-08-03T09:00:00,157.3,159.4,152.7,159.2,70581997.9617256
2024-08-03T13:00:00,159.2,161.7,158.2,160.4,25372565.16427819
2024-08-03T17:00:00,160.3,160.4,157.8,158.7,21814320.8734945
2024-08-03T21:00:00,158.9,160.5,155.4,155.9,25714688.6373131
2024-08-04T01:00:00,155.8,156.7,150.0,150.1,55378500.15381474
2024-08-04T05:00:00,150.1,153.5,149.4,153.1,32972957.30661707
2024-08-04T09:00:00,153.1,154.3,151.3,153.5,29502044.59756076
2024-08-04T13:00:00,153.5,153.8,150.4,150.5,24047108.22225065
2024-08-04T17:00:00,150.5,152.3,149.1,151.6,23194902.66643604
2024-08-04T21:00:00,151.6,152.6,145.6,146.0,61466650.58320004
2024-08-05T01:00:00,146.0,149.0,141.4,148.2,63943815.04055221
2024-08-05T05:00:00,148.2,149.9,145.7,145.8,37323527.94345678
2024-08-05T09:00:00,146.0,147.0,130.0,130.4,304747423.16100377
2024-08-05T13:00:00,130.4,133.0,120.1,127.5,341091639.6286878
2024-08-05T17:00:00,127.5,128.4,116.7,121.9,423546708.55541676
2024-08-05T21:00:00,122.1,137.9,119.2,137.4,359941570.0227394
2024-08-06T01:00:00,137.3,142.9,133.1,134.9,108491205.95005034
2024-08-06T05:00:00,134.9,140.4,134.9,136.1,84645167.42033511
2024-08-06T09:00:00,136.0,147.8,135.7,141.6,189346693.6688603
2024-08-06T13:00:00,141.6,143.8,139.9,142.7,65310857.68095025
2024-08-06T17:00:00,142.6,142.7,137.1,138.0,88398514.3353678
2024-08-06T21:00:00,138.1,141.6,134.4,139.0,116971359.10781363
2024-08-07T01:00:00,139.0,140.7,137.6,138.4,44607132.40134757
2024-08-07T05:00:00,138.4,140.3,136.4,138.1,49941450.88101568
2024-08-07T09:00:00,138.1,141.8,136.2,140.4,95354206.21121515
2024-08-07T13:00:00,140.4,142.2,139.8,140.7,53219311.18742674
2024-08-07T17:00:00,140.6,145.0,140.5,141.2,65598582.00334317
2024-08-07T21:00:00,141.3,144.5,136.5,139.8,100365370.98385455
2024-08-08T01:00:00,139.7,140.1,136.4,137.5,32159334.31395184
2024-08-08T05:00:00,137.5,139.3,134.2,135.8,102674503.6737587
2024-08-08T09:00:00,136.0,142.9,133.0,139.5,114431792.33793804
2024-08-08T13:00:00,139.6,141.5,139.5,140.0,31787114.65557169
2024-08-08T17:00:00,140.1,141.6,139.8,140.7,28398439.01272234
2024-08-08T21:00:00,140.8,146.1,139.9,145.7,88440078.1084128
2024-08-09T01:00:00,145.8,147.4,143.4,143.7,37952040.69274847
2024-08-09T05:00:00,143.7,151.4,143.3,150.4,81142264.80998857
2024-08-09T09:00:00,150.4,151.5,147.8,148.8,71233067.11268878
2024-08-09T13:00:00,148.8,149.0,145.0,147.1,49675489.47847125
2024-08-09T17:00:00,147.2,148.3,145.6,146.8,31495228.14558608
2024-08-09T21:00:00,146.8,147.7,143.3,143.5,53194191.61392455
2024-08-10T01:00:00,143.4,145.8,143.3,145.5,13352335.94138171
2024-08-10T05:00:00,145.4,147.4,145.1,146.1,16031872.3892902
2024-08-10T09:00:00,146.2,148.4,145.6,146.1,33286721.96359995
2024-08-10T13:00:00,146.2,147.4,144.8,147.4,23365429.53083539
2024-08-10T17:00:00,147.4,147.4,146.2,147.0,15998480.19880807
2024-08-10T21:00:00,147.0,147.2,145.6,146.6,25924354.29203514
2024-08-11T01:00:00,146.6,148.8,146.4,148.1,16060753.91879189
2024-08-11T05:00:00,148.1,148.3,147.3,147.9,11857248.78025096
2024-08-11T09:00:00,147.9,155.3,147.5,154.0,92801307.44668172
2024-08-11T13:00:00,154.0,154.2,152.0,153.6,40716668.22871968
2024-08-11T17:00:00,153.8,154.2,149.8,150.7,59129446.46990797
2024-08-11T21:00:00,150.6,150.8,146.2,146.7,69947654.80105436
2024-08-12T01:00:00,146.7,148.6,144.7,145.2,20518850.15496903
2024-08-12T05:00:00,145.0,145.0,141.0,141.8,50760454.07288651
2024-08-12T09:00:00,141.9,144.2,141.1,143.1,42862180.15028709
2024-08-12T13:00:00,143.1,145.5,140.9,145.0,38596653.28859629
2024-08-12T17:00:00,145.0,150.6,143.6,149.4,55521319.87864206
2024-08-12T21:00:00,149.5,151.2,143.0,150.0,105760208.54275297
2024-08-13T01:00:00,150.0,150.6,145.6,147.5,22925437.00154878
2024-08-13T05:00:00,147.6,152.2,146.6,151.3,37719345.66261329
2024-08-13T09:00:00,151.3,153.3,146.3,146.7,99781138.71735992
2024-08-13T13:00:00,146.8,148.3,145.7,146.5,41536913.25452888
2024-08-13T17:00:00,146.5,147.0,145.1,146.3,36552772.10615647
2024-08-13T21:00:00,146.3,148.2,145.7,147.3,52081107.14749501
2024-08-14T01:00:00,147.2,150.0,146.0,147.3,28460815.90183871
2024-08-14T05:00:00,147.3,149.3,146.9,148.6,24247524.13238091
2024-08-14T09:00:00,148.6,148.9,146.8,147.6,30781826.35990128
2024-08-14T13:00:00,147.5,148.2,146.4,147.3,21600407.97681545
2024-08-14T17:00:00,147.2,148.2,146.6,147.4,24198101.50164332
2024-08-14T21:00:00,147.4,148.9,142.2,144.4,96843166.42768714
2024-08-15T01:00:00,144.4,144.8,143.5,143.8,10235307.78860391
2024-08-15T05:00:00,143.8,144.7,142.8,143.8,15225192.60085343
2024-08-15T09:00:00,143.8,144.5,142.9,143.9,24554908.35770442
2024-08-15T13:00:00,143.9,144.8,142.9,143.9,23690183.58361033
2024-08-15T17:00:00,143.9,145.2,143.2,143.9,20003839.04615897
2024-08-15T21:00:00,143.9,146.6,143.5,145.7,41475080.53986238
2024-08-16T01:00:00,145.8,146.0,138.0,139.7,50008964.91801511
2024-08-16T05:00:00,139.9,141.5,138.8,141.0,27502318.3989282
2024-08-16T09:00:00,141.0,142.2,139.5,140.8,29021666.2989193
2024-08-16T13:00:00,140.7,142.5,140.6,142.0,15911754.08310089
2024-08-16T17:00:00,142.0,142.2,140.6,141.0,14224488.314501
2024-08-16T21:00:00,141.1,141.6,136.9,138.1,61799254.07697385
2024-08-17T01:00:00,138.0,142.1,137.7,140.8,21228957.90739399
2024-08-17T05:00:00,140.8,141.2,139.6,140.5,9977967.73050417
2024-08-17T09:00:00,140.5,141.5,139.8,140.7,15261394.0637529
2024-08-17T13:00:00,140.7,141.0,140.3,140.9,6227113.42250491
2024-08-17T17:00:00,140.9,141.3,140.5,140.7,7111746.53515671
2024-08-17T21:00:00,140.7,142.8,140.7,142.2,14364049.64599359
2024-08-18T01:00:00,142.2,144.1,142.2,143.2,11881528.94154667
2024-08-18T05:00:00,143.2,143.6,142.5,143.0,6898368.75911701
2024-08-18T09:00:00,143.0,143.7,141.8,142.1,17547146.31642916
2024-08-18T13:00:00,142.3,143.0,141.9,142.6,5940950.46614225
2024-08-18T17:00:00,142.6,144.2,142.2,144.0,15666492.38303014
2024-08-18T21:00:00,144.0,145.0,142.8,143.5,23032960.65419238
2024-08-19T01:00:00,143.6,144.0,141.9,142.5,7181485.96135355
2024-08-19T05:00:00,142.5,142.8,139.3,139.5,32113104.48573017
2024-08-19T09:00:00,139.6,140.1,138.5,139.2,29367542.84048835
2024-08-19T13:00:00,139.2,139.3,137.5,137.8,26074550.32002629
2024-08-19T17:00:00,137.7,138.5,136.5,138.1,34060762.2669019
2024-08-19T21:00:00,138.1,139.4,136.9,137.8,23647752.49782624
2024-08-20T01:00:00,137.8,140.0,137.0,138.1,11769511.02944232
2024-08-20T05:00:00,138.1,139.6,137.8,139.1,12249320.47467312
2024-08-20T09:00:00,139.1,144.0,138.6,142.8,91758064.20023179
2024-08-20T13:00:00,142.7,143.7,141.6,143.5,43685153.14445917
2024-08-20T17:00:00,143.5,143.7,142.1,142.3,29811509.24411249
2024-08-20T21:00:00,142.3,143.2,138.6,140.1,62429375.09249715
2024-08-21T01:00:00,140.1,142.6,139.7,142.4,12244199.46869344
2024-08-21T05:00:00,142.4,143.0,140.6,140.7,15447638.6875065
2024-08-21T09:00:00,140.7,142.2,140.0,141.7,25559237.12121662
2024-08-21T13:00:00,141.7,142.8,140.8,142.5,18608448.6443022
2024-08-21T17:00:00,142.5,143.0,141.1,141.7,18234288.00298622
2024-08-21T21:00:00,141.5,143.0,139.8,141.5,30351882.86719397
2024-08-22T01:00:00,141.5,144.5,141.1,144.5,25885246.18305368
2024-08-22T05:00:00,144.6,146.0,143.4,143.8,26860504.69261296
2024-08-22T09:00:00,143.9,144.1,141.5,142.9,28170313.30008736
2024-08-22T13:00:00,142.8,143.4,141.8,143.2,21416808.0207928
2024-08-22T17:00:00,143.2,144.7,142.7,144.4,21392588.92499455
2024-08-22T21:00:00,144.2,144.4,142.6,143.2,21032864.69611201
2024-08-23T01:00:00,143.2,144.1,142.5,142.5,7098459.05504307
2024-08-23T05:00:00,142.5,143.3,142.5,142.9,11909187.88050378
2024-08-23T09:00:00,142.8,144.2,142.8,143.8,17554065.89005841
2024-08-23T13:00:00,143.8,145.5,143.7,145.3,23781088.66567065
2024-08-23T17:00:00,145.3,145.8,143.8,144.0,20467944.31240798
2024-08-23T21:00:00,144.0,149.9,144.0,148.4,87521617.81675632
2024-08-24T01:00:00,148.4,151.7,148.0,151.3,43600458.01481012
2024-08-24T05:00:00,151.3,153.9,150.3,150.8,59800764.74451823
2024-08-24T09:00:00,150.8,151.8,149.5,150.8,41929519.93571105
2024-08-24T13:00:00,150.8,151.3,150.3,150.9,20624441.66661417
2024-08-24T17:00:00,150.8,152.3,150.2,150.3,46364849.68506936
2024-08-24T21:00:00,150.2,151.4,149.1,149.9,49330897.95754631
2024-08-25T01:00:00,149.9,153.2,149.8,152.6,46743598.93711571
2024-08-25T05:00:00,152.6,153.5,149.0,150.6,34757946.93330832
2024-08-25T09:00:00,150.7,150.9,147.1,148.1,55213305.45994064
2024-08-25T13:00:00,148.0,148.5,144.8,145.3,49511531.25359256
2024-08-25T17:00:00,145.3,146.6,144.9,146.0,26996337.73666585
2024-08-25T21:00:00,146.1,148.3,145.7,147.7,28242614.11493333
2024-08-26T01:00:00,147.5,148.3,146.9,147.0,7152651.41968832
2024-08-26T05:00:00,147.0,148.8,146.8,147.2,23032284.62188597
2024-08-26T09:00:00,147.1,148.0,144.5,146.2,39859675.54634116
2024-08-26T13:00:00,146.2,146.8,144.6,145.3,21084246.93754758
2024-08-26T17:00:00,145.3,146.4,144.9,145.4,20391287.59882276
2024-08-26T21:00:00,145.4,145.7,142.6,143.6,54092943.90772873
2024-08-27T01:00:00,143.5,144.1,140.6,141.6,26178261.58566241
2024-08-27T05:00:00,141.9,142.4,140.8,141.4,25751667.99770713
2024-08-27T09:00:00,141.4,142.9,141.3,141.9,26581145.57091307
2024-08-27T13:00:00,141.9,142.7,141.5,142.4,14587293.06876539
2024-08-27T17:00:00,142.4,142.4,139.4,140.4,34704486.07097697
2024-08-27T21:00:00,140.4,141.2,139.4,140.2,24190633.54724079
2024-08-28T01:00:00,140.2,141.3,139.6,140.5,10578985.18797867
2024-08-28T05:00:00,140.5,140.8,132.1,134.7,113701840.33583704
2024-08-28T09:00:00,134.8,136.2,133.4,136.1,42610050.47867769
2024-08-28T13:00:00,136.0,136.1,133.7,133.7,32932149.33406607
2024-08-28T17:00:00,133.7,138.4,133.1,136.9,32135384.6991871
2024-08-28T21:00:00,136.8,137.9,135.0,135.8,30089400.12320218
2024-08-29T01:00:00,135.9,138.5,133.0,135.0,29128349.88251952
2024-08-29T05:00:00,135.2,137.7,134.7,135.9,16595373.84797657
2024-08-29T09:00:00,135.9,137.1,135.6,136.5,19023967.62649178
2024-08-29T13:00:00,136.6,137.7,136.1,136.5,13881200.11194217
2024-08-29T17:00:00,136.5,137.9,136.1,137.3,15222837.03317135
2024-08-29T21:00:00,137.3,138.7,137.0,138.1,24051521.56401464
2024-08-30T01:00:00,138.1,138.5,134.1,134.9,20623145.946058
2024-08-30T05:00:00,134.9,137.0,134.0,136.5,24897735.85700581
2024-08-30T09:00:00,136.4,137.0,135.4,135.9,19954671.08431274
2024-08-30T13:00:00,135.9,137.5,135.4,136.9,19384602.18478643
2024-08-30T17:00:00,136.8,139.1,136.7,137.5,24828759.12440921
2024-08-30T21:00:00,137.6,139.0,134.4,134.7,40104549.96080771
2024-08-31T01:00:00,134.7,138.3,133.1,136.3,21889110.83979617
2024-08-31T05:00:00,136.3,140.0,136.2,138.4,19763122.70461052
2024-08-31T09:00:00,138.5,139.3,136.9,137.7,24835196.40311262
2024-08-31T13:00:00,137.6,138.6,137.4,137.6,9201470.27691358
2024-08-31T17:00:00,137.6,138.1,136.5,137.7,11683805.2689228
2024-08-31T21:00:00,137.7,138.1,137.0,138.0,13515623.16432038
2024-09-01T01:00:00,138.0,139.0,136.9,137.7,7381462.45113333
2024-09-01T05:00:00,137.7,138.4,137.4,137.8,3590918.45872388
2024-09-01T09:00:00,137.8,138.1,135.9,136.7,17160971.60446552
2024-09-01T13:00:00,136.7,136.7,134.6,135.8,20570479.44176867
2024-09-01T17:00:00,135.8,136.0,134.7,135.6,10548517.81252288
2024-09-01T21:00:00,135.6,135.7,133.1,134.3,27939179.29037241
2024-09-02T01:00:00,134.4,135.4,132.4,135.2,15126979.05341351
2024-09-02T05:00:00,135.2,135.7,129.0,130.1,53411601.91118149
2024-09-02T09:00:00,130.0,131.3,129.4,130.1,40217888.88727515
2024-09-02T13:00:00,130.0,130.5,128.5,128.9,30550344.07003656
2024-09-02T17:00:00,128.9,133.3,128.8,132.3,32837320.99399018
2024-09-02T21:00:00,132.3,133.2,130.8,132.3,19239568.82764193
2024-09-03T01:00:00,132.3,133.3,131.8,132.8,6623415.84833551
2024-09-03T05:00:00,133.0,135.4,132.7,134.4,21342628.04340592
2024-09-03T09:00:00,134.5,136.6,133.9,135.3,28455788.98083548
2024-09-03T13:00:00,135.3,135.3,134.3,135.1,14275692.83268256
2024-09-03T17:00:00,135.0,135.3,133.8,135.2,16164259.17345216
2024-09-03T21:00:00,135.2,136.3,131.9,132.1,38018147.0347482
2024-09-04T01:00:00,132.2,134.3,131.9,133.0,7246223.06581669
2024-09-04T05:00:00,133.1,133.5,131.4,131.7,13749727.06497296
2024-09-04T09:00:00,131.8,132.7,126.1,130.7,59074328.77001273
2024-09-04T13:00:00,130.5,131.6,128.5,131.0,26532659.73874443
2024-09-04T17:00:00,131.0,131.9,129.3,130.1,18435613.36508145
2024-09-04T21:00:00,130.1,134.0,129.2,133.8,30805764.04746125
2024-09-05T01:00:00,133.8,134.9,132.2,132.9,19013781.66518306
2024-09-05T05:00:00,132.7,133.9,132.0,132.9,13893672.85996197
2024-09-05T09:00:00,133.0,133.7,130.1,130.4,25005667.90316818
2024-09-05T13:00:00,130.4,132.7,130.2,132.2,18410635.72588043
2024-09-05T17:00:00,132.1,132.5,131.4,132.5,13514364.73525429
2024-09-05T21:00:00,132.5,134.5,131.6,132.0,33918957.33131666
2024-09-06T01:00:00,131.9,134.7,131.4,132.6,18938719.36586349
2024-09-06T05:00:00,132.6,134.2,132.5,133.7,14632356.37616239
2024-09-06T09:00:00,133.7,134.3,132.7,133.5,25060623.78987705
2024-09-06T13:00:00,133.5,133.8,131.4,131.9,19030211.53981104
2024-09-06T17:00:00,131.9,132.5,130.7,130.9,19046495.22742093
2024-09-06T21:00:00,130.9,132.2,126.4,127.4,117179201.50105253
2024-09-07T01:00:00,127.3,127.3,123.5,124.2,60830017.58832477
2024-09-07T05:00:00,124.1,126.5,122.1,126.4,46790873.04195632
2024-09-07T09:00:00,126.4,126.7,124.7,125.5,24530515.05791154
2024-09-07T13:00:00,125.5,128.2,125.2,127.8,27048814.73712445
2024-09-07T17:00:00,127.9,129.0,127.3,128.5,24912215.58433448
2024-09-07T21:00:00,128.5,130.0,128.5,129.7,19890420.85399563
2024-09-08T01:00:00,129.7,129.9,128.1,128.9,8523554.87441354
2024-09-08T05:00:00,128.9,129.6,128.4,129.6,13017219.40797826
2024-09-08T09:00:00,129.6,131.6,129.1,130.5,18491764.20073596
2024-09-08T13:00:00,130.4,130.7,129.2,129.8,18335647.55687826
2024-09-08T17:00:00,129.8,130.8,129.5,130.0,20865747.83873002
2024-09-08T21:00:00,130.0,130.0,128.0,128.2,28452474.83550281
2024-09-09T01:00:00,128.3,129.7,127.7,129.4,6466661.84948811
2024-09-09T05:00:00,129.3,131.2,128.8,130.5,19404898.97312373
2024-09-09T09:00:00,130.5,132.4,129.7,131.6,35230768.4062211
2024-09-09T13:00:00,131.7,131.9,130.2,131.7,17706886.69287343
2024-09-09T17:00:00,131.7,134.0,131.7,133.0,30495280.43269123
2024-09-09T21:00:00,133.2,134.6,132.0,134.4,25530178.37636038
2024-09-10T01:00:00,134.5,141.9,134.4,140.6,90934293.65965076
2024-09-10T05:00:00,140.6,141.6,139.6,140.6,47784953.21555304
2024-09-10T09:00:00,140.6,140.8,138.5,138.9,37944678.50490312
2024-09-10T13:00:00,138.9,140.8,138.8,140.4,26255999.16285533
2024-09-10T17:00:00,140.4,141.7,140.1,140.6,27721092.0319575
2024-09-10T21:00:00,140.4,140.5,138.0,138.0,37107386.43456078
2024-09-11T01:00:00,138.0,139.9,138.0,139.5,11547567.42297988
2024-09-11T05:00:00,139.5,139.9,138.9,139.3,17901927.6531389
2024-09-11T09:00:00,139.3,139.6,136.2,136.4,44731822.28018573
2024-09-11T13:00:00,136.5,136.7,133.9,136.6,36565277.93209625
2024-09-11T17:00:00,136.5,136.6,134.9,136.1,14861311.45567606
2024-09-11T21:00:00,136.1,137.5,133.0,135.4,64585433.43171708
2024-09-12T01:00:00,135.2,137.6,135.2,137.2,12938335.13170272
2024-09-12T05:00:00,137.2,137.7,136.3,136.7,9480059.30265795
2024-09-12T09:00:00,136.8,138.5,136.7,137.8,26377133.41276267
2024-09-12T13:00:00,137.9,138.9,137.5,138.4,19840388.37452587
2024-09-12T17:00:00,138.4,138.7,137.0,137.5,17017724.89664952
2024-09-12T21:00:00,137.5,138.5,135.7,136.2,51272191.4406634
2024-09-13T01:00:00,135.9,138.0,135.9,137.7,8673415.69483685
2024-09-13T05:00:00,137.7,139.0,137.0,138.2,18008607.87809967
2024-09-13T09:00:00,138.4,138.4,136.7,136.9,21344139.19765329
2024-09-13T13:00:00,136.9,139.8,136.7,139.1,29243534.44976163
2024-09-13T17:00:00,139.1,143.3,138.9,140.4,69567945.4623372
2024-09-13T21:00:00,140.4,145.5,140.0,144.7,78982687.15077926
2024-09-14T01:00:00,144.7,145.0,142.6,142.7,18572194.14578629
2024-09-14T05:00:00,142.7,144.4,142.4,143.2,18207724.25822144
2024-09-14T09:00:00,143.2,144.3,143.1,143.6,22930226.33684013
2024-09-14T13:00:00,143.5,143.9,142.6,143.2,20304800.40487016
2024-09-14T17:00:00,143.2,143.4,141.0,141.4,25137634.2855612
2024-09-14T21:00:00,141.4,143.0,141.2,141.9,11800775.08953709
2024-09-15T01:00:00,141.9,142.2,140.5,141.2,8957339.76542322
2024-09-15T05:00:00,141.2,141.8,141.0,141.5,5255927.52732546
2024-09-15T09:00:00,141.5,142.8,141.4,141.8,15118438.45434111
2024-09-15T13:00:00,141.8,142.0,140.9,142.0,14416569.39592111
2024-09-15T17:00:00,142.0,142.0,140.3,140.8,14289247.40029432
2024-09-15T21:00:00,140.8,142.8,140.5,142.5,15515700.56520088
2024-09-16T01:00:00,142.5,143.0,140.5,141.8,8689841.41080276
2024-09-16T05:00:00,141.8,141.9,137.8,138.7,26037795.98699544
2024-09-16T09:00:00,138.7,139.3,134.9,137.0,45430221.49221344
2024-09-16T13:00:00,137.0,138.1,136.2,138.0,14233245.62043376
2024-09-16T17:00:00,137.7,138.4,136.7,137.0,14509445.27633203
2024-09-16T21:00:00,136.9,137.2,134.3,135.0,24973128.40109404
2024-09-17T01:00:00,135.0,135.1,133.3,133.8,18610960.29417676
2024-09-17T05:00:00,133.9,134.9,133.0,134.3,24841959.57580686
2024-09-17T09:00:00,134.5,134.7,133.0,134.5,16445528.75086742
2024-09-17T13:00:00,134.5,136.2,134.3,135.7,17316409.77750331
2024-09-17T17:00:00,135.7,136.2,135.1,135.4,15615988.29307558
2024-09-17T21:00:00,135.4,137.9,134.2,137.0,42843706.36379949
2024-09-18T01:00:00,137.1,137.5,134.6,135.5,14507103.53785505
2024-09-18T05:00:00,135.4,136.2,135.1,136.0,10334763.83000962
2024-09-18T09:00:00,136.1,136.5,134.2,136.0,28374354.01506739
2024-09-18T13:00:00,136.1,136.6,134.7,136.6,15272344.57047714
2024-09-18T17:00:00,136.6,136.9,134.1,135.2,22027862.45243522
2024-09-18T21:00:00,135.1,136.3,134.7,135.2,17275996.36769707
2024-09-19T01:00:00,135.2,138.9,134.5,135.7,31281013.94953016
2024-09-19T05:00:00,135.8,139.1,134.4,139.0,22356801.47252503
2024-09-19T09:00:00,139.0,141.1,138.3,139.2,54058362.52232132
2024-09-19T13:00:00,139.3,139.6,138.3,139.1,26249747.73614977
2024-09-19T17:00:00,139.2,140.2,138.9,139.7,40792647.66062706
2024-09-19T21:00:00,139.7,140.9,139.5,140.5,61928518.09009797
2024-09-20T01:00:00,140.6,142.9,140.4,141.4,30788762.31075943
2024-09-20T05:00:00,141.4,141.8,139.0,140.1,37279842.95878741
2024-09-20T09:00:00,140.1,141.5,138.3,141.5,47971105.23774964
2024-09-20T13:00:00,141.5,143.1,141.1,142.2,65422018.86428574
2024-09-20T17:00:00,142.2,143.2,141.2,141.7,51711420.52401837
2024-09-20T21:00:00,141.7,142.6,139.3,140.8,62330671.50254218
2024-09-21T01:00:00,140.8,141.0,139.2,140.0,16173819.73509336
2024-09-21T05:00:00,140.1,141.5,140.0,141.0,13437080.92678062
2024-09-21T09:00:00,141.1,141.4,139.3,140.4,41782142.12321991
2024-09-21T13:00:00,140.3,141.3,139.5,141.2,18098961.52120469
2024-09-21T17:00:00,141.2,142.4,141.1,141.8,29215168.89316719
2024-09-21T21:00:00,141.9,146.7,141.6,146.1,75289659.54288527
2024-09-22T01:00:00,145.9,146.2,144.3,145.1,20353848.2438459
2024-09-22T05:00:00,145.1,147.2,144.6,146.5,29888475.14726854
2024-09-22T09:00:00,146.5,146.5,144.1,144.3,45130035.50597644
2024-09-22T13:00:00,144.3,144.9,143.6,144.5,18653246.80188883
2024-09-22T17:00:00,144.4,144.5,141.9,142.5,34695017.29680384
2024-09-22T21:00:00,142.5,143.0,141.0,141.4,25248808.33540486
2024-09-23T01:00:00,141.5,143.0,140.8,142.4,9769052.98001245
2024-09-23T05:00:00,142.4,143.1,139.3,142.1,32791909.0622595
2024-09-23T09:00:00,142.3,145.5,139.5,144.5,48518091.24965042
2024-09-23T13:00:00,144.4,145.0,143.1,143.6,25297454.32901546
2024-09-23T17:00:00,143.6,144.1,142.2,142.9,22950757.22368842
2024-09-23T21:00:00,142.9,144.0,142.1,143.5,25545459.30507037
2024-09-24T01:00:00,143.4,144.0,142.3,143.2,9414507.20767688
2024-09-24T05:00:00,143.1,145.0,142.4,144.3,21475813.88298394
2024-09-24T09:00:00,144.5,145.6,142.7,144.6,41814282.03242324
2024-09-24T13:00:00,144.6,144.9,143.3,144.5,20212266.72270528
2024-09-24T17:00:00,144.5,146.0,144.3,145.7,33943929.24815071
2024-09-24T21:00:00,145.7,146.8,143.2,143.7,53039363.46390133
2024-09-25T01:00:00,143.8,146.2,143.1,146.1,14986843.77153615
2024-09-25T05:00:00,146.1,146.4,144.5,145.5,22720596.9207791
2024-09-25T09:00:00,145.6,147.4,145.0,147.0,41786297.40261924
2024-09-25T13:00:00,147.0,147.0,144.2,145.3,30140543.00937102
2024-09-25T17:00:00,145.2,147.6,144.4,146.5,54309374.28352664
2024-09-25T21:00:00,146.5,146.6,144.9,145.4,43275506.45258969
2024-09-26T01:00:00,145.4,147.5,145.2,146.6,22138383.4733687
2024-09-26T05:00:00,146.6,147.5,144.7,145.2,34705901.7253632
2024-09-26T09:00:00,145.2,145.8,143.1,145.3,48279843.79830589
2024-09-26T13:00:00,145.3,152.7,144.8,151.0,129872013.31010753
2024-09-26T17:00:00,150.9,152.9,150.7,151.0,115650334.22386529
2024-09-26T21:00:00,151.0,154.6,150.4,154.1,96813387.33716193
2024-09-27T01:00:00,154.1,158.8,153.4,155.2,115370249.71575975
2024-09-27T05:00:00,155.3,156.3,152.6,155.9,58980250.51050864
2024-09-27T09:00:00,155.8,158.4,155.0,156.6,111981982.50443558
2024-09-27T13:00:00,156.7,163.6,156.6,162.4,157118551.75703195
2024-09-27T17:00:00,162.2,165.7,162.0,162.5,118494417.03853069
2024-09-27T21:00:00,162.5,169.2,161.8,167.2,213213166.26202074
2024-09-28T01:00:00,167.2,168.1,163.0,164.2,44373930.93616113
2024-09-28T05:00:00,164.4,164.6,162.9,163.4,37562925.43045131
2024-09-28T09:00:00,163.3,167.0,162.9,166.4,89305235.11879292
2024-09-28T13:00:00,166.4,166.6,160.2,160.5,106707914.42170233
2024-09-28T17:00:00,160.6,165.0,158.8,164.4,92360170.3071702
2024-09-28T21:00:00,164.3,173.3,161.0,171.9,230421475.3923634
2024-09-29T01:00:00,172.0,172.8,168.9,170.9,63802108.5610057
2024-09-29T05:00:00,170.8,172.3,167.4,168.5,43553822.401988
2024-09-29T09:00:00,168.7,171.8,167.3,170.8,83428317.62110323
2024-09-29T13:00:00,170.7,170.9,166.0,166.1,56507843.54972601
2024-09-29T17:00:00,166.1,168.2,165.6,167.1,34871764.25934244
2024-09-29T21:00:00,167.1,167.9,164.4,165.4,49665658.51437078
2024-09-30T01:00:00,165.4,167.8,164.2,167.8,24169593.1841803
2024-09-30T05:00:00,167.8,168.5,163.0,163.0,38292324.82895314
2024-09-30T09:00:00,163.2,163.4,157.7,160.1,90553412.42226592
2024-09-30T13:00:00,160.0,161.1,158.7,160.6,28152689.93423179
2024-09-30T17:00:00,160.8,161.0,156.3,158.2,52925630.50088202
2024-09-30T21:00:00,158.2,158.7,154.1,154.2,43164418.55314625
2024-10-01T01:00:00,154.2,156.0,154.2,155.2,21056392.61008328
2024-10-01T05:00:00,155.4,156.7,150.2,151.3,63685695.86255419
2024-10-01T09:00:00,151.2,155.6,150.1,155.5,75317545.09928522
2024-10-01T13:00:00,155.4,157.7,155.1,156.8,37327949.32770852
2024-10-01T17:00:00,156.8,157.5,155.6,156.2,28518430.33824888
2024-10-01T21:00:00,156.2,156.6,144.2,147.3,172510059.09426636
2024-10-02T01:00:00,147.3,148.3,138.7,141.6,112574144.86095017
2024-10-02T05:00:00,141.7,144.1,139.7,143.6,65004196.33969269
2024-10-02T09:00:00,143.5,146.0,142.5,144.8,58492671.92661254
2024-10-02T13:00:00,144.7,145.9,142.9,144.6,43184532.3926373
2024-10-02T17:00:00,144.5,145.1,140.6,142.2,56084312.51380758
2024-10-02T21:00:00,142.3,143.3,139.1,142.4,63410018.89328898
2024-10-03T01:00:00,142.3,144.0,138.0,140.4,35796405.78920166
2024-10-03T05:00:00,140.6,142.8,139.3,141.0,39901096.02833989
2024-10-03T09:00:00,141.2,143.9,140.4,142.8,53302190.69756511
2024-10-03T13:00:00,142.8,143.1,141.1,141.5,32689306.1393017
2024-10-03T17:00:00,141.5,142.0,137.6,140.7,70116163.96742275
2024-10-03T21:00:00,140.7,142.9,138.1,141.3,61767897.76697009
2024-10-04T01:00:00,141.2,142.2,138.4,141.9,28468910.83527218
2024-10-04T05:00:00,141.8,143.0,140.4,142.5,20446266.83108426
2024-10-04T09:00:00,142.5,144.5,142.0,143.8,43657438.38076805
2024-10-04T13:00:00,143.9,146.2,143.9,145.4,42401054.34495843
2024-10-04T17:00:00,145.4,146.5,144.4,146.4,38370455.75854737
2024-10-04T21:00:00,146.3,149.3,145.0,146.7,86259194.20341185
2024-10-05T01:00:00,146.7,149.2,146.1,149.0,24152402.38431785
2024-10-05T05:00:00,149.0,149.3,146.8,147.5,21853177.93156184
2024-10-05T09:00:00,147.6,149.1,145.3,146.1,35346218.70144819
2024-10-05T13:00:00,146.1,147.6,145.6,147.0,16987336.78069336
2024-10-05T17:00:00,147.0,148.5,146.9,147.4,21004085.46019323
2024-10-05T21:00:00,147.6,148.6,146.6,148.1,19249961.75841077
2024-10-06T01:00:00,148.1,148.8,146.2,146.3,10107575.06712956
2024-10-06T05:00:00,146.4,148.5,145.8,148.0,12168711.41263187
2024-10-06T09:00:00,148.0,148.8,146.7,146.9,21182519.65035451
2024-10-06T13:00:00,146.9,147.7,146.6,147.2,15052776.18650945
2024-10-06T17:00:00,147.2,148.2,146.8,147.6,12056249.08240536
2024-10-06T21:00:00,147.6,151.9,147.3,150.8,51020928.77049246
2024-10-07T01:00:00,150.8,151.7,149.0,149.2,18941791.72692216
2024-10-07T05:00:00,149.2,150.4,148.0,150.0,19150478.35940419
2024-10-07T09:00:00,150.0,154.7,149.1,152.9,64945650.61706686
2024-10-07T13:00:00,152.8,153.7,152.1,152.7,19547437.42463915
2024-10-07T17:00:00,152.6,153.7,148.2,150.0,45341521.86603532
2024-10-07T21:00:00,150.0,153.6,149.1,150.2,52212418.92159937
2024-10-08T01:00:00,150.2,151.8,147.3,149.2,25275074.84312116
2024-10-08T05:00:00,149.2,151.1,146.2,146.5,30935817.05423581
2024-10-08T09:00:00,146.5,148.2,145.8,147.6,26854559.48572158
2024-10-08T13:00:00,147.6,148.1,144.0,145.4,39457406.69203023
2024-10-08T17:00:00,145.4,146.3,144.7,146.2,20407491.12483259
2024-10-08T21:00:00,146.2,146.7,142.8,144.2,50299382.57855596
2024-10-09T01:00:00,144.1,145.8,143.5,145.1,13635068.04630875
2024-10-09T05:00:00,145.1,146.0,144.3,145.0,7843532.69494162
2024-10-09T09:00:00,145.0,148.0,144.9,147.1,33149010.12694327
2024-10-09T13:00:00,147.1,148.1,146.5,147.4,15808198.40440909
2024-10-09T17:00:00,147.4,149.5,146.8,149.2,25870447.85913607
2024-10-09T21:00:00,149.2,150.9,146.5,149.6,104255077.44128947
2024-10-10T01:00:00,149.5,149.8,147.1,148.3,18090756.6639026
2024-10-10T05:00:00,148.1,148.3,144.4,146.6,29661639.4797474
2024-10-10T09:00:00,146.7,147.0,145.2,146.2,26182859.33240856
2024-10-10T13:00:00,146.1,147.1,145.4,145.5,17517318.06105891
2024-10-10T17:00:00,145.6,145.8,143.7,145.5,29901260.23551271
2024-10-10T21:00:00,145.5,145.6,142.1,143.3,52091404.45283749
2024-10-11T01:00:00,143.3,143.8,141.0,142.6,20090555.80694642
2024-10-11T05:00:00,142.5,144.8,142.0,144.2,18146549.73280411
2024-10-11T09:00:00,144.3,147.0,143.6,145.8,37668300.88370456
2024-10-11T13:00:00,145.9,146.9,145.4,146.1,23900768.14229269
2024-10-11T17:00:00,146.1,147.5,145.8,147.2,18897293.81253401
2024-10-11T21:00:00,147.2,148.9,146.6,148.5,28495402.61915528
2024-10-12T01:00:00,148.5,150.3,148.0,149.7,24475395.86248663
2024-10-12T05:00:00,149.7,150.2,149.1,149.7,16588334.8432542
2024-10-12T09:00:00,149.7,150.8,147.6,148.1,33626229.85652067
2024-10-12T13:00:00,148.1,150.5,148.1,150.2,17695528.51435633
2024-10-12T17:00:00,150.3,151.4,149.8,150.1,30041854.78277098
2024-10-12T21:00:00,150.1,150.8,149.3,149.8,26308540.92590534
2024-10-13T01:00:00,149.9,150.6,149.3,149.7,7726984.73521686
2024-10-13T05:00:00,149.9,150.5,149.6,149.9,10551264.38075908
2024-10-13T09:00:00,149.9,150.9,148.8,149.6,23456659.38880691
2024-10-13T13:00:00,149.6,150.8,149.4,150.5,18102332.4653736
2024-10-13T17:00:00,150.4,151.1,149.1,149.2,33580492.09896044
2024-10-13T21:00:00,149.2,151.0,147.1,148.3,40040283.96273553
2024-10-14T01:00:00,148.1,149.9,147.9,149.4,4772167.00062474
2024-10-14T05:00:00,149.4,150.6,149.4,150.3,9403100.13392083
2024-10-14T09:00:00,150.3,152.3,148.0,151.9,42351109.05275026
2024-10-14T13:00:00,152.0,152.8,149.8,151.3,43952742.39532115
2024-10-14T17:00:00,151.3,152.8,150.7,151.9,30961677.59388331
2024-10-14T21:00:00,152.0,156.3,151.3,155.0,72946943.53716885
2024-10-15T01:00:00,154.9,155.5,153.4,155.0,20491239.50301656
2024-10-15T05:00:00,154.9,157.4,154.6,156.5,36124396.60596626
2024-10-15T09:00:00,156.5,159.7,155.6,155.9,77188152.61840512
2024-10-15T13:00:00,155.8,157.4,155.0,156.2,35226181.88299738
2024-10-15T17:00:00,156.2,157.2,152.5,153.1,34717558.22529884
2024-10-15T21:00:00,153.2,159.4,150.0,153.0,119000021.04274991
2024-10-16T01:00:00,153.0,158.4,152.7,155.3,32838155.04384691
2024-10-16T05:00:00,155.3,159.3,152.6,158.7,45833603.48186024
2024-10-16T09:00:00,158.6,159.3,156.7,157.6,46633841.38143513
2024-10-16T13:00:00,157.8,162.8,157.4,162.6,78714420.1698335
2024-10-16T17:00:00,162.7,173.7,162.4,170.1,375627481.5105142
2024-10-16T21:00:00,170.2,172.7,167.3,170.9,182091688.48655024
2024-10-17T01:00:00,170.9,173.4,169.2,172.5,60759018.87124648
2024-10-17T05:00:00,172.5,175.4,169.9,170.4,87865699.745739
2024-10-17T09:00:00,170.5,171.6,167.6,169.7,85311899.32270256
2024-10-17T13:00:00,169.7,169.8,165.0,165.8,77489997.2405216
2024-10-17T17:00:00,165.8,168.2,165.0,166.2,56109477.00857238
2024-10-17T21:00:00,166.2,167.5,164.7,167.1,65022075.66987492
2024-10-18T01:00:00,167.1,169.6,165.0,169.5,27981050.83799333
2024-10-18T05:00:00,169.5,178.5,169.5,176.3,154896352.1320136
2024-10-18T09:00:00,176.3,185.0,176.0,180.7,268363300.30866092
2024-10-18T13:00:00,180.7,184.6,178.7,183.3,120492133.82958238
2024-10-18T17:00:00,183.4,186.0,181.8,182.2,106742572.2287692
2024-10-18T21:00:00,182.2,188.0,180.7,187.1,119483527.99772096
2024-10-19T01:00:00,187.1,191.3,185.2,185.8,141769567.32689267
2024-10-19T05:00:00,186.0,189.0,185.0,187.0,66806281.60979756
2024-10-19T09:00:00,187.0,199.8,186.5,196.4,362902876.2709585
2024-10-19T13:00:00,196.4,198.2,194.5,196.4,106404010.16843525
2024-10-19T17:00:00,196.4,200.0,194.1,194.3,165207004.7364108
2024-10-19T21:00:00,194.3,199.8,194.2,196.5,128922739.1836126
2024-10-20T01:00:00,196.5,197.2,190.2,191.1,71242602.77732518
2024-10-20T05:00:00,191.1,199.9,191.0,196.9,84359614.46003579
2024-10-20T09:00:00,196.8,199.0,192.1,192.9,142491306.97334933
2024-10-20T13:00:00,193.0,196.2,192.3,194.8,70121879.42060947
2024-10-20T17:00:00,195.0,196.3,193.9,195.2,47499710.73764639
2024-10-20T21:00:00,195.2,195.3,187.7,188.8,179712763.9509813
2024-10-21T01:00:00,189.0,194.1,188.8,191.5,36354298.60544002
2024-10-21T05:00:00,191.5,195.3,190.7,193.6,84882378.98882028
2024-10-21T09:00:00,193.5,199.5,192.3,198.4,215412079.19905847
2024-10-21T13:00:00,198.3,203.8,196.8,199.7,282918829.183311
2024-10-21T17:00:00,199.7,201.0,196.7,197.5,141208896.8983322
2024-10-21T21:00:00,197.5,198.2,189.7,193.0,241822908.50458676
2024-10-22T01:00:00,193.0,197.2,189.6,196.5,79678899.30259176
2024-10-22T05:00:00,196.4,198.9,195.4,196.7,69890583.20873652
2024-10-22T09:00:00,196.7,203.3,192.4,198.7,226292661.38823804
2024-10-22T13:00:00,198.7,200.8,197.3,198.2,94152302.9143254
2024-10-22T17:00:00,198.2,198.5,194.5,195.2,142615099.58601487
2024-10-22T21:00:00,195.2,195.9,190.6,191.9,167263097.16977748
2024-10-23T01:00:00,191.9,193.4,188.8,192.2,68299375.31430267
2024-10-23T05:00:00,192.1,194.7,191.7,192.9,52733513.5724215
2024-10-23T09:00:00,192.9,193.0,189.2,190.6,93073054.37271686
2024-10-23T13:00:00,190.6,194.3,189.7,193.3,82997036.87787367
2024-10-23T17:00:00,193.3,194.0,188.2,189.3,89728708.00285752
2024-10-23T21:00:00,189.3,194.8,188.4,193.0,100483087.08346704
2024-10-24T01:00:00,193.1,193.9,185.2,192.5,76105777.54924686
2024-10-24T05:00:00,192.5,194.0,190.7,193.9,65181910.2619628
2024-10-24T09:00:00,193.9,197.8,192.3,192.5,132670390.95517083
2024-10-24T13:00:00,192.5,194.6,191.0,191.4,66780354.5948809
2024-10-24T17:00:00,191.4,192.4,188.7,192.1,62236060.89891144
2024-10-24T21:00:00,192.1,198.0,191.7,194.5,153006924.25798106
2024-10-25T01:00:00,194.5,196.9,192.5,196.2,37433905.63683423
2024-10-25T05:00:00,196.2,197.9,195.0,195.6,69382533.96409044
2024-10-25T09:00:00,195.6,197.1,192.0,193.5,100252219.83142611
2024-10-25T13:00:00,193.5,194.9,191.5,191.8,63590249.95693496
2024-10-25T17:00:00,192.0,193.9,190.4,193.4,52848727.21833892
2024-10-25T21:00:00,193.4,193.7,189.4,190.2,72841655.72457413
2024-10-26T01:00:00,190.2,190.8,186.0,189.5,75016349.23156404
2024-10-26T05:00:00,189.5,191.3,180.1,185.2,136997237.06470716
2024-10-26T09:00:00,185.2,188.4,183.7,187.4,117398369.81272969
2024-10-26T13:00:00,187.4,189.5,186.9,188.4,37033029.12479147
2024-10-26T17:00:00,188.4,190.0,188.3,189.3,25258082.50877292
2024-10-26T21:00:00,189.4,189.6,185.5,187.4,34637608.02260585
2024-10-27T01:00:00,187.3,193.4,187.0,190.9,38813623.96930825
2024-10-27T05:00:00,190.9,192.9,190.6,192.4,26576219.04168639
2024-10-27T09:00:00,192.3,194.4,190.8,193.5,52058026.27728403
2024-10-27T13:00:00,193.5,194.2,192.7,193.5,31123978.10019696
2024-10-27T17:00:00,193.5,194.1,191.3,192.5,40867037.2433
2024-10-27T21:00:00,192.6,197.1,192.5,196.9,69661782.26217306
2024-10-28T01:00:00,196.9,201.2,196.4,197.5,105862044.37289155
2024-10-28T05:00:00,197.4,203.7,196.5,201.2,100961435.58131225
2024-10-28T09:00:00,201.2,204.4,197.1,200.1,197881252.92378417
2024-10-28T13:00:00,200.1,202.9,198.2,199.7,145702362.33974576
2024-10-28T17:00:00,199.7,204.7,198.3,202.8,129511314.59825131
2024-10-28T21:00:00,202.8,210.8,202.3,207.1,308964581.0560159
2024-10-29T01:00:00,207.1,224.9,206.9,220.3,242763874.40191233
2024-10-29T05:00:00,220.5,226.3,218.0,224.9,286567002.5824828
2024-10-29T09:00:00,224.9,235.4,223.8,232.4,502649505.60769016
2024-10-29T13:00:00,232.3,232.7,227.0,229.2,161683647.98252395
2024-10-29T17:00:00,229.2,233.0,228.3,232.3,130758207.25088404
2024-10-29T21:00:00,232.2,240.0,230.0,239.9,277088536.2668255
2024-10-30T01:00:00,239.9,249.4,235.7,236.2,373814609.249179
2024-10-30T05:00:00,236.2,246.0,234.4,245.2,193329693.38754994
2024-10-30T09:00:00,245.1,247.4,238.7,242.6,360255885.5961473
2024-10-30T13:00:00,242.6,246.8,240.2,240.4,153471818.60495335
2024-10-30T17:00:00,240.4,241.8,232.4,233.8,224445643.42606783
2024-10-30T21:00:00,233.7,237.9,229.5,230.2,222017740.2992569
2024-10-31T01:00:00,230.2,234.9,229.0,233.2,55369220.70865295
2024-10-31T05:00:00,233.0,237.6,232.0,234.2,89373416.84555215
2024-10-31T09:00:00,234.3,240.1,232.7,236.7,207678006.32043615
2024-10-31T13:00:00,236.7,240.3,236.6,239.4,101553664.35693283
2024-10-31T17:00:00,239.3,241.0,234.9,238.5,153160500.48179302
2024-10-31T21:00:00,238.5,239.5,229.7,231.8,292832754.5538981
2024-11-01T01:00:00,231.8,233.1,222.2,222.8,115538241.55699
2024-11-01T05:00:00,223.0,227.0,218.1,225.5,174850374.5465153
2024-11-01T09:00:00,225.5,229.0,218.0,220.4,299290291.9647655
2024-11-01T13:00:00,220.4,223.5,214.5,217.2,176896335.22000152
2024-11-01T17:00:00,217.1,226.7,217.0,224.1,144253810.17163002
2024-11-01T21:00:00,224.4,235.4,221.1,222.4,357815098.9578679
2024-11-02T01:00:00,222.6,228.4,222.0,224.5,103709735.0958117
2024-11-02T05:00:00,224.5,226.6,219.9,222.9,84563192.58462705
2024-11-02T09:00:00,222.9,229.3,222.8,226.2,109520466.92205352
2024-11-02T13:00:00,226.2,228.0,223.5,227.2,76671329.86741652
2024-11-02T17:00:00,227.1,227.7,222.5,223.5,76668082.82613291
2024-11-02T21:00:00,223.5,224.8,218.1,220.0,160864228.39227915
2024-11-03T01:00:00,220.0,225.0,219.9,224.2,48854876.07836853
2024-11-03T05:00:00,224.1,224.9,220.7,223.5,42599515.37111115
2024-11-03T09:00:00,223.6,224.0,208.0,210.9,319080189.40651923
2024-11-03T13:00:00,210.9,214.3,209.9,212.3,112330093.86848973
2024-11-03T17:00:00,212.3,213.2,206.0,207.1,154848645.66675192
2024-11-03T21:00:00,207.1,209.5,198.5,203.6,340010147.3854661
2024-11-04T01:00:00,203.5,208.6,201.6,208.6,146034734.3195583
2024-11-04T05:00:00,208.6,216.0,207.6,211.2,189512911.6245114
2024-11-04T09:00:00,211.2,215.5,206.0,210.9,269672296.62940246
2024-11-04T13:00:00,211.1,212.6,207.3,209.5,125434963.90473546
2024-11-04T17:00:00,209.5,219.7,207.7,217.9,300592908.50464505
2024-11-04T21:00:00,218.0,221.9,214.7,219.9,295958870.9236672
2024-11-05T01:00:00,219.9,222.6,215.4,221.8,144335747.69336468
2024-11-05T05:00:00,222.0,223.0,211.1,219.9,220254907.2941078
2024-11-05T09:00:00,219.7,231.4,219.4,226.0,342788786.40063274
2024-11-05T13:00:00,226.0,236.6,224.7,234.3,311724828.72928846
2024-11-05T17:00:00,234.4,240.4,230.8,238.9,317016264.74308425
2024-11-05T21:00:00,238.9,249.5,235.1,242.9,623165114.4563603
2024-11-06T01:00:00,243.0,246.8,231.1,234.1,235501796.58737433
2024-11-06T05:00:00,234.2,240.8,229.2,236.0,364095658.94844097
2024-11-06T09:00:00,235.9,300.0,234.6,292.2,3080107331.535728
2024-11-06T13:00:00,292.4,294.0,268.8,274.1,2166612838.5283413
2024-11-06T17:00:00,274.0,281.5,255.0,279.5,1551118252.380599
2024-11-06T21:00:00,279.5,283.6,262.0,264.9,940591595.4449488
2024-11-07T01:00:00,264.8,269.9,259.3,267.4,271537845.9041125
2024-11-07T05:00:00,267.5,274.6,265.5,271.4,396183382.3503037
2024-11-07T09:00:00,271.4,281.6,264.4,269.9,1140483378.5062623
2024-11-07T13:00:00,269.9,270.9,258.7,263.8,418239852.78677034
2024-11-07T17:00:00,263.8,269.0,262.7,263.9,193894028.84339026
2024-11-07T21:00:00,263.8,267.3,256.7,267.1,290190261.6435604
2024-11-08T01:00:00,266.9,270.3,261.0,265.3,159158381.22214755
2024-11-08T05:00:00,265.3,267.8,261.6,265.5,170487473.35606033
2024-11-08T09:00:00,265.5,274.3,264.0,269.3,457995691.368117
2024-11-08T13:00:00,269.2,278.9,268.0,275.6,473657396.3011372
2024-11-08T17:00:00,275.6,275.8,270.0,272.9,346867270.9769048
2024-11-08T21:00:00,272.9,277.4,268.7,274.2,322796651.9701769
2024-11-09T01:00:00,274.1,275.5,266.2,274.7,190234828.835916
2024-11-09T05:00:00,274.8,288.5,272.3,281.6,532034740.8757558
2024-11-09T09:00:00,281.6,285.3,275.7,278.6,486367493.47312814
2024-11-09T13:00:00,278.6,292.8,277.8,290.7,462378554.3320227
2024-11-09T17:00:00,290.6,295.2,287.8,288.8,461879562.10000175
2024-11-09T21:00:00,288.8,289.7,283.4,286.7,233515575.93711495
2024-11-10T01:00:00,286.6,293.5,281.0,289.6,142493051.15044743
2024-11-10T05:00:00,289.5,304.5,289.4,303.1,544716159.861107
2024-11-10T09:00:00,303.0,318.5,299.6,316.6,987032537.0304338
2024-11-10T13:00:00,316.6,320.9,311.8,314.8,528151923.3036018
2024-11-10T17:00:00,314.7,338.2,314.3,336.8,866147211.219799
2024-11-10T21:00:00,336.5,344.4,326.1,341.2,1298879705.4372697
2024-11-11T01:00:00,341.2,401.4,337.8,374.0,1963138231.5746503
2024-11-11T05:00:00,373.9,396.3,343.5,385.0,1399300757.1100023
2024-11-11T09:00:00,385.0,423.0,381.6,410.4,2161850281.389833
2024-11-11T13:00:00,410.3,415.4,378.3,394.4,1464552996.4921205
2024-11-11T17:00:00,394.3,412.7,387.8,409.4,884326277.9408046
2024-11-11T21:00:00,409.5,434.0,399.0,431.1,1513017526.9207048
2024-11-12T01:00:00,431.2,458.0,430.6,442.8,1395119574.3485272
2024-11-12T05:00:00,442.8,494.9,440.8,494.5,1616475765.1117656
2024-11-12T09:00:00,494.7,518.9,456.5,513.5,3001811651.0766325
2024-11-12T13:00:00,513.5,598.0,506.9,586.6,3302442135.4635935
2024-11-12T17:00:00,586.6,623.8,491.0,564.0,4410961365.831457
2024-11-12T21:00:00,564.2,576.8,485.1,529.2,3428728516.991364
2024-11-13T01:00:00,529.2,562.0,501.8,542.2,931265765.4617316
2024-11-13T05:00:00,542.0,568.5,522.2,539.6,926788294.1924672
2024-11-13T09:00:00,539.6,590.9,523.6,534.1,2416663666.1940494
2024-11-13T13:00:00,534.4,550.0,502.4,540.2,1620328439.4234183
2024-11-13T17:00:00,540.0,559.4,526.4,551.7,1144421561.2994106
2024-11-13T21:00:00,552.0,605.0,540.0,588.0,2769542091.658257
2024-11-14T01:00:00,588.3,595.0,541.5,545.8,940576231.017481
2024-11-14T05:00:00,545.6,574.0,531.2,565.6,748299083.445263
2024-11-14T09:00:00,565.6,569.4,540.9,550.0,889401989.5410532
2024-11-14T13:00:00,550.0,569.9,547.0,564.4,564197188.2376952
2024-11-14T17:00:00,564.4,578.6,557.4,564.0,886989803.6229618
2024-11-14T21:00:00,563.9,587.0,545.5,549.5,1381139448.0776772
2024-11-15T01:00:00,549.5,569.0,546.2,559.0,338699552.7994424
2024-11-15T05:00:00,559.0,559.2,494.6,516.1,1255878630.790956
2024-11-15T09:00:00,516.1,539.3,514.3,526.5,874971357.442812
2024-11-15T13:00:00,526.5,528.4,503.0,519.5,611657592.8682859
2024-11-15T17:00:00,519.5,534.9,513.3,528.7,415917006.8140737
2024-11-15T21:00:00,528.8,538.8,503.5,508.3,818374411.5338453
2024-11-16T01:00:00,508.3,527.7,504.4,522.1,276997412.65172005
2024-11-16T05:00:00,522.1,538.7,520.9,536.4,476747583.69867235
2024-11-16T09:00:00,536.3,539.7,524.6,534.5,437271945.9226755
2024-11-16T13:00:00,534.5,549.2,526.5,533.2,657603236.9788662
2024-11-16T17:00:00,533.2,536.7,522.0,527.4,463744387.3148929
2024-11-16T21:00:00,527.4,529.2,505.1,512.4,706930073.6856943
2024-11-17T01:00:00,512.5,523.9,509.2,519.3,178437975.17497814
2024-11-17T05:00:00,519.2,520.3,506.5,511.3,226510424.1256956
2024-11-17T09:00:00,511.1,521.0,476.1,495.0,932545659.5075974
2024-11-17T13:00:00,495.0,505.2,490.0,503.0,318355332.83193475
2024-11-17T17:00:00,503.0,526.7,501.1,505.6,614630436.6457859
2024-11-17T21:00:00,505.7,519.9,502.0,510.0,368551605.9538754
2024-11-18T01:00:00,510.0,517.9,500.1,505.7,125659439.33817694
2024-11-18T05:00:00,506.0,517.3,497.6,516.4,208271038.3100023
2024-11-18T09:00:00,516.5,525.5,508.5,520.7,449118380.94009846
2024-11-18T13:00:00,520.7,532.4,515.4,523.7,559045577.534746
2024-11-18T17:00:00,523.8,530.4,508.1,511.0,424189097.0263394
2024-11-18T21:00:00,511.0,528.3,505.9,526.1,433341349.7349219
2024-11-19T01:00:00,526.1,529.2,510.2,516.8,241940997.49532363
2024-11-19T05:00:00,516.9,530.0,514.4,521.0,270356983.6613566
2024-11-19T09:00:00,520.9,527.8,515.5,526.7,275203633.29348665
2024-11-19T13:00:00,526.6,554.5,526.5,543.9,1161367404.7084754
2024-11-19T17:00:00,543.9,546.9,531.6,536.6,359279817.0398644
2024-11-19T21:00:00,536.7,566.8,536.2,553.0,1108372245.429981
2024-11-20T01:00:00,552.7,583.3,551.0,565.7,624516133.3229818
2024-11-20T05:00:00,565.9,569.4,535.2,548.9,521593752.42104524
2024-11-20T09:00:00,548.8,550.7,525.8,536.6,473802698.7421635
2024-11-20T13:00:00,536.6,551.0,533.8,546.3,287339514.9674823
2024-11-20T17:00:00,546.3,554.1,538.4,545.7,397465035.851365
2024-11-20T21:00:00,545.6,553.0,536.0,549.4,444220549.9431368
2024-11-21T01:00:00,549.4,549.5,519.0,526.5,331354379.56355417
2024-11-21T05:00:00,526.4,538.0,524.4,533.7,150757815.61194804
2024-11-21T09:00:00,534.0,545.8,524.6,532.5,419246294.6569375
2024-11-21T13:00:00,532.5,547.4,532.3,541.8,395034258.9820922
2024-11-21T17:00:00,541.8,543.6,535.1,539.8,190272033.8431141
2024-11-21T21:00:00,539.7,552.3,531.0,534.5,598230523.802081
2024-11-22T01:00:00,534.5,543.0,533.2,537.9,156648934.60868037
2024-11-22T05:00:00,537.9,544.4,536.0,540.2,221846356.90335873
2024-11-22T09:00:00,540.2,564.0,534.0,549.6,917582057.3566068
2024-11-22T13:00:00,549.7,556.5,546.5,547.5,392360330.05751336
2024-11-22T17:00:00,547.5,551.0,541.3,549.5,308457620.06065136
2024-11-22T21:00:00,549.5,580.3,520.0,561.2,1980334653.9924464
2024-11-23T01:00:00,561.1,574.9,551.3,556.4,442928545.811096
2024-11-23T05:00:00,556.5,579.3,556.1,571.0,508982314.80678964
2024-11-23T09:00:00,571.0,600.0,560.0,599.0,1496567970.0236087
2024-11-23T13:00:00,598.9,660.0,598.9,637.0,1964861450.024564
2024-11-23T17:00:00,637.1,659.9,626.2,648.0,822162564.8380814
2024-11-23T21:00:00,648.0,654.6,623.6,624.4,644776390.7225904
2024-11-24T01:00:00,624.3,628.8,580.8,591.6,808813340.9237355
2024-11-24T05:00:00,591.5,618.6,577.6,600.5,441487103.46003664
2024-11-24T09:00:00,600.5,629.8,595.2,612.3,750698342.6060772
2024-11-24T13:00:00,612.3,614.7,595.5,606.9,447276181.76545274
2024-11-24T17:00:00,606.9,608.0,567.0,569.6,669841956.880872
2024-11-24T21:00:00,569.6,586.2,547.0,554.5,881962399.3267672
2024-11-25T01:00:00,554.1,584.0,552.0,578.2,179412839.0847579
2024-11-25T05:00:00,578.1,609.0,576.2,597.9,404764102.4802972
2024-11-25T09:00:00,597.5,598.7,566.3,583.4,355990228.78834444
2024-11-25T13:00:00,583.4,591.4,578.8,590.0,209631625.28940874
2024-11-25T17:00:00,589.9,601.9,580.6,585.3,349888868.56990546
2024-11-25T21:00:00,585.3,588.6,557.1,575.4,384543348.83926976
2024-11-26T01:00:00,575.4,589.8,558.5,564.7,229448876.97296643
2024-11-26T05:00:00,564.7,570.5,538.6,547.8,459250777.7164272
2024-11-26T09:00:00,547.8,568.3,542.6,563.2,400853077.45477027
2024-11-26T13:00:00,563.2,567.7,552.2,554.4,186195552.74034527
2024-11-26T17:00:00,554.5,554.8,510.0,527.4,723073047.6845495
2024-11-26T21:00:00,527.5,541.1,514.3,530.3,407721444.2696348
2024-11-27T01:00:00,530.5,544.3,520.1,531.2,119174297.70277937
2024-11-27T05:00:00,531.0,543.7,530.0,541.3,131875159.65403055
2024-11-27T09:00:00,541.3,548.8,530.0,540.9,257338255.56979486
2024-11-27T13:00:00,541.0,558.4,540.5,555.0,207798942.60442296
2024-11-27T17:00:00,555.0,555.2,542.3,544.0,242347340.79298538
2024-11-27T21:00:00,544.1,559.5,537.0,555.6,260545339.94403416
2024-11-28T01:00:00,555.7,560.2,550.5,557.2,97927227.44150023
2024-11-28T05:00:00,557.0,563.0,554.2,556.3,163315472.35872617
2024-11-28T09:00:00,556.2,596.1,552.0,567.9,791222989.8849506
2024-11-28T13:00:00,567.8,574.0,559.5,561.9,193676992.64900976
2024-11-28T17:00:00,561.9,567.3,554.0,561.5,179406634.93111253
2024-11-28T21:00:00,561.7,564.7,550.2,551.9,165278757.3449407
2024-11-29T01:00:00,551.9,559.7,551.8,557.5,46189318.03982498
2024-11-29T05:00:00,557.6,563.4,554.8,559.2,94597958.80672564
2024-11-29T09:00:00,559.3,567.1,556.2,565.4,171209805.10466614
2024-11-29T13:00:00,565.4,566.7,557.5,557.8,181189005.19130594
2024-11-29T17:00:00,558.1,575.8,557.8,572.8,250010890.6823931
2024-11-29T21:00:00,572.8,586.2,569.3,579.5,435266115.98178834
2024-11-30T01:00:00,579.5,598.4,576.0,598.4,249168018.54867497
2024-11-30T05:00:00,598.4,603.6,585.7,587.9,298023555.3419985
2024-11-30T09:00:00,588.0,590.0,576.0,584.7,323858414.8880366
2024-11-30T13:00:00,584.7,603.6,582.0,597.9,417729755.05720955
2024-11-30T17:00:00,597.9,602.3,582.7,587.2,302823337.8811124
2024-11-30T21:00:00,587.2,590.6,581.0,586.8,154096439.2614078
2024-12-01T01:00:00,586.5,594.5,585.8,590.5,70273614.855931
2024-12-01T05:00:00,590.5,594.4,584.5,585.2,121984576.47424605
2024-12-01T09:00:00,585.1,610.0,580.1,591.4,754392912.1517824
2024-12-01T13:00:00,591.4,602.0,591.0,594.7,229831811.86155242
2024-12-01T17:00:00,594.6,599.0,584.9,591.3,212572492.96822578
2024-12-01T21:00:00,591.2,596.6,587.1,594.2,217467746.26964492
2024-12-02T01:00:00,594.3,615.0,591.0,595.7,465160615.83393663
2024-12-02T05:00:00,596.1,619.5,588.8,606.3,509354199.60988474
2024-12-02T09:00:00,606.3,642.7,603.7,617.0,988713932.918618
2024-12-02T13:00:00,616.9,621.7,597.3,599.9,527229464.594235
2024-12-02T17:00:00,599.9,600.7,560.2,575.9,731319724.700371
2024-12-02T21:00:00,575.8,614.2,573.6,602.1,653690133.2494134
2024-12-03T01:00:00,602.1,608.9,575.5,593.0,347759068.5137275
2024-12-03T05:00:00,592.9,596.0,585.0,591.7,199122560.57587346
2024-12-03T09:00:00,591.8,604.8,580.6,588.0,440214531.621639
2024-12-03T13:00:00,588.0,596.0,575.0,583.1,344258626.9326602
2024-12-03T17:00:00,583.0,587.5,576.6,581.7,194781834.90042877
2024-12-03T21:00:00,581.8,582.4,300.0,563.5,2024105725.4570394
2024-12-04T01:00:00,563.7,574.9,554.9,570.5,432511293.2808174
2024-12-04T05:00:00,570.4,582.8,567.2,567.4,255019418.49794835
2024-12-04T09:00:00,567.4,589.0,567.1,583.5,341156472.65102947
2024-12-04T13:00:00,583.8,592.5,582.0,589.3,183014995.61747473
2024-12-04T17:00:00,589.3,592.1,582.9,585.2,161379393.42829832
2024-12-04T21:00:00,585.1,586.7,571.6,581.6,227745220.77696443
2024-12-05T01:00:00,581.6,586.9,563.4,584.1,137524153.85621136
2024-12-05T05:00:00,584.0,611.7,581.2,610.5,561731595.3983549
2024-12-05T09:00:00,610.6,632.0,568.7,607.2,1221419460.311234
2024-12-05T13:00:00,607.2,650.0,607.0,617.5,1090702248.099838
2024-12-05T17:00:00,617.5,629.4,611.3,624.6,315180538.2531343
2024-12-05T21:00:00,624.6,639.1,611.4,617.4,463631145.1229229
2024-12-06T01:00:00,617.5,625.7,608.8,609.9,180044817.47265112
2024-12-06T05:00:00,609.9,615.1,591.0,604.7,345325906.78775805
2024-12-06T09:00:00,604.7,618.0,597.5,613.1,273009631.15097076
2024-12-06T13:00:00,613.1,614.3,608.5,612.4,133107675.78194085
2024-12-06T17:00:00,612.4,619.0,595.0,599.5,275736142.0608791
2024-12-06T21:00:00,599.5,609.9,585.6,603.5,315681858.7727218
2024-12-07T01:00:00,603.5,612.3,602.2,610.2,80292703.98877785
2024-12-07T05:00:00,610.2,612.3,601.9,606.9,116269652.11958916
2024-12-07T09:00:00,606.8,614.2,603.0,605.2,203577871.3548537
2024-12-07T13:00:00,605.2,632.3,602.8,620.2,511713062.4021261
2024-12-07T17:00:00,620.7,630.9,613.8,627.5,350514111.195541
2024-12-07T21:00:00,627.4,632.6,617.0,627.6,220574410.37599733
2024-12-08T01:00:00,627.6,648.7,626.1,646.2,288640903.32391226
2024-12-08T05:00:00,646.4,647.1,629.6,629.9,166140841.92623112
2024-12-08T09:00:00,629.9,654.5,626.5,653.8,423088894.0653175
2024-12-08T13:00:00,653.9,678.2,650.8,650.9,853684739.7715838
2024-12-08T17:00:00,651.0,653.0,628.1,645.2,420598955.8998315
2024-12-08T21:00:00,645.2,652.2,636.0,646.7,238808441.23388544
2024-12-09T01:00:00,646.5,656.0,641.4,650.6,111261841.37896246
2024-12-09T05:00:00,650.5,652.2,644.0,651.0,93526302.13112497
2024-12-09T09:00:00,651.0,652.7,626.0,635.7,324832444.0048723
2024-12-09T13:00:00,635.7,639.2,619.5,626.6,243346793.67009234
2024-12-09T17:00:00,626.6,627.7,600.1,603.0,452371817.811376
2024-12-09T21:00:00,603.0,632.0,600.0,613.7,393415931.2452648
2024-12-10T01:00:00,613.2,621.2,611.0,612.0,60849420.57399595
2024-12-10T05:00:00,612.1,613.2,558.8,592.1,737739711.7098777
2024-12-10T09:00:00,592.5,604.9,548.4,571.2,818422024.7620028
2024-12-10T13:00:00,571.1,593.3,555.0,584.4,326549446.8677627
2024-12-10T17:00:00,584.4,594.0,577.0,583.6,191175287.046025
2024-12-10T21:00:00,583.2,584.4,538.7,539.1,405875538.16506904
2024-12-11T01:00:00,539.0,556.9,530.0,552.0,259296155.60213062
2024-12-11T05:00:00,552.2,570.8,549.7,564.8,290125730.52977276
2024-12-11T09:00:00,564.7,574.4,533.7,555.1,427335548.83764565
2024-12-11T13:00:00,555.1,561.0,550.0,550.2,105938597.69436452
2024-12-11T17:00:00,550.3,577.7,550.1,572.7,211259076.4139621
2024-12-11T21:00:00,572.7,594.9,569.9,586.3,337636363.1097392
2024-12-12T01:00:00,586.1,593.4,575.0,588.3,95546016.29420632
2024-12-12T05:00:00,588.2,592.9,584.3,585.6,105338125.55097169
2024-12-12T09:00:00,585.6,598.8,576.3,590.3,234689202.31946597
2024-12-12T13:00:00,590.2,599.8,587.0,587.5,178517759.16724738
2024-12-12T17:00:00,587.9,593.7,580.7,584.4,125815065.26901531
2024-12-12T21:00:00,584.5,593.9,581.0,589.0,160497915.9179234
2024-12-13T01:00:00,589.0,592.0,574.5,575.5,74062757.56980953
2024-12-13T05:00:00,575.5,585.7,575.0,579.9,74050783.53976336
2024-12-13T09:00:00,580.2,585.4,571.0,582.6,119658088.8038836
2024-12-13T13:00:00,582.6,584.1,572.8,578.0,75676807.20580766
2024-12-13T17:00:00,578.0,582.0,573.5,577.0,62784316.08358705
2024-12-13T21:00:00,577.0,586.6,575.2,576.9,141774783.1211454
2024-12-14T01:00:00,576.9,582.4,573.0,576.2,68536068.85368626
2024-12-14T05:00:00,576.2,582.9,575.0,582.1,60085320.84796015
2024-12-14T09:00:00,582.2,588.2,578.3,583.6,110567309.9144809
2024-12-14T13:00:00,583.6,587.0,581.3,584.4,79250118.43349504
2024-12-14T17:00:00,584.4,588.8,580.0,581.8,74812776.18785432
2024-12-14T21:00:00,581.5,582.2,561.6,570.6,189605199.14455706
2024-12-15T01:00:00,570.9,570.9,559.7,565.6,78201104.93184713
2024-12-15T05:00:00,565.6,575.3,560.1,572.4,54292862.04939368
2024-12-15T09:00:00,572.5,574.5,566.9,570.4,75867181.15560804
2024-12-15T13:00:00,570.4,575.5,566.2,570.1,75358992.49710642
2024-12-15T17:00:00,570.2,574.1,568.0,574.0,54153470.62901511
2024-12-15T21:00:00,574.0,582.3,573.3,577.5,125923442.26985858
2024-12-16T01:00:00,577.2,580.0,575.5,576.9,20720195.61695752
2024-12-16T05:00:00,576.9,587.8,572.5,581.0,88852024.78192589
2024-12-16T09:00:00,581.0,592.2,577.7,582.3,176988495.53288788
2024-12-16T13:00:00,582.1,584.4,579.0,582.1,72157429.75006932
2024-12-16T17:00:00,582.1,583.1,569.0,571.8,96887417.39779054
2024-12-16T21:00:00,571.8,579.9,569.5,579.3,79676335.2699863
2024-12-17T01:00:00,579.4,592.0,576.6,584.8,191671260.16250053
2024-12-17T05:00:00,584.6,585.9,579.0,581.6,66494134.55753937
2024-12-17T09:00:00,581.6,584.4,573.3,583.4,133253231.70337272
2024-12-17T13:00:00,583.4,583.8,576.0,577.8,83538424.96767111
2024-12-17T17:00:00,577.8,590.7,577.5,585.6,224545130.6660012
2024-12-17T21:00:00,585.5,598.9,577.0,580.9,310825848.6162181
2024-12-18T01:00:00,580.8,585.9,578.2,581.8,41283044.67541369
2024-12-18T05:00:00,582.0,585.5,573.3,577.5,101425943.9921683
2024-12-18T09:00:00,577.5,581.0,570.0,570.7,129143080.28137635
2024-12-18T13:00:00,570.6,570.7,554.5,563.8,193826695.90978366
2024-12-18T17:00:00,564.1,573.0,561.5,571.8,66825618.34169355
2024-12-18T21:00:00,572.1,573.1,561.9,568.3,81984791.34598318
2024-12-19T01:00:00,568.3,574.6,559.6,559.6,50530018.49805828
2024-12-19T05:00:00,559.6,561.6,523.8,528.6,389103448.4613616
2024-12-19T09:00:00,528.6,549.2,507.1,548.9,417337491.9183681
2024-12-19T13:00:00,548.8,548.9,538.1,542.0,81170091.77797142
2024-12-19T17:00:00,541.9,548.7,534.8,545.5,98550085.82273848
2024-12-19T21:00:00,545.6,546.4,516.4,527.0,168798748.76667765
2024-12-20T01:00:00,526.8,528.6,462.2,475.0,619584386.2169366
2024-12-20T05:00:00,475.0,494.9,459.2,476.3,591635629.3431531
2024-12-20T09:00:00,476.4,494.0,464.9,483.7,494572118.0053346
2024-12-20T13:00:00,483.7,487.9,468.2,474.6,208946315.6971893
2024-12-20T17:00:00,474.6,475.0,403.8,408.7,1080643698.5365202
2024-12-20T21:00:00,408.7,469.5,404.8,460.9,1002618422.7012265
2024-12-21T01:00:00,460.9,480.8,456.9,476.4,208090384.81530586
2024-12-21T05:00:00,477.1,487.9,458.6,481.8,259273198.57981676
2024-12-21T09:00:00,481.9,506.0,474.0,491.2,471045546.96823364
2024-12-21T13:00:00,491.2,526.1,489.2,520.2,528391318.37032306
2024-12-21T17:00:00,520.1,523.0,500.6,506.6,297072064.0027403
2024-12-21T21:00:00,506.5,506.8,473.2,494.5,531211820.62654114
2024-12-22T01:00:00,494.2,497.7,480.0,489.2,107366779.9081549
2024-12-22T05:00:00,489.1,493.8,481.5,486.8,87256609.6228566
2024-12-22T09:00:00,486.8,491.9,473.9,481.4,219542450.87084192
2024-12-22T13:00:00,481.3,482.3,465.5,474.0,169187682.94041592
2024-12-22T17:00:00,474.0,490.9,473.7,483.3,156128771.51601312
2024-12-22T21:00:00,483.5,487.7,470.5,475.0,157527705.31675723
2024-12-23T01:00:00,475.7,485.8,471.0,472.1,58349022.5954917
2024-12-23T05:00:00,472.0,480.0,467.0,475.9,90794399.19802995
2024-12-23T09:00:00,475.6,486.2,460.1,485.5,242860047.12286535
2024-12-23T13:00:00,485.5,488.1,468.8,473.3,119670269.58326231
2024-12-23T17:00:00,473.5,481.5,470.3,475.0,79355422.24257018
2024-12-23T21:00:00,475.0,478.8,462.0,464.1,143875494.8516749
2024-12-24T01:00:00,464.4,481.3,463.4,478.2,70835391.43222465
2024-12-24T05:00:00,478.2,494.4,476.3,489.4,164707602.21327138
2024-12-24T09:00:00,489.2,489.3,476.6,483.6,100641140.71814424
2024-12-24T13:00:00,483.6,487.5,480.1,483.5,56443946.00549534
2024-12-24T17:00:00,483.5,485.5,479.0,484.0,47594209.78947101
2024-12-24T21:00:00,483.9,509.8,480.7,504.0,312514817.96730095
2024-12-25T01:00:00,504.0,505.8,494.5,494.6,109724069.445492
2024-12-25T05:00:00,494.7,503.5,490.0,501.1,81499582.9662519
2024-12-25T09:00:00,501.0,505.3,491.3,493.6,186079278.69308278
2024-12-25T13:00:00,494.2,500.7,492.4,495.5,78505182.769937
2024-12-25T17:00:00,495.5,510.9,495.0,495.5,148806513.02491534
2024-12-25T21:00:00,495.9,499.4,492.8,495.4,88856901.10823849
2024-12-26T01:00:00,495.4,498.3,490.2,497.4,45112657.99581146
2024-12-26T05:00:00,497.4,499.7,492.0,497.7,56630772.46802056
2024-12-26T09:00:00,497.5,503.7,492.1,492.2,97413944.61599745
2024-12-26T13:00:00,492.3,492.3,482.4,483.6,93256339.61841276
2024-12-26T17:00:00,483.6,484.6,471.3,478.2,129720533.28710903
2024-12-26T21:00:00,478.5,480.1,471.6,473.8,69878095.15210807
2024-12-27T01:00:00,473.5,478.0,468.6,473.7,34938208.07908613
2024-12-27T05:00:00,473.7,475.7,466.4,470.8,45790587.35964435
2024-12-27T09:00:00,470.8,479.7,464.9,475.1,107616138.64436764
2024-12-27T13:00:00,475.1,477.0,465.0,469.1,52256185.22948826
2024-12-27T17:00:00,469.1,485.9,468.9,482.4,93536975.50558534
2024-12-27T21:00:00,482.4,482.7,467.3,470.7,65062846.0934415
2024-12-28T01:00:00,470.8,475.7,467.9,474.7,23057264.45382173
2024-12-28T05:00:00,474.7,474.9,467.3,469.8,24392831.36631124
2024-12-28T09:00:00,469.7,474.6,468.1,473.1,52867773.79249144
2024-12-28T13:00:00,473.2,477.0,470.5,473.2,37027145.91113874
2024-12-28T17:00:00,473.2,477.6,473.0,476.0,28480793.22467631
2024-12-28T21:00:00,476.1,481.9,474.9,477.8,40927810.62723266
2024-12-29T01:00:00,477.7,485.0,477.7,482.0,24799437.40582435
2024-12-29T05:00:00,481.9,489.1,481.0,484.1,30913878.37470648
2024-12-29T09:00:00,484.1,487.1,479.5,485.8,44849153.15748726
2024-12-29T13:00:00,485.8,492.0,483.4,491.7,38124696.72706262
2024-12-29T17:00:00,491.8,491.9,485.5,485.6,35495879.84716761
2024-12-29T21:00:00,485.5,486.9,476.1,477.8,54364056.89302263
2024-12-30T01:00:00,477.5,478.0,471.0,473.2,31611085.10284847
2024-12-30T05:00:00,473.1,475.1,464.4,468.9,63183538.2910443
2024-12-30T09:00:00,469.0,479.4,466.9,474.2,61432942.63457482
2024-12-30T13:00:00,474.2,476.8,466.1,473.8,57847342.5422499
2024-12-30T17:00:00,473.9,478.5,472.5,475.8,40294176.47826079
2024-12-30T21:00:00,475.7,478.8,455.5,463.0,131778439.50028805
2024-12-31T01:00:00,463.0,474.4,457.8,473.1,46943679.47528104
2024-12-31T05:00:00,473.1,477.5,460.9,466.8,44170905.90110788
2024-12-31T09:00:00,466.7,467.7,458.3,459.9,61543904.78806802
2024-12-31T13:00:00,459.7,463.0,457.0,462.1,42282648.78048751
2024-12-31T17:00:00,462.3,477.0,462.1,474.5,82682410.87507057
2024-12-31T21:00:00,474.5,488.5,474.1,485.3,146163959.44991696
2025-01-01T01:00:00,485.1,485.5,478.8,480.6,11128127.41903125
2025-01-01T05:00:00,480.6,480.6,468.7,471.1,32525268.94552862
2025-01-01T09:00:00,470.8,480.0,470.0,476.7,36238617.76074482
2025-01-01T13:00:00,476.6,476.8,472.2,473.7,32330492.18260808
2025-01-01T17:00:00,473.7,475.0,466.6,473.5,54591902.13974231
2025-01-01T21:00:00,473.5,479.6,473.5,479.2,56474876.42779572
2025-01-02T01:00:00,479.3,485.1,473.3,484.0,70299305.97578895
2025-01-02T05:00:00,483.6,487.7,482.4,485.7,60582350.88966
2025-01-02T09:00:00,485.6,508.2,484.5,494.6,288966868.20648307
2025-01-02T13:00:00,494.6,499.5,486.8,496.6,104196389.79621397
2025-01-02T17:00:00,496.7,514.2,495.1,507.5,245628252.62690705
2025-01-02T21:00:00,507.3,511.0,496.8,500.0,145632585.73160917
2025-01-03T01:00:00,499.9,504.1,497.1,502.0,35258582.13750039
2025-01-03T05:00:00,502.0,504.0,499.3,502.9,22374474.09300923
2025-01-03T09:00:00,502.8,506.9,496.3,505.2,107350093.61786383
2025-01-03T13:00:00,505.2,505.4,499.2,500.2,60614581.75536478
2025-01-03T17:00:00,500.1,519.0,499.3,517.8,119647939.70196415
2025-01-03T21:00:00,517.7,545.0,516.5,541.5,568405483.6317949
2025-01-04T01:00:00,541.6,563.0,538.6,558.5,255894798.4002301
2025-01-04T05:00:00,558.4,573.0,551.1,559.7,220836820.79168102
2025-01-04T09:00:00,559.6,582.5,555.6,577.8,392258011.16641
2025-01-04T13:00:00,577.8,582.0,567.3,573.3,236449870.5696171
2025-01-04T17:00:00,573.3,579.9,566.5,579.7,127363916.9596891
2025-01-04T21:00:00,579.7,582.5,557.6,561.9,230555197.25805908
2025-01-05T01:00:00,561.8,568.9,561.1,566.9,56677463.5232973
2025-01-05T05:00:00,566.9,587.0,565.8,581.2,149194082.73970267
2025-01-05T09:00:00,580.9,586.8,570.7,572.3,194410962.39749393
2025-01-05T13:00:00,572.3,577.8,572.0,573.7,80319324.05196358
2025-01-05T17:00:00,573.7,573.7,560.1,563.4,152326163.87042776
2025-01-05T21:00:00,563.4,567.3,554.1,565.1,118679974.71208705
2025-01-06T01:00:00,565.1,566.7,557.8,562.0,23792571.45601114
2025-01-06T05:00:00,562.0,566.7,560.3,562.6,46628495.91029676
2025-01-06T09:00:00,563.0,573.8,553.8,568.2,134565601.3467041
2025-01-06T13:00:00,568.3,572.0,560.4,565.3,68053252.48170798
2025-01-06T17:00:00,565.4,571.2,562.0,569.2,51226738.25449054
2025-01-06T21:00:00,569.0,576.0,562.5,570.8,107155731.65957353
2025-01-07T01:00:00,570.8,578.4,563.9,570.0,47751106.06844846
2025-01-07T05:00:00,570.0,572.2,566.5,569.8,30235627.64848031
2025-01-07T09:00:00,569.6,584.3,566.8,574.6,139616740.46127185
2025-01-07T13:00:00,574.6,576.7,570.5,572.9,57770103.60461556
2025-01-07T17:00:00,572.7,580.0,561.0,565.4,117401438.4238857
2025-01-07T21:00:00,565.4,569.3,530.6,541.8,279131202.20581025
2025-01-08T01:00:00,541.7,548.7,523.3,527.7,149062706.93624827
2025-01-08T05:00:00,527.7,532.1,520.1,520.7,156292828.0493156
2025-01-08T09:00:00,520.6,529.0,514.1,528.2,184393981.98162633
2025-01-08T13:00:00,528.1,529.6,507.3,514.7,152857496.02066684
2025-01-08T17:00:00,514.7,525.4,514.6,517.0,85148314.53893653
2025-01-08T21:00:00,517.0,527.9,508.2,518.9,185323040.7067457
2025-01-09T01:00:00,519.4,519.4,495.1,504.9,120219073.10949129
2025-01-09T05:00:00,504.9,516.3,501.3,513.2,68052275.49220821
2025-01-09T09:00:00,513.2,519.0,504.0,504.3,116853815.24877068
2025-01-09T13:00:00,504.3,508.2,495.1,497.5,94873313.54360405
2025-01-09T17:00:00,497.6,503.4,488.3,495.1,128795980.474727
2025-01-09T21:00:00,495.1,506.0,480.1,501.0,167265875.03340763
2025-01-10T01:00:00,501.0,504.3,480.0,481.0,77478450.85969327
2025-01-10T05:00:00,480.8,490.0,478.4,484.8,76762675.74018978
2025-01-10T09:00:00,484.8,497.3,484.8,496.1,104357792.66747078
2025-01-10T13:00:00,496.1,511.7,491.0,505.9,96663688.83704332
2025-01-10T17:00:00,505.5,510.0,502.9,505.3,65706325.98206474
2025-01-10T21:00:00,505.3,506.3,486.2,496.1,164927928.4642298
2025-01-11T01:00:00,496.1,509.6,492.1,503.2,38469475.02641488
2025-01-11T05:00:00,503.2,505.5,499.2,502.1,26720008.28313166
2025-01-11T09:00:00,502.2,503.9,498.4,501.0,50775076.33984913
2025-01-11T13:00:00,501.0,502.8,497.6,500.2,33303003.04990862
2025-01-11T17:00:00,500.4,510.1,498.8,507.6,51167258.52104761
2025-01-11T21:00:00,507.7,508.7,502.4,503.6,33052331.11474351
2025-01-12T01:00:00,503.9,508.0,500.8,507.3,28661432.76889165
2025-01-12T05:00:00,507.7,520.5,506.1,510.4,84819488.96200582
2025-01-12T09:00:00,510.5,511.6,505.4,510.5,61961941.8214831
2025-01-12T13:00:00,510.4,514.7,507.1,510.2,35346723.78023772
2025-01-12T17:00:00,510.2,510.5,503.0,505.6,42342600.94362176
2025-01-12T21:00:00,505.7,513.5,503.9,511.3,34702813.46558389
2025-01-13T01:00:00,511.2,512.3,507.5,509.3,13789636.05406022
2025-01-13T05:00:00,509.0,510.9,500.1,504.4,29933289.19374884
2025-01-13T09:00:00,504.7,518.0,498.0,500.6,100814644.56638882
2025-01-13T13:00:00,500.6,504.4,491.9,494.2,66379066.15991477
2025-01-13T17:00:00,494.3,495.0,480.0,480.1,117730627.73769704
2025-01-13T21:00:00,480.2,498.5,476.2,494.0,158690498.3263323
2025-01-14T01:00:00,494.2,499.0,485.6,494.3,26162144.01022653
2025-01-14T05:00:00,493.9,509.9,492.4,508.2,72826657.45612316
2025-01-14T09:00:00,508.1,517.9,504.2,515.2,113369676.58306736
2025-01-14T13:00:00,515.1,517.0,511.8,512.1,51444871.03230683
2025-01-14T17:00:00,512.1,529.9,512.0,520.3,158014927.3033611
2025-01-14T21:00:00,520.2,528.4,514.4,526.4,110121599.33348691
2025-01-15T01:00:00,526.0,537.7,521.1,526.9,69525682.57831822
2025-01-15T05:00:00,526.8,533.4,523.2,528.3,49610222.76466235
2025-01-15T09:00:00,528.3,541.5,525.9,539.5,177088388.0224806
2025-01-15T13:00:00,539.4,542.5,532.6,535.5,99543231.60980329
2025-01-15T17:00:00,535.2,537.8,517.2,522.5,137477676.57260475
2025-01-15T21:00:00,522.4,555.0,517.0,545.6,314461772.64964956
2025-01-16T01:00:00,545.7,555.0,543.5,554.6,67205048.67148277
2025-01-16T05:00:00,554.3,568.5,550.0,564.8,141267965.0826326
2025-01-16T09:00:00,564.5,567.9,545.5,552.1,196920983.84660324
2025-01-16T13:00:00,552.1,559.9,551.5,559.5,54706309.73547757
2025-01-16T17:00:00,559.4,560.6,543.3,556.4,131011989.43225028
2025-01-16T21:00:00,556.3,568.4,545.1,561.1,318795749.6702021
2025-01-17T01:00:00,561.1,570.4,559.8,565.8,101758936.7463531
2025-01-17T05:00:00,565.9,566.8,550.3,552.3,82399635.97562914
2025-01-17T09:00:00,552.3,573.0,552.2,568.1,198058528.1425128
2025-01-17T13:00:00,568.1,586.3,566.6,585.7,196144116.0998647
2025-01-17T17:00:00,585.9,619.9,583.0,604.2,1011433790.8173169
2025-01-17T21:00:00,603.8,612.1,596.0,609.3,313268325.2190004
2025-01-18T01:00:00,609.5,620.8,603.4,611.9,173395469.63204965
2025-01-18T05:00:00,611.8,614.0,603.0,608.5,105144224.34768021
2025-01-18T09:00:00,608.1,641.9,598.0,609.2,908995779.1353178
2025-01-18T13:00:00,609.7,610.9,573.9,588.7,570165643.4430779
2025-01-18T17:00:00,588.7,600.3,580.0,596.6,253339555.1164602
2025-01-18T21:00:00,596.3,603.0,590.0,593.0,180371261.01300335
2025-01-19T01:00:00,593.0,597.6,580.0,591.7,132828640.73482478
2025-01-19T05:00:00,591.7,593.5,584.2,590.0,88174369.72175337
2025-01-19T09:00:00,590.1,609.6,589.9,596.6,342611638.50609833
2025-01-19T13:00:00,596.5,601.5,583.4,591.3,284944645.0876067
2025-01-19T17:00:00,591.2,592.0,548.0,553.2,609624784.7803891
2025-01-19T21:00:00,553.0,597.1,552.7,582.1,422612997.8515621
2025-01-20T01:00:00,582.1,594.0,577.6,590.7,70594797.72579847
2025-01-20T05:00:00,590.4,595.3,531.8,547.6,434337817.9408526
2025-01-20T09:00:00,547.5,557.1,530.0,550.4,363811893.8827186
2025-01-20T13:00:00,550.4,575.1,543.9,563.5,313245991.38168967
2025-01-20T17:00:00,563.5,572.3,559.7,570.4,249285251.8867179
2025-01-20T21:00:00,570.3,571.5,546.0,550.2,302515559.99576527
2025-01-21T01:00:00,550.1,574.0,530.0,539.0,373062895.35049665
2025-01-21T05:00:00,538.8,546.9,518.2,531.8,225075747.98575372
2025-01-21T09:00:00,531.5,534.8,512.0,523.2,257317508.37747228
2025-01-21T13:00:00,522.5,523.2,508.7,515.2,169627408.22228745
2025-01-21T17:00:00,515.4,597.5,512.0,572.4,975852506.8221554
2025-01-21T21:00:00,573.0,585.1,545.8,567.0,812846623.4716151
2025-01-22T01:00:00,567.0,573.8,561.8,568.1,128055290.67569908
2025-01-22T05:00:00,568.1,569.2,549.0,552.7,128806504.10000919
2025-01-22T09:00:00,552.7,555.8,544.2,552.0,177203344.54912922
2025-01-22T13:00:00,551.9,554.8,542.0,543.6,116144778.9081756
2025-01-22T17:00:00,543.6,546.6,536.6,544.1,122361993.53785169
2025-01-22T21:00:00,544.4,546.4,535.5,537.6,117931752.3515576
2025-01-23T01:00:00,537.9,541.6,531.8,536.0,46661192.92457025
2025-01-23T05:00:00,536.1,555.0,531.9,542.2,124744488.17099117
2025-01-23T09:00:00,542.2,544.6,526.0,526.8,121161684.6894474
2025-01-23T13:00:00,526.8,530.5,522.0,529.2,73145769.8463044
2025-01-23T17:00:00,529.2,529.3,520.3,522.8,55117480.41338218
2025-01-23T21:00:00,522.9,534.8,518.0,528.6,154914414.6916821
2025-01-24T01:00:00,528.6,536.1,518.0,519.8,74905837.4054378
2025-01-24T05:00:00,519.8,535.0,515.0,525.1,112355587.31306532
2025-01-24T09:00:00,525.1,527.0,514.0,522.1,161663724.61864263
2025-01-24T13:00:00,522.1,534.5,519.5,532.2,95860477.3193402
2025-01-24T17:00:00,532.2,542.6,532.0,539.9,86988666.01382355
2025-01-24T21:00:00,540.0,540.9,533.3,535.8,74005548.86314924
2025-01-25T01:00:00,535.8,537.4,532.0,533.0,21576748.39718172
2025-01-25T05:00:00,533.0,534.0,524.0,526.6,38664752.31015172
2025-01-25T09:00:00,526.5,531.8,520.5,530.6,62197305.14360233
2025-01-25T13:00:00,530.7,530.7,524.2,524.8,29970403.59864337
2025-01-25T17:00:00,524.9,527.1,521.5,526.7,39678068.00744294
2025-01-25T21:00:00,526.7,542.7,524.0,533.5,93870073.46827884
2025-01-26T01:00:00,533.5,536.8,529.1,533.0,31297742.45224853
2025-01-26T05:00:00,533.0,538.4,530.1,530.3,32633657.40849282
2025-01-26T09:00:00,530.3,533.8,529.1,531.3,40096882.90292338
2025-01-26T13:00:00,531.1,534.7,529.6,531.3,36617133.27167309
2025-01-26T17:00:00,531.3,531.9,525.2,527.9,45581204.71323452
2025-01-26T21:00:00,527.9,529.7,526.5,527.4,29184342.00373024
2025-01-27T01:00:00,527.4,530.8,526.1,528.7,13541428.75651524
2025-01-27T05:00:00,528.8,529.4,511.0,512.9,106313242.59039702
2025-01-27T09:00:00,512.9,515.9,497.0,503.3,227450561.69185275
2025-01-27T13:00:00,503.2,503.2,475.9,488.5,278538501.27366394
2025-01-27T17:00:00,488.5,488.8,477.4,480.5,129242094.40103292
2025-01-27T21:00:00,480.8,502.5,480.1,499.5,153571522.06809357
2025-01-28T01:00:00,499.4,504.0,490.2,495.2,38836223.0422852
2025-01-28T05:00:00,495.3,508.2,494.7,506.9,45745391.69428537
2025-01-28T09:00:00,506.9,511.5,498.9,507.1,81998973.47431077
2025-01-28T13:00:00,507.0,512.9,506.0,507.4,56236627.41538269
2025-01-28T17:00:00,507.4,509.1,503.7,504.8,40299532.85614967
2025-01-28T21:00:00,504.8,510.2,498.8,504.2,95743834.99291521
2025-01-29T01:00:00,504.2,504.6,492.3,496.4,50825776.36663145
2025-01-29T05:00:00,496.1,500.4,487.1,491.2,65668775.084723
2025-01-29T09:00:00,491.2,504.1,490.1,502.0,62978347.58268304
2025-01-29T13:00:00,501.9,506.4,498.5,506.0,51928146.8269672
2025-01-29T17:00:00,505.9,507.4,498.0,500.7,48354759.85984105
2025-01-29T21:00:00,500.6,502.4,494.3,497.9,55019467.50102857
2025-01-30T01:00:00,497.8,508.8,491.7,502.1,48580620.9267818
2025-01-30T05:00:00,502.5,509.7,496.5,497.3,57313975.66618841
2025-01-30T09:00:00,497.3,505.5,495.0,505.4,59771118.86032139
2025-01-30T13:00:00,505.4,505.8,501.1,502.8,40758465.71595456
2025-01-30T17:00:00,502.9,505.2,501.0,503.8,38043226.60784976
2025-01-30T21:00:00,503.7,511.5,501.0,508.3,85633254.91167973
2025-01-31T01:00:00,508.4,509.5,503.8,505.8,24654307.96402371
2025-01-31T05:00:00,505.7,506.6,500.0,500.6,35611935.55642525
2025-01-31T09:00:00,500.6,503.0,495.7,498.5,66991476.36480225
2025-01-31T13:00:00,498.5,501.1,495.6,498.6,34861037.80175084
2025-01-31T17:00:00,498.7,503.0,496.7,501.6,53519266.67345455
2025-01-31T21:00:00,501.6,515.0,500.5,511.5,150571043.1657021
2025-02-01T01:00:00,511.4,514.0,496.2,501.1,57275804.17335424
2025-02-01T05:00:00,501.1,506.8,496.0,502.1,36425911.90653105
2025-02-01T09:00:00,502.2,507.1,500.1,501.5,49870813.20276069
2025-02-01T13:00:00,501.6,504.3,498.1,498.5,38102412.25680148
2025-02-01T17:00:00,498.5,500.3,492.8,500.0,61179508.98795389
2025-02-01T21:00:00,500.1,501.3,494.5,496.5,30593056.96484014
2025-02-02T01:00:00,496.4,498.0,488.4,490.5,34070211.84072111
2025-02-02T05:00:00,490.4,490.7,474.8,482.0,115080782.28649803
2025-02-02T09:00:00,482.1,490.6,468.1,469.5,122950452.37939453
2025-02-02T13:00:00,469.5,477.4,467.2,469.5,96674128.41711397
2025-02-02T17:00:00,469.7,475.4,455.1,457.9,140999510.58545557
2025-02-02T21:00:00,457.9,468.0,455.2,460.1,112389164.41536584
2025-02-03T01:00:00,460.2,460.2,419.8,433.0,376076539.46044046
2025-02-03T05:00:00,433.5,438.9,404.1,423.1,354433334.02947766
2025-02-03T09:00:00,423.1,423.2,336.0,384.7,1057317541.1442713
2025-02-03T13:00:00,385.1,411.8,361.1,411.0,429215080.0319533
2025-02-03T17:00:00,411.1,412.5,391.6,401.6,254809321.7324715
2025-02-03T21:00:00,401.5,429.5,382.5,423.1,394775727.96037036
2025-02-04T01:00:00,423.2,449.9,420.2,447.9,205176701.7654664
2025-02-04T05:00:00,447.8,460.4,429.0,445.6,232365620.21108267
2025-02-04T09:00:00,445.6,451.0,433.5,438.3,181142351.9140791
2025-02-04T13:00:00,438.3,441.1,401.6,406.1,354735710.4842617
2025-02-04T17:00:00,406.0,428.6,403.4,419.0,144988366.99648598
2025-02-04T21:00:00,419.2,431.1,412.5,420.1,165726064.89956912
2025-02-05T01:00:00,420.1,429.1,414.0,414.0,55568147.96991586
2025-02-05T05:00:00,414.0,419.8,405.0,414.9,106887185.88706891
2025-02-05T09:00:00,415.0,420.3,410.0,413.3,83919430.29946575
2025-02-05T13:00:00,413.4,419.6,410.1,414.2,60770185.08672438
2025-02-05T17:00:00,414.3,418.0,410.2,417.7,44994467.35622707
2025-02-05T21:00:00,417.7,420.0,407.2,411.0,68439730.57013376
2025-02-06T01:00:00,411.0,412.0,400.0,406.1,60036769.50209971
2025-02-06T05:00:00,406.2,407.9,398.3,401.2,56552592.13266042
2025-02-06T09:00:00,401.2,407.0,400.0,405.2,49215933.87994246
2025-02-06T13:00:00,405.2,412.2,404.0,408.4,39360838.11658362
2025-02-06T17:00:00,408.5,411.2,404.1,407.6,38779334.00842408
2025-02-06T21:00:00,407.6,408.7,385.9,389.0,113369432.49945419
2025-02-07T01:00:00,389.0,392.5,380.1,381.8,64878932.59757802
2025-02-07T05:00:00,381.8,392.4,381.3,388.7,42860854.08964573
2025-02-07T09:00:00,388.7,393.7,385.3,388.8,61444752.88997083
2025-02-07T13:00:00,388.9,390.8,378.7,382.7,73476360.58378844
2025-02-07T17:00:00,382.7,394.3,381.3,394.3,59980573.2174932
2025-02-07T21:00:00,394.3,403.9,387.0,391.3,162505375.62096593
2025-02-08T01:00:00,391.8,393.0,383.9,387.7,30750937.38948773
2025-02-08T05:00:00,387.6,388.0,371.6,382.0,80618556.29732417
2025-02-08T09:00:00,381.8,387.5,380.0,381.0,56894067.05377716
2025-02-08T13:00:00,380.9,384.7,377.6,383.2,35202079.32870678
2025-02-08T17:00:00,383.1,384.6,380.1,383.7,25477376.75740866
2025-02-08T21:00:00,383.5,387.4,381.5,384.0,35764112.53358131
2025-02-09T01:00:00,383.6,391.2,382.2,388.6,20170568.265926
2025-02-09T05:00:00,388.6,391.2,386.1,389.5,18043462.6119714
2025-02-09T09:00:00,389.5,399.7,388.3,397.9,45524113.76163293
2025-02-09T13:00:00,398.0,398.0,391.0,391.8,40860685.81590553
2025-02-09T17:00:00,391.9,395.2,389.0,389.1,36308740.91575421
2025-02-09T21:00:00,389.0,390.8,380.4,388.3,47768237.09358215
2025-02-10T01:00:00,387.9,390.1,381.6,382.7,14528831.14783032
2025-02-10T05:00:00,383.0,387.0,370.2,380.9,58540651.5246977
2025-02-10T09:00:00,381.0,387.3,370.0,377.4,89334593.24212441
2025-02-10T13:00:00,377.3,383.2,375.8,380.3,34670877.08057295
2025-02-10T17:00:00,380.3,384.2,378.4,380.6,35282806.93261952
2025-02-10T21:00:00,380.8,386.2,377.0,380.7,42464471.49191055
2025-02-11T01:00:00,380.7,386.8,380.1,383.9,14743338.88534347
2025-02-11T05:00:00,383.6,388.5,383.3,387.3,20669537.76630032
2025-02-11T09:00:00,387.3,394.7,386.2,390.5,47163655.78508761
2025-02-11T13:00:00,390.5,406.9,390.4,401.8,88539652.25483096
2025-02-11T17:00:00,401.8,404.7,398.0,400.8,41268604.78020852
2025-02-11T21:00:00,400.8,400.9,387.5,393.3,68317176.52471693
2025-02-12T01:00:00,393.0,394.8,380.0,383.2,33657765.150382
2025-02-12T05:00:00,382.9,390.3,382.2,386.0,31206990.96484388
2025-02-12T09:00:00,385.8,387.9,380.7,381.5,52063087.91213912
2025-02-12T13:00:00,381.5,385.3,380.0,383.9,29469057.79040863
2025-02-12T17:00:00,383.8,389.0,383.6,387.1,27196159.28703943
2025-02-12T21:00:00,387.2,393.8,376.0,385.8,113511490.0221853
2025-02-13T01:00:00,385.8,396.4,380.9,395.1,29327686.94529327
2025-02-13T05:00:00,395.4,403.4,394.0,399.7,53762894.77283665
2025-02-13T09:00:00,399.6,403.4,395.2,399.9,42385965.11012115
2025-02-13T13:00:00,399.9,400.5,388.9,391.1,40115089.64855254
2025-02-13T17:00:00,391.0,392.3,387.0,389.3,35867110.53401234
2025-02-13T21:00:00,389.2,391.8,384.5,389.9,47186441.91493708
2025-02-14T01:00:00,389.6,392.6,385.8,388.1,11771562.27179885
2025-02-14T05:00:00,388.5,399.2,388.1,396.4,60273505.81652585
2025-02-14T09:00:00,396.4,400.0,393.2,397.3,69402199.87096293
2025-02-14T13:00:00,397.3,397.6,392.9,396.5,33099063.07347401
2025-02-14T17:00:00,396.5,414.1,396.4,408.4,179077311.0642384
2025-02-14T21:00:00,408.4,414.1,401.4,408.9,100438859.48331378
2025-02-15T01:00:00,408.7,429.4,405.7,413.9,111248815.99870832
2025-02-15T05:00:00,413.8,415.3,404.0,408.7,54346981.31795655
2025-02-15T09:00:00,408.7,427.0,406.2,419.9,136802096.23579094
2025-02-15T13:00:00,419.9,423.0,412.7,415.3,63782756.4105638
2025-02-15T17:00:00,415.4,423.1,414.9,417.9,59373684.36933238
2025-02-15T21:00:00,417.9,421.8,410.0,415.5,69008526.39081654
2025-02-16T01:00:00,415.2,416.5,408.6,409.4,30074272.70413443
2025-02-16T05:00:00,409.5,412.3,406.2,410.5,25405473.29572108
2025-02-16T09:00:00,410.4,414.3,405.8,408.6,42909546.18154438
2025-02-16T13:00:00,408.6,411.7,406.0,406.8,27632847.84156872
2025-02-16T17:00:00,406.7,409.0,403.9,407.9,30669909.57754268
2025-02-16T21:00:00,407.9,408.0,400.0,403.7,40183255.27709501
2025-02-17T01:00:00,404.0,404.2,398.8,402.5,17860884.02803344
2025-02-17T05:00:00,402.6,405.1,400.0,401.8,21193019.46141026
2025-02-17T09:00:00,401.8,405.3,399.2,401.1,31962373.4639602
2025-02-17T13:00:00,401.1,401.1,391.1,392.6,60906570.75162361
2025-02-17T17:00:00,392.6,400.4,390.6,397.4,40022262.66290375
2025-02-17T21:00:00,397.4,404.4,392.3,394.0,45328209.61443204
2025-02-18T01:00:00,394.0,395.5,385.0,388.3,39983418.9504546
2025-02-18T05:00:00,388.5,393.6,388.0,389.3,27163676.5194233
2025-02-18T09:00:00,389.5,391.5,385.4,388.6,37022566.02978855
2025-02-18T13:00:00,388.3,389.0,373.1,378.3,101080249.23915833
2025-02-18T17:00:00,378.3,382.0,374.2,378.0,35159288.84726575
2025-02-18T21:00:00,378.2,384.6,370.6,372.9,47090119.68525881
2025-02-19T01:00:00,372.9,375.7,366.4,372.5,47283988.42851144
2025-02-19T05:00:00,372.5,378.0,370.7,378.0,23884975.874215
2025-02-19T09:00:00,377.9,380.9,373.2,378.7,38718440.47722569
2025-02-19T13:00:00,378.9,380.1,373.4,379.0,26075598.03257357
2025-02-19T17:00:00,378.9,382.4,376.3,381.3,29081518.93353823
2025-02-19T21:00:00,381.4,382.2,374.1,377.1,31465737.62483166
2025-02-20T01:00:00,377.1,380.3,374.3,376.5,13198234.36062456
2025-02-20T05:00:00,376.4,381.3,375.3,380.9,29280968.29991417
2025-02-20T09:00:00,380.9,383.3,378.1,380.2,36907116.86018132
2025-02-20T13:00:00,380.1,381.8,377.0,378.0,29300669.85290312
2025-02-20T17:00:00,377.9,379.3,375.2,378.7,26266528.3141825
2025-02-20T21:00:00,378.8,381.1,372.4,373.1,36954043.9015227
2025-02-21T01:00:00,373.0,377.5,372.0,376.8,20362302.0664817
2025-02-21T05:00:00,376.6,378.6,373.1,377.2,28523230.399531
2025-02-21T09:00:00,377.2,378.0,372.1,372.2,38801001.86624887
2025-02-21T13:00:00,372.3,375.3,372.1,373.5,28162937.6554213
2025-02-21T17:00:00,373.6,380.5,373.0,376.1,38454284.97126771
2025-02-21T21:00:00,376.1,384.1,370.3,373.0,63987503.91670509
2025-02-22T01:00:00,372.9,376.0,354.4,357.2,71386765.92200741
2025-02-22T05:00:00,357.2,359.5,350.0,356.2,74764283.36669101
2025-02-22T09:00:00,356.2,362.6,352.8,356.7,56941260.39757434
2025-02-22T13:00:00,356.7,361.7,355.9,360.2,22303412.93662309
2025-02-22T17:00:00,360.2,361.6,358.8,360.0,19069175.2469655
2025-02-22T21:00:00,360.0,362.8,358.5,361.8,20242848.58711546
2025-02-23T01:00:00,361.8,364.7,360.7,363.5,13052952.54254607
2025-02-23T05:00:00,363.4,364.6,361.8,363.1,12730413.80463042
2025-02-23T09:00:00,362.9,363.8,359.0,359.9,25086694.5037851
2025-02-23T13:00:00,359.9,364.4,358.7,363.6,16399597.68928966
2025-02-23T17:00:00,363.6,363.6,359.3,359.7,19460724.45383015
2025-02-23T21:00:00,359.7,360.3,353.7,354.0,29334669.56805519
2025-02-24T01:00:00,354.1,356.9,354.0,354.8,7481890.22127301
2025-02-24T05:00:00,354.8,357.7,353.6,356.2,15327634.50279628
2025-02-24T09:00:00,356.3,357.5,333.4,336.7,144781401.36447608
2025-02-24T13:00:00,336.7,340.7,330.6,339.3,80294990.84810534
2025-02-24T17:00:00,339.3,339.4,332.8,337.7,53546097.87405665
2025-02-24T21:00:00,337.7,339.8,324.4,328.0,124244792.89037609
2025-02-25T01:00:00,328.1,332.0,320.0,323.7,59097015.1235349
2025-02-25T05:00:00,323.7,327.0,300.0,304.3,263683435.96175215
2025-02-25T09:00:00,304.3,310.9,294.0,305.9,259408851.35729492
2025-02-25T13:00:00,305.9,308.1,285.0,294.5,235270428.33017093
2025-02-25T17:00:00,294.4,300.4,282.1,299.3,248753359.20380497
2025-02-25T21:00:00,299.2,305.6,288.4,295.2,174538419.84165487
2025-02-26T01:00:00,295.2,302.0,290.5,301.8,50991940.18278078
2025-02-26T05:00:00,301.9,313.0,299.6,309.3,83281104.02933058
2025-02-26T09:00:00,309.2,310.9,301.5,307.3,76333161.78282832
2025-02-26T13:00:00,307.3,309.9,303.0,304.8,41084843.7711234
2025-02-26T17:00:00,304.9,309.8,302.2,305.1,39678547.62973394
2025-02-26T21:00:00,305.0,309.3,294.3,304.8,130721780.77108647
2025-02-27T01:00:00,305.2,306.8,287.1,290.1,86483807.50136779
2025-02-27T05:00:00,290.5,302.0,287.7,297.0,67727889.31352083
2025-02-27T09:00:00,297.0,301.1,291.9,300.3,79477857.359448
2025-02-27T13:00:00,300.3,307.1,297.7,304.8,58419262.89841369
2025-02-27T17:00:00,304.8,309.3,302.4,306.1,45704004.64366356
2025-02-27T21:00:00,306.2,307.8,299.3,305.7,53231923.89463185
2025-02-28T01:00:00,305.7,308.2,299.6,300.3,23200507.77298897
2025-02-28T05:00:00,300.5,304.3,296.0,303.5,34234817.39816986
2025-02-28T09:00:00,303.5,304.3,280.2,280.8,191948761.81525105
2025-02-28T13:00:00,280.5,281.7,273.2,275.8,191249717.43397978
2025-02-28T17:00:00,275.7,280.3,270.8,276.9,141746574.32296503
2025-02-28T21:00:00,276.7,297.0,274.3,292.6,211874984.12170923
2025-03-01T01:00:00,292.6,298.5,289.5,297.3,65422254.59850181
2025-03-01T05:00:00,297.5,299.1,294.2,297.6,43141932.4343122
2025-03-01T09:00:00,297.6,307.3,293.5,306.2,106979831.01884763
2025-03-01T13:00:00,306.3,311.0,301.0,302.3,87407158.0634189
2025-03-01T17:00:00,301.9,306.8,298.6,301.4,49050200.45935732
2025-03-01T21:00:00,301.3,302.5,296.7,300.7,50453026.91356659
2025-03-02T01:00:00,300.6,304.5,298.8,303.8,17361724.23537501
2025-03-02T05:00:00,303.7,309.7,302.3,307.7,38560415.04302911
2025-03-02T09:00:00,307.8,310.6,304.1,308.3,62746522.76176357
2025-03-02T13:00:00,308.0,310.0,305.0,308.5,40805122.2792095
2025-03-02T17:00:00,308.5,312.0,305.6,309.9,54916960.43632562
2025-03-02T21:00:00,309.9,325.8,300.5,314.6,253398625.38990793
2025-03-03T01:00:00,314.6,357.0,314.5,344.9,844959470.8422434
2025-03-03T05:00:00,344.9,367.1,342.4,361.3,229762676.75462785
2025-03-03T09:00:00,361.3,363.7,337.5,340.0,255026228.90468737
2025-03-03T13:00:00,340.0,342.0,323.4,332.9,136072060.4249797
2025-03-03T17:00:00,332.9,333.1,322.3,329.9,97862724.9690531
2025-03-03T21:00:00,329.9,339.3,321.8,324.8,120470344.42319398
2025-03-04T01:00:00,324.8,328.7,300.0,302.0,99413164.73772147
2025-03-04T05:00:00,301.5,305.1,290.6,300.5,123516354.2541257
2025-03-04T09:00:00,300.6,304.5,279.9,288.7,188186963.04038292
2025-03-04T13:00:00,288.7,293.9,287.5,289.4,53943090.8790642
2025-03-04T17:00:00,289.4,295.3,288.2,292.7,48986422.49424262
2025-03-04T21:00:00,292.7,301.8,283.3,291.4,143113164.9398285
2025-03-05T01:00:00,291.5,302.4,277.7,301.2,94241739.48090442
2025-03-05T05:00:00,301.2,303.0,294.3,297.9,67822654.38901515
2025-03-05T09:00:00,297.9,307.8,294.1,298.7,123107470.20684287
2025-03-05T13:00:00,298.9,301.3,293.8,299.5,54805509.38845225
2025-03-05T17:00:00,299.5,309.5,299.3,304.0,81631771.774078
2025-03-05T21:00:00,304.0,308.2,296.8,299.2,81726159.61838281
2025-03-06T01:00:00,299.4,305.5,297.1,304.1,22120643.00580794
2025-03-06T05:00:00,304.1,306.3,303.0,304.9,26890655.76246842
2025-03-06T09:00:00,304.9,311.5,301.0,309.6,65151659.62538307
2025-03-06T13:00:00,309.7,327.8,309.3,311.0,218716783.66632128
2025-03-06T17:00:00,311.0,314.8,309.0,313.7,95795678.4197259
2025-03-06T21:00:00,313.6,314.6,302.2,307.4,109792172.9008398
2025-03-07T01:00:00,307.1,308.4,297.6,298.4,53180786.50828594
2025-03-07T05:00:00,298.4,305.0,297.9,300.1,47570579.15277521
2025-03-07T09:00:00,300.1,304.0,285.6,292.6,151885041.3146235
2025-03-07T13:00:00,292.6,299.3,292.4,298.9,31340639.2456853
2025-03-07T17:00:00,298.9,305.8,297.4,303.8,45635787.86595744
2025-03-07T21:00:00,303.8,310.0,299.5,305.3,88527988.18549247
2025-03-08T01:00:00,305.3,308.3,296.1,305.3,53006209.18927068
2025-03-08T05:00:00,305.3,309.0,293.0,296.0,62287503.25978298
2025-03-08T09:00:00,296.0,300.4,291.8,293.8,46966079.17256178
2025-03-08T13:00:00,293.8,296.9,292.0,293.2,22546071.32286612
2025-03-08T17:00:00,293.2,294.0,288.1,289.4,36938557.75669648
2025-03-08T21:00:00,289.6,293.2,288.3,290.6,24878967.69599616
2025-03-09T01:00:00,290.6,291.7,285.9,290.8,25384081.99177656
2025-03-09T05:00:00,290.7,291.3,285.9,287.0,19562433.66662348
2025-03-09T09:00:00,287.0,289.6,283.0,284.3,44380812.1407462
2025-03-09T13:00:00,284.2,285.7,281.5,284.8,30415083.86275967
2025-03-09T17:00:00,284.7,284.8,273.0,275.9,86608122.15231356
2025-03-09T21:00:00,275.9,275.9,263.3,265.4,136086147.22253025
2025-03-10T01:00:00,265.4,266.1,248.4,257.0,242573315.32291102
2025-03-10T05:00:00,257.2,259.1,248.2,252.1,130577193.80200753
2025-03-10T09:00:00,252.2,260.8,245.0,256.8,176865417.36021793
2025-03-10T13:00:00,256.8,260.8,255.8,258.9,50841929.99430545
2025-03-10T17:00:00,258.7,268.8,253.2,263.9,168534740.27792934
2025-03-10T21:00:00,263.9,265.8,245.6,249.7,180731943.80619884
2025-03-11T01:00:00,249.7,250.7,226.3,236.3,215545814.3005288
2025-03-11T05:00:00,236.0,237.8,230.0,230.3,112303152.18836768
2025-03-11T09:00:00,230.4,234.6,214.0,230.7,362288525.3207462
2025-03-11T13:00:00,230.6,239.4,230.1,236.9,101420776.8967702
2025-03-11T17:00:00,236.8,242.3,236.0,240.5,71753726.17188941
2025-03-11T21:00:00,240.5,241.9,227.0,239.2,197555008.35732874
2025-03-12T01:00:00,239.2,250.0,235.3,249.7,96667060.49402879
2025-03-12T05:00:00,249.7,250.0,243.3,244.3,60279907.10089112
2025-03-12T09:00:00,244.3,250.5,239.0,239.1,114830511.62761095
2025-03-12T13:00:00,239.2,246.8,236.4,245.9,79865607.1656131
2025-03-12T17:00:00,245.8,251.0,244.9,250.4,85820379.99265026
2025-03-12T21:00:00,250.4,257.3,240.4,246.0,201487247.43566102
2025-03-13T01:00:00,246.0,252.1,245.2,251.0,30044661.16014736
2025-03-13T05:00:00,251.0,255.6,250.1,255.3,45816307.69835453
2025-03-13T09:00:00,255.2,256.5,251.4,252.0,61198150.95988797
2025-03-13T13:00:00,252.0,253.3,246.5,251.2,60118239.20592336
2025-03-13T17:00:00,251.0,255.1,249.0,252.3,47284530.26248899
2025-03-13T21:00:00,252.3,255.7,245.6,246.4,118902244.93047649
2025-03-14T01:00:00,246.4,247.3,241.2,241.9,35910363.88199627
2025-03-14T05:00:00,241.9,246.9,240.8,244.7,35775234.64938391
2025-03-14T09:00:00,244.7,249.9,243.8,248.9,43851114.98144366
2025-03-14T13:00:00,249.3,250.2,247.4,248.7,37621471.52037605
2025-03-14T17:00:00,248.6,251.5,248.3,250.5,37466106.33076243
2025-03-14T21:00:00,250.6,259.2,249.0,255.3,75260333.71572547
2025-03-15T01:00:00,255.1,256.4,251.1,252.1,31329855.76024146
2025-03-15T05:00:00,252.0,256.0,249.7,253.4,29517992.34972959
2025-03-15T09:00:00,253.5,256.5,252.0,256.3,47469445.90220034
2025-03-15T13:00:00,256.3,258.6,252.3,253.7,46927939.43100135
2025-03-15T17:00:00,253.6,257.4,252.2,257.3,28187299.51534108
2025-03-15T21:00:00,257.3,261.7,256.5,260.1,47754150.28914616
2025-03-16T01:00:00,260.1,261.6,257.0,258.4,15967721.48285033
2025-03-16T05:00:00,258.1,261.2,258.1,258.7,13408058.97156744
2025-03-16T09:00:00,258.7,260.3,254.6,257.2,37887678.3687829
2025-03-16T13:00:00,257.1,259.7,256.6,257.8,21764623.34013532
2025-03-16T17:00:00,257.6,258.1,246.1,247.2,81165798.8138338
2025-03-16T21:00:00,247.4,249.5,244.5,248.1,55587905.43847235
2025-03-17T01:00:00,248.2,253.8,246.6,248.0,35815375.80612196
2025-03-17T05:00:00,248.1,250.7,245.8,247.8,23401422.83093607
2025-03-17T09:00:00,247.8,253.9,247.5,253.4,40487301.17829765
2025-03-17T13:00:00,253.6,254.6,249.2,252.7,35768819.64762939
2025-03-17T17:00:00,252.8,256.2,251.5,253.6,27995484.00451089
2025-03-17T21:00:00,253.7,255.4,249.4,252.2,45610810.9055693
2025-03-18T01:00:00,252.2,257.2,250.6,255.4,24546310.91860949
2025-03-18T05:00:00,255.3,255.5,253.0,253.6,16405629.60857537
2025-03-18T09:00:00,253.5,253.6,245.0,246.0,67014164.20917686
2025-03-18T13:00:00,246.3,247.8,242.9,246.0,50032453.07347061
2025-03-18T17:00:00,246.0,248.8,243.9,244.2,35722281.07482504
2025-03-18T21:00:00,244.2,245.5,239.8,241.2,67440748.8151524
2025-03-19T01:00:00,240.9,244.6,240.1,244.5,12527897.79082237
2025-03-19T05:00:00,244.3,247.4,243.0,246.1,23293518.02256523
2025-03-19T09:00:00,246.1,248.5,244.0,247.3,40924297.56908939
2025-03-19T13:00:00,247.2,247.3,245.0,245.1,19416312.20399489
2025-03-19T17:00:00,245.1,252.5,245.1,251.6,61894157.18822371
2025-03-19T21:00:00,251.5,255.4,248.0,254.4,154787618.84234703
2025-03-20T01:00:00,254.3,257.9,247.2,254.7,67497310.76016684
2025-03-20T05:00:00,254.7,262.2,253.8,260.7,64721539.54798291
2025-03-20T09:00:00,260.7,263.0,257.0,257.4,85397448.03915325
2025-03-20T13:00:00,257.6,257.7,254.3,256.2,37405585.0227424
2025-03-20T17:00:00,256.2,259.3,252.1,253.5,60171961.11416026
2025-03-20T21:00:00,253.5,256.9,250.6,250.7,58650945.39664444
2025-03-21T01:00:00,251.0,251.9,247.0,250.6,36051625.00020142
2025-03-21T05:00:00,250.6,251.5,248.7,250.1,22230482.73270836
2025-03-21T09:00:00,250.1,253.0,249.1,250.5,40220157.75197175
2025-03-21T13:00:00,250.5,252.1,247.0,248.4,32830168.34768378
2025-03-21T17:00:00,248.3,249.6,245.7,247.8,44852513.26479857
2025-03-21T21:00:00,247.9,248.9,244.1,245.2,35258970.34927927
2025-03-22T01:00:00,245.3,250.2,244.7,248.9,12382697.71082685
2025-03-22T05:00:00,248.9,250.7,247.0,247.9,19400943.58512587
2025-03-22T09:00:00,248.1,249.9,247.3,248.7,24345439.53172006
2025-03-22T13:00:00,248.7,250.1,248.7,249.1,14350617.73809325
2025-03-22T17:00:00,249.2,250.3,248.3,249.2,15899311.41314078
2025-03-22T21:00:00,249.2,249.7,247.0,248.2,16392458.5969578
2025-03-23T01:00:00,248.2,250.5,247.5,249.8,6498499.23461569
2025-03-23T05:00:00,249.8,250.4,246.8,247.9,16282434.2829659
2025-03-23T09:00:00,247.9,249.4,247.1,249.1,17990702.39497871
2025-03-23T13:00:00,249.2,251.7,247.5,250.5,21807666.34133779
2025-03-23T17:00:00,250.6,254.7,250.4,253.2,32838378.8667618
2025-03-23T21:00:00,253.0,254.5,251.5,254.4,28138221.60808297
2025-03-24T01:00:00,254.4,254.6,251.4,253.1,12740654.34550915
2025-03-24T05:00:00,253.2,254.5,251.7,254.5,14079195.50397447
2025-03-24T09:00:00,254.4,257.8,252.0,256.3,51612840.13033299
2025-03-24T13:00:00,256.3,259.1,256.3,257.5,39200599.03920492
2025-03-24T17:00:00,257.4,261.7,257.4,261.4,47543671.74949711
2025-03-24T21:00:00,261.4,272.5,259.0,270.6,128390674.23485357
2025-03-25T01:00:00,270.4,278.0,266.3,274.8,45810164.89208715
2025-03-25T05:00:00,274.8,278.6,267.6,269.7,69959752.62890328
2025-03-25T09:00:00,269.7,277.4,268.0,268.9,119325101.51577255
2025-03-25T13:00:00,268.7,273.6,267.2,270.3,61121457.5819011
2025-03-25T17:00:00,270.3,276.8,269.7,275.0,60371385.06751963
2025-03-25T21:00:00,274.9,285.2,272.7,281.6,138028517.3294806
2025-03-26T01:00:00,281.6,284.7,278.4,281.7,46798307.2997401
2025-03-26T05:00:00,281.2,284.6,278.2,280.8,52477961.77901392
2025-03-26T09:00:00,280.9,288.5,279.0,281.0,104290323.95785353
2025-03-26T13:00:00,281.0,298.0,280.8,296.8,152493116.13081422
2025-03-26T17:00:00,296.8,303.6,295.6,299.5,226201048.54824167
2025-03-26T21:00:00,299.6,301.0,288.1,290.4,167214513.96134198
2025-03-27T01:00:00,290.3,292.2,284.0,287.4,48146073.73258911
2025-03-27T05:00:00,287.4,292.9,283.9,288.4,78609052.00252539
2025-03-27T09:00:00,288.4,296.3,285.0,294.4,88968266.4064521
2025-03-27T13:00:00,294.5,295.0,288.2,289.6,51673109.84474258
2025-03-27T17:00:00,289.5,291.7,284.3,285.2,60891276.99044096
2025-03-27T21:00:00,285.3,288.7,280.0,283.6,97275336.20624112
2025-03-28T01:00:00,283.6,285.2,277.3,282.1,37440645.9317911
2025-03-28T05:00:00,282.1,285.3,280.6,280.9,25980529.57009179
2025-03-28T09:00:00,281.1,284.7,277.2,279.8,65289272.83496172
2025-03-28T13:00:00,279.8,280.4,268.1,268.8,104296869.32499933
2025-03-28T17:00:00,268.7,271.2,265.8,270.4,63114496.43631087
2025-03-28T21:00:00,270.4,271.7,265.1,267.3,48286320.93765218
2025-03-29T01:00:00,267.3,270.0,266.0,266.0,17398433.11546088
2025-03-29T05:00:00,266.1,270.5,264.2,268.8,24034444.31096793
2025-03-29T09:00:00,268.8,272.0,260.3,265.5,67187505.80621912
2025-03-29T13:00:00,265.5,266.9,258.5,260.1,43290888.27456415
2025-03-29T17:00:00,260.1,261.1,251.1,253.2,89013064.24576026
2025-03-29T21:00:00,253.2,257.7,252.6,253.4,46062145.72364498
2025-03-30T01:00:00,253.5,254.6,248.3,253.0,49783304.39832006
2025-03-30T05:00:00,252.9,253.7,249.6,253.0,29143798.6146536
2025-03-30T09:00:00,253.1,258.2,250.7,255.2,71793656.63668689
2025-03-30T13:00:00,255.2,257.5,253.4,254.5,31862143.3907291
2025-03-30T17:00:00,254.4,257.2,252.7,253.7,35634456.87316872
2025-03-30T21:00:00,253.8,255.6,250.1,251.9,49395823.16361302
2025-03-31T01:00:00,252.1,255.9,248.8,253.3,16110170.51349459
2025-03-31T05:00:00,253.3,253.8,246.2,249.0,51513950.71507766
2025-03-31T09:00:00,249.1,250.4,243.2,245.3,79988221.65401104
2025-03-31T13:00:00,245.3,248.8,241.6,243.4,56280237.83773719
2025-03-31T17:00:00,243.2,245.4,238.7,243.2,65201910.91153992
2025-03-31T21:00:00,243.2,251.0,240.2,248.7,80400018.59906903
2025-04-01T01:00:00,248.8,250.5,248.0,248.6,5768537.15131009
2025-04-01T05:00:00,248.4,249.0,245.0,248.8,15997224.65865699
2025-04-01T09:00:00,248.8,252.8,247.1,250.8,34351978.13054813
2025-04-01T13:00:00,250.6,254.0,249.5,251.9,41458651.24052042
2025-04-01T17:00:00,251.9,260.2,251.9,253.4,71313378.66950665
2025-04-01T21:00:00,253.3,260.5,249.3,259.1,64293601.29021343
2025-04-02T01:00:00,259.2,260.6,254.2,255.6,20396175.20868934
2025-04-02T05:00:00,255.7,259.9,254.2,258.6,24458018.0171484
2025-04-02T09:00:00,258.6,258.6,252.2,253.7,48924687.89905758
2025-04-02T13:00:00,253.7,255.2,248.9,252.0,43760326.17143141
2025-04-02T17:00:00,251.9,256.9,250.3,253.3,29130977.81554728
2025-04-02T21:00:00,253.3,263.0,250.8,260.5,72956042.66860922
2025-04-03T01:00:00,260.6,261.0,252.1,257.5,38128817.16393738
2025-04-03T05:00:00,257.8,265.3,240.5,243.8,134596006.53985652
2025-04-03T09:00:00,243.7,248.2,242.8,246.6,52093298.57391754
2025-04-03T13:00:00,246.6,248.6,242.9,244.3,37182717.51100377
2025-04-03T17:00:00,244.2,245.3,236.7,238.4,60418268.71588371
2025-04-03T21:00:00,238.3,239.1,231.5,235.5,90683895.74303871
2025-04-04T01:00:00,235.5,237.8,233.5,235.3,23770095.29101887
2025-04-04T05:00:00,235.6,240.5,234.1,240.4,36757864.51972177
2025-04-04T09:00:00,240.3,241.7,236.0,238.8,48488562.8862097
2025-04-04T13:00:00,238.9,245.4,237.7,244.5,42494159.11282332
2025-04-04T17:00:00,244.7,246.7,237.0,240.7,68458672.67408696
2025-04-04T21:00:00,240.6,253.5,239.6,247.8,102959934.26289128
2025-04-05T01:00:00,247.7,253.7,246.7,250.1,33432208.13785891
2025-04-05T05:00:00,250.1,254.3,248.4,251.6,27375353.95388572
2025-04-05T09:00:00,251.8,252.8,249.3,249.6,27876663.48923849
2025-04-05T13:00:00,249.6,250.7,248.1,250.1,16824289.03525454
2025-04-05T17:00:00,250.1,251.8,248.7,250.9,21383592.43232338
2025-04-05T21:00:00,250.9,251.8,245.7,247.6,38431885.77802791
2025-04-06T01:00:00,247.6,249.5,247.1,247.8,6615410.24358299
2025-04-06T05:00:00,247.8,250.1,247.3,249.3,9047900.7531611
2025-04-06T09:00:00,249.3,250.8,247.0,247.8,19214753.43611733
2025-04-06T13:00:00,247.9,248.5,243.9,244.1,22003891.79634011
2025-04-06T17:00:00,244.1,245.3,242.3,243.2,21558555.38716399
2025-04-06T21:00:00,243.2,243.6,236.6,239.1,41810071.47146738
2025-04-07T01:00:00,239.1,239.4,226.1,228.7,73820974.424477
2025-04-07T05:00:00,228.7,229.4,218.5,223.9,137976559.61138487
2025-04-07T09:00:00,223.9,227.5,210.5,213.3,178725015.50939977
2025-04-07T13:00:00,213.5,214.8,195.0,199.4,296756706.3688396
2025-04-07T17:00:00,199.3,212.0,198.8,206.7,163247576.5734965
2025-04-07T21:00:00,206.7,230.0,205.3,219.0,341334859.27960265
2025-04-08T01:00:00,219.1,222.8,214.6,218.3,51857034.66376347
2025-04-08T05:00:00,218.6,227.4,218.5,222.9,61645729.66626275
2025-04-08T09:00:00,222.9,228.2,218.7,225.2,81491155.32214646
2025-04-08T13:00:00,225.2,227.1,220.0,224.9,53492559.2530249
2025-04-08T17:00:00,224.9,233.5,223.5,233.0,63066519.3067076
2025-04-08T21:00:00,233.0,234.3,224.7,225.8,89613906.41802838
2025-04-09T01:00:00,225.8,226.1,213.4,214.5,60578082.27718876
2025-04-09T05:00:00,214.6,217.4,212.0,213.3,44953477.90995767
2025-04-09T09:00:00,213.3,215.8,205.6,209.0,115707255.24153142
2025-04-09T13:00:00,208.9,222.2,208.1,220.9,101691738.89534207
2025-04-09T17:00:00,220.7,222.0,214.6,216.2,67353082.73691456
2025-04-09T21:00:00,216.3,223.6,214.8,218.6,75856555.08950958
2025-04-10T01:00:00,218.6,238.9,218.4,236.0,122384695.99011606
2025-04-10T05:00:00,235.8,242.0,235.4,235.5,73319825.15395734
2025-04-10T09:00:00,235.5,236.3,227.1,229.5,87104098.87287667
2025-04-10T13:00:00,229.5,234.1,228.2,231.0,42733345.92418899
2025-04-10T17:00:00,231.0,232.4,229.4,231.5,28798942.43918211
2025-04-10T21:00:00,231.5,234.7,222.1,222.9,117484931.83684498
2025-04-11T01:00:00,222.7,229.6,221.1,228.1,48477625.28513491
2025-04-11T05:00:00,228.2,230.6,226.8,227.3,20219516.73419941
2025-04-11T09:00:00,227.4,232.7,226.9,231.3,41563784.67395099
2025-04-11T13:00:00,231.2,233.6,230.2,231.5,37058943.50610699
2025-04-11T17:00:00,231.5,234.3,230.2,231.6,54102486.99236911
2025-04-11T21:00:00,231.6,234.4,229.7,231.7,38006604.57482763
2025-04-12T01:00:00,231.7,234.2,230.5,231.7,15241343.04174389
2025-04-12T05:00:00,231.6,235.9,231.5,233.0,19303802.35955907
2025-04-12T09:00:00,233.0,233.3,230.4,231.0,23158617.86265085
2025-04-12T13:00:00,231.0,239.2,230.7,236.3,37076427.26598285
2025-04-12T17:00:00,236.5,238.1,235.0,235.4,25929562.45798505
2025-04-12T21:00:00,235.4,243.7,234.8,242.0,114520375.48072763
2025-04-13T01:00:00,242.0,243.1,238.8,240.5,23078804.03576267
2025-04-13T05:00:00,240.5,245.5,240.2,242.4,31969589.49524188
2025-04-13T09:00:00,242.6,244.2,240.0,241.6,37677299.47289966
2025-04-13T13:00:00,241.5,241.7,237.7,238.4,30790103.09879363
2025-04-13T17:00:00,238.4,244.4,237.4,240.0,52506361.1502519
2025-04-13T21:00:00,240.0,240.7,234.2,235.8,65181812.08706249
2025-04-14T01:00:00,235.8,243.2,234.8,237.2,24830539.08465478
2025-04-14T05:00:00,237.4,240.8,234.2,235.9,28571229.5308309
2025-04-14T09:00:00,235.9,245.4,235.4,240.2,79817074.5048286
2025-04-14T13:00:00,240.4,243.7,236.0,238.4,35286427.24207489
2025-04-14T17:00:00,238.6,240.6,235.8,240.1,42021184.23327662
2025-04-14T21:00:00,240.1,241.8,232.0,233.1,73718897.980664
2025-04-15T01:00:00,233.2,234.5,231.2,231.6,28878528.55212987
2025-04-15T05:00:00,231.5,232.0,228.6,230.2,40906159.38186253
2025-04-15T09:00:00,230.4,232.7,228.6,232.5,40054486.0588812
2025-04-15T13:00:00,232.4,233.0,230.1,231.5,28027077.94349645
2025-04-15T17:00:00,231.5,233.2,229.7,230.6,44000574.05852891
2025-04-15T21:00:00,230.6,233.6,225.1,226.7,72878102.34628884
2025-04-16T01:00:00,226.8,228.3,225.0,226.2,29990110.46935288
2025-04-16T05:00:00,226.2,228.1,223.8,224.5,49116646.64672011
2025-04-16T09:00:00,224.5,227.0,222.2,225.6,43456289.04034024
2025-04-16T13:00:00,225.6,226.3,222.3,222.7,33787187.00061313
2025-04-16T17:00:00,222.8,224.7,220.5,222.6,42814838.34710981
2025-04-16T21:00:00,223.0,226.7,221.3,224.6,44419168.07752859
2025-04-17T01:00:00,224.6,226.9,218.6,225.5,35324047.10585394
2025-04-17T05:00:00,225.5,228.0,223.5,224.4,25293077.73367947
2025-04-17T09:00:00,224.5,227.4,223.3,225.0,25796551.58374531
2025-04-17T13:00:00,225.1,228.1,224.2,226.5,20571655.29757611
2025-04-17T17:00:00,226.5,227.0,224.9,226.3,14913369.57172253
2025-04-17T21:00:00,226.2,227.4,222.1,225.0,34228900.54394266
2025-04-18T01:00:00,224.9,229.9,224.1,227.0,19834172.24603255
2025-04-18T05:00:00,227.0,227.8,224.6,225.1,12945719.51244394
2025-04-18T09:00:00,225.0,225.5,222.3,224.0,28803387.65364174
2025-04-18T13:00:00,224.0,224.9,223.2,224.6,14456958.08794508
2025-04-18T17:00:00,224.6,226.1,224.3,225.3,15345407.26003149
2025-04-18T21:00:00,225.3,227.2,224.9,226.5,19198998.42227273
2025-04-19T01:00:00,226.5,229.6,226.2,228.6,11354487.88183642
2025-04-19T05:00:00,228.6,229.9,227.8,227.9,14470563.39329903
2025-04-19T09:00:00,227.9,230.9,227.3,230.5,19561851.08741181
2025-04-19T13:00:00,230.4,232.5,228.9,229.9,22254890.85208914
2025-04-19T17:00:00,229.9,230.3,227.8,228.1,15668921.04010252
2025-04-19T21:00:00,228.1,229.5,227.4,227.9,15271619.31004937
2025-04-20T01:00:00,227.9,228.9,226.1,227.0,12943251.13641804
2025-04-20T05:00:00,227.0,228.2,226.2,227.0,13950216.35849378
2025-04-20T09:00:00,227.0,229.8,226.6,228.5,16772506.16316125
2025-04-20T13:00:00,228.6,230.2,226.3,227.1,17830254.09014903
2025-04-20T17:00:00,227.2,227.3,220.9,221.8,36332872.94646966
2025-04-20T21:00:00,221.8,224.4,221.0,221.2,18253332.30579428
2025-04-21T01:00:00,221.3,224.0,220.9,223.8,6443989.10610791
2025-04-21T05:00:00,223.8,226.9,221.5,223.8,19913151.69130223
2025-04-21T09:00:00,223.8,231.7,223.5,229.4,63578285.50992394
2025-04-21T13:00:00,229.4,232.9,228.8,231.8,37788899.69326761
2025-04-21T17:00:00,231.8,232.9,229.6,231.4,23806841.33038383
2025-04-21T21:00:00,231.4,234.0,229.2,230.0,53523505.90926796
2025-04-22T01:00:00,230.0,231.1,224.5,227.8,37672538.3418982
2025-04-22T05:00:00,227.7,229.9,226.5,229.6,13500070.44161831
2025-04-22T09:00:00,229.6,233.6,226.7,231.7,52177219.73839853
2025-04-22T13:00:00,231.8,236.9,230.6,235.3,36058356.94197616
2025-04-22T17:00:00,235.4,237.0,234.3,236.2,25102763.42474967
2025-04-22T21:00:00,236.2,248.2,236.0,246.4,120723362.00270438
2025-04-23T01:00:00,246.4,247.5,243.9,246.3,22443145.90164298
2025-04-23T05:00:00,246.4,257.7,246.0,256.0,97958522.0887123
2025-04-23T09:00:00,255.9,264.9,255.7,260.6,123049669.93639405
2025-04-23T13:00:00,260.6,264.5,257.7,261.0,68684387.14881966
2025-04-23T17:00:00,261.0,263.4,258.6,260.8,51616857.33974935
2025-04-23T21:00:00,260.8,265.0,250.5,255.8,118216055.71450841
2025-04-24T01:00:00,255.8,260.1,252.8,256.0,44490174.6021617
2025-04-24T05:00:00,255.9,257.9,254.4,256.4,28825572.78452917
2025-04-24T09:00:00,256.4,257.1,247.2,247.6,64995135.48225291
2025-04-24T13:00:00,247.5,250.5,246.6,248.2,41065987.54004953
2025-04-24T17:00:00,248.2,251.1,244.8,250.2,46058524.65557718
2025-04-24T21:00:00,250.2,259.7,249.2,256.3,61232204.12987504
2025-04-25T01:00:00,256.3,260.8,255.6,260.0,31540318.76975496
2025-04-25T05:00:00,260.0,263.1,257.2,261.5,33033600.44965421
2025-04-25T09:00:00,261.5,265.3,255.9,260.1,61923816.38034811
2025-04-25T13:00:00,260.1,263.4,258.8,262.8,44678729.99216825
2025-04-25T17:00:00,262.8,264.1,260.0,263.1,49394394.48938854
2025-04-25T21:00:00,263.1,267.9,258.7,263.7,99745681.92124484
2025-04-26T01:00:00,263.8,266.4,260.2,262.1,26643998.65771629
2025-04-26T05:00:00,262.1,264.0,260.1,262.1,26124523.91375767
2025-04-26T09:00:00,262.2,278.7,262.1,269.5,188742581.30098107
2025-04-26T13:00:00,269.6,270.7,265.5,267.4,59396391.00856818
2025-04-26T17:00:00,267.4,269.6,260.9,261.5,58451192.5537357
2025-04-26T21:00:00,261.5,264.0,260.2,263.1,36886780.27392259
2025-04-27T01:00:00,263.3,263.3,260.4,261.8,11661112.14368424
2025-04-27T05:00:00,261.7,263.1,260.1,262.7,23086451.31609288
2025-04-27T09:00:00,262.7,264.6,257.1,259.7,56890667.16719831
2025-04-27T13:00:00,259.6,261.1,255.6,260.8,26140468.90939908
2025-04-27T17:00:00,260.9,263.8,259.9,261.6,26712447.28345253
2025-04-27T21:00:00,261.6,264.3,259.2,260.2,54900330.34964637
2025-04-28T01:00:00,260.2,262.6,256.8,262.5,17934565.32853699
2025-04-28T05:00:00,262.7,262.9,258.5,258.5,22386055.63864552
2025-04-28T09:00:00,258.6,259.4,250.9,257.7,71232829.98506597
2025-04-28T13:00:00,257.7,261.5,257.4,261.0,42088646.71097511
2025-04-28T17:00:00,261.0,262.9,258.4,261.4,51924642.76884628
2025-04-28T21:00:00,261.6,261.7,252.0,253.9,64811251.1509927
2025-04-29T01:00:00,253.9,258.4,251.8,257.8,18446374.06944997
2025-04-29T05:00:00,257.9,258.6,256.1,258.0,21892372.09182548
2025-04-29T09:00:00,257.9,260.6,255.8,258.6,37791380.52180861
2025-04-29T13:00:00,258.5,260.2,256.1,258.9,29569981.21238063
2025-04-29T17:00:00,258.9,259.5,256.6,258.1,28944013.58698021
2025-04-29T21:00:00,258.2,259.2,255.2,256.8,33137262.76788397
2025-04-30T01:00:00,256.8,260.1,256.3,257.1,12681153.59713542
2025-04-30T05:00:00,257.1,257.4,250.0,252.6,48132124.18665695
2025-04-30T09:00:00,252.7,254.5,250.1,253.6,30364878.74325622
2025-04-30T13:00:00,253.4,253.9,248.6,249.7,23608185.54186211
2025-04-30T17:00:00,249.7,252.9,249.1,252.7,18502845.23061293
2025-04-30T21:00:00,252.7,252.7,241.0,245.5,101797414.33693273
2025-05-01T01:00:00,245.4,249.4,244.5,248.7,18319137.61672787
2025-05-01T05:00:00,248.4,251.5,248.3,248.9,14803450.69127044
2025-05-01T09:00:00,249.0,252.7,248.7,251.0,22511473.94407028
2025-05-01T13:00:00,251.0,253.0,250.3,252.9,19855775.23117673
2025-05-01T17:00:00,252.8,258.2,252.5,257.8,41441550.5735835
2025-05-01T21:00:00,258.0,262.3,255.0,260.2,51569164.56324427
2025-05-02T01:00:00,260.1,263.9,259.3,260.1,33676471.30923448
2025-05-02T05:00:00,260.0,262.9,259.1,260.4,33113627.4070259
2025-05-02T09:00:00,260.6,266.0,259.5,262.5,52318960.75772917
2025-05-02T13:00:00,262.5,263.5,256.4,256.6,45163532.08639985
2025-05-02T17:00:00,256.9,259.3,256.5,258.0,18360456.98659472
2025-05-02T21:00:00,258.1,260.2,256.7,258.7,25654297.93964464
2025-05-03T01:00:00,258.7,262.0,256.9,257.6,14421553.66151603
2025-05-03T05:00:00,257.5,260.6,257.3,259.3,10520268.78828512
2025-05-03T09:00:00,259.5,260.3,256.7,257.3,21775642.02418727
2025-05-03T13:00:00,257.3,258.2,255.1,255.9,19209416.76152763
2025-05-03T17:00:00,255.9,256.8,254.2,255.1,19162222.04555315
2025-05-03T21:00:00,255.1,256.9,254.4,255.6,12307587.27654546
2025-05-04T01:00:00,255.5,255.6,251.5,254.4,15077424.07359356
2025-05-04T05:00:00,254.4,254.4,251.6,252.1,11903311.15584827
2025-05-04T09:00:00,252.1,254.4,250.6,251.2,22120892.09774024
2025-05-04T13:00:00,251.2,252.8,250.5,251.3,13602716.72107145
2025-05-04T17:00:00,251.3,251.5,249.1,250.0,19039114.81450519
2025-05-04T21:00:00,250.2,250.9,247.7,249.1,16371860.7809537
2025-05-05T01:00:00,249.1,249.6,246.3,247.0,7346099.65981493
2025-05-05T05:00:00,247.2,248.6,245.0,245.3,37668271.44369234
2025-05-05T09:00:00,245.3,247.1,241.4,243.5,37008344.22475154
2025-05-05T13:00:00,243.6,247.7,243.3,247.0,15632861.39811121
2025-05-05T17:00:00,247.0,248.6,241.3,242.5,33396670.2931231
2025-05-05T21:00:00,242.5,243.9,240.0,240.9,34762635.19813129
2025-05-06T01:00:00,241.1,245.4,240.9,243.1,6458310.20134101
2025-05-06T05:00:00,243.3,245.4,240.2,243.0,16666440.1996605
2025-05-06T09:00:00,243.0,244.4,239.0,242.0,23667323.57341934
2025-05-06T13:00:00,242.0,242.7,240.6,241.8,15883800.29543136
2025-05-06T17:00:00,241.8,241.8,234.5,235.8,48026768.1631747
2025-05-06T21:00:00,235.9,238.7,234.2,237.0,30930939.63476075
2025-05-07T01:00:00,237.3,240.9,235.8,239.8,10148502.93139835
2025-05-07T05:00:00,239.8,245.1,237.5,244.5,23513118.15976873
2025-05-07T09:00:00,244.4,247.2,241.4,243.7,31695708.12510554
2025-05-07T13:00:00,243.7,245.6,243.5,245.5,13942798.40706172
2025-05-07T17:00:00,245.5,246.5,244.8,245.5,15804580.68559648
2025-05-07T21:00:00,245.6,245.8,242.1,242.4,16823118.57944671
2025-05-08T01:00:00,242.4,244.6,240.3,241.8,13898731.1843998
2025-05-08T05:00:00,241.5,245.7,240.9,244.3,18607319.93366427
2025-05-08T09:00:00,244.3,253.0,243.4,252.9,40788616.28307548
2025-05-08T13:00:00,253.0,257.4,253.0,255.8,46812770.74733813
2025-05-08T17:00:00,255.9,261.8,255.7,257.8,53177633.19367671
2025-05-08T21:00:00,257.8,267.9,257.8,266.4,89265266.12188937
2025-05-09T01:00:00,266.3,271.2,266.2,268.8,50334055.8098173
2025-05-09T05:00:00,269.2,277.9,267.5,277.7,91394870.44620654
2025-05-09T09:00:00,277.7,278.5,271.7,272.1,95242745.18691313
2025-05-09T13:00:00,272.1,292.6,271.2,289.1,137424764.55822065
2025-05-09T17:00:00,289.1,299.7,282.9,289.6,221307594.86443073
2025-05-09T21:00:00,289.8,293.4,282.2,286.3,87808217.26479833
2025-05-10T01:00:00,286.4,288.5,282.3,287.0,21984674.88734612
2025-05-10T05:00:00,286.9,288.1,285.0,286.3,21109062.93119539
2025-05-10T09:00:00,286.6,294.6,284.1,293.4,80568898.28862897
2025-05-10T13:00:00,293.2,316.4,291.0,312.5,355284811.1004715
2025-05-10T17:00:00,312.6,322.3,309.4,310.3,278594074.7907568
2025-05-10T21:00:00,310.4,320.0,310.3,316.7,119685101.45818876
2025-05-11T01:00:00,316.7,332.2,315.9,327.8,183497932.4139366
2025-05-11T05:00:00,327.8,347.2,323.7,346.9,255315815.15679607
2025-05-11T09:00:00,347.1,359.9,328.4,333.5,605357211.144169
2025-05-11T13:00:00,333.5,338.0,318.0,321.3,220165254.53505012
2025-05-11T17:00:00,321.4,327.9,320.6,327.2,124449473.07971878
2025-05-11T21:00:00,327.2,329.6,316.0,318.0,137594415.06799883
2025-05-12T01:00:00,318.0,325.3,311.6,322.2,76484136.10209282
2025-05-12T05:00:00,322.2,327.7,319.8,323.9,77306346.71688604
2025-05-12T09:00:00,323.8,337.5,322.9,333.5,287662769.9477309
2025-05-12T13:00:00,333.6,351.8,331.4,342.6,414411764.1880511
2025-05-12T17:00:00,342.6,353.3,339.0,340.7,372758270.838792
2025-05-12T21:00:00,340.7,344.1,324.9,326.3,367530213.9904787
2025-05-13T01:00:00,326.3,331.9,312.3,321.0,124184764.34557624
2025-05-13T05:00:00,321.0,330.8,318.3,326.0,102216472.38888922
2025-05-13T09:00:00,326.1,326.2,307.7,309.5,218922291.27564368
2025-05-13T13:00:00,309.5,319.0,308.2,317.2,87474177.90586813
2025-05-13T17:00:00,317.2,325.0,315.6,321.7,98379033.3752109
2025-05-13T21:00:00,321.9,329.3,316.7,328.3,145885516.36482757
2025-05-14T01:00:00,328.3,339.0,328.3,334.3,141288635.8451906
2025-05-14T05:00:00,334.3,337.9,331.5,337.1,91959147.76153632
2025-05-14T09:00:00,337.1,341.7,329.2,335.9,172143325.25837636
2025-05-14T13:00:00,336.0,347.9,333.3,333.3,199105015.72470316
2025-05-14T17:00:00,333.4,335.0,325.3,332.9,152095439.25791353
2025-05-14T21:00:00,332.9,334.5,323.6,328.0,88999859.96756823
2025-05-15T01:00:00,327.9,331.0,322.3,330.1,30099150.62937217
2025-05-15T05:00:00,330.1,331.1,325.9,327.7,30538031.75441088
2025-05-15T09:00:00,327.9,332.9,321.5,326.5,111228590.19982985
2025-05-15T13:00:00,326.5,330.5,314.8,316.3,115759230.42567295
2025-05-15T17:00:00,316.3,323.9,314.6,320.8,84921476.86130819
2025-05-15T21:00:00,320.8,324.3,307.0,318.9,150120431.2436714
2025-05-16T01:00:00,318.9,323.0,310.1,314.9,57729453.0758811
2025-05-16T05:00:00,314.5,317.4,301.5,309.0,111045280.77681044
2025-05-16T09:00:00,309.1,320.0,307.3,318.7,117443254.7309105
2025-05-16T13:00:00,318.7,320.3,315.5,318.0,52078900.33514149
2025-05-16T17:00:00,318.1,324.0,313.0,320.0,89596516.90966314
2025-05-16T21:00:00,320.0,323.9,317.3,323.2,67745267.03691843
2025-05-17T01:00:00,323.1,325.0,317.3,320.4,34471284.68884721
2025-05-17T05:00:00,320.4,320.4,311.4,313.2,47412566.04873637
2025-05-17T09:00:00,313.3,315.0,304.1,309.4,101641346.4291708
2025-05-17T13:00:00,309.5,312.0,306.2,308.1,39530575.27805901
2025-05-17T17:00:00,308.1,308.4,304.3,305.8,40482804.22367227
2025-05-17T21:00:00,305.7,307.5,301.5,305.4,47819159.4612503
2025-05-18T01:00:00,305.3,307.2,300.5,305.0,26945878.87984503
2025-05-18T05:00:00,304.7,309.2,302.5,305.4,35758699.49489077
2025-05-18T09:00:00,305.5,308.3,304.5,306.3,32949720.58334496
2025-05-18T13:00:00,306.6,314.9,306.3,314.1,45079157.17692137
2025-05-18T17:00:00,314.1,318.7,314.1,314.8,55228807.15270181
2025-05-18T21:00:00,314.8,335.3,313.5,334.0,170112414.12069434
2025-05-19T01:00:00,334.1,335.6,315.7,317.0,117426236.11220838
2025-05-19T05:00:00,316.6,331.0,311.8,329.4,107526130.22887938
2025-05-19T09:00:00,329.4,333.1,311.8,312.3,177374039.78370103
2025-05-19T13:00:00,312.4,315.0,306.2,309.7,129827500.86514436
2025-05-19T17:00:00,309.8,310.2,306.5,308.8,60017510.45425035
2025-05-19T21:00:00,308.9,315.9,304.9,313.3,100726699.45883182
2025-05-20T01:00:00,313.2,319.4,310.3,316.3,49267443.83776936
2025-05-20T05:00:00,316.3,318.2,313.4,316.0,34847469.74416432
2025-05-20T09:00:00,316.0,324.4,315.3,317.7,135583612.92553434
2025-05-20T13:00:00,317.7,320.9,313.5,314.4,63785115.27545899
2025-05-20T17:00:00,314.5,315.5,310.0,312.4,65007948.94245648
2025-05-20T21:00:00,312.5,313.2,309.0,312.6,52935051.85517825
2025-05-21T01:00:00,312.6,317.7,309.1,315.6,36249218.15608431
2025-05-21T05:00:00,315.8,320.3,314.2,318.6,81532284.80826843
2025-05-21T09:00:00,318.5,323.6,315.4,321.1,104645271.33613265
2025-05-21T13:00:00,321.3,326.9,318.1,319.2,115744524.23869188
2025-05-21T17:00:00,319.2,320.8,316.2,317.5,59049073.62376833
2025-05-21T21:00:00,317.5,325.8,316.2,322.5,95860212.62886253
2025-05-22T01:00:00,322.5,329.7,312.2,320.8,131006752.34009986
2025-05-22T05:00:00,320.8,329.2,317.6,325.3,81775559.87860411
2025-05-22T09:00:00,325.3,337.9,324.9,334.8,259696844.87702757
2025-05-22T13:00:00,334.8,336.3,329.1,335.0,103564865.36749703
2025-05-22T17:00:00,335.0,338.9,332.4,333.8,115860876.96918471
2025-05-22T21:00:00,333.7,336.7,332.5,335.1,82057143.08543006
2025-05-23T01:00:00,335.1,336.5,331.5,332.7,36558132.8149904
2025-05-23T05:00:00,333.0,340.5,331.0,340.3,82973546.33785062
2025-05-23T09:00:00,340.4,350.9,338.0,346.1,246426803.0873629
2025-05-23T13:00:00,346.0,346.8,336.2,337.1,133491234.96123448
2025-05-23T17:00:00,337.4,344.0,326.1,327.6,137120410.76383528
2025-05-23T21:00:00,327.5,331.0,318.0,326.0,253842392.51403984
2025-05-24T01:00:00,326.2,328.4,323.1,324.4,31461901.82043366
2025-05-24T05:00:00,324.6,324.7,312.5,315.7,110289659.7496985
2025-05-24T09:00:00,315.7,321.3,312.7,320.4,101388147.41031334
2025-05-24T13:00:00,320.4,321.3,316.6,317.3,37378575.37998029
2025-05-24T17:00:00,317.5,321.3,315.7,319.7,43738830.60175915
2025-05-24T21:00:00,319.7,320.0,316.9,317.8,32298995.03560035
2025-05-25T01:00:00,317.5,319.0,315.7,317.4,18741637.50386861
2025-05-25T05:00:00,317.4,318.4,313.3,315.1,37405117.44066156
2025-05-25T09:00:00,315.0,316.5,308.2,313.1,82766751.794388
2025-05-25T13:00:00,313.0,313.4,309.0,310.0,27987845.76206061
2025-05-25T17:00:00,310.2,310.2,305.2,307.4,57598265.14730363
2025-05-25T21:00:00,307.4,309.1,303.2,306.7,47847230.04684526
2025-05-26T01:00:00,306.8,308.8,304.3,308.2,14287146.85965649
2025-05-26T05:00:00,308.0,314.9,306.2,313.9,54116223.58785003
2025-05-26T09:00:00,313.9,316.9,311.7,315.0,58726727.61826295
2025-05-26T13:00:00,315.1,319.0,314.5,318.3,40193690.15296871
2025-05-26T17:00:00,318.3,318.6,312.5,313.7,37875302.89994713
2025-05-26T21:00:00,313.7,316.5,310.1,314.8,36748533.59102221
2025-05-27T01:00:00,314.8,316.0,309.9,311.9,15654605.1849273
2025-05-27T05:00:00,311.7,316.8,310.9,314.3,21069666.18870756
2025-05-27T09:00:00,314.4,315.5,306.1,311.0,52250176.97870241
2025-05-27T13:00:00,311.1,316.7,309.0,315.7,39839451.7615457
2025-05-27T17:00:00,315.8,317.5,314.9,316.6,46207080.22663902
2025-05-27T21:00:00,316.6,321.5,312.6,317.0,75127974.2207683
2025-05-28T01:00:00,316.8,318.6,314.1,314.6,21184376.49074133
2025-05-28T05:00:00,314.9,316.7,312.2,313.6,29624785.60828676
2025-05-28T09:00:00,313.7,316.0,310.4,312.3,44529176.79756288
2025-05-28T13:00:00,312.3,312.7,309.0,309.5,34131579.91305777
2025-05-28T17:00:00,309.8,310.7,307.5,310.4,33102702.12457263
2025-05-28T21:00:00,310.4,311.7,304.3,305.0,60112623.87194549
2025-05-29T01:00:00,305.0,308.4,303.5,303.8,19262251.4695803
2025-05-29T05:00:00,303.9,308.8,303.8,308.0,25416720.3476012
2025-05-29T09:00:00,308.0,316.8,306.9,315.3,80666140.10797505
2025-05-29T13:00:00,315.3,316.0,310.3,312.0,33353716.75654059
2025-05-29T17:00:00,311.9,314.2,310.8,312.5,25997083.31172712
2025-05-29T21:00:00,312.4,312.5,304.4,306.1,57910023.08200436
2025-05-30T01:00:00,306.1,309.0,300.5,302.4,40632509.66542446
2025-05-30T05:00:00,302.4,306.4,299.2,300.5,52233641.00080015
2025-05-30T09:00:00,300.5,301.9,282.0,292.4,161928903.10023436
2025-05-30T13:00:00,292.5,293.1,284.8,286.6,73800020.90359136
2025-05-30T17:00:00,286.7,288.8,283.5,287.0,70346118.76871014
2025-05-30T21:00:00,286.8,288.2,282.4,283.3,80870804.84157835
2025-05-31T01:00:00,283.4,284.5,273.4,282.0,97945821.7852012
2025-05-31T05:00:00,282.3,282.3,270.0,274.3,116589080.51891755
2025-05-31T09:00:00,274.5,275.7,263.5,268.1,159757911.25938433
2025-05-31T13:00:00,268.1,270.6,265.7,267.3,43770770.70185248
2025-05-31T17:00:00,267.5,268.9,263.7,264.6,87880596.05678065
2025-05-31T21:00:00,264.7,276.2,264.4,272.3,93831877.1721377
2025-06-01T01:00:00,272.3,276.1,271.0,275.3,29481512.75171389
2025-06-01T05:00:00,275.3,276.7,271.4,272.3,26210109.86161284
2025-06-01T09:00:00,272.3,272.3,266.2,269.3,44130054.76715704
2025-06-01T13:00:00,269.3,272.4,267.8,268.6,23850813.5370267
2025-06-01T17:00:00,268.6,268.9,264.4,268.2,33523292.95221185
2025-06-01T21:00:00,268.1,272.3,265.5,271.6,38591815.73705609
2025-06-02T01:00:00,271.4,275.3,267.5,271.0,17635874.26491422
2025-06-02T05:00:00,271.0,275.0,269.5,273.2,21937469.63856026
2025-06-02T09:00:00,273.0,274.0,266.1,267.7,41238871.18689205
2025-06-02T13:00:00,267.8,271.1,266.3,268.7,25657260.60622215
2025-06-02T17:00:00,268.8,270.5,265.6,266.5,29205535.58373385
2025-06-02T21:00:00,266.5,271.6,265.8,269.8,32265986.68422847
2025-06-03T01:00:00,269.8,271.8,266.0,267.7,15671508.89135747
2025-06-03T05:00:00,267.8,275.0,267.7,273.2,29171757.13466703
2025-06-03T09:00:00,273.2,279.9,272.3,274.0,76293934.87714794
2025-06-03T13:00:00,273.9,274.9,272.3,273.3,22561188.52935988
2025-06-03T17:00:00,273.3,274.1,270.8,272.8,30385353.62117113
2025-06-03T21:00:00,272.8,278.4,271.7,275.4,65120540.60717121
2025-06-04T01:00:00,275.4,275.6,272.4,274.7,29333000.89055976
2025-06-04T05:00:00,274.7,274.9,268.0,269.9,35848193.52259668
2025-06-04T09:00:00,269.9,274.3,268.2,272.9,33548682.51904076
2025-06-04T13:00:00,272.9,273.9,271.0,271.8,22747713.97105961
2025-06-04T17:00:00,271.7,273.1,269.5,269.8,20834974.56867443
2025-06-04T21:00:00,269.8,270.5,264.5,267.7,48910382.93495134
2025-06-05T01:00:00,267.8,267.9,263.2,263.5,20812360.56210087
2025-06-05T05:00:00,263.5,264.6,260.4,261.1,40803275.56393658
2025-06-05T09:00:00,261.1,263.3,260.0,262.7,41923075.50849305
2025-06-05T13:00:00,262.7,263.4,259.3,260.6,32639008.37339261
2025-06-05T17:00:00,260.6,262.5,259.9,261.6,27038333.46125472
2025-06-05T21:00:00,261.6,266.1,259.4,262.4,45465928.30267299
2025-06-06T01:00:00,262.4,262.4,239.1,242.5,137131115.66773143
2025-06-06T05:00:00,242.3,243.1,235.4,239.0,144737386.70970026
2025-06-06T09:00:00,239.0,244.3,236.0,244.0,83584263.22514981
2025-06-06T13:00:00,244.0,246.0,243.1,243.7,38912954.9310252
2025-06-06T17:00:00,243.7,247.9,243.4,247.3,30641007.98333127
2025-06-06T21:00:00,247.2,255.9,246.7,252.3,61516669.66303073
2025-06-07T01:00:00,252.3,253.0,248.1,248.9,17667495.55271588
2025-06-07T05:00:00,248.7,251.0,248.1,248.6,13182704.25573562
2025-06-07T09:00:00,248.9,253.6,247.3,253.6,37347892.64133332
2025-06-07T13:00:00,253.6,258.4,252.2,257.2,37162515.74181124
2025-06-07T17:00:00,257.2,259.7,255.7,257.8,24747638.80729664
2025-06-07T21:00:00,257.8,261.8,257.6,259.0,29932390.93002854
2025-06-08T01:00:00,258.8,259.6,252.3,254.2,20570915.39460828
2025-06-08T05:00:00,254.2,258.5,254.0,256.8,17439041.38413104
2025-06-08T09:00:00,256.9,257.0,253.4,253.6,25483259.84452378
2025-06-08T13:00:00,253.6,255.8,252.6,252.8,18707867.53267979
2025-06-08T17:00:00,252.8,254.4,249.7,254.1,34760601.77022251
2025-06-08T21:00:00,254.1,255.6,251.6,254.2,28116458.03297152
2025-06-09T01:00:00,254.2,257.1,253.8,256.3,10951043.4356312
2025-06-09T05:00:00,256.6,257.7,253.2,253.5,21688949.87245096
2025-06-09T09:00:00,253.9,254.8,250.0,251.4,37855372.89629024
2025-06-09T13:00:00,251.4,251.8,248.1,249.8,23655588.88722809
2025-06-09T17:00:00,249.9,257.4,248.8,256.3,39614292.01190119
2025-06-09T21:00:00,256.2,256.5,251.2,253.8,39734965.29761158
2025-06-10T01:00:00,253.7,257.3,253.7,255.5,12820451.6235033
2025-06-10T05:00:00,255.6,267.2,255.5,265.8,74812268.45948055
2025-06-10T09:00:00,265.8,267.7,263.6,264.5,53347087.68553593
2025-06-10T13:00:00,264.6,265.1,260.6,262.3,39067005.78799279
2025-06-10T17:00:00,262.3,268.6,260.6,266.9,56154972.1412955
2025-06-10T21:00:00,266.9,270.9,260.1,262.9,83296308.54880194
2025-06-11T01:00:00,262.9,268.9,261.3,266.8,19004656.45565771
2025-06-11T05:00:00,266.8,271.2,265.2,271.2,37575474.24584573
2025-06-11T09:00:00,271.2,273.0,267.1,271.2,52210875.82390363
2025-06-11T13:00:00,271.2,283.8,270.4,278.4,90268419.93156569
2025-06-11T17:00:00,278.4,280.4,273.2,274.3,56374987.28244655
2025-06-11T21:00:00,274.3,279.2,273.5,278.8,61917980.50781491
2025-06-12T01:00:00,278.8,279.9,267.8,269.0,36228508.48666493
2025-06-12T05:00:00,268.8,271.7,263.8,266.0,48361898.78208955
2025-06-12T09:00:00,266.1,267.0,261.4,262.2,42917701.55067406
2025-06-12T13:00:00,262.2,263.0,260.4,260.6,30949730.24373303
2025-06-12T17:00:00,260.9,261.6,256.0,257.1,41852564.85796871
2025-06-12T21:00:00,257.1,261.1,255.6,256.2,44303775.64054906
2025-06-13T01:00:00,256.2,260.5,253.3,254.6,24045440.45588774
2025-06-13T05:00:00,254.8,256.0,248.6,250.0,62750095.52230246
2025-06-13T09:00:00,249.9,250.3,237.0,243.2,196266621.57871318
2025-06-13T13:00:00,243.2,243.4,239.0,243.4,51570451.49247776
2025-06-13T17:00:00,243.3,245.8,241.6,244.5,36911800.32431596
2025-06-13T21:00:00,244.5,248.1,241.7,246.8,34896695.32210906
2025-06-14T01:00:00,246.9,249.4,244.3,245.4,18993070.90944597
2025-06-14T05:00:00,245.4,250.5,245.0,250.5,33003690.31363393
2025-06-14T09:00:00,250.4,250.6,246.0,247.5,35736682.46948186
2025-06-14T13:00:00,247.5,248.5,244.1,245.1,21342431.40854344
2025-06-14T17:00:00,244.9,246.6,244.2,246.4,17598946.11346586
2025-06-14T21:00:00,246.4,247.4,244.2,245.4,15720615.66232351
2025-06-15T01:00:00,245.5,247.8,242.8,245.0,15854479.07677498
2025-06-15T05:00:00,245.0,248.1,244.0,247.6,12601345.91370047
2025-06-15T09:00:00,247.7,248.3,246.1,246.7,14025233.48762195
2025-06-15T13:00:00,246.7,247.5,243.2,243.6,26255590.78881566
2025-06-15T17:00:00,243.7,243.8,240.9,241.8,37631329.29336525
2025-06-15T21:00:00,241.7,245.6,241.3,243.8,26779818.3803731
2025-06-16T01:00:00,243.8,244.6,239.3,240.7,19449572.98902178
2025-06-16T05:00:00,240.7,243.3,238.4,242.8,27791915.16824892
2025-06-16T09:00:00,242.8,244.0,238.8,242.8,41050261.50703222
2025-06-16T13:00:00,243.0,246.4,242.6,245.7,35620055.7030757
2025-06-16T17:00:00,245.7,246.0,241.7,243.1,33595513.55631918
2025-06-16T21:00:00,243.2,246.8,242.8,243.9,45441373.13607146
2025-06-17T01:00:00,244.0,248.5,243.4,246.6,28361561.92036991
2025-06-17T05:00:00,246.8,247.4,237.0,237.8,71927195.81337984
2025-06-17T09:00:00,237.8,242.1,233.0,240.6,89977366.17939581
2025-06-17T13:00:00,240.6,240.8,238.0,238.9,18817982.05706272
2025-06-17T17:00:00,238.9,239.4,235.1,236.6,35421660.187318
2025-06-17T21:00:00,236.5,237.8,230.5,232.6,50370559.77848566
2025-06-18T01:00:00,232.5,238.0,227.8,236.5,52004759.41045079
2025-06-18T05:00:00,236.5,237.4,234.3,235.5,18353019.22959092
2025-06-18T09:00:00,235.5,238.5,235.0,236.5,24543643.68648183
2025-06-18T13:00:00,236.6,238.3,235.5,237.3,16290124.71351547
2025-06-18T17:00:00,237.3,237.9,230.7,234.3,38534609.86704473
2025-06-18T21:00:00,234.2,234.9,228.1,233.2,48157944.60311863
2025-06-19T01:00:00,233.3,234.7,230.1,232.4,14659163.81866169
2025-06-19T05:00:00,232.4,237.8,231.4,236.5,18931552.74076024
2025-06-19T09:00:00,236.5,238.4,235.2,237.3,28683581.80352576
2025-06-19T13:00:00,237.2,237.6,236.0,236.0,9609343.65793276
2025-06-19T17:00:00,236.1,236.9,233.7,234.4,13180214.76327461
2025-06-19T21:00:00,234.4,235.9,233.0,233.8,12593049.68157581
2025-06-20T01:00:00,233.8,236.8,233.6,235.3,6578065.75935114
2025-06-20T05:00:00,235.6,237.9,234.6,236.7,10924961.54019565
2025-06-20T09:00:00,236.7,237.4,233.6,234.0,17696409.84244971
2025-06-20T13:00:00,234.0,235.6,231.1,235.4,32592592.32433107
2025-06-20T17:00:00,235.4,236.9,234.1,235.7,24779944.22077366
2025-06-20T21:00:00,235.7,237.1,230.3,230.8,33987718.67393386
2025-06-21T01:00:00,230.8,230.9,221.4,227.1,72291414.53779587
2025-06-21T05:00:00,227.1,229.0,224.8,226.4,27105191.25693583
2025-06-21T09:00:00,226.1,228.1,225.8,227.6,23968391.83783967
2025-06-21T13:00:00,227.5,227.7,226.0,226.5,15240451.86853769
2025-06-21T17:00:00,226.6,228.3,226.3,226.8,13986461.99260184
2025-06-21T21:00:00,226.8,227.3,221.7,223.1,37350026.86266282
2025-06-22T01:00:00,223.2,224.1,220.0,220.5,26057335.54378334
2025-06-22T05:00:00,220.5,222.1,212.0,215.9,92107533.2908032
2025-06-22T09:00:00,216.0,221.0,213.3,216.0,76061569.71045789
2025-06-22T13:00:00,216.0,219.4,215.6,217.8,23741362.23983358
2025-06-22T17:00:00,217.8,219.1,214.1,216.9,39738923.65868947
2025-06-22T21:00:00,217.0,218.1,203.7,204.3,200847906.662612
2025-06-23T01:00:00,204.3,209.5,203.4,205.1,32863171.22838959
2025-06-23T05:00:00,205.2,211.9,200.1,211.0,83599891.60546294
2025-06-23T09:00:00,211.2,214.1,210.6,212.6,49381641.24191544
2025-06-23T13:00:00,212.6,216.3,212.3,214.8,49401488.33611412
2025-06-23T17:00:00,214.8,215.7,211.4,212.6,28445074.67764165
2025-06-23T21:00:00,212.6,218.7,211.4,213.2,61327562.09344821
2025-06-24T01:00:00,213.0,219.1,208.3,218.4,74959730.12915488
2025-06-24T05:00:00,218.4,229.4,217.9,227.3,130928122.99258488
2025-06-24T09:00:00,227.3,227.7,224.1,225.6,52187288.4831324
2025-06-24T13:00:00,225.6,231.4,224.8,225.6,61025630.19129412
2025-06-24T17:00:00,225.5,227.7,223.4,225.4,40838997.01772829
2025-06-24T21:00:00,225.4,226.7,223.0,225.0,34302393.67050921
2025-06-25T01:00:00,225.3,228.9,224.2,225.2,14977812.45369862
2025-06-25T05:00:00,225.2,227.7,225.1,227.6,16083940.29237508
2025-06-25T09:00:00,227.6,229.2,225.9,227.2,31261516.09166687
2025-06-25T13:00:00,227.2,230.2,226.0,228.5,26070413.26252666
2025-06-25T17:00:00,228.6,229.0,226.1,227.6,26020336.23470045
2025-06-25T21:00:00,227.6,230.6,223.8,224.3,46005432.32771935
2025-06-26T01:00:00,224.2,228.7,224.1,227.9,10073298.69278286
2025-06-26T05:00:00,227.9,229.0,224.7,226.1,16411377.37520184
2025-06-26T09:00:00,226.2,230.2,224.7,227.3,34995521.15645184
2025-06-26T13:00:00,227.3,227.3,224.8,225.9,21701856.53979029
2025-06-26T17:00:00,226.0,226.5,221.5,222.2,29993345.00514544
2025-06-26T21:00:00,222.1,222.5,217.0,219.9,53465204.25154141
2025-06-27T01:00:00,219.9,221.5,218.7,221.1,10365300.09829478
2025-06-27T05:00:00,221.1,224.7,219.0,219.9,20972823.44546608
2025-06-27T09:00:00,219.9,222.9,216.4,222.4,31781025.75409281
2025-06-27T13:00:00,222.4,222.7,220.0,220.4,20013638.48374248
2025-06-27T17:00:00,220.4,222.3,220.2,220.3,12932688.31760463
2025-06-27T21:00:00,220.4,222.1,217.9,221.5,20937329.45434618
2025-06-28T01:00:00,221.5,223.6,216.5,219.1,15912272.09301124
2025-06-28T05:00:00,219.0,221.9,218.8,221.0,14023436.09020067
2025-06-28T09:00:00,221.1,223.2,220.5,222.6,17839126.51827606
2025-06-28T13:00:00,222.6,224.0,221.8,223.9,12619988.74544035
2025-06-28T17:00:00,223.9,224.2,222.5,222.6,9279859.84131519
2025-06-28T21:00:00,222.5,223.9,221.4,223.6,11578185.33544022
2025-06-29T01:00:00,223.6,225.9,222.8,224.4,14184488.40091444
2025-06-29T05:00:00,224.4,225.7,223.5,224.4,7777040.17784897
2025-06-29T09:00:00,224.4,225.2,222.9,223.0,14209657.82907786
2025-06-29T13:00:00,222.9,224.9,222.8,224.5,7750516.49253846
2025-06-29T17:00:00,224.5,226.3,224.2,225.5,17121955.13892268
2025-06-29T21:00:00,225.6,226.2,223.9,224.0,15188453.48644353
2025-06-30T01:00:00,224.0,225.9,223.7,225.1,4799831.76042418
2025-06-30T05:00:00,225.1,232.2,223.9,231.3,46104006.77006152
2025-06-30T09:00:00,231.3,232.0,227.0,228.4,26535310.98227437
2025-06-30T13:00:00,228.3,229.1,224.0,226.0,26128620.35374644
2025-06-30T17:00:00,226.1,226.5,224.5,225.0,16058375.46826596
2025-06-30T21:00:00,225.0,226.2,222.2,225.3,31919987.72748138
2025-07-01T01:00:00,225.3,225.7,224.2,225.4,3015454.93442433
2025-07-01T05:00:00,225.2,225.4,224.1,224.7,9720030.76394059
2025-07-01T09:00:00,224.7,225.7,223.2,224.2,31946887.58300781
2025-07-01T13:00:00,224.2,224.3,220.0,221.5,23625044.94138744
2025-07-01T17:00:00,221.6,221.6,219.2,219.8,19115303.55571161
2025-07-01T21:00:00,219.8,220.3,217.3,218.8,31083853.34276958
2025-07-02T01:00:00,218.8,219.2,216.5,217.3,8708800.31131967
2025-07-02T05:00:00,217.3,218.4,215.4,216.9,20842995.21774509
2025-07-02T09:00:00,216.8,218.9,215.0,218.9,27138876.42786656
2025-07-02T13:00:00,218.8,221.6,218.3,219.9,19261545.02199014
2025-07-02T17:00:00,219.9,221.8,219.8,220.2,20241917.19097964
2025-07-02T21:00:00,220.2,226.0,219.0,225.9,28310635.98027723
2025-07-03T01:00:00,225.9,234.7,225.5,232.1,53710045.25489372
2025-07-03T05:00:00,231.6,233.4,228.0,228.5,30744264.25512199
2025-07-03T09:00:00,228.6,230.7,227.0,229.3,26931297.68829674
2025-07-03T13:00:00,229.3,237.0,229.0,236.3,60848680.91575022
2025-07-03T17:00:00,236.4,237.8,234.5,235.5,34150865.70301501
2025-07-03T21:00:00,235.7,237.6,230.5,230.9,45773448.54138981
2025-07-04T01:00:00,230.9,234.3,230.5,233.7,7428712.94944788
2025-07-04T05:00:00,233.9,235.2,233.2,233.2,9706195.00146509
2025-07-04T09:00:00,233.5,235.6,231.4,232.5,24246675.98129907
2025-07-04T13:00:00,232.5,233.1,226.9,227.1,30713363.67666958
2025-07-04T17:00:00,227.2,228.9,225.0,227.0,24902271.81477595
2025-07-04T21:00:00,227.0,228.2,222.5,223.0,37667472.27200982
2025-07-05T01:00:00,223.0,223.5,221.1,222.1,17427057.44285645
2025-07-05T05:00:00,221.9,225.0,221.4,223.0,16806566.25629709
2025-07-05T09:00:00,222.9,225.4,222.0,225.0,21354782.34863658
2025-07-05T13:00:00,225.1,225.7,223.7,224.7,11993634.69274392
2025-07-05T17:00:00,224.7,225.7,223.5,224.6,11455396.75706029
2025-07-05T21:00:00,224.5,224.8,223.0,223.2,8585557.77184804
2025-07-06T01:00:00,223.2,224.1,222.5,223.8,4328253.41695236
2025-07-06T05:00:00,223.9,225.5,223.6,225.0,9162056.45720225
2025-07-06T09:00:00,225.0,225.4,223.5,224.3,12407761.79059174
2025-07-06T13:00:00,224.2,224.6,223.4,224.2,9469164.75323514
2025-07-06T17:00:00,224.2,225.9,223.4,225.7,18087800.95133204
2025-07-06T21:00:00,225.7,238.5,225.0,231.8,132159832.04758038
2025-07-07T01:00:00,231.9,233.0,228.4,231.0,16663078.02482414
2025-07-07T05:00:00,230.8,236.0,230.8,234.3,39574796.55573104
2025-07-07T09:00:00,234.2,240.9,231.6,238.1,63621863.0957886
2025-07-07T13:00:00,238.2,239.3,234.1,235.8,44542075.05773569
2025-07-07T17:00:00,235.8,235.9,232.2,233.0,39325421.73697622
2025-07-07T21:00:00,233.1,233.3,229.0,229.7,53103552.49245112
2025-07-08T01:00:00,229.7,230.7,227.5,229.7,21483624.54009718
2025-07-08T05:00:00,229.6,230.0,227.2,229.9,24264372.92554072
2025-07-08T09:00:00,230.0,230.9,227.2,229.5,29852142.42033666
2025-07-08T13:00:00,229.6,230.9,228.7,230.7,16343218.89948167
2025-07-08T17:00:00,230.7,234.4,229.5,233.1,33973735.44569289
2025-07-08T21:00:00,233.2,234.4,230.0,231.1,29980169.67098972
2025-07-09T01:00:00,231.2,234.2,230.5,232.2,10972070.94512108
2025-07-09T05:00:00,232.2,233.2,231.4,232.6,11429036.91154976
2025-07-09T09:00:00,232.6,235.0,231.6,232.5,28905493.99845395
2025-07-09T13:00:00,232.5,236.3,232.5,234.4,26706069.5478128
2025-07-09T17:00:00,234.6,237.0,233.5,236.3,26721599.79541408
2025-07-09T21:00:00,236.3,238.0,233.3,235.8,53135270.28498664
2025-07-10T01:00:00,235.8,240.5,234.6,239.5,28679249.23823936
2025-07-10T05:00:00,239.5,252.5,237.5,244.7,126030986.26536575
2025-07-10T09:00:00,244.7,246.8,242.1,244.8,62128618.64238809
2025-07-10T13:00:00,244.8,247.6,243.9,246.8,38400359.98115025
2025-07-10T17:00:00,246.8,248.7,245.0,245.8,49788757.69331518
2025-07-10T21:00:00,245.8,246.1,243.5,245.8,59397763.41175417
2025-07-11T01:00:00,245.8,253.4,245.3,251.8,54633198.50043099
2025-07-11T05:00:00,251.8,264.7,251.7,263.0,134219152.11801946
2025-07-11T09:00:00,263.0,270.7,257.4,269.5,149609879.1107307
2025-07-11T13:00:00,269.4,272.5,264.0,265.2,108782886.2786519
2025-07-11T17:00:00,265.3,271.0,265.2,269.8,75647904.72450066
2025-07-11T21:00:00,270.0,281.3,268.6,271.1,231783742.95782778
2025-07-12T01:00:00,271.4,286.9,268.9,284.1,135962270.09181377
2025-07-12T05:00:00,284.1,284.3,262.9,270.5,123400973.97111502
2025-07-12T09:00:00,270.7,279.0,265.5,275.3,116445488.93555452
2025-07-12T13:00:00,275.3,276.3,270.7,272.1,64460205.51517559
2025-07-12T17:00:00,272.0,274.5,269.8,271.4,62750577.7954103
2025-07-12T21:00:00,271.3,271.6,261.4,262.9,106740395.90820903
2025-07-13T01:00:00,262.9,269.0,261.7,268.2,21828489.35680035
2025-07-13T05:00:00,268.4,269.1,264.3,268.2,26888584.80330168
2025-07-13T09:00:00,268.1,271.1,267.0,270.0,46164866.48484595
2025-07-13T13:00:00,270.0,271.5,268.7,270.5,39695873.66008024
2025-07-13T17:00:00,270.5,270.6,266.7,270.0,47181855.31446661
2025-07-13T21:00:00,269.8,275.4,269.0,271.3,97610513.75565732
2025-07-14T01:00:00,271.3,274.4,268.8,272.0,25144632.64108234
2025-07-14T05:00:00,272.2,272.9,266.6,269.7,60611586.10553732
2025-07-14T09:00:00,269.7,279.8,268.3,278.4,139446420.50572526
2025-07-14T13:00:00,278.4,286.0,276.8,281.7,245551705.7653526
2025-07-14T17:00:00,281.7,283.7,278.0,278.9,114989440.83856954
2025-07-14T21:00:00,278.9,280.7,270.0,271.8,129666949.11989468
2025-07-15T01:00:00,271.9,274.3,269.4,271.0,49211588.7921929
2025-07-15T05:00:00,271.2,272.0,266.7,270.2,66199299.2576995
2025-07-15T09:00:00,270.1,271.2,257.2,259.5,196080981.25868908
2025-07-15T13:00:00,259.5,263.3,257.3,260.9,63606178.62781753
2025-07-15T17:00:00,260.9,263.2,259.3,262.7,53877147.9031477
2025-07-15T21:00:00,262.7,268.1,260.5,264.4,118918672.2788572
2025-07-16T01:00:00,264.4,270.8,262.8,263.4,50470439.33060458
2025-07-16T05:00:00,263.3,272.2,262.6,271.9,53116355.99400704
2025-07-16T09:00:00,271.9,276.8,268.1,270.2,119999170.22395031
2025-07-16T13:00:00,270.2,273.0,268.3,272.1,47928041.29957403
2025-07-16T17:00:00,272.1,276.2,271.1,274.6,79366920.24348179
2025-07-16T21:00:00,274.7,281.8,272.6,277.8,155667494.5766954
2025-07-17T01:00:00,277.8,286.1,276.4,284.3,102125708.10655946
2025-07-17T05:00:00,284.3,298.9,283.6,289.0,253828662.27730966
2025-07-17T09:00:00,288.9,297.3,283.2,285.5,238326656.06151757
2025-07-17T13:00:00,285.4,292.4,284.0,290.0,170563974.34768337
2025-07-17T17:00:00,290.0,296.4,289.3,293.9,199551162.7925961
2025-07-17T21:00:00,293.9,296.9,285.8,290.8,192569971.32740542
2025-07-18T01:00:00,290.8,293.0,285.0,287.6,77493530.54017387
2025-07-18T05:00:00,287.5,302.9,284.0,296.9,294127580.6288695
2025-07-18T09:00:00,296.9,328.5,294.8,322.1,938302980.4539673
2025-07-18T13:00:00,322.0,339.7,315.2,316.1,776669856.1789535
2025-07-18T17:00:00,316.0,329.1,315.9,326.7,410539789.452972
2025-07-18T21:00:00,326.7,345.1,320.2,324.3,732841363.7280947
2025-07-19T01:00:00,324.5,329.0,317.0,320.2,126710366.57190691
2025-07-19T05:00:00,320.2,323.7,311.2,322.5,151156320.78020266
2025-07-19T09:00:00,322.5,344.4,322.2,341.1,580717889.0285761
2025-07-19T13:00:00,341.0,351.4,340.7,346.9,502192684.7856183
2025-07-19T17:00:00,347.0,352.7,334.4,335.9,376323148.6902258
2025-07-19T21:00:00,335.9,339.7,327.7,332.2,250623502.81343195
2025-07-20T01:00:00,332.0,334.2,328.4,332.5,72123900.37155877
2025-07-20T05:00:00,332.5,333.1,326.1,331.0,79261639.46425709
2025-07-20T09:00:00,331.0,351.5,328.3,349.0,524707170.60088474
2025-07-20T13:00:00,349.0,351.9,341.2,343.5,229477003.96767557
2025-07-20T17:00:00,343.5,348.3,341.5,343.9,162302080.0786216
2025-07-20T21:00:00,343.9,347.6,341.6,345.8,155771543.9261852
2025-07-21T01:00:00,345.5,377.2,345.5,371.8,526287094.16201913
2025-07-21T05:00:00,371.8,378.0,359.0,374.2,386165877.2833672
2025-07-21T09:00:00,374.0,380.0,362.3,369.9,504439490.3966975
2025-07-21T13:00:00,369.9,378.0,367.1,372.0,263679269.35376167
2025-07-21T17:00:00,372.0,378.3,364.4,368.6,304457292.81755733
2025-07-21T21:00:00,368.6,387.8,366.4,383.2,521070884.7395296
2025-07-22T01:00:00,383.5,390.1,365.8,367.4,301711399.5186165
2025-07-22T05:00:00,367.3,373.9,364.0,370.5,163897183.39191315
2025-07-22T09:00:00,370.2,375.6,359.5,363.5,410269867.9348008
2025-07-22T13:00:00,363.4,367.2,351.5,363.7,330358998.88219535
2025-07-22T17:00:00,363.6,366.2,359.6,363.4,134764584.53050983
2025-07-22T21:00:00,363.4,364.9,353.3,361.9,172381249.2585913
2025-07-23T01:00:00,361.9,366.6,351.6,353.8,81310423.09528406
2025-07-23T05:00:00,353.8,367.0,353.0,366.9,99740893.48921384
2025-07-23T09:00:00,366.9,367.0,358.4,359.1,154510592.76955578
2025-07-23T13:00:00,359.1,362.8,353.1,354.7,103945875.0688221
2025-07-23T17:00:00,354.7,356.5,345.8,348.2,204066066.58722308
2025-07-23T21:00:00,348.2,348.4,328.0,340.0,553176590.7268989
2025-07-24T01:00:00,339.9,340.0,325.0,330.5,115055907.79382987
2025-07-24T05:00:00,330.4,332.7,315.0,328.5,270958493.767262
2025-07-24T09:00:00,328.5,335.9,324.3,331.3,214512826.2778834
2025-07-24T13:00:00,331.6,333.2,300.8,316.0,505277501.9259875
2025-07-24T17:00:00,315.9,326.2,313.4,324.9,190421385.61217493
2025-07-24T21:00:00,324.8,333.0,316.2,326.1,220458284.36569244
2025-07-25T01:00:00,326.1,327.4,318.2,323.3,73499412.47112554
2025-07-25T05:00:00,323.7,327.3,314.7,316.1,86445204.74205795
2025-07-25T09:00:00,316.1,316.6,304.8,309.0,213889293.08004653
2025-07-25T13:00:00,309.0,314.9,305.3,310.0,139869409.82176757
2025-07-25T17:00:00,310.0,319.3,308.7,316.4,128566610.15092283
2025-07-25T21:00:00,316.3,318.6,305.0,308.7,120215360.17733149
2025-07-26T01:00:00,308.7,313.4,305.5,311.0,42284055.40244672
2025-07-26T05:00:00,310.9,323.4,310.8,322.9,93531345.13971241
2025-07-26T09:00:00,322.8,324.9,317.3,323.3,89356452.98409198
2025-07-26T13:00:00,323.3,325.8,322.3,323.4,51274911.48250096
2025-07-26T17:00:00,323.1,327.6,321.6,322.7,74658229.07643002
2025-07-26T21:00:00,322.6,327.0,321.3,325.4,59320122.61287503
2025-07-27T01:00:00,325.4,326.8,320.3,326.1,24829723.57445081
2025-07-27T05:00:00,325.8,326.9,321.5,321.8,32048292.70793916
2025-07-27T09:00:00,321.5,327.1,321.0,326.4,63066236.31977293
2025-07-27T13:00:00,326.4,331.6,323.2,324.1,94902501.79660791
2025-07-27T17:00:00,324.1,326.4,320.9,323.1,90393293.90600482
2025-07-27T21:00:00,323.1,326.2,321.0,323.5,62779873.3013662
2025-07-28T01:00:00,323.3,329.0,323.0,326.1,49826449.30014843
2025-07-28T05:00:00,326.5,331.0,324.1,328.1,65056406.68204477
2025-07-28T09:00:00,327.9,333.4,325.0,332.9,163468109.51825374
2025-07-28T13:00:00,332.8,337.6,329.6,331.8,149297847.40597272
2025-07-28T17:00:00,331.9,332.6,327.6,330.2,67085233.70008056
2025-07-28T21:00:00,330.1,331.6,316.4,318.5,153891599.84561387
2025-07-29T01:00:00,318.3,320.5,313.1,316.2,58256725.99589206
2025-07-29T05:00:00,316.2,316.5,310.0,311.7,88088380.42868441
2025-07-29T09:00:00,311.7,314.9,307.1,312.6,117056052.16954403
2025-07-29T13:00:00,312.6,319.8,311.0,318.5,60001160.48840763
2025-07-29T17:00:00,318.5,319.1,310.4,313.8,70405134.83280616
2025-07-29T21:00:00,313.8,317.7,305.5,308.2,107205162.06690188
2025-07-30T01:00:00,308.0,310.5,302.0,306.1,57994010.92008673
2025-07-30T05:00:00,306.2,310.5,304.0,310.0,49798858.98341007
2025-07-30T09:00:00,310.1,312.0,305.6,309.2,67422340.38337365
2025-07-30T13:00:00,309.2,310.2,305.7,306.5,52260377.8152649
2025-07-30T17:00:00,306.5,307.8,298.2,299.4,133701123.22064921
2025-07-30T21:00:00,299.5,308.0,297.2,305.8,114407961.08516786
2025-07-31T01:00:00,306.0,309.5,294.0,303.0,64318815.60638418
2025-07-31T05:00:00,302.0,306.0,299.0,305.0,35923689.82489699
2025-07-31T09:00:00,305.0,309.0,303.0,308.0,53206878.03457945
2025-07-31T13:00:00,308.0,309.0,306.0,309.0,27934978.92856027
2025-07-31T17:00:00,309.0,311.0,306.0,307.0,35206021.58581776
2025-07-31T21:00:00,306.0,307.0,298.0,301.0,64686085.67970996
2025-08-01T01:00:00,301.0,306.0,297.0,299.0,36572017.12265592
2025-08-01T05:00:00,298.0,300.0,291.0,292.0,78693505.12312526
2025-08-01T09:00:00,293.0,294.0,282.0,291.0,171919027.67664725
2025-08-01T13:00:00,292.0,292.0,284.0,286.0,52801513.74070618
2025-08-01T17:00:00,287.0,290.0,281.0,289.0,66277234.24292603
2025-08-01T21:00:00,289.0,292.0,282.0,290.0,62587383.87055014
2025-08-02T01:00:00,291.0,294.0,284.0,291.0,36987514.05572618
2025-08-02T05:00:00,290.0,291.0,275.0,280.0,105723461.96289028
2025-08-02T09:00:00,281.0,284.0,279.0,282.0,42906475.15082061
2025-08-02T13:00:00,283.0,284.0,272.8,280.0,94611539.66848184
2025-08-02T17:00:00,279.0,281.0,276.0,280.0,33434244.78354359
2025-08-02T21:00:00,280.0,280.0,272.0,274.0,40336639.38092875
2025-08-03T01:00:00,274.0,277.0,268.0,271.0,71043665.30864842
2025-08-03T05:00:00,270.0,274.0,266.0,267.0,65464740.05659533
2025-08-03T09:00:00,268.0,276.0,263.9,275.0,103100328.30224164
2025-08-03T13:00:00,275.0,275.0,272.0,274.0,30073660.82463148
2025-08-03T17:00:00,275.0,281.0,274.0,278.0,62662609.10711152
2025-08-03T21:00:00,278.0,279.0,276.0,279.0,31067958.77635001
2025-08-04T01:00:00,279.0,280.0,277.0,278.0,11588480.0748305
2025-08-04T05:00:00,279.0,281.0,277.0,280.0,21222350.02181462
2025-08-04T09:00:00,280.0,286.0,278.0,283.0,92218272.72435246
2025-08-04T13:00:00,282.0,285.0,278.0,285.0,47950164.79314206
2025-08-04T17:00:00,285.0,285.0,280.0,281.0,31551457.00333795
2025-08-04T21:00:00,281.0,288.0,279.0,284.0,67772885.77632926
2025-08-05T01:00:00,284.0,292.0,284.0,285.0,35983165.16146613
2025-08-05T05:00:00,285.0,294.0,285.0,293.0,44938579.33878637
2025-08-05T09:00:00,293.0,295.0,287.0,288.0,71133443.79990222
2025-08-05T13:00:00,288.0,290.0,282.0,282.0,55085764.54956044
2025-08-05T17:00:00,282.0,291.0,282.0,289.0,46938652.39437704
2025-08-05T21:00:00,288.0,289.0,277.0,278.0,96483705.56705004
2025-08-06T01:00:00,278.0,281.0,277.0,278.0,20768957.3095472
2025-08-06T05:00:00,277.0,281.0,275.0,281.0,28972834.1083824
2025-08-06T09:00:00,281.0,281.0,275.0,275.0,46062906.32216141
2025-08-06T13:00:00,276.0,283.0,274.0,281.0,58665177.07916717
2025-08-06T17:00:00,282.0,283.0,278.0,281.0,30476173.70891842
2025-08-06T21:00:00,281.0,287.0,278.0,287.0,55408418.89169138
2025-08-07T01:00:00,287.0,289.0,283.0,286.0,22060467.07630738
2025-08-07T05:00:00,286.0,287.0,284.0,285.0,19530362.54904031
2025-08-07T09:00:00,286.0,288.0,284.0,285.0,32577148.9148051
2025-08-07T13:00:00,285.0,287.0,284.0,285.0,24334726.68333672
2025-08-07T17:00:00,286.0,297.0,285.0,297.0,90611875.99964815
2025-08-07T21:00:00,297.0,299.0,293.0,296.0,69816896.85770945
2025-08-08T01:00:00,296.0,301.0,291.0,299.0,34552438.22483442
2025-08-08T05:00:00,300.0,307.0,298.0,305.0,99921513.88058978
2025-08-08T09:00:00,306.0,309.0,302.0,307.0,155827170.62487525
2025-08-08T13:00:00,307.0,310.0,302.0,310.0,93730139.56127337
2025-08-08T17:00:00,309.0,312.0,304.0,307.0,77196533.96507241
2025-08-08T21:00:00,308.0,315.0,302.0,306.0,127495530.59426744
2025-08-09T01:00:00,306.0,315.0,304.0,315.0,65046398.74907818
2025-08-09T05:00:00,314.0,319.0,312.0,316.0,65788106.58287314
2025-08-09T09:00:00,316.0,321.0,315.0,317.0,86309327.59290265
2025-08-09T13:00:00,317.0,325.0,316.0,323.0,97029981.12128204
2025-08-09T17:00:00,323.0,328.0,323.0,326.0,74222895.33335869
2025-08-09T21:00:00,326.0,335.0,323.0,331.0,167763714.27304932
2025-08-10T01:00:00,331.0,338.5,330.0,333.0,82277759.9105425
2025-08-10T05:00:00,333.0,336.0,328.0,331.0,86160016.93772799
2025-08-10T09:00:00,330.0,336.0,328.0,332.0,110260678.9759387
2025-08-10T13:00:00,333.0,334.0,317.0,319.0,123381516.91512468
2025-08-10T17:00:00,319.0,322.0,314.0,316.0,104230345.65634973
2025-08-10T21:00:00,317.0,322.0,315.0,319.0,49573862.45307983
2025-08-11T01:00:00,319.0,323.0,318.0,323.0,22157212.42591343
2025-08-11T05:00:00,323.0,323.0,317.0,322.0,35704038.04075635
2025-08-11T09:00:00,322.0,331.0,319.0,327.0,109526943.57561779
2025-08-11T13:00:00,327.0,330.0,319.0,319.0,67579826.21539816
2025-08-11T17:00:00,319.0,323.0,312.0,314.0,95133740.50970832
2025-08-11T21:00:00,314.0,318.0,311.0,317.0,82442761.84911823
2025-08-12T01:00:00,318.0,321.0,312.0,314.0,26863942.62966285
2025-08-12T05:00:00,315.0,315.0,306.0,308.0,68203092.24094395
2025-08-12T09:00:00,308.0,313.0,307.0,309.0,45347290.57514912
2025-08-12T13:00:00,309.0,312.0,305.0,310.0,48770788.29685639
2025-08-12T17:00:00,309.0,310.0,302.0,306.0,69575241.78527766
2025-08-12T21:00:00,306.0,316.0,304.0,315.0,131713810.85075799
2025-08-13T01:00:00,315.0,323.0,313.0,323.0,67679248.21600305
2025-08-13T05:00:00,322.0,326.0,320.0,322.0,77934100.72568855
2025-08-13T09:00:00,323.0,329.0,317.0,326.0,133977075.41735417
2025-08-13T13:00:00,326.0,337.0,322.0,336.0,146850860.65542015
2025-08-13T17:00:00,335.0,342.0,334.0,335.0,277898419.1201952
2025-08-13T21:00:00,336.0,339.0,327.0,329.0,158250935.31684104
2025-08-14T01:00:00,330.0,333.0,328.0,332.0,37816586.76343879
2025-08-14T05:00:00,332.0,336.0,329.0,334.0,52781432.04482185
2025-08-14T09:00:00,334.0,348.0,332.0,344.0,220752475.2306416
2025-08-14T13:00:00,344.0,347.0,333.0,337.0,186602695.84237513
2025-08-14T17:00:00,336.0,337.0,326.0,328.0,155893672.06150383
2025-08-14T21:00:00,327.0,331.0,305.0,313.0,499531231.0187123
2025-08-15T01:00:00,313.0,313.0,307.0,311.0,88947573.20537725
2025-08-15T05:00:00,311.0,313.0,304.0,312.0,104035026.327615
2025-08-15T09:00:00,312.0,320.0,310.0,319.0,103542352.95296566
2025-08-15T13:00:00,320.0,324.0,316.0,319.0,91683140.49722438
2025-08-15T17:00:00,320.0,323.0,317.0,319.0,74702636.25134449
2025-08-15T21:00:00,319.0,322.0,308.0,310.0,157113030.20445845
2025-08-16T01:00:00,310.0,315.0,307.0,311.0,60125535.28827677
2025-08-16T05:00:00,310.0,324.0,309.0,320.0,78006086.45431583
2025-08-16T09:00:00,320.0,329.0,318.0,324.0,117474757.35500117
2025-08-16T13:00:00,323.0,325.0,319.0,323.0,57975365.65882332
2025-08-16T17:00:00,323.0,326.0,315.0,315.0,73311635.45514365
2025-08-16T21:00:00,315.0,319.0,313.0,317.0,55238478.33118934
2025-08-17T01:00:00,317.0,320.0,316.0,318.0,14373720.75635333
2025-08-17T05:00:00,318.0,322.0,318.0,321.0,20389042.50422324
2025-08-17T09:00:00,321.0,325.0,317.0,325.0,59280399.22127228
2025-08-17T13:00:00,325.0,328.0,321.0,322.0,66101086.34091838
2025-08-17T17:00:00,323.0,326.0,322.0,324.0,46685979.02326745
2025-08-17T21:00:00,324.0,335.0,321.0,333.0,84777643.97368269
2025-08-18T01:00:00,333.0,335.0,320.0,322.0,54191464.36672372
2025-08-18T05:00:00,323.0,330.0,322.0,326.0,40318957.24852555
2025-08-18T09:00:00,326.0,328.0,309.0,313.0,169147106.00078118
2025-08-18T13:00:00,313.0,316.0,309.0,310.0,98720172.28662297
2025-08-18T17:00:00,310.0,312.0,307.0,308.0,78572117.9176949
2025-08-18T21:00:00,309.0,313.0,308.0,312.0,69295957.29536396
2025-08-19T01:00:00,312.0,314.0,308.0,312.0,32943640.28272577
2025-08-19T05:00:00,312.0,315.0,309.0,310.0,52634848.10565209
2025-08-19T09:00:00,310.0,314.0,301.0,302.0,125432819.93603271
2025-08-19T13:00:00,302.0,305.0,300.0,303.0,78922432.39445308
2025-08-19T17:00:00,303.0,307.0,301.0,306.0,44817929.89991248
2025-08-19T21:00:00,307.0,309.0,299.0,299.0,91858529.84355389
2025-08-20T01:00:00,299.0,301.0,295.0,296.0,53742454.28105694
2025-08-20T05:00:00,296.0,300.0,291.0,292.0,70533501.95325746
2025-08-20T09:00:00,292.0,299.0,291.0,297.0,89258469.54182264
2025-08-20T13:00:00,297.0,300.0,296.0,298.0,37904844.35626785
2025-08-20T17:00:00,298.0,302.0,296.0,300.0,55573898.82457739
2025-08-20T21:00:00,299.0,304.0,292.0,300.0,107786110.26670682
2025-08-21T01:00:00,300.0,308.0,300.0,308.0,40785299.52592392
2025-08-21T05:00:00,308.0,310.0,306.0,309.0,54793829.99121406
2025-08-21T09:00:00,309.0,313.0,306.0,310.0,76505911.89261767
2025-08-21T13:00:00,310.0,312.0,307.0,308.0,47489978.36654907
2025-08-21T17:00:00,308.0,309.0,303.0,303.0,49397050.18090587
2025-08-21T21:00:00,303.0,308.0,300.0,302.0,82546367.76422144
2025-08-22T01:00:00,301.0,306.0,301.0,302.0,23372831.08215297
2025-08-22T05:00:00,302.0,305.0,300.0,302.0,31927359.43081406
2025-08-22T09:00:00,302.0,307.0,301.0,303.0,59397187.4032662
2025-08-22T13:00:00,302.0,305.0,301.0,304.0,42105840.21930439
2025-08-22T17:00:00,304.0,306.0,297.0,298.0,53194405.83818163
2025-08-22T21:00:00,297.0,324.0,292.0,319.0,466161470.21988887
2025-08-23T01:00:00,319.0,332.0,319.0,330.0,181778752.69642484
2025-08-23T05:00:00,330.0,334.0,328.0,331.0,104397195.52547519
2025-08-23T09:00:00,332.0,332.0,316.0,319.0,180806736.6935638
2025-08-23T13:00:00,319.0,330.0,319.0,327.0,110707551.09069145
2025-08-23T17:00:00,327.0,330.0,325.0,327.0,56904525.24704277
2025-08-23T21:00:00,327.0,330.0,325.0,327.0,57490587.33945159
2025-08-24T01:00:00,328.0,329.0,326.0,328.0,13285140.31985785
2025-08-24T05:00:00,328.0,329.0,324.0,327.0,25709015.24221656
2025-08-24T09:00:00,326.0,330.0,326.0,329.0,77482514.26631093
2025-08-24T13:00:00,328.0,329.0,322.0,322.0,60284492.31896273
2025-08-24T17:00:00,322.0,324.0,317.0,320.0,64499496.32126437
2025-08-24T21:00:00,319.0,325.0,318.0,322.0,57183821.52285311
2025-08-25T01:00:00,322.0,338.0,319.0,326.0,157683892.7608125
2025-08-25T05:00:00,326.0,327.0,317.0,323.0,107874880.17038736
2025-08-25T09:00:00,322.0,325.0,315.0,321.0,117744555.80596077
2025-08-25T13:00:00,320.0,322.0,308.0,310.0,140989999.3723536
2025-08-25T17:00:00,309.0,311.0,305.0,309.0,130523677.39359142
2025-08-25T21:00:00,309.0,310.0,305.0,307.0,94392300.26667356
2025-08-26T01:00:00,306.0,309.0,302.0,303.0,51863900.17403794
2025-08-26T05:00:00,303.0,304.0,293.0,297.0,198402584.64023742
2025-08-26T09:00:00,297.0,301.0,294.0,297.0,108945097.99235949
2025-08-26T13:00:00,297.0,300.0,296.0,299.0,53703214.2217609
2025-08-26T17:00:00,298.0,300.0,296.0,297.0,41908112.22084282
2025-08-26T21:00:00,298.0,303.0,296.0,300.0,110125006.90335375
2025-08-27T01:00:00,300.0,308.0,299.0,307.0,36930497.22234713
2025-08-27T05:00:00,307.0,308.0,304.0,305.0,42509016.97130538
2025-08-27T09:00:00,306.0,310.0,302.0,309.0,76000336.69910422
2025-08-27T13:00:00,309.0,312.0,305.0,307.0,60766972.78628365
2025-08-27T17:00:00,307.0,309.0,305.0,309.0,35953170.79656029
2025-08-27T21:00:00,309.0,311.0,305.0,310.0,79408798.4882868
2025-08-28T01:00:00,310.0,311.0,306.0,307.0,26954417.45408655
2025-08-28T05:00:00,307.0,312.0,305.0,307.0,61057873.06655731
2025-08-28T09:00:00,307.0,310.0,303.0,309.0,60023933.12305987
2025-08-28T13:00:00,309.0,314.0,308.0,312.0,64512514.90757754
2025-08-28T17:00:00,312.0,314.0,310.0,312.0,36551171.00034489
2025-08-28T21:00:00,311.0,313.0,307.0,308.0,59572484.26130981
2025-08-29T01:00:00,308.0,312.0,306.0,307.0,24982625.48241033
2025-08-29T05:00:00,307.0,313.0,306.0,313.0,41745841.08443118
2025-08-29T09:00:00,312.0,314.0,307.0,310.0,70912584.61843437
2025-08-29T13:00:00,310.0,311.0,299.0,299.0,110154120.85772924
2025-08-29T17:00:00,300.0,302.0,296.0,300.0,80094806.64336199
2025-08-29T21:00:00,300.0,308.0,297.0,299.0,128533704.92079835
2025-08-30T01:00:00,299.0,300.0,295.0,298.0,49445655.62154166
2025-08-30T05:00:00,298.0,302.0,295.0,301.0,44486605.36330441
2025-08-30T09:00:00,301.0,305.0,295.0,303.0,88430626.78314209
2025-08-30T13:00:00,304.0,305.0,302.0,303.0,25442424.04767681
2025-08-30T17:00:00,303.0,304.0,300.0,301.0,24719882.71616738
2025-08-30T21:00:00,302.0,302.0,296.0,300.0,36395975.52727964
2025-08-31T01:00:00,301.0,301.0,299.0,300.0,8234906.21736141
2025-08-31T05:00:00,301.0,302.0,299.0,302.0,12064768.71661655
2025-08-31T09:00:00,302.0,308.0,301.0,307.0,59284841.07896264
2025-08-31T13:00:00,307.0,308.0,302.0,304.0,23536417.69220052
2025-08-31T17:00:00,304.0,305.0,301.0,304.0,25098403.00224596
2025-08-31T21:00:00,304.0,304.0,301.0,304.0,27098380.24911828
2025-09-01T01:00:00,304.0,304.0,301.0,303.0,8134626.56399287
2025-09-01T05:00:00,302.0,303.0,297.0,298.0,28785171.72649424
2025-09-01T09:00:00,298.0,299.0,291.0,293.0,105469536.82906057
2025-09-01T13:00:00,293.0,303.0,289.0,303.0,93145067.43769483
2025-09-01T17:00:00,303.0,305.0,298.0,300.0,92253395.07477745
2025-09-01T21:00:00,301.0,302.0,296.0,297.0,57912721.4404208
2025-09-02T01:00:00,298.0,298.0,293.0,296.0,33919233.15214603
2025-09-02T05:00:00,296.0,297.0,287.0,294.0,90252907.39274146
2025-09-02T09:00:00,294.0,298.0,292.0,297.0,53566406.00973402
2025-09-02T13:00:00,296.0,299.0,294.0,296.0,50518772.62577386
2025-09-02T17:00:00,295.0,298.0,294.0,294.0,29045637.67423991
2025-09-02T21:00:00,295.0,298.0,288.0,292.0,127170220.43813562
2025-09-03T01:00:00,292.0,297.0,291.0,295.0,18629416.72895459
2025-09-03T05:00:00,294.0,301.0,294.0,300.0,45837234.52866639
2025-09-03T09:00:00,300.0,302.0,296.0,299.0,73881070.19325154
2025-09-03T13:00:00,299.0,301.0,298.0,300.0,33658323.68090833
2025-09-03T17:00:00,300.0,303.0,299.0,301.0,32155895.52764764
2025-09-03T21:00:00,300.0,304.0,299.0,304.0,58021792.08900788
2025-09-04T01:00:00,304.0,307.0,301.0,306.0,24327925.22399406
2025-09-04T05:00:00,307.0,310.0,305.0,306.0,47989723.25284426
2025-09-04T09:00:00,306.0,307.0,301.0,302.0,37763709.34871632
2025-09-04T13:00:00,302.0,303.0,299.0,301.0,40804456.9544534
2025-09-04T17:00:00,301.0,302.0,300.0,301.0,18072822.50200897
2025-09-04T21:00:00,300.0,303.0,296.0,297.0,45412041.02319025
2025-09-05T01:00:00,297.0,300.0,296.0,296.0,22857079.93833357
2025-09-05T05:00:00,297.0,301.0,296.0,298.0,23105786.16354329
2025-09-05T09:00:00,299.0,301.0,297.0,299.0,27748817.82066564
2025-09-05T13:00:00,300.0,305.0,298.0,305.0,42772891.87054985
2025-09-05T17:00:00,305.0,305.0,301.0,303.0,29459460.58203435
2025-09-05T21:00:00,303.0,307.0,298.0,301.0,115752065.23267289
2025-09-06T01:00:00,301.0,304.0,300.0,303.0,10917790.82603146
2025-09-06T05:00:00,304.0,307.0,303.0,305.0,42365638.41285752
2025-09-06T09:00:00,305.0,306.0,303.0,304.0,25055994.80762128
2025-09-06T13:00:00,304.0,305.0,301.0,302.0,20445737.53386991
2025-09-06T17:00:00,302.0,303.0,300.0,301.0,26064875.25256325
2025-09-06T21:00:00,301.0,303.0,299.0,301.0,28183762.06102571
2025-09-07T01:00:00,301.0,302.0,298.0,299.0,15288671.74431413
2025-09-07T05:00:00,299.0,305.0,299.0,303.0,27756746.4100385
2025-09-07T09:00:00,302.0,304.0,302.0,303.0,15246785.99271429
2025-09-07T13:00:00,302.0,304.0,302.0,304.0,17332865.67597096
2025-09-07T17:00:00,304.0,306.0,303.0,306.0,26236897.34623743
2025-09-07T21:00:00,306.0,314.0,304.0,312.0,103092070.92671625
2025-09-08T01:00:00,312.0,314.0,308.0,310.0,26662573.47928289
2025-09-08T05:00:00,311.0,319.0,310.0,319.0,93212431.46673948
2025-09-08T09:00:00,319.0,328.0,316.0,323.0,162091372.63709304
2025-09-08T13:00:00,322.0,325.0,321.0,325.0,60731995.27428232
2025-09-08T17:00:00,324.0,327.0,323.0,324.0,60595355.10301267
2025-09-08T21:00:00,324.0,333.0,324.0,330.0,139711721.30737957
2025-09-09T01:00:00,330.0,333.0,328.0,331.0,31934671.03442377
2025-09-09T05:00:00,331.0,340.0,331.0,337.0,99806357.21724366
2025-09-09T09:00:00,336.0,339.0,325.0,329.0,147720608.10911047
2025-09-09T13:00:00,330.0,336.0,327.0,333.0,91687039.86074673
2025-09-09T17:00:00,333.0,336.0,333.0,335.0,54137651.0146029
2025-09-09T21:00:00,335.0,346.0,330.0,333.0,277358408.03191566
2025-09-10T01:00:00,333.0,339.0,331.0,336.0,32041460.47077645
2025-09-10T05:00:00,336.0,339.0,334.0,336.0,43979023.52790692
2025-09-10T09:00:00,336.0,338.0,330.0,336.0,74191552.1395726
2025-09-10T13:00:00,335.0,338.0,332.0,336.0,58663240.39250524
2025-09-10T17:00:00,336.0,338.0,334.0,334.0,41383205.37268792
2025-09-10T21:00:00,334.0,341.0,334.0,339.0,131768465.41274221
2025-09-11T01:00:00,339.0,345.0,333.0,335.0,73799557.18358491
2025-09-11T05:00:00,335.0,342.0,334.0,342.0,45347372.44780892
2025-09-11T09:00:00,342.0,353.0,340.0,351.0,167368980.15537953
2025-09-11T13:00:00,351.0,352.0,346.0,347.0,86011847.42224772
2025-09-11T17:00:00,347.0,351.0,346.0,349.0,49451350.32480301
2025-09-11T21:00:00,349.0,354.0,339.0,344.0,248412469.8952734
2025-09-12T01:00:00,345.0,352.0,344.0,351.0,38389740.89401402
2025-09-12T05:00:00,351.0,357.0,348.0,356.0,97793372.26323861
2025-09-12T09:00:00,356.0,367.2,354.0,363.0,227513692.54689592
2025-09-12T13:00:00,363.0,367.0,360.0,361.0,113807396.43173026
2025-09-12T17:00:00,361.0,365.0,360.0,362.0,57240748.59473537
2025-09-12T21:00:00,362.0,372.0,360.0,372.0,153220550.23699325
2025-09-13T01:00:00,371.0,379.0,369.0,376.0,138495139.67498
2025-09-13T05:00:00,376.0,386.0,375.0,382.0,172832293.20501867
2025-09-13T09:00:00,382.0,392.5,379.0,389.0,324379109.10118365
2025-09-13T13:00:00,389.0,397.0,388.0,393.0,197069221.2327694
2025-09-13T17:00:00,393.0,415.0,392.0,410.0,483980118.9811483
2025-09-13T21:00:00,409.0,424.0,405.0,410.0,678065699.1354405
2025-09-14T01:00:00,410.0,416.0,390.0,397.0,225724011.35583544
2025-09-14T05:00:00,397.0,405.0,396.0,402.0,103721545.90947586
2025-09-14T09:00:00,401.0,409.0,388.0,397.0,391967134.45700437
2025-09-14T13:00:00,397.0,405.0,393.0,403.0,123482746.63745601
2025-09-14T17:00:00,404.0,406.0,395.0,396.0,123501021.46729293
2025-09-14T21:00:00,396.0,399.0,378.0,381.0,296885002.9157893
2025-09-15T01:00:00,381.0,393.0,380.0,386.0,81636257.9612023
2025-09-15T05:00:00,386.0,393.0,385.0,387.0,92631860.9634754
2025-09-15T09:00:00,386.0,391.0,381.0,389.0,166014464.313953
2025-09-15T13:00:00,389.0,391.0,372.0,373.0,230786427.8684718
2025-09-15T17:00:00,373.0,374.0,360.0,371.0,397292700.60231733
2025-09-15T21:00:00,370.0,371.0,364.0,369.0,149370203.41365334
2025-09-16T01:00:00,369.0,372.0,366.0,369.0,53989704.55965975
2025-09-16T05:00:00,368.0,376.0,367.0,374.0,62690020.44601755
2025-09-16T09:00:00,374.0,377.0,370.0,373.0,87302005.77188793
2025-09-16T13:00:00,373.0,374.0,365.0,372.0,102010100.8365543
2025-09-16T17:00:00,372.0,375.0,367.0,368.0,76390928.8652358
2025-09-16T21:00:00,369.0,372.0,360.0,371.0,180850660.42241016
2025-09-17T01:00:00,372.0,375.0,368.0,373.0,42648000.29528633
2025-09-17T05:00:00,373.0,378.0,371.0,375.0,63381814.92591518
2025-09-17T09:00:00,375.0,377.0,369.0,371.0,74965679.86750928
2025-09-17T13:00:00,370.0,375.0,367.0,374.0,70404920.69391958
2025-09-17T17:00:00,374.0,374.0,368.0,370.0,47470801.98927781
2025-09-17T21:00:00,370.0,373.0,367.0,370.0,69144504.07866974
2025-09-18T01:00:00,370.0,382.0,364.0,380.0,197219995.92824873
2025-09-18T05:00:00,379.0,394.0,371.0,392.0,238480781.91520655
2025-09-18T09:00:00,391.0,397.0,386.0,392.0,183598948.68816403
2025-09-18T13:00:00,392.0,393.0,384.0,388.0,97650298.91527346
2025-09-18T17:00:00,388.0,392.0,386.0,388.0,95856409.03927515
2025-09-18T21:00:00,388.0,399.0,387.0,397.0,176793171.86438984
2025-09-19T01:00:00,397.0,400.0,390.0,391.0,69594586.46340474
2025-09-19T05:00:00,391.0,392.0,383.0,387.0,117080897.07559791
2025-09-19T09:00:00,387.0,395.0,385.0,386.0,109321754.34187312
2025-09-19T13:00:00,386.0,386.0,381.0,384.0,104832348.92893317
2025-09-19T17:00:00,383.0,386.0,377.0,378.0,91141550.00691843
2025-09-19T21:00:00,379.0,381.0,371.0,374.0,140753774.30836904
2025-09-20T01:00:00,374.0,375.0,369.0,371.0,46693020.8569705
2025-09-20T05:00:00,371.0,376.0,370.0,373.0,52250342.36856092
2025-09-20T09:00:00,373.0,376.0,370.0,372.0,72871600.35178864
2025-09-20T13:00:00,373.0,374.0,371.0,374.0,27896595.52463844
2025-09-20T17:00:00,374.0,374.0,370.0,371.0,41422725.58220442
2025-09-20T21:00:00,371.0,377.0,370.0,376.0,62095323.77975222
2025-09-21T01:00:00,376.0,376.0,372.0,373.0,18637329.11181865
2025-09-21T05:00:00,373.0,377.0,372.0,376.0,22829526.37533948
2025-09-21T09:00:00,376.0,377.0,373.0,377.0,55964271.5698148
2025-09-21T13:00:00,377.0,378.0,374.0,376.0,45302602.17109362
2025-09-21T17:00:00,375.0,376.0,370.0,373.0,61954518.45211567
2025-09-21T21:00:00,373.0,375.0,371.0,371.0,33410624.73251568
2025-09-22T01:00:00,371.0,372.0,366.0,368.0,41392662.72698854
2025-09-22T05:00:00,369.0,370.0,365.0,365.0,55419488.68629602
2025-09-22T09:00:00,365.0,368.0,344.0,350.0,337020909.4033083
2025-09-22T13:00:00,350.0,351.0,336.0,337.0,260438141.9892463
2025-09-22T17:00:00,336.0,341.0,334.0,339.0,119081680.87747021
2025-09-22T21:00:00,339.0,345.0,338.0,341.0,134547451.34853116
2025-09-23T01:00:00,342.0,344.0,336.0,337.0,48149036.74755373
2025-09-23T05:00:00,338.0,345.0,337.0,344.0,39686823.86588185
2025-09-23T09:00:00,345.0,348.0,333.0,343.0,152963340.8181292
2025-09-23T13:00:00,343.0,346.0,339.0,343.0,64795502.75838426
2025-09-23T17:00:00,344.0,346.0,340.0,343.0,54270052.03512011
2025-09-23T21:00:00,343.0,344.0,338.0,342.0,55264901.97401872
2025-09-24T01:00:00,342.0,346.0,337.0,339.0,30597142.14496097
2025-09-24T05:00:00,340.0,345.0,337.0,339.0,36187311.87482402
2025-09-24T09:00:00,339.0,343.0,334.0,335.0,71257443.73416536
2025-09-24T13:00:00,335.0,341.0,331.0,340.0,87646474.0803493
2025-09-24T17:00:00,340.0,346.0,339.0,345.0,64707916.15097139
2025-09-24T21:00:00,345.0,355.0,344.0,348.0,105026924.98662066
2025-09-25T01:00:00,348.0,349.0,343.0,344.0,32128696.86781009
2025-09-25T05:00:00,345.0,346.0,341.0,342.0,38373013.92271773
2025-09-25T09:00:00,343.0,344.0,334.0,336.0,85404136.18421991
2025-09-25T13:00:00,336.0,338.0,332.0,334.0,82259539.4065654
2025-09-25T17:00:00,334.0,336.0,330.0,332.0,67690781.4815851
2025-09-25T21:00:00,331.0,337.0,327.0,331.0,117441158.37889688
2025-09-26T01:00:00,332.0,333.0,322.0,328.0,89801430.62595785
2025-09-26T05:00:00,328.0,328.0,321.0,324.0,64971428.47648138
2025-09-26T09:00:00,324.0,330.0,323.0,329.0,75265683.19377613
2025-09-26T13:00:00,330.0,330.0,324.0,328.0,59638183.84639328
2025-09-26T17:00:00,328.0,329.0,322.0,326.0,57282744.41607769
2025-09-26T21:00:00,325.0,331.0,323.0,330.0,82661864.37928832
2025-09-27T01:00:00,331.0,335.0,329.0,332.0,53024868.96449316
2025-09-27T05:00:00,333.0,336.0,331.0,335.0,27761974.23229594
2025-09-27T09:00:00,335.0,337.0,333.0,336.0,35326192.58194214
2025-09-27T13:00:00,336.0,337.0,330.0,331.0,29093195.55984713
2025-09-27T17:00:00,331.0,332.0,329.0,330.0,24001067.77097739
2025-09-27T21:00:00,330.0,333.0,328.0,331.0,26450710.78679182
2025-09-28T01:00:00,332.0,332.0,328.0,331.0,7933857.73378952
2025-09-28T05:00:00,331.0,334.0,330.0,333.0,15445502.94502474
2025-09-28T09:00:00,333.0,333.0,328.0,330.0,26317706.19554736
2025-09-28T13:00:00,330.0,331.0,328.0,331.0,22700746.68397046
2025-09-28T17:00:00,331.0,331.0,326.0,326.0,36888511.13842019
2025-09-28T21:00:00,327.0,331.0,325.0,330.0,33457112.50047786
2025-09-29T01:00:00,330.0,333.0,329.0,332.0,11112272.10166927
2025-09-29T05:00:00,332.0,340.0,332.0,340.0,54305137.58916669
2025-09-29T09:00:00,340.0,340.0,334.0,336.0,51068292.63159439
2025-09-29T13:00:00,337.0,337.0,330.0,332.0,42816060.28036593
2025-09-29T17:00:00,331.0,334.0,328.0,331.0,40325801.17377398
2025-09-29T21:00:00,332.0,339.0,328.0,334.0,102138573.55195242
2025-09-30T01:00:00,334.0,336.0,330.0,335.0,21309728.79687266
2025-09-30T05:00:00,335.0,341.0,334.0,335.0,47391214.03851251
2025-09-30T09:00:00,335.0,337.0,331.0,333.0,48442839.65676692
2025-09-30T13:00:00,333.0,334.0,330.0,330.0,31802064.33100888
2025-09-30T17:00:00,330.0,332.0,327.0,329.0,39444974.90616805
2025-09-30T21:00:00,330.0,331.0,326.0,328.0,35042587.86372873
2025-10-01T01:00:00,329.0,333.0,327.0,332.0,10834851.9186387
2025-10-01T05:00:00,332.0,334.0,329.0,333.0,41367079.15923782
2025-10-01T09:00:00,333.0,335.0,330.0,331.0,40078546.42103324
2025-10-01T13:00:00,331.0,335.0,329.0,333.0,43124631.77099014
2025-10-01T17:00:00,334.0,348.0,333.0,345.0,125646534.26964174
2025-10-01T21:00:00,345.0,349.0,343.0,348.0,75300684.52507208
2025-10-02T01:00:00,348.0,351.0,346.0,350.0,35124071.26215353
2025-10-02T05:00:00,350.0,354.0,347.0,354.0,51024599.91754385
2025-10-02T09:00:00,354.0,364.0,350.0,360.0,151658300.13217598
2025-10-02T13:00:00,360.0,366.0,358.0,362.0,82744528.71077701
2025-10-02T17:00:00,362.0,369.0,362.0,364.0,64395276.47945648
2025-10-02T21:00:00,363.0,365.0,356.0,363.0,99885477.4987544
2025-10-03T01:00:00,362.0,368.0,360.0,366.0,51722036.18647744
2025-10-03T05:00:00,366.0,374.0,365.0,371.0,65488209.38436977
2025-10-03T09:00:00,371.0,371.0,362.0,367.0,107892500.68788764
2025-10-03T13:00:00,367.0,370.0,361.0,362.0,54368231.02184386
2025-10-03T17:00:00,362.0,365.0,360.0,364.0,44572473.08299599
2025-10-03T21:00:00,364.0,370.0,359.0,369.0,90054679.27804597
2025-10-04T01:00:00,369.0,374.0,362.0,367.0,111842274.77717674
2025-10-04T05:00:00,367.0,369.0,365.0,367.0,22388222.97155008
2025-10-04T09:00:00,367.0,369.0,358.0,360.0,82124427.72414576
2025-10-04T13:00:00,360.0,364.0,359.0,361.0,44350890.63401131
2025-10-04T17:00:00,362.0,362.0,356.0,357.0,68844440.95856547
2025-10-04T21:00:00,356.0,360.0,353.0,355.0,59599015.32236087
2025-10-05T01:00:00,354.0,357.0,353.0,357.0,13259225.34846518
2025-10-05T05:00:00,357.0,359.0,356.0,359.0,18884510.49211021
2025-10-05T09:00:00,359.0,369.0,356.0,367.0,111533175.49603853
2025-10-05T13:00:00,367.0,375.0,366.0,375.0,144629556.91917473
2025-10-05T17:00:00,375.0,376.0,366.0,369.0,159249811.7295955
2025-10-05T21:00:00,369.0,369.0,363.0,365.0,62426245.57703264
2025-10-06T01:00:00,366.0,368.0,360.0,362.0,36524288.62300236
2025-10-06T05:00:00,361.0,365.0,360.0,363.0,30397317.11469178
2025-10-06T09:00:00,362.0,366.0,360.0,363.0,64057236.23590155
2025-10-06T13:00:00,364.0,369.0,362.0,366.0,60088963.00982361
2025-10-06T17:00:00,365.0,373.0,365.0,371.0,80018585.50539921
2025-10-06T21:00:00,371.0,381.0,370.0,378.0,182057016.09316003
2025-10-07T01:00:00,379.0,384.0,374.0,380.0,87884488.06009775
2025-10-07T05:00:00,380.0,383.0,377.0,379.0,69688175.3795911
2025-10-07T09:00:00,378.0,383.0,377.0,381.0,90626523.8961002
2025-10-07T13:00:00,381.0,382.0,371.0,373.0,114996560.55687623
2025-10-07T17:00:00,373.0,375.0,367.0,375.0,93803483.61101031
2025-10-07T21:00:00,375.0,379.0,361.0,362.0,195604075.5079668
2025-10-08T01:00:00,363.0,366.0,359.0,361.0,86979106.76773527
2025-10-08T05:00:00,362.0,366.0,357.0,358.0,66118923.46173259
2025-10-08T09:00:00,358.0,364.0,357.0,357.0,88575521.35163528
2025-10-08T13:00:00,357.0,360.0,355.0,359.0,60316978.7124812
2025-10-08T17:00:00,358.0,363.0,358.0,361.0,43036994.04130861
2025-10-08T21:00:00,361.0,371.0,361.0,367.0,113674061.64565417
2025-10-09T01:00:00,367.0,376.0,366.0,373.0,69581573.61893909
2025-10-09T05:00:00,373.0,374.0,368.0,369.0,35995943.19303588
2025-10-09T09:00:00,369.0,370.0,359.0,361.0,92544733.35861313
2025-10-09T13:00:00,362.0,364.0,359.0,361.0,45849587.86623655
2025-10-09T17:00:00,361.0,362.0,355.0,360.0,103080819.65833129
2025-10-09T21:00:00,361.0,364.0,356.0,358.0,85580738.71294644
2025-10-10T01:00:00,359.0,362.0,356.0,361.0,29332020.69797192
2025-10-10T05:00:00,361.0,366.0,360.0,363.0,51297693.51675132
2025-10-10T09:00:00,363.0,368.0,361.0,366.0,85939606.79103763
2025-10-10T13:00:00,366.0,368.0,360.0,362.0,69822989.15324455
2025-10-10T17:00:00,362.0,366.0,361.0,364.0,35851106.72667955
2025-10-10T21:00:00,365.0,369.0,352.0,353.0,177198316.82394534
2025-10-11T01:00:00,353.0,354.0,345.0,346.0,125459174.89373013
2025-10-11T05:00:00,345.0,348.0,300.0,308.0,770967798.6776302
2025-10-11T09:00:00,309.0,313.0,283.0,298.0,706483716.6281358
2025-10-11T13:00:00,297.0,302.0,291.0,293.0,247760360.6385249
2025-10-11T17:00:00,293.0,302.0,292.0,296.0,170720830.4175891
2025-10-11T21:00:00,296.0,297.0,289.0,293.0,151141793.71949854
2025-10-12T01:00:00,292.0,296.0,285.0,286.0,82251610.292647
2025-10-12T05:00:00,286.0,287.0,277.0,286.0,181077845.7755916
2025-10-12T09:00:00,286.0,286.0,277.0,285.0,170911241.18537384
2025-10-12T13:00:00,285.0,293.0,283.0,291.0,108457602.35182557
2025-10-12T17:00:00,291.0,292.0,286.0,290.0,65447419.85323664
2025-10-12T21:00:00,290.0,315.0,286.0,312.0,381631392.6238116
2025-10-13T01:00:00,312.0,317.0,309.0,316.0,160233460.26504594
2025-10-13T05:00:00,316.0,321.0,309.0,314.0,151472508.90050465
2025-10-13T09:00:00,314.0,317.0,310.0,312.0,102692203.05522151
2025-10-13T13:00:00,312.0,320.0,311.0,316.0,92899566.86612828
2025-10-13T17:00:00,316.0,319.0,304.0,309.0,129231204.69973269
2025-10-13T21:00:00,310.0,319.0,308.0,316.0,185102400.9101644
2025-10-14T01:00:00,316.0,323.0,313.0,321.0,86619110.8798284
2025-10-14T05:00:00,321.0,324.0,318.0,319.0,55955105.20171695
2025-10-14T09:00:00,318.0,322.0,310.0,311.0,108052093.34238239
2025-10-14T13:00:00,312.0,312.0,298.0,302.0,297670672.96082884
2025-10-14T17:00:00,301.0,305.0,296.0,303.0,164272976.2459535
2025-10-14T21:00:00,303.0,309.0,296.0,308.0,166647875.63399318
2025-10-15T01:00:00,308.0,312.0,303.0,307.0,80823554.53164296
2025-10-15T05:00:00,307.0,309.0,305.0,308.0,31342094.1737963
2025-10-15T09:00:00,307.0,311.0,305.0,305.0,67132005.91463393
2025-10-15T13:00:00,305.0,309.0,304.0,307.0,52995738.39392045
2025-10-15T17:00:00,307.0,313.0,303.0,305.0,100328220.45083351
2025-10-15T21:00:00,305.0,307.0,300.0,302.0,109280126.15067217
2025-10-16T01:00:00,303.0,305.0,299.0,301.0,50909420.93503737
2025-10-16T05:00:00,301.0,303.0,298.0,299.0,53539747.00356713
2025-10-16T09:00:00,299.0,303.0,298.0,299.0,63440697.54381764
2025-10-16T13:00:00,299.0,302.0,297.0,299.0,53707762.17104483
2025-10-16T17:00:00,300.0,304.0,292.0,302.0,121245729.2579632
2025-10-16T21:00:00,303.0,304.0,290.0,291.0,143562565.17997673
2025-10-17T01:00:00,291.0,297.0,286.0,288.0,109519717.07698195
2025-10-17T05:00:00,289.0,290.0,285.0,288.0,75628087.60566647
2025-10-17T09:00:00,289.0,292.0,287.0,291.0,64248370.24930167
2025-10-17T13:00:00,290.0,291.0,272.0,273.0,232650041.60204935
2025-10-17T17:00:00,273.0,283.0,270.0,281.0,213095732.22441143
2025-10-17T21:00:00,280.0,284.0,277.0,283.0,95295082.75342515
2025-10-18T01:00:00,283.0,287.0,281.0,284.0,34764044.33690756
2025-10-18T05:00:00,284.0,289.0,282.0,285.0,39204304.12381791
2025-10-18T09:00:00,285.0,289.0,283.0,287.0,44978135.32998611
2025-10-18T13:00:00,286.0,290.0,283.0,287.0,61427750.47681081
2025-10-18T17:00:00,287.0,288.0,285.0,287.0,27785535.66487711
2025-10-18T21:00:00,288.0,289.0,285.0,287.0,39109247.56735045
2025-10-19T01:00:00,287.0,291.0,285.0,289.0,23328423.32628426
2025-10-19T05:00:00,289.0,290.0,287.0,290.0,15846475.91861228
2025-10-19T09:00:00,290.0,291.0,286.0,290.0,23685243.31637955
2025-10-19T13:00:00,290.0,291.0,286.0,287.0,28487212.99828631
2025-10-19T17:00:00,287.0,298.0,282.0,294.0,133422818.541127
2025-10-19T21:00:00,293.0,300.0,292.0,297.0,84647073.94011737
2025-10-20T01:00:00,298.0,301.0,296.0,299.0,26869385.53869304
2025-10-20T05:00:00,298.0,300.0,295.0,297.0,26839562.35139293
2025-10-20T09:00:00,296.0,302.0,291.0,301.0,86025920.3916553
2025-10-20T13:00:00,301.0,304.0,300.0,301.0,84419127.24388294
2025-10-20T17:00:00,301.0,303.0,299.0,301.0,43605677.54129953
2025-10-20T21:00:00,301.0,303.0,298.0,299.0,42649749.69082148
2025-10-21T01:00:00,298.0,300.0,294.0,299.0,33247835.40574309
2025-10-21T05:00:00,298.0,301.0,297.0,300.0,26143365.3634818
2025-10-21T09:00:00,300.0,301.0,294.0,295.0,51004263.60257181
2025-10-21T13:00:00,295.0,296.0,291.0,294.0,59390611.17423987
2025-10-21T17:00:00,294.0,295.0,290.0,293.0,37009124.11419479
2025-10-21T21:00:00,294.0,306.0,292.0,304.0,127241849.89909083
2025-10-22T01:00:00,303.0,305.0,296.0,299.0,60504849.83820167
2025-10-22T05:00:00,299.0,300.0,291.0,293.0,50375537.24406618
2025-10-22T09:00:00,293.0,295.0,291.0,293.0,45239884.82185608
2025-10-22T13:00:00,292.0,294.0,287.0,290.0,69248280.22335064
2025-10-22T17:00:00,290.0,291.0,285.0,289.0,50023160.21773649
2025-10-22T21:00:00,289.0,292.0,285.0,290.0,63754065.63533834
2025-10-23T01:00:00,290.0,291.0,285.0,288.0,21854279.33720355
2025-10-23T05:00:00,288.0,289.0,283.0,288.0,45860082.54778409
2025-10-23T09:00:00,288.0,290.0,287.0,288.0,23513900.65011859
2025-10-23T13:00:00,288.0,294.0,287.0,293.0,41229264.96740038
2025-10-23T17:00:00,292.0,295.0,290.0,290.0,31798407.67977096
2025-10-23T21:00:00,291.0,295.0,288.0,294.0,45266506.92119533
2025-10-24T01:00:00,294.0,296.0,292.0,294.0,18444477.33532808
2025-10-24T05:00:00,295.0,295.0,290.0,293.0,16188693.00131588
2025-10-24T09:00:00,293.0,295.0,292.0,294.0,27769609.78047276
2025-10-24T13:00:00,293.0,297.0,293.0,295.0,49243933.2355348
2025-10-24T17:00:00,295.0,296.0,293.0,295.0,24950583.2810705
2025-10-24T21:00:00,295.0,300.0,291.0,293.0,92579411.51633266
2025-10-25T01:00:00,293.0,295.0,291.0,294.0,10329283.80108854
2025-10-25T05:00:00,295.0,296.0,293.0,296.0,20323128.14184064
2025-10-25T09:00:00,296.0,299.0,294.0,296.0,45668012.1890265
2025-10-25T13:00:00,296.0,298.0,295.0,295.0,18558440.22348347
2025-10-25T17:00:00,296.0,297.0,294.0,295.0,18493459.60391337
2025-10-25T21:00:00,295.0,296.0,292.0,293.0,33961571.41332115
2025-10-26T01:00:00,293.0,294.0,292.0,293.0,3648797.87427259
2025-10-26T05:00:00,293.0,294.0,292.0,294.0,2836347.96747601
2025-10-26T09:00:00,294.0,294.0,291.0,291.0,32518939.38569263
2025-10-26T13:00:00,292.0,293.0,291.0,293.0,11101734.39134308
2025-10-26T17:00:00,293.0,301.0,292.0,299.0,78470983.26411451
2025-10-26T21:00:00,299.0,302.0,299.0,301.0,66154796.02360943
2025-10-27T01:00:00,301.0,301.0,299.0,299.0,9847633.46525915
2025-10-27T05:00:00,299.0,306.0,297.0,305.0,79439389.2759377
2025-10-27T09:00:00,305.0,310.0,304.0,305.0,85201923.91441151
2025-10-27T13:00:00,305.0,308.0,303.0,305.0,48535919.57115924
2025-10-27T17:00:00,304.0,305.0,298.0,301.0,69266620.22379772
2025-10-27T21:00:00,301.0,301.0,297.0,300.0,39854946.16036095
2025-10-28T01:00:00,300.0,303.0,299.0,299.0,25872805.83889586
2025-10-28T05:00:00,299.0,300.0,296.0,297.0,36083092.45487417
2025-10-28T09:00:00,296.0,299.0,295.0,297.0,50222128.32025905
2025-10-28T13:00:00,297.0,299.0,294.0,296.0,43515662.34424602
2025-10-28T17:00:00,296.0,298.0,295.0,296.0,28229385.17870442
2025-10-28T21:00:00,296.0,299.0,292.0,296.0,55075307.72435012
2025-10-29T01:00:00,296.0,299.0,291.0,292.0,27921352.22784746
2025-10-29T05:00:00,292.0,293.0,285.0,290.0,96870258.30011833
2025-10-29T09:00:00,289.0,291.0,288.0,289.0,36981956.34566091
2025-10-29T13:00:00,288.0,290.0,287.0,289.0,39403034.52801414
2025-10-29T17:00:00,288.0,290.0,286.0,290.0,37066654.36925632
2025-10-29T21:00:00,290.0,292.0,284.0,285.0,79929613.47704723
2025-10-30T01:00:00,285.0,292.0,281.0,289.0,98121899.50293441
2025-10-30T05:00:00,290.0,294.0,286.0,287.0,40634199.81660408
2025-10-30T09:00:00,288.0,290.0,285.0,288.0,34146473.33638841
2025-10-30T13:00:00,290.0,290.0,279.0,288.0,124638607.91874067
2025-10-30T17:00:00,288.0,288.0,281.0,282.0,45382821.75041378
2025-10-30T21:00:00,281.0,282.0,272.0,274.0,158375522.9855831
2025-10-31T01:00:00,274.0,275.0,269.0,270.0,102379899.30624095
2025-10-31T05:00:00,270.0,278.0,269.0,277.0,67183314.36585283
2025-10-31T09:00:00,277.0,280.0,276.0,278.0,56577992.751821
2025-10-31T13:00:00,278.0,279.0,276.0,277.0,32800376.30266833
2025-10-31T17:00:00,277.0,280.0,275.0,280.0,30141398.26539048
2025-10-31T21:00:00,280.0,280.0,277.0,279.0,29065621.43051263
2025-11-01T01:00:00,279.0,281.0,274.0,281.0,29925575.86447747
2025-11-01T05:00:00,280.0,281.0,278.0,280.0,10068208.64227667
2025-11-01T09:00:00,280.0,280.0,277.0,279.0,24642128.95354063
2025-11-01T13:00:00,279.0,280.0,277.0,280.0,18040503.20283007
2025-11-01T17:00:00,280.0,280.0,278.0,278.0,15224627.66731649
2025-11-01T21:00:00,278.0,280.0,276.0,278.0,25965353.24684207
2025-11-02T01:00:00,279.0,280.0,278.0,279.0,6024375.40421257
2025-11-02T05:00:00,279.0,280.0,277.0,279.0,8403658.79761992
2025-11-02T09:00:00,279.0,279.0,277.0,278.0,9736041.12978842
2025-11-02T13:00:00,278.0,280.0,277.0,279.0,14352977.97081539
2025-11-02T17:00:00,280.0,280.0,275.0,278.0,27823684.11813849
2025-11-02T21:00:00,278.0,278.0,272.0,274.0,38696834.99619002
2025-11-03T01:00:00,274.0,275.0,271.0,273.0,36706526.84790702
2025-11-03T05:00:00,273.0,277.0,272.0,277.0,24684240.34531913
2025-11-03T09:00:00,276.0,277.0,261.9,262.0,115762199.73823756
2025-11-03T13:00:00,263.0,265.0,256.0,260.0,155197584.84994295
2025-11-03T17:00:00,259.0,262.0,256.0,261.0,73015293.18638323
2025-11-03T21:00:00,261.0,263.0,246.0,251.0,130875326.25974666
2025-11-04T01:00:00,251.0,257.0,249.0,252.0,40935244.36548899
2025-11-04T05:00:00,252.0,253.0,245.0,250.0,108908652.09590058
2025-11-04T09:00:00,250.0,256.0,247.0,256.0,80332519.86557683
2025-11-04T13:00:00,256.0,256.0,239.0,241.0,186272603.64266676
2025-11-04T17:00:00,241.0,248.0,238.0,248.0,81541505.33679248
2025-11-04T21:00:00,248.0,251.0,239.0,245.0,131131311.81192642
2025-11-05T01:00:00,245.0,246.0,232.0,235.0,130528539.29785602
2025-11-05T05:00:00,235.0,247.0,227.0,245.0,182479310.6317614
2025-11-05T09:00:00,245.0,247.0,229.0,245.0,208290053.11776373
2025-11-05T13:00:00,244.0,248.0,243.0,246.0,63302849.87398675
2025-11-05T17:00:00,245.0,246.0,239.0,243.0,49487528.98430039
2025-11-05T21:00:00,244.0,250.0,242.0,250.0,85135849.39047836
2025-11-06T01:00:00,250.0,252.0,248.0,249.0,53903465.08692357
2025-11-06T05:00:00,249.0,252.0,248.0,251.0,53377082.23633797
2025-11-06T09:00:00,251.0,251.0,245.0,249.0,47475559.93899136
2025-11-06T13:00:00,249.0,250.0,243.0,245.0,47733127.30722885
2025-11-06T17:00:00,244.0,246.0,242.0,244.0,32983033.96700033
2025-11-06T21:00:00,244.0,245.0,237.0,238.0,82286087.91490538
2025-11-07T01:00:00,239.0,242.0,235.0,241.0,37401813.6424932
2025-11-07T05:00:00,241.0,244.0,239.0,242.0,24858397.31421471
2025-11-07T09:00:00,242.0,247.0,241.0,245.0,45230853.78416639
2025-11-07T13:00:00,246.0,250.0,244.0,249.0,43852665.84285039
2025-11-07T17:00:00,250.0,250.0,243.0,246.0,60607942.84539411
2025-11-07T21:00:00,246.0,255.0,240.0,254.0,98819023.27508117
2025-11-08T01:00:00,253.0,271.0,252.0,270.0,143442818.68630254
2025-11-08T05:00:00,269.0,271.0,265.0,266.0,58240862.5797605
2025-11-08T09:00:00,267.0,274.0,264.0,269.0,75522029.02451503
2025-11-08T13:00:00,268.0,272.0,264.0,268.0,51665751.92579983
2025-11-08T17:00:00,268.0,272.0,266.0,268.0,36371886.16881299
2025-11-08T21:00:00,268.0,268.0,258.0,259.0,60337767.34687172
2025-11-09T01:00:00,259.0,263.0,258.0,262.0,15935545.98872957
2025-11-09T05:00:00,262.0,264.0,261.0,263.0,10746835.79246031
2025-11-09T09:00:00,263.0,263.0,255.0,256.0,31705464.45459475
2025-11-09T13:00:00,256.0,261.0,256.0,261.0,19535944.40425789
2025-11-09T17:00:00,260.0,261.0,257.0,261.0,19497366.50466881
2025-11-09T21:00:00,261.0,268.0,260.0,265.0,61175828.19434561
2025-11-10T01:00:00,266.0,267.0,262.0,267.0,21826859.05851318
2025-11-10T05:00:00,267.0,269.0,265.0,265.0,37108630.22625425
2025-11-10T09:00:00,266.0,273.0,264.0,270.0,96736421.83301787
2025-11-10T13:00:00,269.0,270.0,267.0,268.0,44166894.18169667
2025-11-10T17:00:00,268.0,275.0,266.0,271.0,87331099.43811873
2025-11-10T21:00:00,271.0,273.0,264.0,266.0,79520878.86275338
2025-11-11T01:00:00,266.0,268.0,263.0,267.0,25999301.59828417
2025-11-11T05:00:00,267.0,272.0,264.0,269.0,35925511.55992341
2025-11-11T09:00:00,269.0,275.0,266.0,272.0,90302706.85103472
2025-11-11T13:00:00,272.0,272.0,262.0,263.0,64602482.83908962
2025-11-11T17:00:00,262.0,266.0,262.0,265.0,32314826.01975254
2025-11-11T21:00:00,265.0,266.0,261.0,262.0,39954108.17531382
2025-11-12T01:00:00,263.0,264.0,259.0,261.0,30193866.55764467
2025-11-12T05:00:00,260.0,261.0,257.0,258.0,33225013.97950493
2025-11-12T09:00:00,258.0,259.0,256.0,257.0,32712437.00016666
2025-11-12T13:00:00,257.0,259.0,256.0,257.0,31543091.62390463
2025-11-12T17:00:00,258.0,265.0,257.0,263.0,44711296.45067419
2025-11-12T21:00:00,264.0,266.0,256.0,257.0,54909834.98935054
2025-11-13T01:00:00,257.0,258.0,252.0,255.0,47196362.1508188
2025-11-13T05:00:00,255.0,259.0,254.0,256.0,25061071.04224838
2025-11-13T09:00:00,257.0,264.0,254.0,262.0,55358261.132838
2025-11-13T13:00:00,262.0,264.0,260.0,262.0,43059474.45392356
2025-11-13T17:00:00,263.0,264.0,260.0,263.0,21716402.96732398
2025-11-13T21:00:00,263.0,265.0,258.0,259.0,47978592.02800262
2025-11-14T01:00:00,259.0,260.0,244.0,246.0,85000907.62183382
2025-11-14T05:00:00,246.0,251.0,244.0,249.0,83524972.93167935
2025-11-14T09:00:00,249.0,250.0,245.0,248.0,51401183.2020525
2025-11-14T13:00:00,248.0,252.0,243.0,251.0,93456893.41856927
2025-11-14T17:00:00,251.0,251.0,243.0,245.0,49312277.42073959
2025-11-14T21:00:00,246.0,249.0,238.0,247.0,142321089.97002867
2025-11-15T01:00:00,247.0,250.0,244.0,247.0,25497974.11315085
2025-11-15T05:00:00,248.0,248.0,236.0,240.0,72240795.36304541
2025-11-15T09:00:00,239.0,247.0,239.0,246.0,46876833.13227479
2025-11-15T13:00:00,246.0,248.0,245.0,246.0,23198996.95288299
2025-11-15T17:00:00,246.0,246.0,242.0,245.0,37002345.3549848
2025-11-15T21:00:00,244.0,248.0,243.0,247.0,29693690.03482477
2025-11-16T01:00:00,247.0,249.0,244.0,247.0,19550214.56939606
2025-11-16T05:00:00,247.0,248.0,245.0,247.0,13603759.92344624
2025-11-16T09:00:00,247.0,247.0,242.0,247.0,32316392.62197585
2025-11-16T13:00:00,247.0,247.0,244.0,246.0,15610680.84320348
2025-11-16T17:00:00,245.0,249.0,242.0,243.0,38172443.86655685
2025-11-16T21:00:00,242.0,244.0,239.0,239.0,38673392.86973034
2025-11-17T01:00:00,240.0,241.0,232.0,235.0,69411477.20889433
2025-11-17T05:00:00,235.0,238.0,232.0,236.0,73641631.35394976
2025-11-17T09:00:00,237.0,241.0,234.0,240.0,59332638.00460675
2025-11-17T13:00:00,240.0,242.0,239.0,240.0,34012617.71228199
2025-11-17T17:00:00,240.0,243.0,240.0,241.0,21359671.10330986
2025-11-17T21:00:00,241.0,246.0,235.0,236.0,101006805.66864291
2025-11-18T01:00:00,237.0,241.0,229.0,230.0,94514335.1269792
2025-11-18T05:00:00,230.0,231.0,227.0,228.0,86520057.82320894
2025-11-18T09:00:00,227.0,230.0,223.0,229.0,144753235.19045973
2025-11-18T13:00:00,229.0,231.0,225.0,230.0,69672096.9367561
2025-11-18T17:00:00,230.0,234.0,229.0,232.0,47503575.69129047
2025-11-18T21:00:00,232.0,237.0,230.0,236.0,58916157.12433324
2025-11-19T01:00:00,236.0,241.0,235.0,240.0,48380371.53934053
2025-11-19T05:00:00,240.0,241.0,237.0,240.0,21361985.73141114
2025-11-19T09:00:00,239.0,241.0,236.0,237.0,40762434.91553133
2025-11-19T13:00:00,237.0,238.0,231.0,236.0,54719543.4766893
2025-11-19T17:00:00,237.0,237.0,233.0,236.0,26877213.61398146
2025-11-19T21:00:00,236.0,238.0,230.0,230.0,54152426.58738586
2025-11-20T01:00:00,231.0,232.0,220.0,223.0,124922507.85497674
2025-11-20T05:00:00,222.0,232.0,221.0,231.0,72784954.95947383
2025-11-20T09:00:00,231.0,236.0,229.0,235.0,66297904.63125467
2025-11-20T13:00:00,234.0,237.0,232.0,235.0,41266573.29491443
2025-11-20T17:00:00,235.0,236.0,232.0,234.0,33009740.2698828
2025-11-20T21:00:00,235.0,238.0,232.0,234.0,56136552.13204627
2025-11-21T01:00:00,235.0,235.0,220.0,225.0,139575390.35421845
2025-11-21T05:00:00,225.0,230.0,223.0,224.0,55942407.24481378
2025-11-21T09:00:00,224.0,226.0,216.0,219.0,130901986.17692086
2025-11-21T13:00:00,219.0,221.0,207.0,212.0,186894053.9257517
2025-11-21T17:00:00,212.0,214.0,205.0,206.0,154447486.9857946
2025-11-21T21:00:00,205.0,214.0,200.0,208.0,239618855.36102468
2025-11-22T01:00:00,208.0,216.0,204.0,210.0,84905367.01703271
2025-11-22T05:00:00,210.0,214.0,205.0,210.0,76557866.27774918
2025-11-22T09:00:00,211.0,213.0,208.0,210.0,58115185.01948922
2025-11-22T13:00:00,210.0,211.0,204.0,210.0,57012443.32087246
2025-11-22T17:00:00,210.0,211.0,204.0,208.0,45782707.82584022
2025-11-22T21:00:00,208.0,210.0,204.0,207.0,47249505.1084505
2025-11-23T01:00:00,208.0,211.0,207.0,210.0,19513190.6063281
2025-11-23T05:00:00,210.0,214.0,208.0,210.0,20102462.40159492
2025-11-23T09:00:00,211.0,217.0,210.0,216.0,62462439.76018186
2025-11-23T13:00:00,215.0,219.0,213.0,215.0,47930425.95125234
2025-11-23T17:00:00,215.0,218.0,215.0,217.0,25595442.11165066
2025-11-23T21:00:00,217.0,224.0,216.0,223.0,57929471.93921858
2025-11-24T01:00:00,223.0,223.0,219.0,222.0,22010453.19790995
2025-11-24T05:00:00,222.0,224.0,219.0,221.0,32884688.39062445
2025-11-24T09:00:00,221.0,226.0,217.0,223.0,96870309.95837918
2025-11-24T13:00:00,223.0,225.0,219.0,221.0,46343076.86031505
2025-11-24T17:00:00,221.0,222.0,218.0,219.0,33998503.04916633
2025-11-24T21:00:00,220.0,223.0,216.0,222.0,52918021.15027022
2025-11-25T01:00:00,222.0,230.0,221.0,228.0,56414402.46126296
2025-11-25T05:00:00,228.0,231.0,227.0,227.0,42089957.42132142
2025-11-25T09:00:00,228.0,229.0,225.0,227.0,45249318.98844556
2025-11-25T13:00:00,226.0,228.0,224.0,224.0,41735810.07290052
2025-11-25T17:00:00,224.0,225.0,221.0,222.0,32862915.57073889
2025-11-25T21:00:00,222.0,225.0,219.0,222.0,60444051.9619631
2025-11-26T01:00:00,223.0,228.0,222.0,226.0,31064131.57894925
2025-11-26T05:00:00,226.0,232.0,226.0,229.0,56937088.69396722
2025-11-26T09:00:00,229.0,230.0,224.0,225.0,51686360.98322377
2025-11-26T13:00:00,225.0,228.0,224.0,227.0,22471589.59205434
2025-11-26T17:00:00,228.0,228.0,224.0,225.0,21111019.18142524
2025-11-26T21:00:00,225.0,228.0,223.0,225.0,37194588.52970532
2025-11-27T01:00:00,226.0,234.0,225.0,232.0,65475091.59060031
2025-11-27T05:00:00,232.0,233.0,230.0,232.0,23595350.50158234
2025-11-27T09:00:00,232.0,233.0,229.0,231.0,39915472.43174212
2025-11-27T13:00:00,231.0,232.0,230.0,230.0,20912524.88870756
2025-11-27T17:00:00,230.0,231.0,228.0,229.0,35854467.44928954
2025-11-27T21:00:00,229.0,230.0,228.0,230.0,18151362.73110414
2025-11-28T01:00:00,230.0,231.0,228.0,230.0,8551052.38809724
2025-11-28T05:00:00,230.0,231.0,227.0,229.0,14312421.89046035
2025-11-28T09:00:00,229.0,229.0,224.0,225.0,29236021.31709194
2025-11-28T13:00:00,225.0,226.0,224.0,225.0,26467809.3077357
2025-11-28T17:00:00,224.0,229.0,224.0,226.0,48138535.95659554
2025-11-28T21:00:00,226.0,233.0,225.0,229.0,53148137.33687998
2025-11-29T01:00:00,229.0,230.0,223.0,227.0,34241149.071929
2025-11-29T05:00:00,227.0,227.0,224.0,226.0,10837221.11798945
2025-11-29T09:00:00,225.0,227.0,224.0,224.0,19247591.81724197
2025-11-29T13:00:00,224.0,226.0,223.0,223.0,16932007.36920974
2025-11-29T17:00:00,223.0,225.0,223.0,225.0,13579912.73132902
2025-11-29T21:00:00,225.0,225.0,223.0,224.0,15872303.7366865
2025-11-30T01:00:00,225.0,225.0,222.0,223.0,15355653.10593428
2025-11-30T05:00:00,223.0,224.0,222.0,223.0,5710713.9674209
2025-11-30T09:00:00,223.0,224.0,221.0,223.0,15042668.76391959
2025-11-30T13:00:00,224.0,224.0,222.0,224.0,10077771.74159583
2025-11-30T17:00:00,224.0,224.0,222.0,223.0,9958884.32193849
2025-11-30T21:00:00,223.0,225.0,222.0,224.0,17995430.59095954
2025-12-01T01:00:00,224.0,225.0,223.0,224.0,4305129.75972919
2025-12-01T05:00:00,224.0,225.0,220.0,220.0,25186680.55125904
2025-12-01T09:00:00,220.0,221.0,207.0,209.0,134968381.06817177
2025-12-01T13:00:00,208.0,209.0,206.0,208.0,57492593.39517611
2025-12-01T17:00:00,208.0,209.0,207.0,208.0,19791814.61250714
2025-12-01T21:00:00,208.0,208.0,202.0,204.0,62733889.74400264
2025-12-02T01:00:00,204.0,205.0,203.0,205.0,14848805.13010656
2025-12-02T05:00:00,205.0,206.0,204.0,206.0,16571992.30717999
2025-12-02T09:00:00,205.0,208.0,203.0,205.0,39257272.23214226
2025-12-02T13:00:00,205.0,205.0,204.0,205.0,13160843.28691025
2025-12-02T17:00:00,205.0,207.0,203.0,207.0,23136874.68968127
2025-12-02T21:00:00,207.0,221.0,206.0,218.0,79912184.35784215
2025-12-03T01:00:00,218.0,220.0,216.0,218.0,44344332.8553787
2025-12-03T05:00:00,218.0,219.0,215.0,216.0,28007863.82882879
2025-12-03T09:00:00,216.0,221.0,216.0,220.0,36910603.0959194
2025-12-03T13:00:00,220.0,227.0,219.0,224.0,54008616.32649926
2025-12-03T17:00:00,224.0,224.0,222.0,224.0,21162247.93966971
2025-12-03T21:00:00,224.0,224.0,218.0,221.0,57066430.01503311
2025-12-04T01:00:00,222.0,226.0,220.0,223.0,22694661.50886334
2025-12-04T05:00:00,223.0,228.0,223.0,226.0,22570242.95415183
2025-12-04T09:00:00,226.0,228.0,224.0,225.0,37681451.32690329
2025-12-04T13:00:00,225.0,226.0,222.0,223.0,24039086.59864663
2025-12-04T17:00:00,222.0,224.0,222.0,223.0,24085059.80397631
2025-12-04T21:00:00,223.0,225.0,220.0,223.0,39128894.97815891
2025-12-05T01:00:00,224.0,224.0,218.0,222.0,55568411.29665275
2025-12-05T05:00:00,221.0,222.0,219.0,221.0,12491351.36745112
2025-12-05T09:00:00,221.0,222.0,219.0,219.0,37066453.16469208
2025-12-05T13:00:00,219.0,221.0,218.0,219.0,20814031.97467311
2025-12-05T17:00:00,219.0,220.0,214.0,215.0,41249456.62121665
2025-12-05T21:00:00,216.0,216.0,211.0,213.0,49100328.71346258
2025-12-06T01:00:00,214.0,214.0,206.0,208.0,67352714.2416849
2025-12-06T05:00:00,209.0,210.0,207.0,209.0,21309638.62537481
2025-12-06T09:00:00,209.0,211.0,208.0,210.0,23633075.88391848
2025-12-06T13:00:00,210.0,210.0,208.0,209.0,12743586.50179826
2025-12-06T17:00:00,209.0,210.0,207.0,209.0,12868505.14177569
2025-12-06T21:00:00,210.0,211.0,208.0,209.0,17636060.76751651
2025-12-07T01:00:00,210.0,211.0,208.0,209.0,5395395.06006896
2025-12-07T05:00:00,209.0,210.0,208.0,209.0,5933131.48452635
2025-12-07T09:00:00,209.0,211.0,209.0,210.0,10454415.41472986
2025-12-07T13:00:00,211.0,211.0,208.0,209.0,12861484.85403171
2025-12-07T17:00:00,209.0,210.0,207.0,208.0,15579751.34772353
2025-12-07T21:00:00,208.0,210.0,202.0,209.0,60398350.98446047
2025-12-08T01:00:00,209.0,213.0,207.0,212.0,31610495.14495895
2025-12-08T05:00:00,212.0,213.0,203.0,208.0,34053748.24049003
2025-12-08T09:00:00,208.0,211.0,206.0,209.0,27706832.70143271
2025-12-08T13:00:00,209.0,212.0,209.0,211.0,20887304.89608999
2025-12-08T17:00:00,211.0,215.0,211.0,213.0,46693972.37262274
2025-12-08T21:00:00,213.0,216.0,211.0,212.0,32078618.31067741
2025-12-09T01:00:00,213.0,215.0,210.0,212.0,20178179.84979421
2025-12-09T05:00:00,213.0,215.0,211.0,213.0,16564936.3047878
2025-12-09T09:00:00,213.0,213.0,209.0,211.0,27659059.99530946
2025-12-09T13:00:00,211.0,211.0,207.0,210.0,22277254.0735977
2025-12-09T17:00:00,210.0,210.0,207.0,210.0,14374106.85553943
2025-12-09T21:00:00,210.0,218.0,209.0,217.0,57436124.07312674
2025-12-10T01:00:00,217.0,227.0,217.0,223.0,67872335.89341354
2025-12-10T05:00:00,223.0,224.0,217.0,220.0,46302031.32406921
2025-12-10T09:00:00,220.0,220.0,216.0,219.0,24809005.9660113
2025-12-10T13:00:00,218.0,220.0,217.0,217.0,16468630.19144004
2025-12-10T17:00:00,217.0,220.0,216.0,217.0,28169809.15161389
2025-12-10T21:00:00,217.0,218.0,215.0,216.0,25331152.10112894
2025-12-11T01:00:00,217.0,222.0,215.0,219.0,34069527.76375866
2025-12-11T05:00:00,219.0,223.0,212.0,214.0,50551961.65911874
2025-12-11T09:00:00,213.0,214.0,205.0,206.0,99783766.24041338
2025-12-11T13:00:00,206.0,208.0,205.0,207.0,26453394.46878546
2025-12-11T17:00:00,207.0,207.0,205.0,207.0,32437419.76160404
2025-12-11T21:00:00,207.0,207.0,204.0,205.0,55595679.04875215
2025-12-12T01:00:00,205.0,208.0,204.0,206.0,28178129.40977978
2025-12-12T05:00:00,206.0,212.0,206.0,208.0,32116347.71916585
2025-12-12T09:00:00,209.0,210.0,206.0,209.0,21832092.37125543
2025-12-12T13:00:00,209.0,210.0,207.0,209.0,15501903.71701347
2025-12-12T17:00:00,209.0,211.0,208.0,209.0,14576663.46745103
2025-12-12T21:00:00,210.0,211.0,202.0,203.0,49629619.94340459
2025-12-13T01:00:00,203.0,205.0,201.0,204.0,42835242.13585241
2025-12-13T05:00:00,204.0,206.0,203.0,205.0,8716382.84914457
2025-12-13T09:00:00,205.0,206.0,204.0,205.0,15269673.60482692
2025-12-13T13:00:00,205.0,206.0,204.0,205.0,9614388.12602813
2025-12-13T17:00:00,205.0,208.0,205.0,206.0,15161176.70153914
2025-12-13T21:00:00,207.0,209.0,206.0,208.0,17815973.85347119
2025-12-14T01:00:00,208.0,209.0,206.0,207.0,4975875.2511587
2025-12-14T05:00:00,207.0,208.0,206.0,208.0,4730751.2498924
2025-12-14T09:00:00,208.0,208.0,207.0,207.0,6324154.39034391
2025-12-14T13:00:00,207.0,207.0,205.0,207.0,11519285.98991603
2025-12-14T17:00:00,207.0,207.0,203.0,205.0,20268537.79279808
2025-12-14T21:00:00,204.0,205.0,202.0,203.0,24292196.2932051
2025-12-15T01:00:00,202.0,204.0,200.0,202.0,51720889.5463606
2025-12-15T05:00:00,202.0,202.0,199.0,201.0,46359536.13822008
2025-12-15T09:00:00,201.0,207.0,200.0,203.0,35372322.02688711
2025-12-15T13:00:00,203.0,205.0,202.0,203.0,23462841.16182017
2025-12-15T17:00:00,203.0,205.0,202.0,203.0,18268274.36616952
2025-12-15T21:00:00,204.0,204.0,194.0,195.0,93574448.43580608
2025-12-16T01:00:00,195.0,196.0,189.8,193.0,64972859.41904231
2025-12-16T05:00:00,192.0,194.0,191.0,194.0,34848601.30473782
2025-12-16T09:00:00,194.0,195.0,191.0,192.0,43451387.34623151
2025-12-16T13:00:00,192.0,194.0,189.4,192.0,33356304.32122377
2025-12-16T17:00:00,192.0,197.0,191.0,196.0,36702054.7826151
2025-12-16T21:00:00,196.0,198.0,192.0,197.0,49194300.67430054
2025-12-17T01:00:00,197.0,198.0,195.0,197.0,13641506.75439821
2025-12-17T05:00:00,196.0,197.0,195.0,195.0,7154250.60050698
2025-12-17T09:00:00,196.0,197.0,195.0,196.0,12166895.57761522
2025-12-17T13:00:00,196.0,196.0,193.0,196.0,21153886.80186856
2025-12-17T17:00:00,195.0,196.0,193.0,194.0,11492842.99099102
2025-12-17T21:00:00,195.0,203.0,192.0,193.0,78368483.38887271
2025-12-18T01:00:00,194.0,195.0,186.0,189.0,84716427.90711632
2025-12-18T05:00:00,189.0,191.0,187.0,189.0,23827941.96275484
2025-12-18T09:00:00,189.0,189.0,186.0,187.0,27546994.57593592
2025-12-18T13:00:00,188.0,188.0,185.0,186.0,36604246.95211648
2025-12-18T17:00:00,186.0,189.0,185.0,188.0,24166123.18632235
2025-12-18T21:00:00,188.0,194.0,187.0,192.0,59076728.31208201
2025-12-19T01:00:00,192.0,193.0,179.0,180.0,106814411.55716243
2025-12-19T05:00:00,179.0,185.0,179.0,182.0,39796881.64834005
2025-12-19T09:00:00,182.0,189.0,179.0,188.0,110178926.66879351
2025-12-19T13:00:00,188.0,192.0,186.0,191.0,40160546.78288309
2025-12-19T17:00:00,191.0,192.0,190.0,191.0,21691285.75725642
2025-12-19T21:00:00,191.0,197.0,190.0,193.0,56575615.66221177
2025-12-20T01:00:00,193.0,199.0,192.0,197.0,41697652.89197814
2025-12-20T05:00:00,197.0,199.0,196.0,198.0,23565402.55914014
2025-12-20T09:00:00,198.0,198.0,195.0,196.0,21222622.09026209
2025-12-20T13:00:00,196.0,197.0,195.0,197.0,17886805.62298786
2025-12-20T17:00:00,197.0,198.0,196.0,196.0,25133262.47427865
2025-12-20T21:00:00,197.0,197.0,195.0,196.0,15756085.5877578
2025-12-21T01:00:00,196.0,197.0,195.0,196.0,4579991.10330839
2025-12-21T05:00:00,196.0,197.0,195.0,197.0,10095513.53934658
2025-12-21T09:00:00,197.0,197.0,194.0,195.0,20063613.54938302
2025-12-21T13:00:00,195.0,197.0,195.0,196.0,5954399.42901355
2025-12-21T17:00:00,196.0,199.0,195.0,197.0,30416683.15626237
2025-12-21T21:00:00,196.0,198.0,191.0,193.0,44767449.95696313
2025-12-22T01:00:00,193.0,195.0,192.0,195.0,7501481.06908287
2025-12-22T05:00:00,194.0,196.0,192.0,195.0,11855627.46699634
2025-12-22T09:00:00,195.0,200.0,193.0,196.0,46564086.07189022
2025-12-22T13:00:00,196.0,198.0,195.0,196.0,12957739.6422419
2025-12-22T17:00:00,196.0,199.0,196.0,198.0,24927684.84466469
2025-12-22T21:00:00,197.0,202.0,197.0,200.0,45043230.75892817
2025-12-23T01:00:00,200.0,201.0,196.0,197.0,19620777.74386607
2025-12-23T05:00:00,197.0,198.0,195.0,198.0,18720297.23535892
2025-12-23T09:00:00,198.0,199.0,196.0,198.0,22910789.87500936
2025-12-23T13:00:00,198.0,199.0,194.0,194.0,26688728.64216121
2025-12-23T17:00:00,195.0,196.0,194.0,195.0,15037626.03316752
2025-12-23T21:00:00,196.0,196.0,191.0,194.0,32065317.80312229
2025-12-24T01:00:00,194.0,196.0,191.0,193.0,50031448.73559736
2025-12-24T05:00:00,193.0,195.0,192.0,193.0,10158605.80824907
2025-12-24T09:00:00,193.0,194.0,189.0,191.0,35601182.38012233
2025-12-24T13:00:00,191.0,191.0,187.0,189.0,22775659.56311606
2025-12-24T17:00:00,188.0,190.0,187.0,189.0,15619339.66990847
2025-12-24T21:00:00,189.0,190.0,187.0,190.0,14438917.48968532
2025-12-25T01:00:00,190.0,191.0,188.0,189.0,9634691.62675246
2025-12-25T05:00:00,189.0,191.0,188.0,190.0,6349069.4435117
2025-12-25T09:00:00,190.0,191.0,189.0,191.0,9966318.00908323
2025-12-25T13:00:00,190.0,191.0,188.0,188.0,9098801.43148631
2025-12-25T17:00:00,188.0,190.0,185.0,187.0,26115007.4074726
2025-12-25T21:00:00,187.0,189.0,185.0,188.0,26205831.99333425
2025-12-26T01:00:00,188.0,189.0,186.0,187.0,6441022.4027141
2025-12-26T05:00:00,187.0,187.0,181.0,182.0,43923785.31288858
2025-12-26T09:00:00,183.0,187.0,181.0,184.0,52742410.31017027
2025-12-26T13:00:00,184.0,185.0,182.0,183.0,39534308.06970207
2025-12-26T17:00:00,183.0,184.0,183.0,184.0,14998769.72875844
2025-12-26T21:00:00,184.0,185.0,178.0,180.0,93272260.49484211
2025-12-27T01:00:00,179.0,180.0,177.0,180.0,30894477.08448009
2025-12-27T05:00:00,180.0,180.0,178.0,179.0,20651943.15977052
2025-12-27T09:00:00,180.0,181.0,179.0,180.0,14483365.09209339
2025-12-27T13:00:00,180.0,181.0,179.0,179.0,16342896.12057968
2025-12-27T17:00:00,179.0,181.0,179.0,181.0,14907556.10753382
2025-12-27T21:00:00,180.0,181.0,179.0,180.0,10792434.87520422
2025-12-28T01:00:00,180.0,181.0,179.0,180.0,4275837.87988023
2025-12-28T05:00:00,180.0,183.0,179.0,181.0,15553804.89724416
2025-12-28T09:00:00,182.0,182.0,180.0,182.0,10112199.2995936
2025-12-28T13:00:00,182.0,182.0,180.0,182.0,8334500.97339566
2025-12-28T17:00:00,182.0,182.0,180.0,181.0,8644241.68183875
2025-12-28T21:00:00,180.0,182.0,180.0,181.0,14188413.38193494
2025-12-29T01:00:00,181.0,182.0,179.0,180.0,13127905.6531365
2025-12-29T05:00:00,180.0,181.0,179.0,181.0,13348711.9275911
2025-12-29T09:00:00,181.0,185.0,180.0,185.0,41023688.72717227
2025-12-29T13:00:00,185.0,185.0,182.0,183.0,54857648.26155551
2025-12-29T17:00:00,183.0,184.0,180.0,181.0,27355836.51656414
2025-12-29T21:00:00,182.0,182.0,178.0,181.0,49274285.58447007
2025-12-30T01:00:00,181.0,181.0,178.0,179.0,10746717.56401603
2025-12-30T05:00:00,178.0,180.0,178.0,180.0,11133502.90614232
2025-12-30T09:00:00,180.0,180.0,178.0,180.0,16845667.32070563
2025-12-30T13:00:00,180.0,181.0,178.0,181.0,15002427.26448485
2025-12-30T17:00:00,180.0,183.0,180.0,181.0,32535119.76403781
2025-12-30T21:00:00,181.0,182.0,179.0,180.0,14525144.66293426
2025-12-31T01:00:00,181.0,182.0,178.0,179.0,8810009.69038112
2025-12-31T05:00:00,179.0,180.0,178.0,180.0,12700758.72903987
2025-12-31T09:00:00,180.0,180.0,178.0,179.0,21264399.13476859
2025-12-31T13:00:00,179.0,179.0,178.0,179.0,11007460.45404067
2025-12-31T17:00:00,179.0,180.0,178.0,180.0,16883581.34570408
2025-12-31T21:00:00,179.0,180.0,176.0,177.0,34382961.11742142
2026-01-01T01:00:00,177.0,178.0,173.0,174.0,22884332.3625489
2026-01-01T05:00:00,174.0,175.0,171.0,172.0,32882824.07144817
2026-01-01T09:00:00,172.0,174.0,171.0,172.0,27382676.44641985
2026-01-01T13:00:00,173.0,174.0,172.0,172.0,16265221.29094877
2026-01-01T17:00:00,173.0,177.0,172.0,176.0,26226921.93433047
2026-01-01T21:00:00,176.0,185.0,175.0,182.0,40243854.82332219
2026-01-02T01:00:00,181.0,183.0,180.0,182.0,26772663.49759759
2026-01-02T05:00:00,182.0,185.0,182.0,184.0,34925307.37539055
2026-01-02T09:00:00,183.0,188.0,182.0,186.0,35348554.99369705
2026-01-02T13:00:00,187.0,187.0,185.0,185.0,17887389.3036319
2026-01-02T17:00:00,185.0,195.0,185.0,188.0,101787356.76326834
2026-01-02T21:00:00,188.0,197.0,187.0,195.0,105862902.32195343
2026-01-03T01:00:00,195.0,202.0,195.0,201.0,78475691.639846
2026-01-03T05:00:00,202.0,209.0,200.0,205.0,91097690.6658977
2026-01-03T09:00:00,204.0,209.0,204.0,208.0,69977037.315636
2026-01-03T13:00:00,208.0,209.0,201.0,202.0,65560406.31371837
2026-01-03T17:00:00,202.0,208.0,201.0,206.0,45169207.14081829
2026-01-03T21:00:00,206.0,208.0,205.0,206.0,21895945.78518238
2026-01-04T01:00:00,207.0,207.0,204.0,205.0,16846035.77477093
2026-01-04T05:00:00,205.0,208.0,204.0,206.0,13521342.94823783
2026-01-04T09:00:00,206.0,220.0,206.0,218.0,112125486.27383183
2026-01-04T13:00:00,218.0,223.0,217.0,219.0,100196210.16461194
2026-01-04T17:00:00,219.0,221.0,218.0,220.0,36519069.70907358
2026-01-04T21:00:00,221.0,224.0,217.0,219.0,55990334.38325721
2026-01-05T01:00:00,220.0,221.0,214.0,217.0,24375584.93961996
2026-01-05T05:00:00,217.0,218.0,215.0,217.0,25181738.68593449
2026-01-05T09:00:00,217.0,221.0,215.0,220.0,69993844.6708473
2026-01-05T13:00:00,220.0,220.0,216.0,218.0,38982304.07292227
2026-01-05T17:00:00,218.0,219.0,212.0,215.0,58113031.5982385
2026-01-05T21:00:00,216.0,217.0,213.0,217.0,40665992.79571889
2026-01-06T01:00:00,216.0,223.0,215.0,220.0,74054702.5894777
2026-01-06T05:00:00,220.0,223.0,218.0,221.0,56628603.28218178
2026-01-06T09:00:00,221.0,223.0,215.0,222.0,102238611.05505817
2026-01-06T13:00:00,222.0,222.0,216.0,217.0,49325654.74151665
2026-01-06T17:00:00,217.0,219.0,216.0,218.0,31059298.72683201
2026-01-06T21:00:00,219.0,227.0,216.0,218.0,122424536.62778017
2026-01-07T01:00:00,218.0,219.0,209.0,212.0,92822403.23641668
2026-01-07T05:00:00,212.0,219.0,212.0,219.0,34074237.5379798
2026-01-07T09:00:00,219.0,219.0,213.0,216.0,44827588.59782135
2026-01-07T13:00:00,216.0,217.0,214.0,216.0,18495066.24747666
2026-01-07T17:00:00,216.0,224.0,215.0,218.0,79069852.68645716
2026-01-07T21:00:00,217.0,218.0,211.0,214.0,54053435.10618002
2026-01-08T01:00:00,213.0,217.0,212.0,214.0,18195929.25167537
2026-01-08T05:00:00,214.0,215.0,212.0,213.0,22657275.03578501
2026-01-08T09:00:00,214.0,216.0,211.0,211.0,42508638.50925748
2026-01-08T13:00:00,212.0,215.0,207.0,211.0,67218621.75548021
2026-01-08T17:00:00,211.0,212.0,202.0,206.0,54779087.23152027
2026-01-08T21:00:00,205.0,208.0,202.0,208.0,49985714.80067483
2026-01-09T01:00:00,208.0,209.0,205.0,208.0,16331264.29663602
2026-01-09T05:00:00,208.0,210.0,206.0,207.0,11631822.75254237
2026-01-09T09:00:00,208.0,210.0,206.0,209.0,31868916.34126976
2026-01-09T13:00:00,209.0,210.0,208.0,208.0,15303830.90600295
2026-01-09T17:00:00,208.0,209.0,204.0,206.0,32245058.51345491
2026-01-09T21:00:00,206.0,212.0,203.0,208.0,79368951.5858931
2026-01-10T01:00:00,209.0,212.0,205.0,205.0,25638996.0884364
2026-01-10T05:00:00,206.0,208.0,205.0,208.0,9336871.81180902
2026-01-10T09:00:00,207.0,208.0,205.0,207.0,13183725.93252085
2026-01-10T13:00:00,207.0,207.0,205.0,206.0,8883794.52417413
2026-01-10T17:00:00,206.0,208.0,206.0,207.0,14090409.53699152
2026-01-10T21:00:00,206.0,208.0,206.0,207.0,11902344.95917739
2026-01-11T01:00:00,206.0,207.0,206.0,206.0,2908362.47892404
2026-01-11T05:00:00,207.0,207.0,205.0,206.0,8912596.87751657
2026-01-11T09:00:00,206.0,206.0,204.0,206.0,14210890.54638254
2026-01-11T13:00:00,206.0,206.0,204.0,206.0,19219033.33048809
2026-01-11T17:00:00,205.0,207.0,205.0,206.0,15990418.91982312
2026-01-11T21:00:00,206.0,208.0,202.0,203.0,34197805.3093977
2026-01-12T01:00:00,203.0,206.0,202.0,203.0,19309968.14134032
2026-01-12T05:00:00,203.0,204.0,200.0,203.0,28499726.9061832
2026-01-12T09:00:00,203.0,210.0,201.0,207.0,64378303.27132014
2026-01-12T13:00:00,207.0,209.0,203.0,203.0,29573198.15772569
2026-01-12T17:00:00,204.0,205.0,200.0,202.0,47797840.67022275
2026-01-12T21:00:00,202.0,204.0,199.0,204.0,46028258.10840606
2026-01-13T01:00:00,203.0,206.0,201.0,204.0,29210255.30513182
2026-01-13T05:00:00,204.0,205.0,200.0,202.0,14313532.73721365
2026-01-13T09:00:00,202.0,203.0,201.0,202.0,25007637.27952028
2026-01-13T13:00:00,202.0,206.0,202.0,204.0,32368199.76632921
2026-01-13T17:00:00,204.0,207.0,204.0,205.0,20221778.9234254
2026-01-13T21:00:00,206.0,210.0,204.0,209.0,55145546.83247963
2026-01-14T01:00:00,209.0,212.0,208.0,212.0,35373625.19962219
2026-01-14T05:00:00,212.0,221.0,210.0,218.0,110084167.55718482
2026-01-14T09:00:00,218.0,220.0,216.0,219.0,76574849.0617421
2026-01-14T13:00:00,220.0,220.0,215.0,218.0,42115478.02498082
2026-01-14T17:00:00,218.0,218.0,213.0,214.0,28628060.39834197
2026-01-14T21:00:00,214.0,219.0,214.0,218.0,57667120.7332601
2026-01-15T01:00:00,218.0,221.0,214.0,217.0,51258022.16683896
2026-01-15T05:00:00,217.0,219.0,214.0,215.0,21875326.95692098
2026-01-15T09:00:00,216.0,216.0,209.0,210.0,48970412.83442859
2026-01-15T13:00:00,209.0,212.0,209.0,212.0,22018369.38107969
2026-01-15T17:00:00,211.0,213.0,210.0,211.0,28839289.69952719
2026-01-15T21:00:00,211.0,213.0,206.0,210.0,50245169.77023577
2026-01-16T01:00:00,209.0,210.0,205.0,206.0,26468573.56172123
2026-01-16T05:00:00,206.0,208.0,205.0,207.0,13501180.11178664
2026-01-16T09:00:00,207.0,208.0,205.0,206.0,22486348.76245895
2026-01-16T13:00:00,206.0,207.0,204.0,207.0,16015424.5218367
2026-01-16T17:00:00,207.0,207.0,203.0,204.0,28903153.3989363
2026-01-16T21:00:00,204.0,205.0,200.0,202.0,59591797.27918071
2026-01-17T01:00:00,202.0,204.0,201.0,203.0,19578891.50217878
2026-01-17T05:00:00,203.0,205.0,201.0,204.0,22029925.31138803
2026-01-17T09:00:00,205.0,205.0,203.0,203.0,18891648.84049794
2026-01-17T13:00:00,203.0,204.0,202.0,203.0,14652141.88066527
2026-01-17T17:00:00,203.0,204.0,202.0,204.0,11994649.72063248
2026-01-17T21:00:00,204.0,207.0,203.0,206.0,23557865.67494903
2026-01-18T01:00:00,205.0,207.0,204.0,204.0,10053063.61866322
2026-01-18T05:00:00,204.0,205.0,203.0,204.0,6310654.76622583
2026-01-18T09:00:00,203.0,205.0,202.0,203.0,24753838.11377621
2026-01-18T13:00:00,203.0,204.0,202.0,202.0,17006121.64112257
2026-01-18T17:00:00,202.0,204.0,202.0,203.0,10189977.39809844
2026-01-18T21:00:00,203.0,204.0,202.0,203.0,13224007.06839644
2026-01-19T01:00:00,203.0,204.0,202.0,203.0,8553359.46599562
2026-01-19T05:00:00,203.0,204.0,195.0,195.0,64663137.7725216
2026-01-19T09:00:00,195.0,196.0,185.0,189.0,191121901.27725387
2026-01-19T13:00:00,189.0,190.0,188.0,189.0,26170016.7915479
2026-01-19T17:00:00,189.0,191.0,188.0,190.0,30378877.58639011
2026-01-19T21:00:00,190.0,191.0,189.0,190.0,20045666.0101946
2026-01-20T01:00:00,190.0,193.0,189.0,193.0,14625804.57579824
2026-01-20T05:00:00,193.0,194.0,190.0,192.0,16736038.99357954
2026-01-20T09:00:00,191.0,192.0,189.0,190.0,26755174.11806927
2026-01-20T13:00:00,190.0,191.0,188.0,188.0,43397536.50118769
2026-01-20T17:00:00,188.0,189.0,186.0,186.0,45552608.33489622
2026-01-20T21:00:00,186.0,188.0,185.0,186.0,53349398.30907007
2026-01-21T01:00:00,186.0,187.0,183.0,185.0,23787374.40613841
2026-01-21T05:00:00,184.0,186.0,182.0,183.0,47922387.53677948
2026-01-21T09:00:00,183.0,188.0,183.0,186.0,34344709.4353782
2026-01-21T13:00:00,187.0,188.0,185.0,186.0,26123076.77552852
2026-01-21T17:00:00,186.0,186.0,182.0,183.0,28146728.24703276
2026-01-21T21:00:00,183.0,188.0,180.0,188.0,95019264.00664762
2026-01-22T01:00:00,188.0,190.0,179.0,190.0,78708862.58884127
2026-01-22T05:00:00,189.0,191.0,186.0,187.0,39021475.29259971
2026-01-22T09:00:00,187.0,190.0,187.0,188.0,37505651.50988615
2026-01-22T13:00:00,188.0,189.0,186.0,187.0,20914007.31492042
2026-01-22T17:00:00,187.0,189.0,186.0,187.0,22764334.6123093
2026-01-22T21:00:00,187.0,188.0,183.0,185.0,34132668.52439308
2026-01-23T01:00:00,185.0,187.0,184.0,186.0,8732209.54440065
2026-01-23T05:00:00,186.0,186.0,183.0,185.0,16320618.64513136
2026-01-23T09:00:00,185.0,187.0,184.0,186.0,21968805.09456664
2026-01-23T13:00:00,186.0,187.0,185.0,186.0,14784938.06382921
2026-01-23T17:00:00,186.0,186.0,184.0,186.0,17737375.11947793
2026-01-23T21:00:00,186.0,186.0,182.0,185.0,32867788.19792672
2026-01-24T01:00:00,185.0,189.0,183.0,184.0,35327927.86487861
2026-01-24T05:00:00,184.0,185.0,182.0,184.0,19937116.34426705
2026-01-24T09:00:00,184.0,184.0,183.0,184.0,10648135.32158588
2026-01-24T13:00:00,184.0,184.0,183.0,183.0,9659643.76561343
2026-01-24T17:00:00,183.0,184.0,183.0,183.0,7216553.22832258
2026-01-24T21:00:00,183.0,184.0,182.0,182.0,10873352.14871004
2026-01-25T01:00:00,183.0,184.0,181.0,184.0,14052992.68555262
2026-01-25T05:00:00,183.0,184.0,183.0,183.0,6926915.89464059
2026-01-25T09:00:00,183.0,184.0,181.0,182.0,21932967.32779555
2026-01-25T13:00:00,182.0,183.0,181.0,181.0,13465382.23265851
2026-01-25T17:00:00,182.0,182.0,180.0,181.0,24077826.46814135
2026-01-25T21:00:00,182.0,182.0,180.0,181.0,17675834.60755856
2026-01-26T01:00:00,181.0,181.0,175.0,176.0,74346993.0882466
2026-01-26T05:00:00,176.0,178.0,175.0,177.0,61672538.48536528
2026-01-26T09:00:00,177.0,181.0,176.0,179.0,53455175.05265607
2026-01-26T13:00:00,179.0,180.0,177.0,178.0,24156029.72691226
2026-01-26T17:00:00,178.0,179.0,176.0,177.0,28766877.72412972
2026-01-26T21:00:00,177.0,181.0,177.0,178.0,43145805.4301322
2026-01-27T01:00:00,179.0,181.0,178.0,179.0,11068874.01196944
2026-01-27T05:00:00,180.0,180.0,178.0,179.0,9523219.20874343
2026-01-27T09:00:00,179.0,181.0,178.0,180.0,26532054.61587882
2026-01-27T13:00:00,180.0,181.0,178.0,178.0,20454498.11083728
2026-01-27T17:00:00,179.0,180.0,177.0,179.0,16815423.86382278
2026-01-27T21:00:00,179.0,180.0,177.0,180.0,21667636.46749726
2026-01-28T01:00:00,180.0,184.0,178.0,182.0,45454612.01294895
2026-01-28T05:00:00,182.0,184.0,181.0,183.0,25307241.27973221
2026-01-28T09:00:00,184.0,184.0,179.0,181.0,30203674.40726329
2026-01-28T13:00:00,181.0,182.0,179.0,182.0,18784102.43160376
2026-01-28T17:00:00,182.0,185.0,181.0,184.0,23209865.50775667
2026-01-28T21:00:00,184.0,184.0,180.0,180.0,26484272.11841408
2026-01-29T01:00:00,181.0,183.0,179.0,182.0,9613646.7244727
2026-01-29T05:00:00,182.0,183.0,180.0,180.0,9697438.32491926
2026-01-29T09:00:00,180.0,181.0,176.0,177.0,55326942.15462463
2026-01-29T13:00:00,177.0,178.0,176.0,177.0,29643082.82925662
2026-01-29T17:00:00,177.0,178.0,175.0,176.0,31491258.21025031
2026-01-29T21:00:00,176.0,176.0,169.0,171.0,126701654.83002073
2026-01-30T01:00:00,170.0,174.0,168.0,170.0,74548360.21752296
2026-01-30T05:00:00,170.0,173.0,169.0,173.0,23211639.25798782
2026-01-30T09:00:00,173.0,173.0,166.0,168.0,131472609.69410329
2026-01-30T13:00:00,167.0,170.0,164.0,168.0,61699549.01217798
2026-01-30T17:00:00,168.0,170.0,166.0,170.0,26624834.029861
2026-01-30T21:00:00,170.0,172.0,167.0,171.0,32656286.89932969
2026-01-31T01:00:00,171.0,175.0,168.0,174.0,40339611.49595666
2026-01-31T05:00:00,174.0,174.0,171.0,173.0,29823114.90350538
2026-01-31T09:00:00,173.0,173.0,170.0,171.0,27922096.03088374
2026-01-31T13:00:00,171.0,172.0,166.0,167.0,27129020.74756686
2026-01-31T17:00:00,168.0,168.0,164.0,165.0,51385184.43421433
2026-01-31T21:00:00,165.0,166.0,158.0,159.0,117472791.59917536
2026-02-01T01:00:00,158.0,161.0,142.0,152.0,200891738.2898114
2026-02-01T05:00:00,152.0,157.0,150.0,155.0,64076955.43064174
2026-02-01T09:00:00,156.0,157.0,154.0,155.0,67308835.52686886
2026-02-01T13:00:00,155.0,157.0,154.0,156.0,43627564.20789639
2026-02-01T17:00:00,156.0,158.0,154.0,157.0,43712468.19831674
2026-02-01T21:00:00,157.0,158.0,151.0,154.0,75890695.5191636
2026-02-02T01:00:00,154.0,157.0,152.0,153.0,25617251.53130846
2026-02-02T05:00:00,153.0,156.0,149.0,154.0,64627448.7495772
2026-02-02T09:00:00,154.0,157.0,148.0,153.0,119215347.34396613
2026-02-02T13:00:00,153.0,155.0,147.0,153.0,109066829.04045776
2026-02-02T17:00:00,153.0,156.0,152.0,156.0,37710407.3094377
2026-02-02T21:00:00,156.0,164.0,155.0,162.0,77512846.54147477
2026-02-03T01:00:00,163.0,163.0,159.0,160.0,31148016.65375316
2026-02-03T05:00:00,159.0,161.0,158.0,160.0,16582932.53791398
2026-02-03T09:00:00,161.0,161.0,156.0,159.0,39960459.30286492
2026-02-03T13:00:00,158.0,161.0,156.0,160.0,34800784.38431635
2026-02-03T17:00:00,159.0,161.0,157.0,157.0,38644367.38673696
2026-02-03T21:00:00,158.0,163.0,156.0,163.0,52726488.33266026
2026-02-04T01:00:00,163.0,163.0,152.0,158.0,83367309.75116505
2026-02-04T05:00:00,157.0,164.0,156.0,157.0,38502591.24137884
2026-02-04T09:00:00,157.0,162.0,156.0,161.0,34826908.02643221
2026-02-04T13:00:00,161.0,161.0,158.0,160.0,18586011.57931777
2026-02-04T17:00:00,160.0,161.0,157.0,159.0,27894191.9998435
2026-02-04T21:00:00,159.0,159.0,152.0,153.0,60679872.62997387
2026-02-05T01:00:00,153.0,156.0,150.0,156.0,42513025.5130724
2026-02-05T05:00:00,155.0,156.0,150.0,153.0,44626307.31270812
2026-02-05T09:00:00,153.0,155.0,150.0,151.0,66310496.09082588
2026-02-05T13:00:00,151.0,153.0,148.0,149.0,104427165.86062288
2026-02-05T17:00:00,149.0,152.0,143.0,145.0,111174464.75666836
2026-02-05T21:00:00,145.0,147.0,137.0,139.0,208081350.6091397
2026-02-06T01:00:00,139.0,141.0,134.0,135.0,121446942.58590004
2026-02-06T05:00:00,134.0,136.0,128.0,130.0,208113846.7646104
2026-02-06T09:00:00,130.0,136.0,118.0,134.0,340821031.20065796
2026-02-06T13:00:00,134.0,139.0,132.0,135.0,82001513.22478598
2026-02-06T17:00:00,135.0,140.0,134.0,138.0,64945250.79551411
2026-02-06T21:00:00,138.0,144.0,138.0,144.0,128011213.11865105
2026-02-07T01:00:00,143.0,152.0,142.0,146.0,116780779.69584945
2026-02-07T05:00:00,146.0,149.0,145.0,146.0,50674577.06860586
2026-02-07T09:00:00,147.0,147.0,143.0,147.0,59145089.98838383
2026-02-07T13:00:00,147.0,148.0,140.0,141.0,75886910.1303977
2026-02-07T17:00:00,141.0,143.0,140.0,142.0,64814139.97900082
2026-02-07T21:00:00,142.0,145.0,141.0,143.0,33830054.24928646
2026-02-08T01:00:00,143.0,147.0,143.0,146.0,18844152.63814661
2026-02-08T05:00:00,146.0,147.0,144.0,145.0,15234796.26051307
2026-02-08T09:00:00,146.0,146.0,143.0,144.0,17159818.27423446
2026-02-08T13:00:00,144.0,145.0,143.0,143.0,13029056.61231221
2026-02-08T17:00:00,144.0,147.0,143.0,147.0,49286087.85109552
2026-02-08T21:00:00,147.0,147.0,144.0,144.0,41805188.71034292
2026-02-09T01:00:00,145.0,146.0,141.0,145.0,26286917.40812115
2026-02-09T05:00:00,145.0,147.0,142.0,143.0,23871962.6994749
2026-02-09T09:00:00,144.0,145.0,142.0,144.0,37604092.99867449
2026-02-09T13:00:00,144.0,145.0,141.0,141.0,29436019.2230985
2026-02-09T17:00:00,142.0,142.0,137.0,138.0,69591444.12056725
2026-02-09T21:00:00,138.0,142.0,138.0,141.0,44229068.09842801
2026-02-10T01:00:00,140.0,143.0,139.0,142.0,19926280.32007662
2026-02-10T05:00:00,142.0,143.0,140.0,142.0,20711754.21447654
2026-02-10T09:00:00,142.0,143.0,139.0,141.0,27822665.08438872
2026-02-10T13:00:00,140.0,142.0,138.0,140.0,35344308.05081891
2026-02-10T17:00:00,140.0,140.0,137.0,137.0,20894630.55956805
2026-02-10T21:00:00,138.0,140.0,136.0,138.0,38383417.79137737
2026-02-11T01:00:00,138.0,140.0,137.0,139.0,9361709.7606713
2026-02-11T05:00:00,139.0,139.0,137.0,138.0,17490164.20123777
2026-02-11T09:00:00,138.0,139.0,136.0,137.0,26312657.50230379
2026-02-11T13:00:00,137.0,138.0,133.0,134.0,55082554.5070208
2026-02-11T17:00:00,134.0,135.0,132.0,134.0,28483713.44540213
2026-02-11T21:00:00,133.0,137.0,130.0,132.0,68529381.93546493
2026-02-12T01:00:00,132.0,135.0,131.0,135.0,26668901.04267347
2026-02-12T05:00:00,135.0,136.0,133.0,135.0,16908928.04215496
2026-02-12T09:00:00,134.0,136.0,134.0,135.0,23200373.02250068
2026-02-12T13:00:00,135.0,137.0,134.0,137.0,22474473.42372052
2026-02-12T17:00:00,137.0,138.0,135.0,137.0,39087409.66738094
2026-02-12T21:00:00,137.0,139.0,136.0,137.0,40191710.65808123
2026-02-13T01:00:00,137.0,138.0,133.0,134.0,34646704.94674668
2026-02-13T05:00:00,134.0,138.0,133.0,136.0,22735095.81545576
2026-02-13T09:00:00,137.0,137.0,135.0,136.0,23075113.78478259
2026-02-13T13:00:00,136.0,137.0,134.0,136.0,35742146.49415663
2026-02-13T17:00:00,136.0,139.0,136.0,138.0,16636146.6209411
2026-02-13T21:00:00,139.0,142.0,136.0,139.0,62190422.24013564
2026-02-14T01:00:00,140.0,142.0,139.0,141.0,15011277.48044384
2026-02-14T05:00:00,142.0,143.0,140.0,142.0,19299408.90768508
2026-02-14T09:00:00,141.0,143.0,141.0,143.0,28187092.33338159
2026-02-14T13:00:00,143.0,143.0,141.0,142.0,18584856.12438301
2026-02-14T17:00:00,142.0,149.0,141.0,149.0,54409517.88132154
2026-02-14T21:00:00,148.0,154.0,146.0,153.0,91196571.5848395
2026-02-15T01:00:00,153.0,161.0,150.0,160.0,107142619.22450104
2026-02-15T05:00:00,160.0,167.0,158.0,163.0,132503568.47283803
2026-02-15T09:00:00,163.0,170.0,163.0,169.0,156268095.47931248
2026-02-15T13:00:00,168.0,173.0,167.0,172.0,142195874.53456566
2026-02-15T17:00:00,172.0,173.0,165.0,166.0,116336644.05369727
2026-02-15T21:00:00,166.0,167.0,158.0,159.0,164846003.91530314
2026-02-16T01:00:00,160.0,160.0,152.0,152.0,126900954.22242007
2026-02-16T05:00:00,152.0,154.0,151.0,153.0,59108478.15125829
2026-02-16T09:00:00,152.0,154.0,150.0,152.0,61847008.24552094
2026-02-16T13:00:00,152.0,153.0,150.0,152.0,27316658.81245286
2026-02-16T17:00:00,151.0,154.0,149.0,151.0,51222914.18501632
2026-02-16T21:00:00,151.0,154.0,146.0,147.0,119139373.11519586
2026-02-17T01:00:00,147.0,151.0,147.0,149.0,41352387.21004382
2026-02-17T05:00:00,149.0,151.0,148.0,149.0,34127315.07808153
2026-02-17T09:00:00,149.0,150.0,147.0,149.0,44147816.78579383
2026-02-17T13:00:00,149.0,149.0,147.0,148.0,27401695.91036285
2026-02-17T17:00:00,148.0,149.0,146.0,147.0,32085378.2243532
2026-02-17T21:00:00,147.0,150.0,146.0,149.0,54447326.74024846
2026-02-18T01:00:00,149.0,154.0,147.0,150.0,50860395.2143198
2026-02-18T05:00:00,149.0,150.0,148.0,149.0,14523139.31128653
2026-02-18T09:00:00,149.0,151.0,148.0,149.0,21742726.92102052
2026-02-18T13:00:00,149.0,151.0,149.0,150.0,21858890.46753982
2026-02-18T17:00:00,150.0,151.0,146.0,149.0,40678861.25564859
2026-02-18T21:00:00,148.0,152.0,147.0,150.0,39620943.63711078
2026-02-19T01:00:00,150.0,150.0,145.0,146.0,29522619.45438807
2026-02-19T05:00:00,146.0,148.0,145.0,146.0,19700552.25050605
2026-02-19T09:00:00,147.0,147.0,145.0,146.0,25197572.53161132
2026-02-19T13:00:00,146.0,147.0,143.0,146.0,28081472.5255126
2026-02-19T17:00:00,146.0,146.0,143.0,145.0,26994716.09969865
2026-02-19T21:00:00,145.0,146.0,142.0,144.0,46431448.83204474
2026-02-20T01:00:00,144.0,146.0,141.0,144.0,25460810.13677003
2026-02-20T05:00:00,145.0,145.0,143.0,145.0,6616118.12259124
2026-02-20T09:00:00,145.0,147.0,144.0,146.0,27515508.28078052
2026-02-20T13:00:00,146.0,147.0,144.0,145.0,26564836.60798577
2026-02-20T17:00:00,146.0,147.0,145.0,145.0,23364695.93019071
2026-02-20T21:00:00,145.0,148.0,141.0,147.0,61586913.11363372
2026-02-21T01:00:00,148.0,151.0,145.0,148.0,43941757.81316115
2026-02-21T05:00:00,148.0,149.0,147.0,147.0,18771585.14234058
2026-02-21T09:00:00,147.0,148.0,146.0,146.0,21329199.6540971
2026-02-21T13:00:00,146.0,148.0,146.0,147.0,13040765.09168061
2026-02-21T17:00:00,147.0,149.0,147.0,147.0,18257920.92576349
2026-02-21T21:00:00,148.0,148.0,146.0,148.0,17901118.49657209
2026-02-22T01:00:00,148.0,148.0,145.0,146.0,22163842.20665142
2026-02-22T05:00:00,147.0,147.0,144.0,145.0,13562247.72324672
2026-02-22T09:00:00,145.0,145.0,142.0,144.0,21125778.40778884
2026-02-22T13:00:00,144.0,144.0,142.0,144.0,15773138.85647054
2026-02-22T17:00:00,143.0,144.0,142.0,143.0,17070020.07102051
2026-02-22T21:00:00,143.0,144.0,140.0,141.0,39783734.19185868
2026-02-23T01:00:00,140.0,141.0,139.0,140.0,10708334.64906225
2026-02-23T05:00:00,140.0,142.0,139.0,141.0,13117107.94773851
2026-02-23T09:00:00,141.0,141.0,135.0,138.0,89816281.97095565
2026-02-23T13:00:00,137.0,140.0,136.0,139.0,34695497.11429394
2026-02-23T17:00:00,140.0,143.0,138.0,141.0,26332042.72236275
2026-02-23T21:00:00,141.0,143.0,139.0,139.0,40054124.97081407
2026-02-24T01:00:00,139.0,140.0,136.0,137.0,34451691.38261357
2026-02-24T05:00:00,136.0,138.0,136.0,137.0,17952323.26970462
2026-02-24T09:00:00,137.0,138.0,134.0,135.0,51175039.67072733
2026-02-24T13:00:00,136.0,136.0,133.0,135.0,42480951.60883526
2026-02-24T17:00:00,135.0,135.0,133.0,134.0,25221743.32635448
2026-02-24T21:00:00,134.0,136.0,132.0,135.0,34819132.05767292
2026-02-25T01:00:00,135.0,136.0,134.0,135.0,17793366.10967209
2026-02-25T05:00:00,135.0,136.0,134.0,134.0,24673236.95398687
2026-02-25T09:00:00,134.0,139.0,133.0,135.0,77103214.85501774
2026-02-25T13:00:00,135.0,136.0,133.0,135.0,47283517.72661527
2026-02-25T17:00:00,135.0,137.0,134.0,137.0,35376979.42733487
2026-02-25T21:00:00,137.0,149.0,136.0,146.0,130167775.26376575
2026-02-26T01:00:00,146.0,150.0,145.0,149.0,94759690.2619301
2026-02-26T05:00:00,150.0,153.0,143.0,146.0,100513434.31401964
2026-02-26T09:00:00,145.0,147.0,143.0,144.0,70816663.80254854
2026-02-26T13:00:00,144.0,147.0,143.0,143.0,49250019.27393149
2026-02-26T17:00:00,143.0,145.0,141.0,141.0,45805622.39049365
2026-02-26T21:00:00,142.0,144.0,141.0,143.0,72119391.46123096
2026-02-27T01:00:00,142.0,143.0,138.0,140.0,49015669.43422154
2026-02-27T05:00:00,140.0,141.0,139.0,140.0,42171460.07103172
2026-02-27T09:00:00,140.0,142.0,139.0,141.0,33523577.4244152
2026-02-27T13:00:00,141.0,144.0,140.0,143.0,47195784.77572374
2026-02-27T17:00:00,142.0,143.0,138.0,139.0,48260747.00878324
2026-02-27T21:00:00,139.0,140.0,136.0,137.0,51207187.50147622
2026-02-28T01:00:00,137.0,138.0,135.0,136.0,20725677.54931023
2026-02-28T05:00:00,136.0,137.0,135.0,137.0,22216662.32980354
2026-02-28T09:00:00,137.0,138.0,136.0,136.0,22172872.98980332
2026-02-28T13:00:00,136.0,137.0,129.0,131.0,139133589.6516654
2026-02-28T17:00:00,131.0,132.0,128.0,130.0,79178219.43638124
2026-02-28T21:00:00,130.0,135.0,130.0,133.0,73272073.0523148
2026-03-01T01:00:00,133.0,137.0,132.0,136.0,30221877.06498756
2026-03-01T05:00:00,135.0,139.0,135.0,138.0,50425903.08790626
2026-03-01T09:00:00,138.0,142.0,135.0,139.0,96272127.50644445
2026-03-01T13:00:00,140.0,140.0,137.0,138.0,35195392.85469728
2026-03-01T17:00:00,138.0,138.0,135.0,136.0,49184046.90514695
2026-03-01T21:00:00,136.0,139.0,134.0,136.0,49430655.55807934
2026-03-02T01:00:00,137.0,138.0,133.0,134.0,49339114.79122861
2026-03-02T05:00:00,133.0,137.0,132.0,134.0,32967754.05477596
2026-03-02T09:00:00,135.0,138.0,134.0,135.0,42910028.29364058
2026-03-02T13:00:00,135.0,137.0,133.0,135.0,36149114.82411972
2026-03-02T17:00:00,134.0,136.0,133.0,134.0,32929707.38198347
2026-03-02T21:00:00,134.0,142.0,133.0,140.0,111807652.02007046
2026-03-03T01:00:00,139.0,143.0,138.0,140.0,60806678.21939538
2026-03-03T05:00:00,139.0,140.0,136.0,136.0,40662884.58185018
2026-03-03T09:00:00,136.0,138.0,134.0,136.0,58706952.7789898
2026-03-03T13:00:00,136.0,136.0,133.0,134.0,41229882.25744256
2026-03-03T17:00:00,134.0,135.0,131.0,132.0,56564521.52618688
2026-03-03T21:00:00,132.0,135.0,131.0,134.0,52758464.52250588
2026-03-04T01:00:00,134.0,136.0,131.0,132.0,52412825.60991147
2026-03-04T05:00:00,132.0,134.0,130.0,133.0,44895075.86191202
2026-03-04T09:00:00,133.0,134.0,130.0,131.0,59450420.64857309
2026-03-04T13:00:00,131.0,133.0,130.0,132.0,51246221.85698394
2026-03-04T17:00:00,132.0,137.0,131.0,134.0,128248628.3559458
2026-03-04T21:00:00,134.0,144.0,133.0,144.0,142907214.57180256
2026-03-05T01:00:00,143.0,151.0,141.0,148.0,160078611.14891785
2026-03-05T05:00:00,148.0,150.0,143.0,144.0,121569834.91851407
2026-03-05T09:00:00,143.0,144.0,139.0,141.0,140700466.31962234
2026-03-05T13:00:00,140.0,142.0,139.0,139.0,42468707.41604352
2026-03-05T17:00:00,139.0,144.0,139.0,141.0,81847227.51496238
2026-03-05T21:00:00,141.0,142.0,137.0,138.0,127278081.36702713
2026-03-06T01:00:00,138.0,139.0,136.0,138.0,40916061.86016597
2026-03-06T05:00:00,138.0,140.0,137.0,137.0,30758387.7620459
2026-03-06T09:00:00,137.0,139.0,136.0,138.0,48365175.40960707
2026-03-06T13:00:00,138.0,139.0,136.0,138.0,36623347.35148695
2026-03-06T17:00:00,138.0,138.0,135.0,137.0,40677897.96463766
2026-03-06T21:00:00,136.0,138.0,133.0,134.0,71291894.51018275
2026-03-07T01:00:00,134.0,135.0,133.0,134.0,22069840.04890038
2026-03-07T05:00:00,134.0,136.0,134.0,134.0,16148129.00653522
2026-03-07T09:00:00,135.0,136.0,134.0,134.0,15600039.42752927
2026-03-07T13:00:00,134.0,135.0,133.0,133.0,21096253.42096571
2026-03-07T17:00:00,133.0,135.0,133.0,134.0,21643088.87356009
2026-03-07T21:00:00,134.0,135.0,132.0,133.0,26276586.23474725
2026-03-08T01:00:00,133.0,134.0,132.0,133.0,13940911.71727605
2026-03-08T05:00:00,133.0,134.0,132.0,133.0,10246568.60105033
2026-03-08T09:00:00,133.0,134.0,131.0,132.0,27999060.83049712
2026-03-08T13:00:00,132.0,133.0,131.0,132.0,25647938.39412616
2026-03-08T17:00:00,132.0,135.0,131.0,133.0,34237396.17352952
2026-03-08T21:00:00,132.0,133.0,130.0,132.0,41471068.10577828
2026-03-09T01:00:00,132.0,133.0,130.0,132.0,19911599.51129822
2026-03-09T05:00:00,132.0,134.0,129.0,132.0,62716530.9631811
2026-03-09T09:00:00,132.0,136.0,132.0,133.0,65912689.16921354
2026-03-09T13:00:00,134.0,136.0,132.0,133.0,109588683.2318508
2026-03-09T17:00:00,133.0,135.0,132.0,133.0,37742129.4580532
2026-03-09T21:00:00,133.0,136.0,133.0,134.0,53971132.94407743
2026-03-10T01:00:00,134.0,136.0,133.0,134.0,22475421.27694711
2026-03-10T05:00:00,134.0,135.0,132.0,132.0,31481311.89354031
2026-03-10T09:00:00,132.0,136.0,132.0,133.0,48708774.1064153
2026-03-10T13:00:00,134.0,136.0,133.0,136.0,26780649.69662098
2026-03-10T17:00:00,136.0,140.0,135.0,138.0,95570406.95606244
2026-03-10T21:00:00,138.0,145.0,137.0,144.0,173572289.63069424
2026-03-11T01:00:00,144.0,146.0,138.0,138.0,62446197.81965541
2026-03-11T05:00:00,138.0,140.0,137.0,138.0,38168569.35569197
2026-03-11T09:00:00,138.0,139.0,135.0,136.0,61330076.6781984
2026-03-11T13:00:00,136.0,137.0,134.0,135.0,52336702.61905165
2026-03-11T17:00:00,135.0,136.0,134.0,135.0,44487314.09878809
2026-03-11T21:00:00,135.0,139.0,134.0,135.0,107122192.30087698
2026-03-12T01:00:00,135.0,138.0,135.0,137.0,33041897.20701619
2026-03-12T05:00:00,137.0,138.0,135.0,135.0,29601562.9216584
2026-03-12T09:00:00,135.0,137.0,134.0,136.0,37385417.12500007
2026-03-12T13:00:00,136.0,137.0,135.0,136.0,26064597.88986785
2026-03-12T17:00:00,137.0,139.0,135.0,138.0,36601489.065364
2026-03-12T21:00:00,139.0,140.0,137.0,138.0,76691179.94945797
2026-03-13T01:00:00,138.0,139.0,137.0,139.0,15971986.33913813
2026-03-13T05:00:00,138.0,140.0,137.0,138.0,27153456.88061916
2026-03-13T09:00:00,138.0,143.0,138.0,141.0,67136634.90099496
2026-03-13T13:00:00,142.0,142.0,140.0,141.0,22357496.99714327
2026-03-13T17:00:00,141.0,147.0,141.0,147.0,97273064.4858905
2026-03-13T21:00:00,146.0,149.0,142.0,144.0,157947986.2175697
2026-03-14T01:00:00,143.0,145.0,140.0,141.0,44866870.85986812
2026-03-14T05:00:00,142.0,143.0,140.0,141.0,24544067.32965735
2026-03-14T09:00:00,141.0,142.0,140.0,142.0,37371798.97715593
2026-03-14T13:00:00,142.0,142.0,139.0,140.0,38729434.60840282
2026-03-14T17:00:00,140.0,142.0,139.0,140.0,27297824.551584
2026-03-14T21:00:00,140.0,142.0,139.0,141.0,30184410.73905227
2026-03-15T01:00:00,140.0,142.0,139.0,140.0,29487492.5248806
2026-03-15T05:00:00,140.0,142.0,139.0,142.0,34104778.20379327
2026-03-15T09:00:00,142.0,144.0,140.0,141.0,37560910.10784833
2026-03-15T13:00:00,141.0,143.0,141.0,141.0,12507768.11286183
2026-03-15T17:00:00,141.0,143.0,141.0,143.0,35517505.12621546
2026-03-15T21:00:00,143.0,143.0,140.0,141.0,38033763.23070542
2026-03-16T01:00:00,140.0,142.0,139.0,141.0,23032913.4903797
2026-03-16T05:00:00,141.0,144.0,140.0,143.0,56270388.18422591
2026-03-16T09:00:00,144.0,149.0,142.0,147.0,107047695.5450642
2026-03-16T13:00:00,147.0,151.0,146.0,149.0,117059568.05661023
2026-03-16T17:00:00,149.0,151.0,146.0,146.0,91481358.64842895
2026-03-16T21:00:00,147.0,152.0,146.0,148.0,116232573.47137147
2026-03-17T01:00:00,147.0,151.0,147.0,150.0,23189370.56975733
2026-03-17T05:00:00,149.0,153.0,148.0,152.0,69154016.5261671
2026-03-17T09:00:00,151.0,155.0,148.0,150.0,140195313.9444022
2026-03-17T13:00:00,150.0,150.0,146.0,149.0,79014293.89385685
2026-03-17T17:00:00,149.0,150.0,147.0,149.0,39692366.98880901
2026-03-17T21:00:00,148.0,149.0,145.0,147.0,88311815.80365917
2026-03-18T01:00:00,148.0,149.0,147.0,148.0,13525503.35912296
2026-03-18T05:00:00,148.0,150.0,147.0,148.0,28948301.80465776
2026-03-18T09:00:00,148.0,151.0,147.0,150.0,46749807.83423924
2026-03-18T13:00:00,150.0,150.0,146.0,147.0,60116716.76905661
2026-03-18T17:00:00,147.0,148.0,143.0,143.0,56979787.03917453
2026-03-18T21:00:00,144.0,144.0,139.0,140.0,124614009.71695282
2026-03-19T01:00:00,141.0,142.0,139.0,141.0,43012677.26517017
2026-03-19T05:00:00,140.0,143.0,139.0,142.0,28818074.01025341
2026-03-19T09:00:00,141.0,143.0,140.0,143.0,45255934.64761644
2026-03-19T13:00:00,143.0,143.0,139.0,141.0,53938068.3470932
2026-03-19T17:00:00,141.0,142.0,139.0,140.0,27085350.3866737
2026-03-19T21:00:00,139.0,140.0,137.0,139.0,70113388.67202511
2026-03-20T01:00:00,138.0,140.0,136.0,139.0,26819163.45234369
2026-03-20T05:00:00,138.0,140.0,138.0,140.0,17521125.89771226
2026-03-20T09:00:00,140.0,141.0,139.0,141.0,34659268.5901178
2026-03-20T13:00:00,141.0,142.0,139.0,141.0,42838062.23954994
2026-03-20T17:00:00,140.0,142.0,139.0,141.0,34693934.26276831
2026-03-20T21:00:00,141.0,141.0,139.0,141.0,27501000.6913516
2026-03-21T01:00:00,141.0,141.0,139.0,140.0,18937297.44968681
2026-03-21T05:00:00,141.0,142.0,139.0,141.0,19136726.61315985
2026-03-21T09:00:00,140.0,142.0,140.0,142.0,18367192.54139123
2026-03-21T13:00:00,142.0,142.0,141.0,142.0,5212430.92416776
2026-03-21T17:00:00,142.0,142.0,140.0,141.0,11667646.69952742
2026-03-21T21:00:00,140.0,142.0,140.0,141.0,11724400.7567779
2026-03-22T01:00:00,141.0,142.0,140.0,141.0,5251154.69624964
2026-03-22T05:00:00,141.0,142.0,137.0,138.0,46997429.20180771
2026-03-22T09:00:00,138.0,140.0,136.0,138.0,44693239.085188
2026-03-22T13:00:00,138.0,140.0,137.0,138.0,17146656.26739843
2026-03-22T17:00:00,137.0,138.0,136.0,136.0,34266469.54246204
2026-03-22T21:00:00,136.0,138.0,136.0,138.0,20342825.03391711
2026-03-23T01:00:00,138.0,138.0,135.0,137.0,16939918.30241528
2026-03-23T05:00:00,137.0,137.0,134.0,136.0,42150259.07068386
2026-03-23T09:00:00,136.0,138.0,135.0,136.0,30366196.63502792
2026-03-23T13:00:00,136.0,137.0,135.0,136.0,18251487.86348864
2026-03-23T17:00:00,136.0,142.0,134.0,139.0,134956165.95416966
2026-03-23T21:00:00,138.0,142.0,137.0,139.0,76813931.23931573
2026-03-24T01:00:00,140.0,142.0,138.0,140.0,33739448.78527093
2026-03-24T05:00:00,141.0,142.0,139.0,140.0,21674966.93626906
2026-03-24T09:00:00,139.0,141.0,138.0,140.0,35422335.73061387
2026-03-24T13:00:00,140.0,142.0,139.0,141.0,19776857.84485551
2026-03-24T17:00:00,142.0,142.0,139.0,140.0,30926608.44587767
2026-03-24T21:00:00,140.0,141.0,138.0,139.0,31700080.86151937
2026-03-25T01:00:00,139.0,140.0,138.0,139.0,7436562.41467097
2026-03-25T05:00:00,140.0,143.0,139.0,142.0,39767321.09407938
2026-03-25T09:00:00,141.0,143.0,140.0,141.0,24683661.509391
2026-03-25T13:00:00,142.0,146.0,141.0,144.0,71146525.4396268
2026-03-25T17:00:00,144.0,146.0,144.0,144.0,25872598.10731169
2026-03-25T21:00:00,144.0,146.0,142.0,143.0,51847164.24674597
2026-03-26T01:00:00,143.0,145.0,143.0,144.0,7534967.87547964
2026-03-26T05:00:00,144.0,145.0,143.0,143.0,9613222.34316981
2026-03-26T09:00:00,143.0,144.0,140.0,141.0,28943707.04772005
2026-03-26T13:00:00,141.0,142.0,138.0,140.0,53626759.54310369
2026-03-26T17:00:00,140.0,140.0,137.0,137.0,45091706.25622338
2026-03-26T21:00:00,137.0,139.0,137.0,138.0,37464313.38551854
2026-03-27T01:00:00,138.0,138.0,137.0,138.0,9178337.24523832
2026-03-27T05:00:00,137.0,140.0,137.0,139.0,24429103.91659683
2026-03-27T09:00:00,139.0,140.0,138.0,139.0,28076971.78294437
2026-03-27T13:00:00,138.0,140.0,138.0,140.0,18278112.96231527
2026-03-27T17:00:00,140.0,140.0,135.0,137.0,59085625.5167212
2026-03-27T21:00:00,137.0,138.0,135.0,137.0,34605520.34719782
2026-03-28T01:00:00,137.0,138.0,136.0,137.0,12206341.36760312
2026-03-28T05:00:00,137.0,138.0,136.0,137.0,12296979.33864813
2026-03-28T09:00:00,138.0,138.0,136.0,137.0,16250868.94818569
2026-03-28T13:00:00,137.0,139.0,136.0,139.0,15842116.48425195
2026-03-28T17:00:00,138.0,140.0,137.0,139.0,14609438.93564729
2026-03-28T21:00:00,138.0,144.0,138.0,143.0,72055613.56488964
2026-03-29T01:00:00,143.0,143.0,139.0,139.0,18990610.16888181
2026-03-29T05:00:00,140.0,140.0,137.0,138.0,32178892.13798693
2026-03-29T09:00:00,138.0,139.0,137.0,138.0,16210712.34904147
2026-03-29T13:00:00,138.0,139.0,137.0,139.0,16043294.3900018
2026-03-29T17:00:00,139.0,139.0,137.0,138.0,14020586.0786882
2026-03-29T21:00:00,138.0,139.0,137.0,138.0,10628194.65032869
2026-03-30T01:00:00,137.0,138.0,136.0,138.0,9606598.16578302
2026-03-30T05:00:00,137.0,139.0,135.0,137.0,60720693.45901758
2026-03-30T09:00:00,138.0,141.0,137.0,140.0,50739634.90427095
2026-03-30T13:00:00,139.0,142.0,139.0,141.0,33453142.10978752
2026-03-30T17:00:00,142.0,142.0,139.0,141.0,38039028.14270823
2026-03-30T21:00:00,141.0,142.0,140.0,141.0,28246381.36589792
2026-03-31T01:00:00,141.0,141.0,137.0,138.0,25624313.29637704
2026-03-31T05:00:00,139.0,139.0,137.0,138.0,17639427.65612027
2026-03-31T09:00:00,138.0,141.0,137.0,139.0,39385128.28593068
2026-03-31T13:00:00,139.0,141.0,138.0,139.0,22208217.91839597
2026-03-31T17:00:00,139.0,140.0,136.0,138.0,40772245.24727803
2026-03-31T21:00:00,138.0,140.0,137.0,138.0,37397574.18090778
2026-04-01T01:00:00,138.0,141.0,138.0,139.0,32980474.87382324
2026-04-01T05:00:00,140.0,141.0,138.0,139.0,13581508.04475243
2026-04-01T09:00:00,139.0,141.0,138.0,139.0,28564217.15286771
2026-04-01T13:00:00,139.0,142.0,139.0,140.0,43149901.28867777
2026-04-01T17:00:00,141.0,141.0,138.0,139.0,35554406.16187105
2026-04-01T21:00:00,140.0,141.0,139.0,140.0,32247066.85706595
2026-04-02T01:00:00,140.0,142.0,139.0,140.0,28186679.58611406
2026-04-02T05:00:00,140.0,141.0,139.0,139.0,17005264.00689587
2026-04-02T09:00:00,139.0,141.0,136.0,137.0,95461664.64617197
2026-04-02T13:00:00,137.0,138.0,136.0,137.0,18358964.76099441
2026-04-02T17:00:00,137.0,138.0,136.0,137.0,22020865.40766054
2026-04-02T21:00:00,138.0,139.0,136.0,138.0,41247555.58592995
2026-04-03T01:00:00,137.0,138.0,136.0,138.0,9481912.05024136
2026-04-03T05:00:00,137.0,138.0,136.0,138.0,7209246.65996356
2026-04-03T09:00:00,137.0,138.0,136.0,137.0,22521010.64997236
2026-04-03T13:00:00,137.0,139.0,137.0,139.0,21605704.47241464
2026-04-03T17:00:00,139.0,139.0,138.0,139.0,17004470.24083439
2026-04-03T21:00:00,139.0,140.0,138.0,139.0,16696823.48823645
2026-04-04T01:00:00,139.0,141.0,138.0,139.0,20858927.08570135
2026-04-04T05:00:00,139.0,140.0,138.0,138.0,7874382.2287059
2026-04-04T09:00:00,138.0,139.0,138.0,139.0,11799001.69353624
2026-04-04T13:00:00,139.0,139.0,138.0,138.0,4279758.99754929
2026-04-04T17:00:00,138.0,139.0,137.0,138.0,19834840.52966439
2026-04-04T21:00:00,138.0,140.0,138.0,140.0,15670239.55347521
2026-04-05T01:00:00,140.0,141.0,139.0,140.0,20605129.00456288
2026-04-05T05:00:00,140.0,140.0,139.0,139.0,3078907.19316077
2026-04-05T09:00:00,139.0,140.0,138.0,138.0,11818221.12718959
2026-04-05T13:00:00,138.0,139.0,137.0,138.0,26279244.28488678
2026-04-05T17:00:00,137.0,138.0,137.0,137.0,4941894.50042722
2026-04-05T21:00:00,138.0,139.0,136.0,138.0,28811012.25304399
2026-04-06T01:00:00,138.0,138.0,137.0,137.0,1295329.17374363
2026-04-06T05:00:00,138.0,140.0,137.0,139.0,19515134.96427861
2026-04-06T09:00:00,140.0,141.0,138.0,139.0,70921712.76592149
2026-04-06T13:00:00,139.0,140.0,138.0,139.0,13981058.54082475
2026-04-06T17:00:00,139.0,141.0,138.0,139.0,34954900.85165549
2026-04-06T21:00:00,140.0,140.0,139.0,140.0,28069668.69474379
2026-04-07T01:00:00,139.0,140.0,138.0,138.0,11045666.06458223
2026-04-07T05:00:00,139.0,139.0,136.0,137.0,62246029.48767859
2026-04-07T09:00:00,137.0,138.0,136.0,137.0,25913419.32173662
2026-04-07T13:00:00,137.0,138.0,136.0,137.0,15263694.99402553
2026-04-07T17:00:00,137.0,138.0,136.0,136.0,18774061.88748728
2026-04-07T21:00:00,136.0,137.0,136.0,137.0,9674496.6356797
2026-04-08T01:00:00,137.0,139.0,136.0,138.0,24061641.01856019
2026-04-08T05:00:00,139.0,143.0,138.0,142.0,120902070.98312396
2026-04-08T09:00:00,141.0,142.0,139.0,140.0,44422634.82958968
2026-04-08T13:00:00,140.0,141.0,139.0,140.0,24397619.38118744
2026-04-08T17:00:00,140.0,142.0,139.0,139.0,29387114.83986065
2026-04-08T21:00:00,140.0,141.0,138.0,138.0,41031141.96368578
2026-04-09T01:00:00,139.0,140.0,138.0,139.0,17360058.64283879
2026-04-09T05:00:00,139.0,140.0,137.0,138.0,30551144.86379421
2026-04-09T09:00:00,138.0,138.0,136.0,137.0,52646001.10517726
2026-04-09T13:00:00,136.0,137.0,135.0,137.0,44159319.04813407
2026-04-09T17:00:00,136.0,138.0,136.0,136.0,24562681.58432189
2026-04-09T21:00:00,136.0,139.0,136.0,138.0,43090911.78593695
2026-04-10T01:00:00,138.0,139.0,136.0,138.0,25348198.95235474
2026-04-10T05:00:00,139.0,141.0,137.0,138.0,76023598.85044616
2026-04-10T09:00:00,138.0,138.0,137.0,137.0,20125008.48310038
2026-04-10T13:00:00,137.0,139.0,137.0,138.0,19894623.55837755
2026-04-10T17:00:00,137.0,138.0,137.0,137.0,11841314.76126801
2026-04-10T21:00:00,138.0,141.0,137.0,139.0,57663846.81827803
2026-04-11T01:00:00,138.0,141.0,138.0,141.0,33909473.19712178
2026-04-11T05:00:00,141.0,141.0,139.0,140.0,12278954.15595599
2026-04-11T09:00:00,140.0,140.0,138.0,140.0,19487800.93870968
2026-04-11T13:00:00,140.0,140.0,138.0,138.0,22275469.2008118
2026-04-11T17:00:00,138.0,139.0,138.0,139.0,19108804.6548437
2026-04-11T21:00:00,139.0,139.0,137.0,139.0,28785528.55593993
2026-04-12T01:00:00,139.0,141.0,138.0,141.0,33790394.12711238
2026-04-12T05:00:00,141.0,141.0,138.0,138.0,20032949.22764327
2026-04-12T09:00:00,139.0,139.0,135.0,136.0,107596605.13845281
2026-04-12T13:00:00,136.0,137.0,135.0,136.0,26529301.36955059
2026-04-12T17:00:00,136.0,137.0,135.0,137.0,18599990.25436681
2026-04-12T21:00:00,136.0,137.0,135.0,135.0,30054897.29959344
2026-04-13T01:00:00,135.0,136.0,135.0,135.0,3958158.13188225
2026-04-13T05:00:00,136.0,136.0,135.0,135.0,8294286.21709028
2026-04-13T09:00:00,135.0,137.0,135.0,136.0,19964736.60607927
2026-04-13T13:00:00,136.0,137.0,135.0,135.0,15763700.67627615
2026-04-13T17:00:00,136.0,137.0,135.0,135.0,14447709.72428923
2026-04-13T21:00:00,135.0,138.0,135.0,137.0,54863050.62158705
2026-04-14T01:00:00,137.0,139.0,136.0,138.0,25311322.72452343
2026-04-14T05:00:00,138.0,140.0,137.0,139.0,42089733.31038903
2026-04-14T09:00:00,138.0,139.0,137.0,138.0,33597480.65261119
2026-04-14T13:00:00,139.0,139.0,137.0,138.0,24279764.13015059
2026-04-14T17:00:00,138.0,141.0,137.0,139.0,68207112.01060987
2026-04-14T21:00:00,139.0,144.0,138.0,141.0,104295340.2745884
2026-04-15T01:00:00,141.0,142.0,137.0,138.0,42626363.00614931
2026-04-15T05:00:00,138.0,139.0,137.0,137.0,25273843.90045178
2026-04-15T09:00:00,137.0,139.0,137.0,138.0,19327315.69818164
2026-04-15T13:00:00,138.0,139.0,137.0,137.0,17630690.23073923
2026-04-15T17:00:00,138.0,139.0,137.0,138.0,22295520.06336549
2026-04-15T21:00:00,139.0,140.0,138.0,139.0,27657024.51880958
2026-04-16T01:00:00,139.0,143.0,138.0,142.0,48341956.88044296
2026-04-16T05:00:00,141.0,142.0,139.0,140.0,23932708.42235493
2026-04-16T09:00:00,141.0,144.0,139.0,143.0,84268508.42881404
2026-04-16T13:00:00,143.0,144.0,141.0,142.0,44169046.1269921
2026-04-16T17:00:00,142.0,143.0,140.0,143.0,50210499.91334778
2026-04-16T21:00:00,142.0,144.0,140.0,144.0,70765015.23158689
2026-04-17T01:00:00,144.0,148.0,142.0,147.0,67433871.90919809
2026-04-17T05:00:00,146.0,147.0,144.0,147.0,38884262.43152673
2026-04-17T09:00:00,146.0,147.0,144.0,144.0,56202415.59949859
2026-04-17T13:00:00,145.0,146.0,143.0,146.0,35481608.9606562
2026-04-17T17:00:00,145.0,147.0,144.0,147.0,58102767.6985746
2026-04-17T21:00:00,147.0,150.0,145.0,148.0,114675262.74559745
2026-04-18T01:00:00,148.0,150.0,147.0,147.0,32699783.45767864
2026-04-18T05:00:00,148.0,149.0,146.0,147.0,28947599.60330866
2026-04-18T09:00:00,147.0,148.0,145.0,146.0,34406853.21657087
2026-04-18T13:00:00,146.0,147.0,145.0,146.0,18983468.1284972
2026-04-18T17:00:00,146.0,147.0,141.0,143.0,82165392.99479394
2026-04-18T21:00:00,142.0,143.0,141.0,142.0,34404131.03947016
2026-04-19T01:00:00,143.0,143.0,140.0,140.0,34232437.66986652
2026-04-19T05:00:00,140.0,142.0,140.0,141.0,19062084.74932393
2026-04-19T09:00:00,141.0,142.0,140.0,141.0,24988603.57066298
2026-04-19T13:00:00,141.0,142.0,139.0,141.0,36721744.32505423
2026-04-19T17:00:00,141.0,141.0,139.0,140.0,21198253.77129251
2026-04-19T21:00:00,141.0,144.0,140.0,142.0,55332110.11120226
2026-04-20T01:00:00,142.0,142.0,140.0,140.0,18206209.23942732
2026-04-20T05:00:00,141.0,141.0,138.0,139.0,51132324.72354286
2026-04-20T09:00:00,139.0,141.0,138.0,140.0,23847164.92487382
2026-04-20T13:00:00,140.0,142.0,139.0,140.0,28950386.96403721
2026-04-20T17:00:00,140.0,141.0,140.0,140.0,21705659.13624556
2026-04-20T21:00:00,140.0,142.0,139.0,140.0,29903414.20497731
2026-04-21T01:00:00,140.0,142.0,139.0,141.0,15948769.51036265
2026-04-21T05:00:00,142.0,142.0,140.0,141.0,10800934.92947184
2026-04-21T09:00:00,141.0,142.0,140.0,141.0,19511568.53396362
2026-04-21T13:00:00,141.0,142.0,140.0,141.0,29818751.95085207
2026-04-21T17:00:00,140.0,142.0,140.0,141.0,24860180.88383828
2026-04-21T21:00:00,141.0,142.0,140.0,141.0,27748318.60745239
2026-04-22T01:00:00,141.0,141.0,139.0,139.0,27414966.30463634
2026-04-22T05:00:00,140.0,142.0,139.0,142.0,19012938.07437735
2026-04-22T09:00:00,142.0,144.0,140.0,142.0,54015659.64758997
2026-04-22T13:00:00,142.0,145.0,142.0,144.0,40420777.19955855
2026-04-22T17:00:00,143.0,146.0,143.0,145.0,41154045.91713151
2026-04-22T21:00:00,145.0,146.0,144.0,144.0,41963294.82314013
2026-04-23T01:00:00,144.0,146.0,142.0,143.0,36844220.85297369
2026-04-23T05:00:00,143.0,144.0,141.0,141.0,29686904.86429516
2026-04-23T09:00:00,141.0,144.0,141.0,142.0,42029547.35831455
2026-04-23T13:00:00,142.0,143.0,141.0,143.0,19242265.14775412
2026-04-23T17:00:00,143.0,143.0,141.0,143.0,34240273.41174864
2026-04-23T21:00:00,143.0,146.0,142.0,144.0,41899111.70555261
2026-04-24T01:00:00,145.0,145.0,142.0,144.0,19682697.90839102
2026-04-24T05:00:00,144.0,145.0,143.0,145.0,13225725.92336187
2026-04-24T09:00:00,144.0,146.0,144.0,144.0,28137904.97570803
2026-04-24T13:00:00,144.0,146.0,144.0,146.0,26883581.2356332
2026-04-24T17:00:00,146.0,147.0,144.0,145.0,34856423.15884303
2026-04-24T21:00:00,145.0,147.0,144.0,146.0,30781962.92663381
2026-04-25T01:00:00,146.0,147.0,145.0,146.0,6676388.64230061
2026-04-25T05:00:00,146.0,148.0,145.0,146.0,32348664.67718969
2026-04-25T09:00:00,146.0,148.0,146.0,147.0,28665653.92759384
2026-04-25T13:00:00,147.0,148.0,146.0,147.0,14017703.83652169
2026-04-25T17:00:00,146.0,147.0,145.0,146.0,22107979.73819224
2026-04-25T21:00:00,147.0,147.0,145.0,147.0,28207548.46738534
2026-04-26T01:00:00,147.0,147.0,145.0,146.0,8272651.38408255
2026-04-26T05:00:00,145.0,147.0,145.0,146.0,11110771.20904181
2026-04-26T09:00:00,147.0,147.0,145.0,145.0,33583347.87233904
2026-04-26T13:00:00,146.0,147.0,145.0,147.0,13168179.88295384
2026-04-26T17:00:00,147.0,148.0,146.0,148.0,17955427.89767788
2026-04-26T21:00:00,148.0,148.0,146.0,147.0,19034353.19684371
2026-04-27T01:00:00,147.0,148.0,146.0,147.0,3375154.85546365
2026-04-27T05:00:00,147.0,148.0,146.0,147.0,12740060.38336443
2026-04-27T09:00:00,148.0,149.0,146.0,149.0,39273180.385345
2026-04-27T13:00:00,149.0,149.0,145.0,145.0,43220551.83979218
2026-04-27T17:00:00,145.0,147.0,145.0,146.0,24525234.51620124
2026-04-27T21:00:00,146.0,148.0,144.0,145.0,50144557.81980415
2026-04-28T01:00:00,146.0,147.0,144.0,146.0,8676090.35105394
2026-04-28T05:00:00,146.0,148.0,145.0,148.0,12494735.92804303
2026-04-28T09:00:00,148.0,148.0,146.0,148.0,18957550.56886998
2026-04-28T13:00:00,147.0,150.0,147.0,148.0,49550843.20535709
2026-04-28T17:00:00,147.0,149.0,146.0,146.0,19127123.15395884
2026-04-28T21:00:00,146.0,148.0,146.0,148.0,19710761.08041204
2026-04-29T01:00:00,147.0,149.0,147.0,148.0,14948240.9941087
2026-04-29T05:00:00,148.0,149.0,147.0,148.0,10388876.58130884
2026-04-29T09:00:00,148.0,151.0,147.0,151.0,35587302.00403438
2026-04-29T13:00:00,151.0,156.0,150.0,155.0,112203775.39368327
2026-04-29T17:00:00,156.0,166.0,155.0,163.0,249598468.64275026
2026-04-29T21:00:00,162.0,163.0,153.0,154.0,173514479.4125014
2026-04-30T01:00:00,154.0,156.0,151.0,152.0,84771479.96036223
2026-04-30T05:00:00,151.0,156.0,151.0,156.0,56409699.25175882
2026-04-30T09:00:00,155.0,162.0,155.0,160.0,133975135.93164574
2026-04-30T13:00:00,160.0,160.0,156.0,160.0,67718145.82217334
2026-04-30T17:00:00,160.0,161.0,157.0,158.0,54338085.73831087
2026-04-30T21:00:00,158.0,160.0,158.0,159.0,27424482.7547725
2026-05-01T01:00:00,159.0,160.0,157.0,159.0,12916780.88589711
2026-05-01T05:00:00,159.0,159.0,157.0,158.0,21278920.63932799
2026-05-01T09:00:00,159.0,164.0,158.0,163.0,92810946.62003434
2026-05-01T13:00:00,163.0,163.0,160.0,162.0,37509124.50743102
2026-05-01T17:00:00,162.0,163.0,160.0,162.0,29799199.19945581
2026-05-01T21:00:00,162.0,164.0,161.0,162.0,45554676.93648416
2026-05-02T01:00:00,162.0,163.0,160.0,161.0,12905904.87936211
2026-05-02T05:00:00,162.0,163.0,160.0,161.0,27833827.28147961
2026-05-02T09:00:00,161.0,163.0,160.0,161.0,38386347.58951532
2026-05-02T13:00:00,161.0,161.0,159.0,161.0,17872012.70470814
2026-05-02T17:00:00,161.0,161.0,159.0,159.0,24922403.99447496
2026-05-02T21:00:00,159.0,162.0,159.0,161.0,23256504.51626986
2026-05-03T01:00:00,161.0,162.0,160.0,160.0,3556489.57692337
2026-05-03T05:00:00,160.0,162.0,160.0,160.0,16141167.97958181
2026-05-03T09:00:00,161.0,161.0,159.0,161.0,21314534.74683468
2026-05-03T13:00:00,161.0,161.0,159.0,160.0,14833489.80930041
2026-05-03T17:00:00,160.0,162.0,159.0,162.0,21347417.5520491
2026-05-03T21:00:00,162.0,162.0,160.0,160.0,11349545.11001218
2026-05-04T01:00:00,160.0,161.0,160.0,161.0,2765888.43561703
2026-05-04T05:00:00,161.0,163.0,159.0,161.0,40712652.84253992
2026-05-04T09:00:00,160.0,168.0,160.0,167.0,147724103.96570665
2026-05-04T13:00:00,167.0,168.0,164.0,165.0,50164548.32003334
2026-05-04T17:00:00,166.0,166.0,161.0,164.0,62580230.88246222
2026-05-04T21:00:00,164.0,167.0,162.0,163.0,56376017.66565364
2026-05-05T01:00:00,164.0,165.0,162.0,163.0,12942648.70608971
2026-05-05T05:00:00,164.0,165.0,163.0,164.0,11170765.2686034
2026-05-05T09:00:00,163.0,166.0,163.0,165.0,25145319.02794889
2026-05-05T13:00:00,165.0,166.0,165.0,165.0,14234747.80654541
2026-05-05T17:00:00,165.0,166.0,164.0,166.0,19574799.36439173
2026-05-05T21:00:00,166.0,167.0,165.0,167.0,35052575.72847741
2026-05-06T01:00:00,167.0,170.0,165.0,167.0,31297907.4760387
2026-05-06T05:00:00,167.0,172.0,167.0,169.0,58051145.54767719
2026-05-06T09:00:00,170.0,171.0,167.0,171.0,60260217.50972788
2026-05-06T13:00:00,171.0,171.0,169.0,171.0,33566951.46673995
2026-05-06T17:00:00,170.0,172.0,169.0,170.0,52081483.69361323
2026-05-06T21:00:00,170.0,171.0,164.0,166.0,95898143.47222593
2026-05-07T01:00:00,167.0,167.0,165.0,166.0,16047173.2414947
2026-05-07T05:00:00,166.0,167.0,164.0,165.0,39555022.28588607
2026-05-07T09:00:00,164.0,165.0,162.0,162.0,54139671.36803632
2026-05-07T13:00:00,163.0,164.0,161.0,164.0,45338214.31920317
2026-05-07T17:00:00,164.0,164.0,162.0,164.0,19661700.08193113
2026-05-07T21:00:00,164.0,164.0,158.0,159.0,78410406.68340485
2026-05-08T01:00:00,160.0,160.0,158.0,159.0,21446931.52584885
2026-05-08T05:00:00,160.0,160.0,158.0,158.0,22906832.3652115
2026-05-08T09:00:00,158.0,160.0,156.0,158.0,45229563.35747448
2026-05-08T13:00:00,157.0,158.0,156.0,157.0,31605160.33541412
2026-05-08T17:00:00,158.0,160.0,157.0,159.0,39484693.78870238
2026-05-08T21:00:00,159.0,160.0,157.0,159.0,39784995.8041296
2026-05-09T01:00:00,160.0,161.0,158.0,161.0,21197070.60767646
2026-05-09T05:00:00,161.0,162.0,159.0,161.0,22761826.12388032
2026-05-09T09:00:00,162.0,164.0,161.0,163.0,41517795.12131686
2026-05-09T13:00:00,162.0,164.0,162.0,163.0,26276793.02455007
2026-05-09T17:00:00,162.0,163.0,161.0,161.0,11351904.08036458
2026-05-09T21:00:00,162.0,162.0,159.0,160.0,28658210.58618891
2026-05-10T01:00:00,160.0,162.0,160.0,161.0,8547909.45070887
2026-05-10T05:00:00,161.0,162.0,160.0,161.0,9623818.60439101
2026-05-10T09:00:00,161.0,161.0,159.0,160.0,15255410.97925381
2026-05-10T13:00:00,160.0,161.0,159.0,160.0,20170176.36776325
2026-05-10T17:00:00,160.0,161.0,159.0,159.0,21978718.6157305
2026-05-10T21:00:00,160.0,161.0,159.0,160.0,13714575.72032501
2026-05-11T01:00:00,160.0,164.0,160.0,163.0,52546427.70613272
2026-05-11T05:00:00,163.0,165.0,157.0,164.0,112101372.9195836
2026-05-11T09:00:00,165.0,166.0,159.0,161.0,73997767.97371499
2026-05-11T13:00:00,161.0,163.0,160.0,160.0,31453513.15564192
2026-05-11T17:00:00,160.0,163.0,160.0,163.0,30896828.89440308
2026-05-11T21:00:00,163.0,163.0,160.0,163.0,30501300.92291728
2026-05-12T01:00:00,163.0,165.0,162.0,164.0,12697091.0842383
2026-05-12T05:00:00,164.0,165.0,163.0,163.0,12345953.96346949
2026-05-12T09:00:00,163.0,165.0,162.0,163.0,63173297.0939103
2026-05-12T13:00:00,163.0,164.0,162.0,163.0,18973975.09161154
2026-05-12T17:00:00,163.0,163.0,160.0,162.0,32483089.07522442
2026-05-12T21:00:00,162.0,163.0,160.0,161.0,31410514.54370989
2026-05-13T01:00:00,162.0,163.0,159.0,162.0,25145523.58684838
2026-05-13T05:00:00,162.0,164.0,162.0,163.0,21185119.22125976
2026-05-13T09:00:00,163.0,166.0,162.0,165.0,36229259.53594219
2026-05-13T13:00:00,165.0,167.0,164.0,165.0,40245297.14096845
2026-05-13T17:00:00,166.0,169.0,165.0,167.0,53207880.09331859
2026-05-13T21:00:00,166.0,168.0,163.0,164.0,84419015.37776208
2026-05-14T01:00:00,164.0,171.0,163.0,168.0,50295440.91038461
2026-05-14T05:00:00,168.0,170.0,167.0,168.0,47098242.78576643
2026-05-14T09:00:00,167.0,172.0,166.0,168.0,80560003.50062706
2026-05-14T13:00:00,167.0,171.0,166.0,169.0,45775938.39990677
2026-05-14T17:00:00,170.0,170.0,167.0,169.0,31227577.39772105
2026-05-14T21:00:00,169.0,173.0,167.0,168.0,108595725.24117097
2026-05-15T01:00:00,168.0,175.0,168.0,171.0,54876496.02108672
2026-05-15T05:00:00,171.0,173.0,169.0,170.0,53993070.4368975
2026-05-15T09:00:00,170.0,174.0,170.0,171.0,58654912.3603904
2026-05-15T13:00:00,172.0,172.0,167.0,170.0,74179669.8134341
2026-05-15T17:00:00,170.0,172.0,169.0,170.0,28070422.75855828
2026-05-15T21:00:00,169.0,170.0,165.0,166.0,67524553.63600191
2026-05-16T01:00:00,166.0,169.0,166.0,169.0,15593310.30308893
2026-05-16T05:00:00,169.0,170.0,167.0,169.0,19399738.17549838
2026-05-16T09:00:00,169.0,169.0,167.0,167.0,17318413.12702569
2026-05-16T13:00:00,167.0,168.0,163.0,165.0,48882418.31400367
2026-05-16T17:00:00,164.0,165.0,161.0,163.0,66448649.90899895
2026-05-16T21:00:00,163.0,164.0,161.0,164.0,43205843.91669437
2026-05-17T01:00:00,163.0,164.0,163.0,164.0,7204279.86611416
2026-05-17T05:00:00,164.0,165.0,163.0,163.0,11937454.25554289
2026-05-17T09:00:00,164.0,164.0,161.0,162.0,27947877.68960805
2026-05-17T13:00:00,162.0,165.0,162.0,165.0,25243583.57460764
2026-05-17T17:00:00,165.0,167.0,164.0,167.0,27607556.44424704
2026-05-17T21:00:00,166.0,168.0,164.0,165.0,44348471.70588115
2026-05-18T01:00:00,165.0,166.0,163.0,164.0,15678976.29545303
2026-05-18T05:00:00,164.0,166.0,158.0,163.0,52590675.83664301
2026-05-18T09:00:00,162.0,163.0,157.0,159.0,74862406.20256808
2026-05-18T13:00:00,159.0,159.0,154.0,156.0,85613869.59756957
2026-05-18T17:00:00,155.0,157.0,154.0,157.0,71406486.1434911
2026-05-18T21:00:00,156.0,159.0,153.0,155.0,77915485.12656711
2026-05-19T01:00:00,155.0,156.0,153.0,156.0,20654032.00016963
2026-05-19T05:00:00,156.0,157.0,154.0,156.0,34097199.30383295
2026-05-19T09:00:00,156.0,157.0,154.0,156.0,33062513.79296875
2026-05-19T13:00:00,156.0,157.0,155.0,156.0,19815687.57891903
2026-05-19T17:00:00,157.0,157.0,154.0,155.0,22240864.03949379
2026-05-19T21:00:00,155.0,156.0,153.0,154.0,30450064.41439705
2026-05-20T01:00:00,154.0,156.0,154.0,154.0,13148426.10043891
2026-05-20T05:00:00,154.0,155.0,153.0,154.0,18238844.63342292
2026-05-20T09:00:00,154.0,154.0,151.0,153.0,58555339.7355815
2026-05-20T13:00:00,153.0,155.0,152.0,155.0,26210374.71652857
2026-05-20T17:00:00,154.0,155.0,153.0,154.0,28399197.56110921
2026-05-20T21:00:00,154.0,156.0,153.0,155.0,48241596.63196338
2026-05-21T01:00:00,155.0,156.0,154.0,155.0,12660727.17534187
2026-05-21T05:00:00,155.0,155.0,153.0,154.0,17027043.00906457
2026-05-21T09:00:00,154.0,157.0,153.0,156.0,48142846.51641484
2026-05-21T13:00:00,157.0,158.0,155.0,156.0,34969083.50514252
2026-05-21T17:00:00,157.0,158.0,154.0,155.0,37700196.35440806
2026-05-21T21:00:00,155.0,156.0,154.0,155.0,23835833.83751175
2026-05-22T01:00:00,155.0,158.0,155.0,157.0,16731347.15064939
2026-05-22T05:00:00,157.0,157.0,156.0,157.0,9862517.2277843
2026-05-22T09:00:00,157.0,158.0,156.0,157.0,14565536.22206145
2026-05-22T13:00:00,158.0,158.0,156.0,158.0,17800824.29420662
2026-05-22T17:00:00,157.0,159.0,157.0,158.0,16588047.52801043
2026-05-22T21:00:00,158.0,159.0,157.0,158.0,38397002.56068943
2026-05-23T01:00:00,158.0,159.0,154.0,155.0,28786380.51380507
2026-05-23T05:00:00,155.0,157.0,152.0,153.0,27988399.89685579
2026-05-23T09:00:00,153.0,154.0,151.0,153.0,28432643.34287269
2026-05-23T13:00:00,153.0,153.0,147.0,148.0,57170971.72206993
2026-05-23T17:00:00,148.0,150.0,148.0,149.0,37568543.83576699
2026-05-23T21:00:00,149.0,153.0,148.0,152.0,45552769.02250403
2026-05-24T01:00:00,152.0,154.0,151.0,153.0,18340340.23629986
2026-05-24T05:00:00,154.0,157.0,153.0,154.0,31003694.00808474
2026-05-24T09:00:00,155.0,155.0,154.0,154.0,15844055.67420646
2026-05-24T13:00:00,154.0,155.0,153.0,153.0,15814684.62697486
2026-05-24T17:00:00,154.0,155.0,153.0,154.0,20226767.61578269
2026-05-24T21:00:00,155.0,155.0,151.0,153.0,31998960.67205972
2026-05-25T01:00:00,152.0,154.0,152.0,153.0,7762446.14539683
2026-05-25T05:00:00,153.0,154.0,150.0,153.0,21206693.84790883
2026-05-25T09:00:00,154.0,154.0,152.0,153.0,18103716.7856018
2026-05-25T13:00:00,153.0,154.0,152.0,153.0,15646821.77821379
2026-05-25T17:00:00,154.0,154.0,152.0,153.0,10847564.65198613
2026-05-25T21:00:00,153.0,154.0,153.0,153.0,12069489.78699925
2026-05-26T01:00:00,154.0,154.0,152.0,152.0,11310944.71209803
2026-05-26T05:00:00,152.0,153.0,151.0,152.0,15866438.7649887
2026-05-26T09:00:00,152.0,152.0,149.0,150.0,41652355.8455382
2026-05-26T13:00:00,150.0,152.0,149.0,151.0,34296763.87949505
2026-05-26T17:00:00,151.0,152.0,149.0,152.0,17677117.5766374
2026-05-26T21:00:00,152.0,154.0,150.0,151.0,48531104.26721373
2026-05-27T01:00:00,151.0,152.0,149.0,151.0,17250878.6880333
2026-05-27T05:00:00,150.0,151.0,149.0,150.0,16932576.91478879
2026-05-27T09:00:00,150.0,151.0,149.0,150.0,34995072.28025437
2026-05-27T13:00:00,149.0,151.0,148.0,150.0,31058336.74894643
2026-05-27T17:00:00,151.0,152.0,150.0,150.0,27027486.91823038
2026-05-27T21:00:00,150.0,152.0,148.0,151.0,50747159.4753703
2026-05-28T01:00:00,151.0,152.0,149.0,151.0,11034050.55714235
2026-05-28T05:00:00,151.0,151.0,147.0,148.0,40087391.53685337
2026-05-28T09:00:00,148.0,149.0,144.0,145.0,82161052.62706977
2026-05-28T13:00:00,145.0,146.0,143.0,146.0,57164382.5930313
2026-05-28T17:00:00,146.0,146.0,144.0,145.0,17077895.00329958
2026-05-28T21:00:00,145.0,146.0,142.0,146.0,54753861.14848376
2026-05-29T01:00:00,146.0,148.0,145.0,147.0,16447414.26564593
2026-05-29T05:00:00,147.0,149.0,146.0,147.0,15476130.23781605
2026-05-29T09:00:00,147.0,148.0,145.0,146.0,28276935.01016393
2026-05-29T13:00:00,146.0,148.0,145.0,147.0,26449373.23208058
2026-05-29T17:00:00,148.0,148.0,146.0,147.0,19838718.58067344
2026-05-29T21:00:00,147.0,150.0,144.0,149.0,47977272.16369932
2026-05-30T01:00:00,149.0,149.0,147.0,148.0,11954208.22673721
2026-05-30T05:00:00,148.0,149.0,147.0,148.0,12975454.85253477
2026-05-30T09:00:00,147.0,151.0,147.0,150.0,37598203.56681321
2026-05-30T13:00:00,150.0,151.0,148.0,149.0,25480315.07555728
2026-05-30T17:00:00,149.0,150.0,149.0,149.0,9360915.13787604
2026-05-30T21:00:00,150.0,151.0,149.0,150.0,19373685.40694063
2026-05-31T01:00:00,150.0,151.0,149.0,150.0,5142493.89548239
2026-05-31T05:00:00,150.0,151.0,149.0,150.0,15177879.54877754
2026-05-31T09:00:00,150.0,150.0,149.0,150.0,13391530.96735085
2026-05-31T13:00:00,150.0,150.0,148.0,148.0,15505812.03596131
2026-05-31T17:00:00,148.0,150.0,148.0,149.0,18418971.36226527
2026-05-31T21:00:00,149.0,150.0,147.0,147.0,37246677.79122198
2026-06-01T01:00:00,147.0,148.0,146.0,147.0,14975619.6454849
2026-06-01T05:00:00,147.0,149.0,146.0,148.0,19452572.04052227
2026-06-01T09:00:00,148.0,150.0,147.0,148.0,46407266.88016839
2026-06-01T13:00:00,148.0,149.0,145.0,145.0,41763057.47005352
2026-06-01T17:00:00,146.0,147.0,145.0,146.0,17705291.79081788
2026-06-01T21:00:00,146.0,147.0,143.0,144.0,59947126.37096566
2026-06-02T01:00:00,144.0,148.0,143.0,148.0,18325134.89315446
2026-06-02T05:00:00,147.0,148.0,145.0,147.0,33637281.83277252
2026-06-02T09:00:00,148.0,148.0,144.0,148.0,54169029.24053305
2026-06-02T13:00:00,147.0,148.0,144.0,146.0,28128332.60424564
2026-06-02T17:00:00,145.0,146.0,144.0,145.0,21723103.0653576
2026-06-02T21:00:00,145.0,145.0,138.0,140.0,93744316.05657192
2026-06-03T01:00:00,139.0,142.0,137.0,139.0,54144098.59556256
2026-06-03T05:00:00,138.0,141.0,135.0,138.0,73091179.7101798
2026-06-03T09:00:00,138.0,139.0,134.0,136.0,56217579.39618701
2026-06-03T13:00:00,136.0,140.0,135.0,139.0,45599203.24153337
2026-06-03T17:00:00,140.0,140.0,138.0,140.0,33877863.45768341
2026-06-03T21:00:00,140.0,140.0,137.0,137.0,30022057.24780598
2026-06-04T01:00:00,137.0,138.0,136.0,136.0,16678744.444936
2026-06-04T05:00:00,136.0,139.0,134.0,136.0,45363504.46883829
2026-06-04T09:00:00,136.0,137.0,128.0,136.0,151509245.788246
2026-06-04T13:00:00,136.0,137.0,132.0,133.0,41182972.72803822
2026-06-04T17:00:00,133.0,133.0,129.0,132.0,67732467.63241626
2026-06-04T21:00:00,132.0,135.0,131.0,133.0,36539631.51597851
2026-06-05T01:00:00,133.0,135.0,132.0,132.0,9800466.82667541
2026-06-05T05:00:00,132.0,133.0,130.0,132.0,29763308.95072427
2026-06-05T09:00:00,132.0,133.0,128.0,129.0,60057836.53770834
2026-06-05T13:00:00,130.0,131.0,124.0,128.0,131143578.4567824
2026-06-05T17:00:00,128.0,128.0,125.0,126.0,42542105.6613528
2026-06-05T21:00:00,126.0,128.0,123.0,125.0,88886112.05294456
2026-06-06T01:00:00,124.0,127.0,120.0,124.0,77976629.77098425
2026-06-06T05:00:00,124.0,127.0,122.0,124.0,57126760.19168837
2026-06-06T09:00:00,125.0,127.0,122.0,123.0,39547389.98680324
2026-06-06T13:00:00,123.0,124.0,118.0,123.0,87502890.58860461
2026-06-06T17:00:00,124.0,126.0,121.0,123.0,30178562.25602129
2026-06-06T21:00:00,123.0,126.0,123.0,125.0,24831289.95988924
2026-06-07T01:00:00,124.0,125.0,122.0,122.0,6228725.22399739
2026-06-07T05:00:00,123.0,125.0,122.0,124.0,10632146.05830369
2026-06-07T09:00:00,125.0,128.0,124.0,127.0,32523364.82345136
2026-06-07T13:00:00,127.0,130.0,126.0,129.0,32574879.58143028
2026-06-07T17:00:00,129.0,131.0,128.0,128.0,37083930.79824666
2026-06-07T21:00:00,129.0,129.0,126.0,129.0,28323462.73027761
2026-06-08T01:00:00,129.0,130.0,126.0,127.0,11156754.38013339
2026-06-08T05:00:00,127.0,133.0,126.0,129.0,40517941.80019194
2026-06-08T09:00:00,130.0,131.0,128.0,130.0,30297169.97109669
2026-06-08T13:00:00,129.0,130.0,127.0,128.0,30661442.63043916
2026-06-08T17:00:00,128.0,130.0,127.0,130.0,21367641.11716859
2026-06-08T21:00:00,130.0,131.0,128.0,130.0,26483638.13512881
2026-06-09T01:00:00,130.0,131.0,129.0,129.0,16350607.34651734
2026-06-09T05:00:00,129.0,131.0,129.0,130.0,17371364.17378558
2026-06-09T09:00:00,130.0,130.0,126.0,127.0,39136754.76775862
2026-06-09T13:00:00,127.0,130.0,127.0,129.0,27433999.74941758
2026-06-09T17:00:00,129.0,130.0,127.0,128.0,34937942.23483563
2026-06-09T21:00:00,128.0,129.0,126.0,126.0,33141091.06136996
2026-06-10T01:00:00,126.0,129.0,125.0,128.0,29805396.81079497
2026-06-10T05:00:00,128.0,129.0,126.0,128.0,17621583.46014824
2026-06-10T09:00:00,128.0,128.0,125.0,126.0,23037755.05864073
2026-06-10T13:00:00,126.0,127.0,125.0,127.0,17926331.84280127
2026-06-10T17:00:00,126.0,127.0,124.0,125.0,26542440.57480067
2026-06-10T21:00:00,126.0,129.0,125.0,128.0,40268429.11852948
2026-06-11T01:00:00,129.0,129.0,125.0,126.0,12672362.2328267
2026-06-11T05:00:00,126.0,126.0,123.0,125.0,37813544.77683968
2026-06-11T09:00:00,125.0,128.0,125.0,128.0,25694418.41954418
2026-06-11T13:00:00,128.0,128.0,127.0,128.0,10200391.23711401
2026-06-11T17:00:00,128.0,129.0,127.0,129.0,27085739.03948758
2026-06-11T21:00:00,128.0,129.0,127.0,127.0,27740624.99770859
2026-06-12T01:00:00,128.0,131.0,127.0,129.0,25292637.30097907
2026-06-12T05:00:00,130.0,131.0,129.0,129.0,21906529.09144637
2026-06-12T09:00:00,129.0,130.0,128.0,130.0,22219691.63242783
2026-06-12T13:00:00,130.0,132.0,128.0,130.0,40611403.45513871
2026-06-12T17:00:00,130.0,132.0,129.0,132.0,31874632.6300449
2026-06-12T21:00:00,132.0,140.0,130.0,131.0,227391876.502547
2026-06-13T01:00:00,131.0,134.0,131.0,131.0,29694273.20312735
2026-06-13T05:00:00,132.0,133.0,129.0,130.0,40493068.39525443
2026-06-13T09:00:00,129.0,131.0,129.0,130.0,33023227.96698799
2026-06-13T13:00:00,130.0,132.0,129.0,132.0,26723336.66813851
2026-06-13T17:00:00,132.0,133.0,131.0,133.0,12770963.26447307
2026-06-13T21:00:00,132.0,134.0,132.0,134.0,29347314.11170186
2026-06-14T01:00:00,133.0,134.0,131.0,133.0,17087351.40824495
2026-06-14T05:00:00,133.0,134.0,132.0,132.0,8153200.24723101
2026-06-14T09:00:00,133.0,134.0,132.0,134.0,27157606.27703271
2026-06-14T13:00:00,133.0,134.0,131.0,132.0,19839893.91583348
2026-06-14T17:00:00,132.0,133.0,131.0,132.0,13042653.78233051
2026-06-14T21:00:00,132.0,132.0,129.0,130.0,24580584.39477668
2026-06-15T01:00:00,130.0,131.0,130.0,131.0,2830836.54092527
2026-06-15T05:00:00,131.0,134.0,130.0,134.0,41891028.34000565
2026-06-15T09:00:00,134.0,134.0,132.0,133.0,28092339.56749598
2026-06-15T13:00:00,133.0,134.0,132.0,132.0,30567605.98726979
2026-06-15T17:00:00,132.0,135.0,132.0,135.0,29392365.37047387
2026-06-15T21:00:00,134.0,137.0,134.0,137.0,85635425.61390246
2026-06-16T01:00:00,137.0,137.0,133.0,134.0,56312649.23381617
2026-06-16T05:00:00,134.0,135.0,131.0,132.0,43363898.42461079
2026-06-16T09:00:00,132.0,133.0,130.0,132.0,45410712.94138818
2026-06-16T13:00:00,131.0,132.0,130.0,132.0,21747347.83756049
2026-06-16T17:00:00,132.0,134.0,131.0,132.0,42465020.57890708
2026-06-16T21:00:00,133.0,134.0,129.0,131.0,43679699.02037007
2026-06-17T01:00:00,131.0,132.0,129.0,131.0,10590999.91274306
2026-06-17T05:00:00,131.0,132.0,130.0,130.0,11946741.36031629
2026-06-17T09:00:00,131.0,133.0,130.0,131.0,25600929.7717404
2026-06-17T13:00:00,131.0,132.0,130.0,130.0,17149922.39339796
2026-06-17T17:00:00,131.0,131.0,128.0,129.0,34324599.27889132
2026-06-17T21:00:00,129.0,131.0,128.0,131.0,16762073.84664452
2026-06-18T01:00:00,131.0,132.0,128.0,129.0,43533772.58110815
2026-06-18T05:00:00,129.0,130.0,128.0,130.0,25036938.97393177
2026-06-18T09:00:00,130.0,131.0,128.0,128.0,41783170.37572995
2026-06-18T13:00:00,128.0,129.0,126.0,127.0,44634185.7339921
2026-06-18T17:00:00,127.0,129.0,127.0,127.0,18498134.77088905
2026-06-18T21:00:00,127.0,128.0,124.0,125.0,42560476.29515649
2026-06-19T01:00:00,124.0,126.0,124.0,125.0,17445249.25484097
2026-06-19T05:00:00,126.0,127.0,125.0,126.0,18208779.76679003
2026-06-19T09:00:00,126.0,127.0,124.0,125.0,26524606.79884673
2026-06-19T13:00:00,125.0,126.0,123.0,124.0,28298836.86090728
2026-06-19T17:00:00,124.0,125.0,123.0,125.0,11460579.94704731
2026-06-19T21:00:00,124.0,126.0,123.0,126.0,16624762.24289733
2026-06-20T01:00:00,126.0,126.0,124.0,125.0,6298599.55585463
2026-06-20T05:00:00,126.0,127.0,125.0,127.0,7875848.27948047
2026-06-20T09:00:00,126.0,127.0,125.0,126.0,11154774.51214686
2026-06-20T13:00:00,126.0,128.0,125.0,127.0,19168645.47575009
2026-06-20T17:00:00,127.0,128.0,126.0,127.0,16105856.5227364
2026-06-20T21:00:00,127.0,128.0,125.0,127.0,24144249.17692423
2026-06-21T01:00:00,127.0,127.0,125.0,126.0,5810903.07535108
2026-06-21T05:00:00,126.0,127.0,125.0,126.0,10277806.5197999
2026-06-21T09:00:00,127.0,127.0,126.0,126.0,6930577.12600651
2026-06-21T13:00:00,126.0,127.0,125.0,127.0,15249637.49518235
2026-06-21T17:00:00,126.0,127.0,125.0,125.0,13750744.30549949
2026-06-21T21:00:00,126.0,126.0,125.0,125.0,5061202.25281517
2026-06-22T01:00:00,126.0,126.0,125.0,126.0,4920625.25716784
2026-06-22T05:00:00,126.0,126.0,124.0,124.0,19024120.37425776
2026-06-22T09:00:00,124.0,127.0,124.0,125.0,25082943.13045827
2026-06-22T13:00:00,125.0,127.0,124.0,125.0,20900556.75622177
2026-06-22T17:00:00,125.0,127.0,125.0,127.0,22995732.13424237
2026-06-22T21:00:00,126.0,128.0,126.0,127.0,20813935.05038292
2026-06-23T01:00:00,127.0,127.0,124.0,125.0,11056948.61224507
2026-06-23T05:00:00,125.0,126.0,123.0,125.0,24158449.10539416
2026-06-23T09:00:00,124.0,125.0,122.0,123.0,39001000.75787983
2026-06-23T13:00:00,123.0,124.0,120.0,121.0,63190245.94380366
2026-06-23T17:00:00,121.0,121.0,118.0,120.0,53486574.80849439
2026-06-23T21:00:00,121.0,121.0,118.0,120.0,31040880.4279149
2026-06-24T01:00:00,120.0,120.0,118.0,119.0,13363090.58936973
2026-06-24T05:00:00,118.0,120.0,118.0,119.0,18159158.83005708
2026-06-24T09:00:00,119.0,121.0,118.0,120.0,37801036.26266322
2026-06-24T13:00:00,120.0,120.0,118.0,119.0,10530093.88921907
2026-06-24T17:00:00,120.0,121.0,118.0,120.0,21701981.06047863
2026-06-24T21:00:00,120.0,120.0,113.0,114.0,85132036.89675681
2026-06-25T01:00:00,114.0,115.0,111.0,113.0,54592709.97138536
2026-06-25T05:00:00,114.0,116.0,113.0,115.0,32227739.83694579
2026-06-25T09:00:00,116.0,116.0,115.0,115.0,13353837.8512573
2026-06-25T13:00:00,115.0,118.0,115.0,117.0,27622557.0558202
2026-06-25T17:00:00,117.0,117.0,114.0,115.0,19980700.54797745
2026-06-25T21:00:00,115.0,116.0,109.0,112.0,96339475.20421372
2026-06-26T01:00:00,112.0,115.0,111.0,111.0,19465960.10729661
2026-06-26T05:00:00,112.0,115.0,111.0,114.0,21522067.37077455
2026-06-26T09:00:00,114.0,115.0,109.0,113.0,60901781.12531937
2026-06-26T13:00:00,113.0,114.0,112.0,113.0,35985525.13440917
2026-06-26T17:00:00,113.0,114.0,111.0,112.0,21413461.29049161
2026-06-26T21:00:00,111.0,114.0,110.0,114.0,42207796.93316998
2026-06-27T01:00:00,114.0,116.0,113.0,115.0,9349580.03353916
2026-06-27T05:00:00,115.0,116.0,113.0,114.0,14437498.39066691
2026-06-27T09:00:00,115.0,116.0,114.0,115.0,21815782.27715249
2026-06-27T13:00:00,114.0,116.0,114.0,115.0,10607732.36099269
2026-06-27T17:00:00,115.0,115.0,113.0,114.0,11581328.34297448
2026-06-27T21:00:00,115.0,116.0,114.0,115.0,8723039.1645984
2026-06-28T01:00:00,115.0,116.0,113.0,114.0,6407688.66025743
2026-06-28T05:00:00,114.0,114.0,112.0,114.0,9740993.37373488
2026-06-28T09:00:00,114.0,114.0,112.0,113.0,12717849.46246344
2026-06-28T13:00:00,113.0,113.0,111.0,112.0,15361650.91063813
2026-06-28T17:00:00,112.0,113.0,111.0,112.0,13578521.65154512
2026-06-28T21:00:00,112.0,113.0,111.0,111.0,9623779.67103711
2026-06-29T01:00:00,111.0,112.0,110.0,110.0,20822727.5387401
2026-06-29T05:00:00,111.0,112.0,109.0,111.0,31391659.23992728
2026-06-29T09:00:00,111.0,112.0,109.0,111.0,38115375.29018398
2026-06-29T13:00:00,111.0,112.0,109.0,110.0,28982217.09174771
2026-06-29T17:00:00,110.0,111.0,109.0,110.0,21181908.97388004
2026-06-29T21:00:00,111.0,112.0,109.0,111.0,41350652.4558363
2026-06-30T01:00:00,111.0,113.0,109.0,112.0,26486472.94349234
2026-06-30T05:00:00,112.0,112.0,110.0,111.0,12538326.23130994
2026-06-30T09:00:00,111.0,112.0,109.0,109.0,24890317.45568016
2026-06-30T13:00:00,110.0,111.0,109.0,109.0,21956441.20552251
2026-06-30T17:00:00,109.0,111.0,108.0,109.0,29242881.0502867
2026-06-30T21:00:00,108.0,109.0,106.0,108.0,54463596.1323043
2026-07-01T01:00:00,108.0,111.0,107.0,111.0,14959496.95616142
2026-07-01T05:00:00,110.0,111.0,109.0,110.0,13530702.28726896
2026-07-01T09:00:00,110.0,111.0,107.0,110.0,36016432.32653337
2026-07-01T13:00:00,110.0,111.0,108.0,109.0,27778659.90965189
2026-07-01T17:00:00,109.0,110.0,108.0,109.0,14054689.04554846
2026-07-01T21:00:00,109.0,112.0,108.0,111.0,38105165.19157057
2026-07-02T01:00:00,112.0,112.0,110.0,111.0,11116566.62614883
2026-07-02T05:00:00,110.0,112.0,109.0,110.0,28844010.58643459
2026-07-02T09:00:00,110.0,112.0,108.0,112.0,40943642.0037686
2026-07-02T13:00:00,112.0,112.0,109.0,110.0,21325084.80175392
2026-07-02T17:00:00,110.0,113.0,109.0,112.0,29274744.45000977
2026-07-02T21:00:00,112.0,114.0,111.0,112.0,44285018.75347865
2026-07-03T01:00:00,112.0,113.0,112.0,112.0,3899438.50486407
2026-07-03T05:00:00,112.0,113.0,111.0,112.0,16506496.76289527
2026-07-03T09:00:00,112.0,113.0,111.0,113.0,27438309.55449183
2026-07-03T13:00:00,113.0,114.0,112.0,113.0,15097524.22383325
2026-07-03T17:00:00,113.0,115.0,112.0,115.0,26114948.35746828
2026-07-03T21:00:00,115.0,117.0,114.0,115.0,28959094.20260549
2026-07-04T01:00:00,115.0,117.0,114.0,116.0,8093179.14223217
2026-07-04T05:00:00,116.0,118.0,116.0,116.0,24923621.36505643
2026-07-04T09:00:00,116.0,118.0,115.0,117.0,23842866.63319776
2026-07-04T13:00:00,117.0,118.0,116.0,116.0,22950571.48362783
2026-07-04T17:00:00,117.0,117.0,115.0,117.0,14667705.82597118
2026-07-04T21:00:00,116.0,119.0,116.0,119.0,15987256.28940222
2026-07-05T01:00:00,119.0,120.0,117.0,118.0,17089234.8113985
2026-07-05T05:00:00,119.0,119.0,116.0,117.0,10393152.2893435
2026-07-05T09:00:00,118.0,118.0,114.0,115.0,27195857.9713733
2026-07-05T13:00:00,115.0,116.0,114.0,115.0,15851337.19644054
2026-07-05T17:00:00,115.0,116.0,113.0,115.0,16141435.59704748
2026-07-05T21:00:00,115.0,117.0,114.0,116.0,26603441.93800452
2026-07-06T01:00:00,117.0,117.0,115.0,116.0,3675722.42972052
2026-07-06T05:00:00,116.0,119.0,116.0,117.0,38158901.4026449
2026-07-06T09:00:00,118.0,118.0,116.0,116.0,19578623.59167491
2026-07-06T13:00:00,116.0,117.0,115.0,115.0,17709368.62068592
2026-07-06T17:00:00,116.0,117.0,115.0,115.0,15279558.73439243
2026-07-06T21:00:00,115.0,116.0,112.0,115.0,60023664.90220305
2026-07-07T01:00:00,115.0,116.0,114.0,116.0,10811350.48364528
2026-07-07T05:00:00,115.0,118.0,115.0,115.0,23414932.88004496
2026-07-07T09:00:00,116.0,116.0,112.0,112.0,29355245.08463998
2026-07-07T13:00:00,112.0,114.0,111.0,113.0,31673057.21763205
2026-07-07T17:00:00,112.0,113.0,111.0,112.0,29384651.43033433
2026-07-07T21:00:00,113.0,113.0,110.0,112.0,25045973.35111194
2026-07-08T01:00:00,112.0,114.0,111.0,112.0,16223040.49623325
2026-07-08T05:00:00,112.0,112.0,110.0,112.0,19595514.14348623
2026-07-08T09:00:00,112.0,112.0,108.0,109.0,53865117.1067708
2026-07-08T13:00:00,109.0,109.0,107.0,109.0,39864422.95603418
2026-07-08T17:00:00,109.0,109.0,106.0,108.0,59324722.13553589
2026-07-08T21:00:00,108.0,108.0,106.0,108.0,27150313.42834442
2026-07-09T01:00:00,108.0,109.0,107.0,109.0,13833147.79789921
2026-07-09T05:00:00,109.0,109.0,107.0,109.0,15192017.97475147
2026-07-09T09:00:00,108.0,109.0,107.0,108.0,20982319.4812882
2026-07-09T13:00:00,108.0,109.0,107.0,109.0,26944321.29825486
2026-07-09T17:00:00,109.0,109.0,108.0,109.0,8299650.9456317
2026-07-09T21:00:00,108.0,109.0,107.0,108.0,16392876.91700408
2026-07-10T01:00:00,109.0,110.0,108.0,110.0,10197699.94723759
2026-07-10T05:00:00,110.0,110.0,108.0,109.0,6394376.4431802
2026-07-10T09:00:00,109.0,111.0,108.0,111.0,20965912.08541918
2026-07-10T13:00:00,111.0,111.0,109.0,110.0,7933592.47838727
2026-07-10T17:00:00,110.0,112.0,109.0,111.0,25043590.04529254
2026-07-10T21:00:00,111.0,111.0,109.0,111.0,26186105.89369281
2026-07-11T01:00:00,110.0,111.0,109.0,110.0,4164028.15198999
2026-07-11T05:00:00,110.0,111.0,110.0,110.0,1473902.34540309
2026-07-11T09:00:00,111.0,111.0,110.0,111.0,3754079.72852835
2026-07-11T13:00:00,111.0,112.0,110.0,111.0,25486210.27412703
2026-07-11T17:00:00,110.0,112.0,110.0,112.0,10709005.39816422
2026-07-11T21:00:00,111.0,113.0,111.0,112.0,23809546.24243739
2026-07-12T01:00:00,112.0,113.0,111.0,112.0,13495382.67781845
2026-07-12T05:00:00,112.0,113.0,109.0,109.0,24823686.51740681
2026-07-12T09:00:00,109.0,110.0,108.0,109.0,20004903.36492054
2026-07-12T13:00:00,110.0,110.0,108.0,109.0,10465521.93545483
2026-07-12T17:00:00,109.0,110.0,108.0,109.0,17233115.95474398
2026-07-12T21:00:00,109.0,111.0,109.0,110.0,13595739.72289083
2026-07-13T01:00:00,110.0,110.0,109.0,109.0,2229169.48071615
2026-07-13T05:00:00,109.0,110.0,108.0,108.0,8952722.26028127
2026-07-13T09:00:00,108.0,111.0,106.0,108.0,35990718.0700302
2026-07-13T13:00:00,107.0,108.0,107.0,107.0,11373214.2536882
2026-07-13T17:00:00,107.0,108.0,106.0,108.0,16377010.92061317
2026-07-13T21:00:00,108.0,108.0,106.0,107.0,22625481.15584704
2026-07-14T01:00:00,107.0,108.0,105.0,106.0,30519331.78642847
2026-07-14T05:00:00,106.0,107.0,105.0,107.0,12531632.88636398
2026-07-14T09:00:00,107.0,108.0,105.0,106.0,23778267.70582806
2026-07-14T13:00:00,106.0,107.0,106.0,106.0,5816421.45160736
2026-07-14T17:00:00,106.0,107.0,106.0,106.0,9384720.89481433
2026-07-14T21:00:00,107.0,111.0,106.0,111.0,61633470.00344908
2026-07-15T01:00:00,110.0,111.0,109.0,109.0,3695252.31747309
2026-07-15T05:00:00,109.0,110.0,108.0,109.0,16692255.47359285
2026-07-15T09:00:00,110.0,110.0,108.0,108.0,19737535.4273143
2026-07-15T13:00:00,108.0,110.0,108.0,109.0,26158518.18679493
2026-07-15T17:00:00,109.0,110.0,108.0,108.0,7521628.53233171
2026-07-15T21:00:00,109.0,111.0,108.0,110.0,37882366.89659124
2026-07-16T01:00:00,110.0,110.0,108.0,109.0,14776988.81734299
2026-07-16T05:00:00,108.0,109.0,108.0,108.0,4508656.35408494
2026-07-16T09:00:00,109.0,110.0,108.0,109.0,21162096.48388721
2026-07-16T13:00:00,109.0,109.0,107.0,108.0,15365031.78968102
2026-07-16T17:00:00,107.0,108.0,106.0,107.0,14385902.45838926
2026-07-16T21:00:00,107.0,109.0,107.0,108.0,19472861.50851275
2026-07-17T01:00:00,108.0,109.0,107.0,108.0,12849199.01252447
2026-07-17T05:00:00,108.0,108.0,106.0,106.0,9784370.39861574
2026-07-17T09:00:00,106.0,108.0,106.0,106.0,13615508.90219955
2026-07-17T13:00:00,106.0,107.0,105.0,105.0,24333002.20780833
2026-07-17T17:00:00,106.0,107.0,105.0,107.0,11344734.95561471
2026-07-17T21:00:00,107.0,107.0,105.0,106.0,15954959.4785731
2026-07-18T01:00:00,106.0,108.0,106.0,108.0,13032904.38148578
2026-07-18T05:00:00,107.0,108.0,106.0,106.0,6234618.96150538
2026-07-18T09:00:00,107.0,108.0,106.0,107.0,18190917.88829911
2026-07-18T13:00:00,108.0,108.0,106.0,106.0,13767234.75758698
2026-07-18T17:00:00,106.0,107.0,106.0,107.0,3830622.04706126
2026-07-18T21:00:00,107.0,107.0,106.0,107.0,3434043.50018463
2026-07-19T01:00:00,107.0,107.0,106.0,107.0,3633111.12923964
2026-07-19T05:00:00,107.0,107.0,106.0,106.0,2215506.32239614
2026-07-19T09:00:00,107.0,108.0,106.0,106.0,16477956.12896873
2026-07-19T13:00:00,106.0,107.0,106.0,106.0,2150241.77717142
2026-07-19T17:00:00,106.0,108.0,106.0,106.0,7718553.81407948
2026-07-19T21:00:00,106.0,107.0,106.0,107.0,1969476.98064171
2026-07-20T01:00:00,107.0,107.0,106.0,107.0,22205690.6105944
2026-07-20T05:00:00,107.0,107.0,105.0,106.0,12202089.49436293
2026-07-20T09:00:00,107.0,108.0,106.0,106.0,15162078.9012533
2026-07-20T13:00:00,106.0,107.0,104.0,106.0,30709792.8910079
2026-07-20T17:00:00,105.0,107.0,105.0,106.0,18705053.12982089
2026-07-20T21:00:00,106.0,108.0,105.0,107.0,20833430.23970817
2026-07-21T01:00:00,108.0,108.0,105.0,106.0,29324575.937039
2026-07-21T05:00:00,105.0,106.0,104.0,105.0,14405766.51874303
2026-07-21T09:00:00,106.0,107.0,105.0,106.0,24679450.95543473
2026-07-21T13:00:00,106.0,107.0,105.0,106.0,13906968.50887536
2026-07-21T17:00:00,106.0,108.0,106.0,107.0,16993259.68203936
2026-07-21T21:00:00,107.0,108.0,106.0,107.0,14638425.44799302
2026-07-22T01:00:00,107.0,108.0,106.0,107.0,7494051.64749151
2026-07-22T05:00:00,107.0,108.0,106.0,108.0,16810727.77159246
2026-07-22T09:00:00,107.0,108.0,107.0,107.0,7683957.70888343
2026-07-22T13:00:00,107.0,108.0,105.0,106.0,26392518.12763873
2026-07-22T17:00:00,106.0,107.0,105.0,106.0,15323436.2663418
2026-07-22T21:00:00,106.0,107.0,105.0,106.0,13990816.80722866
2026-07-23T01:00:00,106.0,107.0,105.0,105.0,9922492.92448121
2026-07-23T05:00:00,106.0,107.0,105.0,107.0,5469388.00865728
2026-07-23T09:00:00,107.0,107.0,105.0,106.0,11554702.26584233
2026-07-23T13:00:00,106.0,106.0,105.0,105.0,6355283.50128437
2026-07-23T17:00:00,105.0,106.0,105.0,105.0,5417020.60843964
2026-07-23T21:00:00,106.0,106.0,100.0,102.0,122958638.45841648
2026-07-24T01:00:00,103.0,103.0,101.0,102.0,20999842.69408022
2026-07-24T05:00:00,102.0,103.0,101.0,102.0,27305015.96737559
2026-07-24T09:00:00,102.0,102.0,100.0,102.0,47784944.95390812
2026-07-24T13:00:00,102.0,103.0,100.0,102.0,56128057.19205923
2026-07-24T17:00:00,102.0,103.0,101.0,102.0,17881058.70695
2026-07-24T21:00:00,101.0,102.0,100.0,101.0,35134078.74558917
2026-07-25T01:00:00,102.0,102.0,100.0,101.0,20803055.05546068
2026-07-25T05:00:00,102.0,102.0,100.0,102.0,22361133.46138338
2026-07-25T09:00:00,102.0,102.0,101.0,102.0,14393364.32414832
2026-07-25T13:00:00,102.0,102.0,101.0,102.0,8989956.37517327
2026-07-25T17:00:00,102.0,102.0,101.0,102.0,3639322.39468523
2026-07-25T21:00:00,101.0,105.0,101.0,104.0,52715620.52022353
2026-07-26T01:00:00,104.0,108.0,104.0,106.0,55195543.5259165
2026-07-26T05:00:00,106.0,107.0,105.0,106.0,18161869.86923587
2026-07-26T09:00:00,106.0,107.0,104.0,107.0,32339445.09997421
2026-07-26T13:00:00,107.0,108.0,106.0,107.0,45264984.43708842
2026-07-26T17:00:00,107.0,108.0,106.0,106.0,24316074.28462449
2026-07-26T21:00:00,106.0,108.0,106.0,107.0,15659768.32905829
2026-07-27T01:00:00,107.0,107.0,105.0,106.0,11482004.17107296
2026-07-27T05:00:00,105.0,107.0,105.0,107.0,13145264.3921778
2026-07-27T09:00:00,107.0,107.0,105.0,106.0,29523227.4579561
2026-07-27T13:00:00,105.0,107.0,105.0,106.0,27726471.31269627
2026-07-27T17:00:00,106.0,106.0,105.0,106.0,10459323.50040636
2026-07-27T21:00:00,106.0,107.0,103.0,104.0,52680054.85339147
2026-07-28T01:00:00,104.0,106.0,104.0,104.0,17450624.55010786
2026-07-28T05:00:00,105.0,105.0,102.0,102.0,40701711.27879341
2026-07-28T09:00:00,103.0,103.0,101.0,102.0,35103854.81596139
2026-07-28T13:00:00,102.0,103.0,101.0,102.0,25035191.96228169
2026-07-28T17:00:00,102.0,103.0,101.0,101.0,13388138.24594442
2026-07-28T21:00:00,101.0,103.0,100.0,103.0,31945102.01324049
2026-07-29T01:00:00,103.0,104.0,102.0,103.0,12229911.66182871
2026-07-29T05:00:00,103.0,104.0,101.0,103.0,25914929.55824661
2026-07-29T09:00:00,103.0,104.0,101.0,101.0,34897663.46426836
2026-07-29T13:00:00,101.0,102.0,100.0,101.0,35122177.37003889
2026-07-29T17:00:00,102.0,102.0,101.0,102.0,6409873.1776693
2026-07-29T21:00:00,102.0,102.0,100.0,101.0,17311979.15711988
2026-07-30T01:00:00,101.0,102.0,100.0,100.0,19578821.38234583
2026-07-30T05:00:00,100.0,101.0,99.0,101.0,69824781.91544776
2026-07-30T09:00:00,101.0,101.0,99.9,101.0,18120286.91445413
2026-07-30T13:00:00,100.0,101.0,99.3,99.4,50723632.49185933
2026-07-30T17:00:00,99.4,101.0,99.3,99.8,34589248.82133385
2026-07-30T21:00:00,99.9,101.0,99.0,100.0,42425939.41032386
2026-07-31T01:00:00,100.0,101.0,99.7,100.0,4715307.97848644
2026-07-31T05:00:00,100.0,101.0,99.7,100.0,16583280.54293005
2026-07-31T09:00:00,100.0,101.0,99.3,99.8,31380713.08549994
2026-07-31T13:00:00,99.8,101.0,99.1,99.8,30456866.07479391
2026-07-31T17:00:00,99.8,100.0,98.62,99.6,36499243.76378796
2026-07-31T21:00:00,99.6,99.8,98.3,99.0,48568433.5415875
2026-08-01T01:00:00,98.9,101.0,98.8,101.0,11413156.00652899
2026-08-01T05:00:00,100.0,101.0,99.7,101.0,14181652.4946639
2026-08-01T09:00:00,101.0,101.0,99.9,101.0,7511569.07297306
2026-08-01T13:00:00,101.0,101.0,100.0,101.0,6473579.87138972
2026-08-01T17:00:00,101.0,101.0,100.0,101.0,3262904.11418434
2026-08-01T21:00:00,101.0,101.0,100.0,101.0,3663462.34658319
2026-08-02T01:00:00,101.0,101.0,97.6,98.9,39849303.68860511
2026-08-02T05:00:00,98.9,100.0,98.6,99.7,19556641.87263515
2026-08-02T09:00:00,99.7,101.0,99.6,101.0,9084287.96923223
2026-08-02T13:00:00,100.0,102.0,100.0,101.0,29698219.3835589
2026-08-02T17:00:00,101.0,101.0,100.0,100.0,5289814.17162199
2026-08-02T21:00:00,100.0,102.0,100.0,100.0,14143720.65708447
2026-08-03T01:00:00,100.0,102.0,100.0,101.0,4472854.68547299
2026-08-03T05:00:00,101.0,103.0,101.0,102.0,11622306.07026331
2026-08-03T09:00:00,102.0,102.0,99.6,99.7,26956475.34451539
2026-08-03T13:00:00,99.7,100.0,98.5,98.8,33311697.58443371
2026-08-03T17:00:00,98.9,99.8,98.4,98.9,26687444.36614421
2026-08-03T21:00:00,98.9,101.0,98.7,101.0,22520077.43105148
2026-08-04T01:00:00,100.0,101.0,99.9,100.0,6467528.16390265
2026-08-04T05:00:00,100.0,101.0,99.8,99.9,7866481.39509101
2026-08-04T09:00:00,100.0,101.0,99.4,100.0,16452385.5217732
2026-08-04T13:00:00,99.9,101.0,99.7,100.0,10285869.09601092
2026-08-04T17:00:00,100.0,101.0,99.8,101.0,6315281.36246684
2026-08-04T21:00:00,101.0,101.0,99.2,99.9,23775581.87624713
2026-08-05T01:00:00,99.9,101.0,99.5,100.0,8738290.13818265
2026-08-05T05:00:00,100.0,101.0,99.6,99.7,12893043.26856277
2026-08-05T09:00:00,99.8,99.9,98.8,99.0,20581504.54197111
2026-08-05T13:00:00,99.0,99.6,98.9,99.2,13032822.80124046
2026-08-05T17:00:00,99.2,99.5,99.0,99.2,10897011.6160819
2026-08-05T21:00:00,99.3,99.7,98.6,99.0,19481893.83923218
2026-08-06T01:00:00,99.1,99.9,98.9,99.6,4102886.93454235
2026-08-06T05:00:00,99.5,99.9,99.1,99.3,9522349.87742975
2026-08-06T09:00:00,99.4,99.5,98.3,98.4,18730212.54874591
2026-08-06T13:00:00,98.4,99.2,98.3,99.0,9179503.54928956
2026-08-06T17:00:00,99.0,99.2,97.6,98.0,25810177.24059284
2026-08-06T21:00:00,98.1,98.3,96.9,97.9,23368137.28898097
2026-08-07T01:00:00,98.0,98.4,97.4,97.5,5237183.80479087
2026-08-07T05:00:00,97.5,98.1,97.5,98.0,9341365.14194239
2026-08-07T09:00:00,98.0,98.3,97.4,97.5,18058402.78541669
2026-08-07T13:00:00,97.5,98.1,97.3,97.9,15795381.41504701
2026-08-07T17:00:00,97.9,98.3,97.8,98.2,8029481.26261503
2026-08-07T21:00:00,98.3,99.1,97.9,98.3,13769199.52229599
2026-08-08T01:00:00,98.3,98.5,97.7,98.2,4082835.13262101
2026-08-08T05:00:00,98.1,98.3,97.8,97.8,4537155.33647196
2026-08-08T09:00:00,98.0,99.0,97.8,98.9,5834113.68060642
2026-08-08T13:00:00,98.9,98.9,98.4,98.7,5466605.12486832
2026-08-08T17:00:00,98.6,99.1,98.5,99.0,4930432.12067419
2026-08-08T21:00:00,98.8,101.0,98.8,100.0,19157004.68303948
2026-08-09T01:00:00,100.0,101.0,99.6,99.8,6351582.62603108
2026-08-09T05:00:00,99.8,99.9,98.8,99.0,3826451.62855778
2026-08-09T09:00:00,99.1,99.1,98.2,98.6,9714551.19228406
2026-08-09T13:00:00,98.5,98.9,98.3,98.7,3811258.13495854
2026-08-09T17:00:00,98.6,98.9,98.4,98.7,5322392.52722117
2026-08-09T21:00:00,98.7,99.3,98.5,99.2,5419914.74091576
2026-08-10T01:00:00,99.2,99.4,98.7,98.9,3311245.10054826
2026-08-10T05:00:00,98.9,99.5,97.3,97.5,17288952.25830652
2026-08-10T09:00:00,97.4,98.9,97.1,98.0,20141797.83903331
2026-08-10T13:00:00,98.0,98.6,97.8,98.4,9516781.09274629
2026-08-10T17:00:00,98.5,98.7,98.1,98.6,7483123.43974997
2026-08-10T21:00:00,98.6,98.7,97.9,98.1,8883807.52092992
2026-08-11T01:00:00,98.1,98.7,98.0,98.5,3101997.75549611
2026-08-11T05:00:00,98.6,98.8,98.2,98.4,8242979.98718943
2026-08-11T09:00:00,98.5,99.1,98.2,98.7,16629019.97128597
2026-08-11T13:00:00,98.7,99.0,98.3,98.8,10106647.61800003
2026-08-11T17:00:00,98.8,99.7,98.7,99.3,21011247.81168652
2026-08-11T21:00:00,99.2,101.0,98.5,99.3,32106909.64148295
2026-08-12T01:00:00,99.3,101.0,99.2,100.0,11335281.4247075
2026-08-12T05:00:00,100.0,103.0,100.0,102.0,27486645.07717677
2026-08-12T09:00:00,102.0,102.0,101.0,102.0,12136160.27822538
2026-08-12T13:00:00,101.0,102.0,100.0,100.0,14412441.20181548
2026-08-12T17:00:00,100.0,102.0,100.0,102.0,11122197.35788314
2026-08-12T21:00:00,102.0,102.0,99.1,99.9,35996565.63650338
2026-08-13T01:00:00,100.0,101.0,99.5,99.8,8315588.18575427
2026-08-13T05:00:00,99.8,99.9,97.5,98.5,34883484.18210548
2026-08-13T09:00:00,98.4,99.2,98.3,98.8,9106943.92307272
2026-08-13T13:00:00,98.9,100.0,98.7,99.6,11513526.92912452
2026-08-13T17:00:00,99.6,99.8,98.7,99.0,10022104.51864982
2026-08-13T21:00:00,98.9,99.3,98.5,98.5,8524277.42367379
2026-08-14T01:00:00,98.5,99.4,98.3,99.4,4738607.15216356
2026-08-14T05:00:00,99.4,99.4,98.9,99.0,3158144.65611552
2026-08-14T09:00:00,99.0,99.2,98.5,98.8,12759031.10072975
2026-08-14T13:00:00,98.7,98.9,98.2,98.4,9618558.91794049
2026-08-14T17:00:00,98.4,98.9,97.9,98.1,13928262.46688508
2026-08-14T21:00:00,98.1,98.8,97.7,98.7,10431696.54852325
2026-08-15T01:00:00,98.7,98.9,98.3,98.6,5473953.46259205
2026-08-15T05:00:00,98.7,99.2,98.5,99.2,4196344.658262
2026-08-15T09:00:00,99.1,99.7,98.9,99.4,7670282.15628053
2026-08-15T13:00:00,99.5,99.6,99.0,99.1,4524623.21688313
2026-08-15T17:00:00,99.0,99.2,98.8,99.0,3923414.43762744
2026-08-15T21:00:00,99.0,99.3,98.8,99.2,6133932.19338947
2026-08-16T01:00:00,99.2,99.2,98.6,98.9,3121091.75614415
2026-08-16T05:00:00,98.9,99.1,98.4,98.5,2309225.90061294
2026-08-16T09:00:00,98.5,98.9,98.4,98.9,5707433.17845869
2026-08-16T13:00:00,98.8,98.9,98.4,98.9,3305341.66920795
2026-08-16T17:00:00,98.9,98.9,98.6,98.8,3280237.61050053
2026-08-16T21:00:00,98.8,99.2,98.7,99.0,5310703.22939476
2026-08-17T01:00:00,99.1,99.3,98.8,99.0,1001146.91403047
2026-08-17T05:00:00,99.0,99.1,97.8,98.5,11784036.76656797
2026-08-17T09:00:00,98.6,99.4,98.4,99.0,11587835.56338307
2026-08-17T13:00:00,99.1,99.5,99.0,99.3,5958716.16706996
2026-08-17T17:00:00,99.3,99.4,98.9,99.1,8428355.96298237
2026-08-17T21:00:00,99.1,99.5,98.8,99.3,5419493.19901053
2026-08-18T01:00:00,99.3,99.4,99.0,99.0,3018240.08715224
2026-08-18T05:00:00,99.1,99.4,98.9,99.2,4859710.11131265
2026-08-18T09:00:00,99.4,99.4,98.0,98.3,15716287.96021153
2026-08-18T13:00:00,98.3,98.6,98.0,98.2,10410330.154278
2026-08-18T17:00:00,98.2,98.4,98.0,98.3,5615623.82078692
2026-08-18T21:00:00,98.3,98.8,98.0,98.7,9763943.52981569
2026-08-19T01:00:00,98.7,99.1,98.6,99.0,1769758.02349704
2026-08-19T05:00:00,98.9,99.0,98.4,98.8,4212820.26997927
2026-08-19T09:00:00,98.7,98.8,97.7,98.0,10157574.73358913
2026-08-19T13:00:00,98.0,98.0,97.6,97.7,11182620.70664534
2026-08-19T17:00:00,97.7,97.9,97.4,97.7,8520433.00885107
2026-08-19T21:00:00,97.7,102.0,97.7,101.0,61770344.90177051
2026-08-20T01:00:00,100.0,101.0,99.2,101.0,18281099.61474463
2026-08-20T05:00:00,100.0,105.0,100.0,104.0,55096828.81027321
2026-08-20T09:00:00,103.0,105.0,102.0,103.0,33485931.8236796
2026-08-20T13:00:00,102.0,104.0,102.0,103.0,15570788.73164732
2026-08-20T17:00:00,104.0,108.0,103.0,106.0,69431303.50238891
2026-08-20T21:00:00,106.0,111.0,106.0,110.0,59855881.117581
2026-08-21T01:00:00,111.0,115.0,109.0,109.0,64310129.63414201
2026-08-21T05:00:00,110.0,112.0,109.0,110.0,31375409.22593953
2026-08-21T09:00:00,110.0,114.0,110.0,113.0,94879666.0258937
2026-08-21T13:00:00,113.0,117.0,112.0,116.0,71997920.75173353
2026-08-21T17:00:00,116.0,119.0,113.0,113.0,110568351.24847044
2026-08-21T21:00:00,114.0,117.0,113.0,116.0,62220267.95887531
2026-08-22T01:00:00,115.0,118.0,115.0,116.0,33420307.19724168
2026-08-22T05:00:00,117.0,130.0,116.0,126.0,205395051.38210002
2026-08-22T09:00:00,125.0,134.0,123.0,133.0,168185293.8159063
2026-08-22T13:00:00,132.0,139.0,117.0,127.0,479217381.37101454
2026-08-22T17:00:00,127.0,129.0,119.0,123.0,180873656.131877
2026-08-22T21:00:00,122.0,126.0,122.0,123.0,56714876.17355509
2026-08-23T01:00:00,123.0,128.0,122.0,128.0,37865818.45412546
2026-08-23T05:00:00,128.0,130.0,124.0,126.0,36816335.45146058
2026-08-23T09:00:00,125.0,130.0,124.0,126.0,72263283.1822873
2026-08-23T13:00:00,126.0,126.0,122.0,123.0,60601579.79908482
2026-08-23T17:00:00,123.0,128.0,123.0,128.0,40994023.47115587
2026-08-23T21:00:00,128.0,130.0,124.0,127.0,84616617.76031627
2026-08-24T01:00:00,127.0,128.0,126.0,127.0,14958372.32971671
2026-08-24T05:00:00,127.0,130.0,126.0,128.0,32542104.81138119
2026-08-24T09:00:00,129.0,129.0,124.0,125.0,44185509.7189176
2026-08-24T13:00:00,125.0,128.0,125.0,126.0,37024946.41749334
2026-08-24T17:00:00,126.0,128.0,124.0,127.0,45080789.14474406
2026-08-24T21:00:00,127.0,129.0,124.0,125.0,93636859.6533212
2026-08-25T01:00:00,125.0,127.0,121.0,123.0,63128954.19818777
2026-08-25T05:00:00,123.0,125.0,122.0,124.0,22424431.8081365
2026-08-25T09:00:00,124.0,128.0,123.0,126.0,62852637.35289118
2026-08-25T13:00:00,127.0,128.0,124.0,125.0,46143768.95609012
2026-08-25T17:00:00,125.0,127.0,124.0,125.0,28410195.04073224
2026-08-25T21:00:00,124.0,125.0,121.0,124.0,55124735.50759847
2026-08-26T01:00:00,124.0,124.0,122.0,122.0,19703991.01296924
2026-08-26T05:00:00,122.0,123.0,118.0,120.0,59704689.66402062
2026-08-26T09:00:00,119.0,121.0,119.0,120.0,35867746.63391735
2026-08-26T13:00:00,120.0,121.0,119.0,120.0,21207797.75710106
2026-08-26T17:00:00,120.0,121.0,119.0,120.0,29415454.84159658
2026-08-26T21:00:00,120.0,121.0,116.0,117.0,65164634.6752919
2026-08-27T01:00:00,117.0,119.0,116.0,119.0,13616409.73654868
2026-08-27T05:00:00,119.0,122.0,117.0,122.0,24825342.99854671
2026-08-27T09:00:00,121.0,122.0,119.0,121.0,16998193.86342728
2026-08-27T13:00:00,121.0,121.0,119.0,120.0,8166414.54088507
2026-08-27T17:00:00,121.0,125.0,120.0,122.0,51537326.79797205
2026-08-27T21:00:00,122.0,124.0,121.0,123.0,37811721.16882151
2026-08-28T01:00:00,123.0,124.0,121.0,123.0,18131412.08808901
2026-08-28T05:00:00,123.0,124.0,122.0,124.0,16132094.27791395
2026-08-28T09:00:00,124.0,125.0,121.0,121.0,35395432.56549377
2026-08-28T13:00:00,122.0,123.0,121.0,121.0,14480314.9669629
2026-08-28T17:00:00,121.0,122.0,118.0,120.0,26203760.29360346
2026-08-28T21:00:00,120.0,122.0,119.0,119.0,35953597.9645952
2026-08-29T01:00:00,119.0,120.0,116.0,118.0,62418174.30683318
2026-08-29T05:00:00,117.0,119.0,117.0,119.0,22135767.51817853
2026-08-29T09:00:00,119.0,119.0,117.0,118.0,18895888.42537204
2026-08-29T13:00:00,117.0,119.0,117.0,118.0,20207103.02979949
2026-08-29T17:00:00,118.0,118.0,117.0,117.0,2983981.30561438
2026-08-29T21:00:00,118.0,119.0,117.0,119.0,21305234.50479548
2026-08-30T01:00:00,118.0,119.0,118.0,119.0,4478880.5959734
2026-08-30T05:00:00,119.0,119.0,118.0,119.0,3423420.2129539
2026-08-30T09:00:00,119.0,119.0,118.0,119.0,4360324.6625908
2026-08-30T13:00:00,118.0,119.0,117.0,117.0,11234414.71547562
2026-08-30T17:00:00,117.0,118.0,117.0,118.0,7913146.92811433
2026-08-30T21:00:00,117.0,120.0,117.0,119.0,21491902.42970856
2026-08-31T01:00:00,119.0,120.0,118.0,119.0,17031491.86532287
2026-08-31T05:00:00,118.0,120.0,112.0,115.0,87659168.69245577
2026-08-31T09:00:00,114.0,115.0,113.0,114.0,53097569.00616467
2026-08-31T13:00:00,114.0,115.0,113.0,115.0,9961707.01709818
2026-08-31T17:00:00,114.0,115.0,113.0,115.0,17746390.58046186
2026-08-31T21:00:00,114.0,115.0,113.0,115.0,27600312.02387869
2026-09-01T01:00:00,115.0,116.0,114.0,115.0,12943287.33311418
2026-09-01T05:00:00,115.0,115.0,114.0,115.0,7177152.82243216
2026-09-01T09:00:00,115.0,115.0,114.0,114.0,567333.53172567
